List of 21
 $ y            : num [1:3646] 0.1023 0.00692 0.09019 -0.21089 -0.06127 ...
 $ a            : NULL
 $ b            : NULL
 $ whichNa      : int [1:1011] 2636 2637 2638 2639 2640 2641 2642 2643 2644 2645 ...
 $ saveAt       : chr "X1/"
 $ nIter        : num 12000
 $ burnIn       : num 2000
 $ thin         : num 5
 $ weights      : num [1:3646] 1 1 1 1 1 1 1 1 1 1 ...
 $ verbose      : logi FALSE
 $ response_type: chr "gaussian"
 $ df0          : num 5
 $ S0           : num 145
 $ yHat         : num [1:3646] 5.2934 -0.0542 -0.5802 -0.0536 -0.0159 ...
 $ SD.yHat      : num [1:3646] 1.52 2.76 1.85 2.81 2.79 ...
 $ mu           : num 4.37
 $ SD.mu        : num 0.541
 $ varE         : num 9.17
 $ SD.varE      : num 0.571
 $ fit          :List of 4
  ..$ logLikAtPostMean: num -5790
  ..$ postMeanLogLik  : num -6652
  ..$ pD              : num 1723
  ..$ DIC             : num 15026
 $ ETA          :List of 3
  ..$ :List of 15
  .. ..$ V          : num [1:3646, 1:6] 0 0 0 0 0 0 0 0 0 0 ...
  .. .. ..- attr(*, "dimnames")=List of 2
  .. .. .. ..$ : chr [1:3646] "2020-21_11.107-5" "2020-21_12.90-53" "2020-21_12.93-4" "2020-21_14.37-103" ...
  .. .. .. ..$ : NULL
  .. ..$ d          : num [1:6] 1011 918 450 447 435 ...
  .. ..$ model      : chr "RKHS"
  .. ..$ Name       : chr "ETA_1"
  .. ..$ tolD       : num 1e-10
  .. ..$ levelsU    : int 6
  .. ..$ df0        : num 5
  .. ..$ R2         : num 0.167
  .. ..$ S0         : num 0.11
  .. ..$ u          : num [1:3646] -0.0274 -0.0274 -0.0274 -0.0274 -0.0274 ...
  .. ..$ varU       : num 0.0443
  .. ..$ uStar      : num [1:6] -0.00929 -2.07527 0.4617 1.43213 0.57103 ...
  .. ..$ NamefileOut: chr "X1/ETA_1_varU.dat"
  .. ..$ SD.u       : num [1:3646] 0.203 0.203 0.203 0.203 0.203 ...
  .. ..$ SD.varU    : num 0.0724
  ..$ :List of 15
  .. ..$ V          : num [1:3646, 1:2737] 0.408 0 0 0 0 ...
  .. .. ..- attr(*, "dimnames")=List of 2
  .. .. .. ..$ : chr [1:3646] "2020-21_11.107-5" "2020-21_12.90-53" "2020-21_12.93-4" "2020-21_14.37-103" ...
  .. .. .. ..$ : chr [1:2737] "11.107-5" "12.90-53" "12.93-4" "13.27-142" ...
  .. ..$ d          : Named num [1:2737] 6 1 3 1 1 1 1 1 2 1 ...
  .. .. ..- attr(*, "names")= chr [1:2737] "11.107-5" "12.90-53" "12.93-4" "13.27-142" ...
  .. ..$ model      : chr "RKHS"
  .. ..$ Name       : chr "ETA_2"
  .. ..$ tolD       : num 1e-10
  .. ..$ levelsU    : int 2737
  .. ..$ df0        : num 5
  .. ..$ R2         : num 0.167
  .. ..$ S0         : num 50.1
  .. ..$ u          : num [1:3646] 4.681 -0.584 -1.43 -0.336 -0.622 ...
  .. ..$ varU       : num 45.7
  .. ..$ uStar      : num [1:2737] 11.466 -0.584 -2.476 -1.072 -0.336 ...
  .. ..$ NamefileOut: chr "X1/ETA_2_varU.dat"
  .. ..$ SD.u       : num [1:3646] 1.4 2.81 1.81 2.85 2.86 ...
  .. ..$ SD.varU    : num 1.9
  ..$ :List of 15
  .. ..$ V          : num [1:3646, 1:576] -0.00189 -0.00645 -0.00703 -0.00832 -0.00916 ...
  .. .. ..- attr(*, "dimnames")=List of 2
  .. .. .. ..$ : chr [1:3646] "2020-21_11.107-5" "2020-21_12.90-53" "2020-21_12.93-4" "2020-21_14.37-103" ...
  .. .. .. ..$ : NULL
  .. ..$ d          : num [1:576] 985 777 402 285 213 ...
  .. ..$ model      : chr "RKHS"
  .. ..$ Name       : chr "ETA_3"
  .. ..$ tolD       : num 1e-10
  .. ..$ levelsU    : int 576
  .. ..$ df0        : num 5
  .. ..$ R2         : num 0.167
  .. ..$ S0         : num 10.5
  .. ..$ u          : num [1:3646] -3.73 -3.81 -3.49 -4.06 -3.74 ...
  .. ..$ varU       : num 9.33
  .. ..$ uStar      : num [1:576] 84.9 -60.3 110 -38.8 -16.1 ...
  .. ..$ NamefileOut: chr "X1/ETA_3_varU.dat"
  .. ..$ SD.u       : num [1:3646] 0.986 0.858 0.963 0.823 0.926 ...
  .. ..$ SD.varU    : num 3.48
 - attr(*, "class")= chr "BGLR"
NULL
[1] "/blue/jhernandezjarqui/skaur4/P3/Pipeline/Fit_models/E+L+G+P_std/code"
[1] "/blue/jhernandezjarqui/skaur4/P3/Pipeline/Fit_models/E+L+G+P_std/code"
   Season  Genotype           X1           X2          X3         X4         X5
1 2020-21  11.107-5  0.102302713 -0.165278447  0.38544639 -0.5732461  3.7283379
2 2020-21  12.90-53  0.006921081  5.649260494 -0.22336184 11.7019507  6.4431297
3 2020-21   12.93-4  0.090194545  0.006468352  0.06127728  0.3229944 -0.1364391
4 2020-21 14.37-103 -0.210885353  4.728204305 -0.10080727  2.3019463 23.0680724
5 2020-21  14.83-36 -0.061265136  3.293565862  8.34033725  4.5377755 12.1759630
6 2020-21   15.25-6  4.615088303 18.932118246 10.82336184 10.7643449  6.4781999
          X6         X7        X8       X9         X10      X1_cum     X2_cum
1  0.6772043 34.5574908 37.006810 91.81207 154.5383817 0.102302713  0.1023027
2  8.5936774 32.0003564 54.380347 38.98621  29.2719580 0.006921081  5.6561816
3  0.1354409 37.7077238 78.966896 66.84462  69.2068952 0.090194545  0.0966629
4 -0.1354409 62.2702169 41.244712 33.02996  65.8565685 0.000000000  4.7282043
5  3.5354409  0.5850389 22.173273 24.28781   0.6060062 0.000000000  3.2935659
6  3.0063226  4.2300030  4.785296 28.00388  31.7848699 4.615088303 23.5472065
      X3_cum     X4_cum     X5_cum     X6_cum   X7_cum    X8_cum    X9_cum
1  0.4877491  0.4877491  4.2160870  4.8932912 39.45078  76.45759 168.26966
2  5.6561816 17.3581323 23.8012620 32.3949395 64.39530 118.77564 157.76185
3  0.1579402  0.4809346  0.4809346  0.6163755 38.32410 117.29100 184.13561
4  4.7282043  7.0301506 30.0982230 30.0982230 92.36844 133.61315 166.64311
5 11.6339031 16.1716786 28.3476416 31.8830824 32.46812  54.64139  78.92921
6 34.3705684 45.1349133 51.6131132 54.6194357 58.84944  63.63473  91.63862
    X10_cum
1 322.80804
2 187.03381
3 253.34251
4 232.49968
5  79.53521
6 123.42349
[1] "/blue/jhernandezjarqui/skaur4/P3/Pipeline/Fit_models/E+L+G+P_std/code"
   Season  Genotype           X1           X2          X3         X4         X5
1 2020-21  11.107-5  0.102302713 -0.165278447  0.38544639 -0.5732461  3.7283379
2 2020-21  12.90-53  0.006921081  5.649260494 -0.22336184 11.7019507  6.4431297
3 2020-21   12.93-4  0.090194545  0.006468352  0.06127728  0.3229944 -0.1364391
4 2020-21 14.37-103 -0.210885353  4.728204305 -0.10080727  2.3019463 23.0680724
5 2020-21  14.83-36 -0.061265136  3.293565862  8.34033725  4.5377755 12.1759630
6 2020-21   15.25-6  4.615088303 18.932118246 10.82336184 10.7643449  6.4781999
          X6         X7        X8       X9         X10      X1_cum     X2_cum
1  0.6772043 34.5574908 37.006810 91.81207 154.5383817 0.102302713  0.1023027
2  8.5936774 32.0003564 54.380347 38.98621  29.2719580 0.006921081  5.6561816
3  0.1354409 37.7077238 78.966896 66.84462  69.2068952 0.090194545  0.0966629
4 -0.1354409 62.2702169 41.244712 33.02996  65.8565685 0.000000000  4.7282043
5  3.5354409  0.5850389 22.173273 24.28781   0.6060062 0.000000000  3.2935659
6  3.0063226  4.2300030  4.785296 28.00388  31.7848699 4.615088303 23.5472065
      X3_cum     X4_cum     X5_cum     X6_cum   X7_cum    X8_cum    X9_cum
1  0.4877491  0.4877491  4.2160870  4.8932912 39.45078  76.45759 168.26966
2  5.6561816 17.3581323 23.8012620 32.3949395 64.39530 118.77564 157.76185
3  0.1579402  0.4809346  0.4809346  0.6163755 38.32410 117.29100 184.13561
4  4.7282043  7.0301506 30.0982230 30.0982230 92.36844 133.61315 166.64311
5 11.6339031 16.1716786 28.3476416 31.8830824 32.46812  54.64139  78.92921
6 34.3705684 45.1349133 51.6131132 54.6194357 58.84944  63.63473  91.63862
    X10_cum
1 322.80804
2 187.03381
3 253.34251
4 232.49968
5  79.53521
6 123.42349
   Season  Genotype           X1           X2          X3         X4         X5
1 2020-21  11.107-5  0.102302713 -0.165278447  0.38544639 -0.5732461  3.7283379
2 2020-21  12.90-53  0.006921081  5.649260494 -0.22336184 11.7019507  6.4431297
3 2020-21   12.93-4  0.090194545  0.006468352  0.06127728  0.3229944 -0.1364391
4 2020-21 14.37-103 -0.210885353  4.728204305 -0.10080727  2.3019463 23.0680724
5 2020-21  14.83-36 -0.061265136  3.293565862  8.34033725  4.5377755 12.1759630
6 2020-21   15.25-6  4.615088303 18.932118246 10.82336184 10.7643449  6.4781999
          X6         X7        X8       X9         X10      X1_cum     X2_cum
1  0.6772043 34.5574908 37.006810 91.81207 154.5383817 0.102302713  0.1023027
2  8.5936774 32.0003564 54.380347 38.98621  29.2719580 0.006921081  5.6561816
3  0.1354409 37.7077238 78.966896 66.84462  69.2068952 0.090194545  0.0966629
4 -0.1354409 62.2702169 41.244712 33.02996  65.8565685 0.000000000  4.7282043
5  3.5354409  0.5850389 22.173273 24.28781   0.6060062 0.000000000  3.2935659
6  3.0063226  4.2300030  4.785296 28.00388  31.7848699 4.615088303 23.5472065
      X3_cum     X4_cum     X5_cum     X6_cum   X7_cum    X8_cum    X9_cum
1  0.4877491  0.4877491  4.2160870  4.8932912 39.45078  76.45759 168.26966
2  5.6561816 17.3581323 23.8012620 32.3949395 64.39530 118.77564 157.76185
3  0.1579402  0.4809346  0.4809346  0.6163755 38.32410 117.29100 184.13561
4  4.7282043  7.0301506 30.0982230 30.0982230 92.36844 133.61315 166.64311
5 11.6339031 16.1716786 28.3476416 31.8830824 32.46812  54.64139  78.92921
6 34.3705684 45.1349133 51.6131132 54.6194357 58.84944  63.63473  91.63862
    X10_cum
1 322.80804
2 187.03381
3 253.34251
4 232.49968
5  79.53521
6 123.42349
[1] "/blue/jhernandezjarqui/skaur4/P3/Pipeline/Fit_models/E+L+G+P_std/code"
[1] "/blue/jhernandezjarqui/skaur4/P3/Pipeline/Fit_models/E+L+G+P_std/code"
   Season  Genotype           X1           X2          X3         X4         X5
1 2020-21  11.107-5  0.102302713 -0.165278447  0.38544639 -0.5732461  3.7283379
2 2020-21  12.90-53  0.006921081  5.649260494 -0.22336184 11.7019507  6.4431297
3 2020-21   12.93-4  0.090194545  0.006468352  0.06127728  0.3229944 -0.1364391
4 2020-21 14.37-103 -0.210885353  4.728204305 -0.10080727  2.3019463 23.0680724
5 2020-21  14.83-36 -0.061265136  3.293565862  8.34033725  4.5377755 12.1759630
6 2020-21   15.25-6  4.615088303 18.932118246 10.82336184 10.7643449  6.4781999
          X6         X7        X8       X9         X10      X1_cum     X2_cum
1  0.6772043 34.5574908 37.006810 91.81207 154.5383817 0.102302713  0.1023027
2  8.5936774 32.0003564 54.380347 38.98621  29.2719580 0.006921081  5.6561816
3  0.1354409 37.7077238 78.966896 66.84462  69.2068952 0.090194545  0.0966629
4 -0.1354409 62.2702169 41.244712 33.02996  65.8565685 0.000000000  4.7282043
5  3.5354409  0.5850389 22.173273 24.28781   0.6060062 0.000000000  3.2935659
6  3.0063226  4.2300030  4.785296 28.00388  31.7848699 4.615088303 23.5472065
      X3_cum     X4_cum     X5_cum     X6_cum   X7_cum    X8_cum    X9_cum
1  0.4877491  0.4877491  4.2160870  4.8932912 39.45078  76.45759 168.26966
2  5.6561816 17.3581323 23.8012620 32.3949395 64.39530 118.77564 157.76185
3  0.1579402  0.4809346  0.4809346  0.6163755 38.32410 117.29100 184.13561
4  4.7282043  7.0301506 30.0982230 30.0982230 92.36844 133.61315 166.64311
5 11.6339031 16.1716786 28.3476416 31.8830824 32.46812  54.64139  78.92921
6 34.3705684 45.1349133 51.6131132 54.6194357 58.84944  63.63473  91.63862
    X10_cum
1 322.80804
2 187.03381
3 253.34251
4 232.49968
5  79.53521
6 123.42349
   Season  Genotype           X1           X2          X3         X4         X5
1 2020-21  11.107-5  0.102302713 -0.165278447  0.38544639 -0.5732461  3.7283379
2 2020-21  12.90-53  0.006921081  5.649260494 -0.22336184 11.7019507  6.4431297
3 2020-21   12.93-4  0.090194545  0.006468352  0.06127728  0.3229944 -0.1364391
4 2020-21 14.37-103 -0.210885353  4.728204305 -0.10080727  2.3019463 23.0680724
5 2020-21  14.83-36 -0.061265136  3.293565862  8.34033725  4.5377755 12.1759630
6 2020-21   15.25-6  4.615088303 18.932118246 10.82336184 10.7643449  6.4781999
          X6         X7        X8       X9         X10      X1_cum     X2_cum
1  0.6772043 34.5574908 37.006810 91.81207 154.5383817 0.102302713  0.1023027
2  8.5936774 32.0003564 54.380347 38.98621  29.2719580 0.006921081  5.6561816
3  0.1354409 37.7077238 78.966896 66.84462  69.2068952 0.090194545  0.0966629
4 -0.1354409 62.2702169 41.244712 33.02996  65.8565685 0.000000000  4.7282043
5  3.5354409  0.5850389 22.173273 24.28781   0.6060062 0.000000000  3.2935659
6  3.0063226  4.2300030  4.785296 28.00388  31.7848699 4.615088303 23.5472065
      X3_cum     X4_cum     X5_cum     X6_cum   X7_cum    X8_cum    X9_cum
1  0.4877491  0.4877491  4.2160870  4.8932912 39.45078  76.45759 168.26966
2  5.6561816 17.3581323 23.8012620 32.3949395 64.39530 118.77564 157.76185
3  0.1579402  0.4809346  0.4809346  0.6163755 38.32410 117.29100 184.13561
4  4.7282043  7.0301506 30.0982230 30.0982230 92.36844 133.61315 166.64311
5 11.6339031 16.1716786 28.3476416 31.8830824 32.46812  54.64139  78.92921
6 34.3705684 45.1349133 51.6131132 54.6194357 58.84944  63.63473  91.63862
    X10_cum
1 322.80804
2 187.03381
3 253.34251
4 232.49968
5  79.53521
6 123.42349
List of 21
 $ y            : num [1:3646] -0.16528 5.64926 0.00647 4.7282 3.29357 ...
 $ a            : NULL
 $ b            : NULL
 $ whichNa      : int [1:1011] 2636 2637 2638 2639 2640 2641 2642 2643 2644 2645 ...
 $ saveAt       : chr "X2/"
 $ nIter        : num 12000
 $ burnIn       : num 2000
 $ thin         : num 5
 $ weights      : num [1:3646] 1 1 1 1 1 1 1 1 1 1 ...
 $ verbose      : logi FALSE
 $ response_type: chr "gaussian"
 $ df0          : num 5
 $ S0           : num 499
 $ yHat         : num [1:3646] 9.53 4.68 4.63 4.42 3.1 ...
 $ SD.yHat      : num [1:3646] 3.16 5.26 3.66 5.45 5.36 ...
 $ mu           : num 12.3
 $ SD.mu        : num 1.26
 $ varE         : num 37.5
 $ SD.varE      : num 2.75
 $ fit          :List of 4
  ..$ logLikAtPostMean: num -7723
  ..$ postMeanLogLik  : num -8507
  ..$ pD              : num 1569
  ..$ DIC             : num 18584
 $ ETA          :List of 3
  ..$ :List of 15
  .. ..$ V          : num [1:3646, 1:6] 0 0 0 0 0 0 0 0 0 0 ...
  .. .. ..- attr(*, "dimnames")=List of 2
  .. .. .. ..$ : chr [1:3646] "2020-21_11.107-5" "2020-21_12.90-53" "2020-21_12.93-4" "2020-21_14.37-103" ...
  .. .. .. ..$ : NULL
  .. ..$ d          : num [1:6] 1011 918 450 447 435 ...
  .. ..$ model      : chr "RKHS"
  .. ..$ Name       : chr "ETA_1"
  .. ..$ tolD       : num 1e-10
  .. ..$ levelsU    : int 6
  .. ..$ df0        : num 5
  .. ..$ R2         : num 0.167
  .. ..$ S0         : num 0.379
  .. ..$ u          : num [1:3646] -0.0808 -0.0808 -0.0808 -0.0808 -0.0808 ...
  .. ..$ varU       : num 0.133
  .. ..$ uStar      : num [1:6] -0.386 -0.991 0.284 -0.208 1.684 ...
  .. ..$ NamefileOut: chr "X2/ETA_1_varU.dat"
  .. ..$ SD.u       : num [1:3646] 0.379 0.379 0.379 0.379 0.379 ...
  .. ..$ SD.varU    : num 0.142
  ..$ :List of 15
  .. ..$ V          : num [1:3646, 1:2737] 0.408 0 0 0 0 ...
  .. .. ..- attr(*, "dimnames")=List of 2
  .. .. .. ..$ : chr [1:3646] "2020-21_11.107-5" "2020-21_12.90-53" "2020-21_12.93-4" "2020-21_14.37-103" ...
  .. .. .. ..$ : chr [1:2737] "11.107-5" "12.90-53" "12.93-4" "13.27-142" ...
  .. ..$ d          : Named num [1:2737] 6 1 3 1 1 1 1 1 2 1 ...
  .. .. ..- attr(*, "names")= chr [1:2737] "11.107-5" "12.90-53" "12.93-4" "13.27-142" ...
  .. ..$ model      : chr "RKHS"
  .. ..$ Name       : chr "ETA_2"
  .. ..$ tolD       : num 1e-10
  .. ..$ levelsU    : int 2737
  .. ..$ df0        : num 5
  .. ..$ R2         : num 0.167
  .. ..$ S0         : num 173
  .. ..$ u          : num [1:3646] 3.808 0.974 2.283 1.106 1.063 ...
  .. ..$ varU       : num 105
  .. ..$ uStar      : num [1:2737] 9.328 0.974 3.955 11.519 1.106 ...
  .. ..$ NamefileOut: chr "X2/ETA_2_varU.dat"
  .. ..$ SD.u       : num [1:3646] 2.75 5.32 3.56 5.51 5.45 ...
  .. ..$ SD.varU    : num 5.72
  ..$ :List of 15
  .. ..$ V          : num [1:3646, 1:576] -0.00189 -0.00645 -0.00703 -0.00832 -0.00916 ...
  .. .. ..- attr(*, "dimnames")=List of 2
  .. .. .. ..$ : chr [1:3646] "2020-21_11.107-5" "2020-21_12.90-53" "2020-21_12.93-4" "2020-21_14.37-103" ...
  .. .. .. ..$ : NULL
  .. ..$ d          : num [1:576] 985 777 402 285 213 ...
  .. ..$ model      : chr "RKHS"
  .. ..$ Name       : chr "ETA_3"
  .. ..$ tolD       : num 1e-10
  .. ..$ levelsU    : int 576
  .. ..$ df0        : num 5
  .. ..$ R2         : num 0.167
  .. ..$ S0         : num 36.4
  .. ..$ u          : num [1:3646] -6.48 -8.5 -9.86 -8.89 -10.16 ...
  .. ..$ varU       : num 112
  .. ..$ uStar      : num [1:576] 311 -94.5 255 -77 -32.3 ...
  .. ..$ NamefileOut: chr "X2/ETA_3_varU.dat"
  .. ..$ SD.u       : num [1:3646] 2.21 2.04 2.31 1.91 2.11 ...
  .. ..$ SD.varU    : num 31.9
 - attr(*, "class")= chr "BGLR"
NULL
List of 21
 $ y            : num [1:3646] -0.16528 5.64926 0.00647 4.7282 3.29357 ...
 $ a            : NULL
 $ b            : NULL
 $ whichNa      : int [1:1011] 2636 2637 2638 2639 2640 2641 2642 2643 2644 2645 ...
 $ saveAt       : chr "X2/"
 $ nIter        : num 12000
 $ burnIn       : num 2000
 $ thin         : num 5
 $ weights      : num [1:3646] 1 1 1 1 1 1 1 1 1 1 ...
 $ verbose      : logi FALSE
 $ response_type: chr "gaussian"
 $ df0          : num 5
 $ S0           : num 499
 $ yHat         : num [1:3646] 9.53 4.68 4.63 4.42 3.1 ...
 $ SD.yHat      : num [1:3646] 3.16 5.26 3.66 5.45 5.36 ...
 $ mu           : num 12.3
 $ SD.mu        : num 1.26
 $ varE         : num 37.5
 $ SD.varE      : num 2.75
 $ fit          :List of 4
  ..$ logLikAtPostMean: num -7723
  ..$ postMeanLogLik  : num -8507
  ..$ pD              : num 1569
  ..$ DIC             : num 18584
 $ ETA          :List of 3
  ..$ :List of 15
  .. ..$ V          : num [1:3646, 1:6] 0 0 0 0 0 0 0 0 0 0 ...
  .. .. ..- attr(*, "dimnames")=List of 2
  .. .. .. ..$ : chr [1:3646] "2020-21_11.107-5" "2020-21_12.90-53" "2020-21_12.93-4" "2020-21_14.37-103" ...
  .. .. .. ..$ : NULL
  .. ..$ d          : num [1:6] 1011 918 450 447 435 ...
  .. ..$ model      : chr "RKHS"
  .. ..$ Name       : chr "ETA_1"
  .. ..$ tolD       : num 1e-10
  .. ..$ levelsU    : int 6
  .. ..$ df0        : num 5
  .. ..$ R2         : num 0.167
  .. ..$ S0         : num 0.379
  .. ..$ u          : num [1:3646] -0.0808 -0.0808 -0.0808 -0.0808 -0.0808 ...
  .. ..$ varU       : num 0.133
  .. ..$ uStar      : num [1:6] -0.386 -0.991 0.284 -0.208 1.684 ...
  .. ..$ NamefileOut: chr "X2/ETA_1_varU.dat"
  .. ..$ SD.u       : num [1:3646] 0.379 0.379 0.379 0.379 0.379 ...
  .. ..$ SD.varU    : num 0.142
  ..$ :List of 15
  .. ..$ V          : num [1:3646, 1:2737] 0.408 0 0 0 0 ...
  .. .. ..- attr(*, "dimnames")=List of 2
  .. .. .. ..$ : chr [1:3646] "2020-21_11.107-5" "2020-21_12.90-53" "2020-21_12.93-4" "2020-21_14.37-103" ...
  .. .. .. ..$ : chr [1:2737] "11.107-5" "12.90-53" "12.93-4" "13.27-142" ...
  .. ..$ d          : Named num [1:2737] 6 1 3 1 1 1 1 1 2 1 ...
  .. .. ..- attr(*, "names")= chr [1:2737] "11.107-5" "12.90-53" "12.93-4" "13.27-142" ...
  .. ..$ model      : chr "RKHS"
  .. ..$ Name       : chr "ETA_2"
  .. ..$ tolD       : num 1e-10
  .. ..$ levelsU    : int 2737
  .. ..$ df0        : num 5
  .. ..$ R2         : num 0.167
  .. ..$ S0         : num 173
  .. ..$ u          : num [1:3646] 3.808 0.974 2.283 1.106 1.063 ...
  .. ..$ varU       : num 105
  .. ..$ uStar      : num [1:2737] 9.328 0.974 3.955 11.519 1.106 ...
  .. ..$ NamefileOut: chr "X2/ETA_2_varU.dat"
  .. ..$ SD.u       : num [1:3646] 2.75 5.32 3.56 5.51 5.45 ...
  .. ..$ SD.varU    : num 5.72
  ..$ :List of 15
  .. ..$ V          : num [1:3646, 1:576] -0.00189 -0.00645 -0.00703 -0.00832 -0.00916 ...
  .. .. ..- attr(*, "dimnames")=List of 2
  .. .. .. ..$ : chr [1:3646] "2020-21_11.107-5" "2020-21_12.90-53" "2020-21_12.93-4" "2020-21_14.37-103" ...
  .. .. .. ..$ : NULL
  .. ..$ d          : num [1:576] 985 777 402 285 213 ...
  .. ..$ model      : chr "RKHS"
  .. ..$ Name       : chr "ETA_3"
  .. ..$ tolD       : num 1e-10
  .. ..$ levelsU    : int 576
  .. ..$ df0        : num 5
  .. ..$ R2         : num 0.167
  .. ..$ S0         : num 36.4
  .. ..$ u          : num [1:3646] -6.48 -8.5 -9.86 -8.89 -10.16 ...
  .. ..$ varU       : num 112
  .. ..$ uStar      : num [1:576] 311 -94.5 255 -77 -32.3 ...
  .. ..$ NamefileOut: chr "X2/ETA_3_varU.dat"
  .. ..$ SD.u       : num [1:3646] 2.21 2.04 2.31 1.91 2.11 ...
  .. ..$ SD.varU    : num 31.9
 - attr(*, "class")= chr "BGLR"
NULL
List of 21
 $ y            : num [1:3646] -0.16528 5.64926 0.00647 4.7282 3.29357 ...
 $ a            : NULL
 $ b            : NULL
 $ whichNa      : int [1:1011] 2636 2637 2638 2639 2640 2641 2642 2643 2644 2645 ...
 $ saveAt       : chr "X2/"
 $ nIter        : num 12000
 $ burnIn       : num 2000
 $ thin         : num 5
 $ weights      : num [1:3646] 1 1 1 1 1 1 1 1 1 1 ...
 $ verbose      : logi FALSE
 $ response_type: chr "gaussian"
 $ df0          : num 5
 $ S0           : num 499
 $ yHat         : num [1:3646] 9.53 4.68 4.63 4.42 3.1 ...
 $ SD.yHat      : num [1:3646] 3.16 5.26 3.66 5.45 5.36 ...
 $ mu           : num 12.3
 $ SD.mu        : num 1.26
 $ varE         : num 37.5
 $ SD.varE      : num 2.75
 $ fit          :List of 4
  ..$ logLikAtPostMean: num -7723
  ..$ postMeanLogLik  : num -8507
  ..$ pD              : num 1569
  ..$ DIC             : num 18584
 $ ETA          :List of 3
  ..$ :List of 15
  .. ..$ V          : num [1:3646, 1:6] 0 0 0 0 0 0 0 0 0 0 ...
  .. .. ..- attr(*, "dimnames")=List of 2
  .. .. .. ..$ : chr [1:3646] "2020-21_11.107-5" "2020-21_12.90-53" "2020-21_12.93-4" "2020-21_14.37-103" ...
  .. .. .. ..$ : NULL
  .. ..$ d          : num [1:6] 1011 918 450 447 435 ...
  .. ..$ model      : chr "RKHS"
  .. ..$ Name       : chr "ETA_1"
  .. ..$ tolD       : num 1e-10
  .. ..$ levelsU    : int 6
  .. ..$ df0        : num 5
  .. ..$ R2         : num 0.167
  .. ..$ S0         : num 0.379
  .. ..$ u          : num [1:3646] -0.0808 -0.0808 -0.0808 -0.0808 -0.0808 ...
  .. ..$ varU       : num 0.133
  .. ..$ uStar      : num [1:6] -0.386 -0.991 0.284 -0.208 1.684 ...
  .. ..$ NamefileOut: chr "X2/ETA_1_varU.dat"
  .. ..$ SD.u       : num [1:3646] 0.379 0.379 0.379 0.379 0.379 ...
  .. ..$ SD.varU    : num 0.142
  ..$ :List of 15
  .. ..$ V          : num [1:3646, 1:2737] 0.408 0 0 0 0 ...
  .. .. ..- attr(*, "dimnames")=List of 2
  .. .. .. ..$ : chr [1:3646] "2020-21_11.107-5" "2020-21_12.90-53" "2020-21_12.93-4" "2020-21_14.37-103" ...
  .. .. .. ..$ : chr [1:2737] "11.107-5" "12.90-53" "12.93-4" "13.27-142" ...
  .. ..$ d          : Named num [1:2737] 6 1 3 1 1 1 1 1 2 1 ...
  .. .. ..- attr(*, "names")= chr [1:2737] "11.107-5" "12.90-53" "12.93-4" "13.27-142" ...
  .. ..$ model      : chr "RKHS"
  .. ..$ Name       : chr "ETA_2"
  .. ..$ tolD       : num 1e-10
  .. ..$ levelsU    : int 2737
  .. ..$ df0        : num 5
  .. ..$ R2         : num 0.167
  .. ..$ S0         : num 173
  .. ..$ u          : num [1:3646] 3.808 0.974 2.283 1.106 1.063 ...
  .. ..$ varU       : num 105
  .. ..$ uStar      : num [1:2737] 9.328 0.974 3.955 11.519 1.106 ...
  .. ..$ NamefileOut: chr "X2/ETA_2_varU.dat"
  .. ..$ SD.u       : num [1:3646] 2.75 5.32 3.56 5.51 5.45 ...
  .. ..$ SD.varU    : num 5.72
  ..$ :List of 15
  .. ..$ V          : num [1:3646, 1:576] -0.00189 -0.00645 -0.00703 -0.00832 -0.00916 ...
  .. .. ..- attr(*, "dimnames")=List of 2
  .. .. .. ..$ : chr [1:3646] "2020-21_11.107-5" "2020-21_12.90-53" "2020-21_12.93-4" "2020-21_14.37-103" ...
  .. .. .. ..$ : NULL
  .. ..$ d          : num [1:576] 985 777 402 285 213 ...
  .. ..$ model      : chr "RKHS"
  .. ..$ Name       : chr "ETA_3"
  .. ..$ tolD       : num 1e-10
  .. ..$ levelsU    : int 576
  .. ..$ df0        : num 5
  .. ..$ R2         : num 0.167
  .. ..$ S0         : num 36.4
  .. ..$ u          : num [1:3646] -6.48 -8.5 -9.86 -8.89 -10.16 ...
  .. ..$ varU       : num 112
  .. ..$ uStar      : num [1:576] 311 -94.5 255 -77 -32.3 ...
  .. ..$ NamefileOut: chr "X2/ETA_3_varU.dat"
  .. ..$ SD.u       : num [1:3646] 2.21 2.04 2.31 1.91 2.11 ...
  .. ..$ SD.varU    : num 31.9
 - attr(*, "class")= chr "BGLR"
NULL
List of 21
 $ y            : num [1:3646] -0.16528 5.64926 0.00647 4.7282 3.29357 ...
 $ a            : NULL
 $ b            : NULL
 $ whichNa      : int [1:1011] 2636 2637 2638 2639 2640 2641 2642 2643 2644 2645 ...
 $ saveAt       : chr "X2/"
 $ nIter        : num 12000
 $ burnIn       : num 2000
 $ thin         : num 5
 $ weights      : num [1:3646] 1 1 1 1 1 1 1 1 1 1 ...
 $ verbose      : logi FALSE
 $ response_type: chr "gaussian"
 $ df0          : num 5
 $ S0           : num 499
 $ yHat         : num [1:3646] 9.53 4.68 4.63 4.42 3.1 ...
 $ SD.yHat      : num [1:3646] 3.16 5.26 3.66 5.45 5.36 ...
 $ mu           : num 12.3
 $ SD.mu        : num 1.26
 $ varE         : num 37.5
 $ SD.varE      : num 2.75
 $ fit          :List of 4
  ..$ logLikAtPostMean: num -7723
  ..$ postMeanLogLik  : num -8507
  ..$ pD              : num 1569
  ..$ DIC             : num 18584
 $ ETA          :List of 3
  ..$ :List of 15
  .. ..$ V          : num [1:3646, 1:6] 0 0 0 0 0 0 0 0 0 0 ...
  .. .. ..- attr(*, "dimnames")=List of 2
  .. .. .. ..$ : chr [1:3646] "2020-21_11.107-5" "2020-21_12.90-53" "2020-21_12.93-4" "2020-21_14.37-103" ...
  .. .. .. ..$ : NULL
  .. ..$ d          : num [1:6] 1011 918 450 447 435 ...
  .. ..$ model      : chr "RKHS"
  .. ..$ Name       : chr "ETA_1"
  .. ..$ tolD       : num 1e-10
  .. ..$ levelsU    : int 6
  .. ..$ df0        : num 5
  .. ..$ R2         : num 0.167
  .. ..$ S0         : num 0.379
  .. ..$ u          : num [1:3646] -0.0808 -0.0808 -0.0808 -0.0808 -0.0808 ...
  .. ..$ varU       : num 0.133
  .. ..$ uStar      : num [1:6] -0.386 -0.991 0.284 -0.208 1.684 ...
  .. ..$ NamefileOut: chr "X2/ETA_1_varU.dat"
  .. ..$ SD.u       : num [1:3646] 0.379 0.379 0.379 0.379 0.379 ...
  .. ..$ SD.varU    : num 0.142
  ..$ :List of 15
  .. ..$ V          : num [1:3646, 1:2737] 0.408 0 0 0 0 ...
  .. .. ..- attr(*, "dimnames")=List of 2
  .. .. .. ..$ : chr [1:3646] "2020-21_11.107-5" "2020-21_12.90-53" "2020-21_12.93-4" "2020-21_14.37-103" ...
  .. .. .. ..$ : chr [1:2737] "11.107-5" "12.90-53" "12.93-4" "13.27-142" ...
  .. ..$ d          : Named num [1:2737] 6 1 3 1 1 1 1 1 2 1 ...
  .. .. ..- attr(*, "names")= chr [1:2737] "11.107-5" "12.90-53" "12.93-4" "13.27-142" ...
  .. ..$ model      : chr "RKHS"
  .. ..$ Name       : chr "ETA_2"
  .. ..$ tolD       : num 1e-10
  .. ..$ levelsU    : int 2737
  .. ..$ df0        : num 5
  .. ..$ R2         : num 0.167
  .. ..$ S0         : num 173
  .. ..$ u          : num [1:3646] 3.808 0.974 2.283 1.106 1.063 ...
  .. ..$ varU       : num 105
  .. ..$ uStar      : num [1:2737] 9.328 0.974 3.955 11.519 1.106 ...
  .. ..$ NamefileOut: chr "X2/ETA_2_varU.dat"
  .. ..$ SD.u       : num [1:3646] 2.75 5.32 3.56 5.51 5.45 ...
  .. ..$ SD.varU    : num 5.72
  ..$ :List of 15
  .. ..$ V          : num [1:3646, 1:576] -0.00189 -0.00645 -0.00703 -0.00832 -0.00916 ...
  .. .. ..- attr(*, "dimnames")=List of 2
  .. .. .. ..$ : chr [1:3646] "2020-21_11.107-5" "2020-21_12.90-53" "2020-21_12.93-4" "2020-21_14.37-103" ...
  .. .. .. ..$ : NULL
  .. ..$ d          : num [1:576] 985 777 402 285 213 ...
  .. ..$ model      : chr "RKHS"
  .. ..$ Name       : chr "ETA_3"
  .. ..$ tolD       : num 1e-10
  .. ..$ levelsU    : int 576
  .. ..$ df0        : num 5
  .. ..$ R2         : num 0.167
  .. ..$ S0         : num 36.4
  .. ..$ u          : num [1:3646] -6.48 -8.5 -9.86 -8.89 -10.16 ...
  .. ..$ varU       : num 112
  .. ..$ uStar      : num [1:576] 311 -94.5 255 -77 -32.3 ...
  .. ..$ NamefileOut: chr "X2/ETA_3_varU.dat"
  .. ..$ SD.u       : num [1:3646] 2.21 2.04 2.31 1.91 2.11 ...
  .. ..$ SD.varU    : num 31.9
 - attr(*, "class")= chr "BGLR"
NULL
List of 21
 $ y            : num [1:3646] -0.16528 5.64926 0.00647 4.7282 3.29357 ...
 $ a            : NULL
 $ b            : NULL
 $ whichNa      : int [1:1011] 2636 2637 2638 2639 2640 2641 2642 2643 2644 2645 ...
 $ saveAt       : chr "X2/"
 $ nIter        : num 12000
 $ burnIn       : num 2000
 $ thin         : num 5
 $ weights      : num [1:3646] 1 1 1 1 1 1 1 1 1 1 ...
 $ verbose      : logi FALSE
 $ response_type: chr "gaussian"
 $ df0          : num 5
 $ S0           : num 499
 $ yHat         : num [1:3646] 9.53 4.68 4.63 4.42 3.1 ...
 $ SD.yHat      : num [1:3646] 3.16 5.26 3.66 5.45 5.36 ...
 $ mu           : num 12.3
 $ SD.mu        : num 1.26
 $ varE         : num 37.5
 $ SD.varE      : num 2.75
 $ fit          :List of 4
  ..$ logLikAtPostMean: num -7723
  ..$ postMeanLogLik  : num -8507
  ..$ pD              : num 1569
  ..$ DIC             : num 18584
 $ ETA          :List of 3
  ..$ :List of 15
  .. ..$ V          : num [1:3646, 1:6] 0 0 0 0 0 0 0 0 0 0 ...
  .. .. ..- attr(*, "dimnames")=List of 2
  .. .. .. ..$ : chr [1:3646] "2020-21_11.107-5" "2020-21_12.90-53" "2020-21_12.93-4" "2020-21_14.37-103" ...
  .. .. .. ..$ : NULL
  .. ..$ d          : num [1:6] 1011 918 450 447 435 ...
  .. ..$ model      : chr "RKHS"
  .. ..$ Name       : chr "ETA_1"
  .. ..$ tolD       : num 1e-10
  .. ..$ levelsU    : int 6
  .. ..$ df0        : num 5
  .. ..$ R2         : num 0.167
  .. ..$ S0         : num 0.379
  .. ..$ u          : num [1:3646] -0.0808 -0.0808 -0.0808 -0.0808 -0.0808 ...
  .. ..$ varU       : num 0.133
  .. ..$ uStar      : num [1:6] -0.386 -0.991 0.284 -0.208 1.684 ...
  .. ..$ NamefileOut: chr "X2/ETA_1_varU.dat"
  .. ..$ SD.u       : num [1:3646] 0.379 0.379 0.379 0.379 0.379 ...
  .. ..$ SD.varU    : num 0.142
  ..$ :List of 15
  .. ..$ V          : num [1:3646, 1:2737] 0.408 0 0 0 0 ...
  .. .. ..- attr(*, "dimnames")=List of 2
  .. .. .. ..$ : chr [1:3646] "2020-21_11.107-5" "2020-21_12.90-53" "2020-21_12.93-4" "2020-21_14.37-103" ...
  .. .. .. ..$ : chr [1:2737] "11.107-5" "12.90-53" "12.93-4" "13.27-142" ...
  .. ..$ d          : Named num [1:2737] 6 1 3 1 1 1 1 1 2 1 ...
  .. .. ..- attr(*, "names")= chr [1:2737] "11.107-5" "12.90-53" "12.93-4" "13.27-142" ...
  .. ..$ model      : chr "RKHS"
  .. ..$ Name       : chr "ETA_2"
  .. ..$ tolD       : num 1e-10
  .. ..$ levelsU    : int 2737
  .. ..$ df0        : num 5
  .. ..$ R2         : num 0.167
  .. ..$ S0         : num 173
  .. ..$ u          : num [1:3646] 3.808 0.974 2.283 1.106 1.063 ...
  .. ..$ varU       : num 105
  .. ..$ uStar      : num [1:2737] 9.328 0.974 3.955 11.519 1.106 ...
  .. ..$ NamefileOut: chr "X2/ETA_2_varU.dat"
  .. ..$ SD.u       : num [1:3646] 2.75 5.32 3.56 5.51 5.45 ...
  .. ..$ SD.varU    : num 5.72
  ..$ :List of 15
  .. ..$ V          : num [1:3646, 1:576] -0.00189 -0.00645 -0.00703 -0.00832 -0.00916 ...
  .. .. ..- attr(*, "dimnames")=List of 2
  .. .. .. ..$ : chr [1:3646] "2020-21_11.107-5" "2020-21_12.90-53" "2020-21_12.93-4" "2020-21_14.37-103" ...
  .. .. .. ..$ : NULL
  .. ..$ d          : num [1:576] 985 777 402 285 213 ...
  .. ..$ model      : chr "RKHS"
  .. ..$ Name       : chr "ETA_3"
  .. ..$ tolD       : num 1e-10
  .. ..$ levelsU    : int 576
  .. ..$ df0        : num 5
  .. ..$ R2         : num 0.167
  .. ..$ S0         : num 36.4
  .. ..$ u          : num [1:3646] -6.48 -8.5 -9.86 -8.89 -10.16 ...
  .. ..$ varU       : num 112
  .. ..$ uStar      : num [1:576] 311 -94.5 255 -77 -32.3 ...
  .. ..$ NamefileOut: chr "X2/ETA_3_varU.dat"
  .. ..$ SD.u       : num [1:3646] 2.21 2.04 2.31 1.91 2.11 ...
  .. ..$ SD.varU    : num 31.9
 - attr(*, "class")= chr "BGLR"
NULL
List of 21
 $ y            : num [1:3646] 0.1023 0.00692 0.09019 -0.21089 -0.06127 ...
 $ a            : NULL
 $ b            : NULL
 $ whichNa      : int [1:1011] 2636 2637 2638 2639 2640 2641 2642 2643 2644 2645 ...
 $ saveAt       : chr "X1/"
 $ nIter        : num 12000
 $ burnIn       : num 2000
 $ thin         : num 5
 $ weights      : num [1:3646] 1 1 1 1 1 1 1 1 1 1 ...
 $ verbose      : logi FALSE
 $ response_type: chr "gaussian"
 $ df0          : num 5
 $ S0           : num 145
 $ yHat         : num [1:3646] 5.2934 -0.0542 -0.5802 -0.0536 -0.0159 ...
 $ SD.yHat      : num [1:3646] 1.52 2.76 1.85 2.81 2.79 ...
 $ mu           : num 4.37
 $ SD.mu        : num 0.541
 $ varE         : num 9.17
 $ SD.varE      : num 0.571
 $ fit          :List of 4
  ..$ logLikAtPostMean: num -5790
  ..$ postMeanLogLik  : num -6652
  ..$ pD              : num 1723
  ..$ DIC             : num 15026
 $ ETA          :List of 3
  ..$ :List of 15
  .. ..$ V          : num [1:3646, 1:6] 0 0 0 0 0 0 0 0 0 0 ...
  .. .. ..- attr(*, "dimnames")=List of 2
  .. .. .. ..$ : chr [1:3646] "2020-21_11.107-5" "2020-21_12.90-53" "2020-21_12.93-4" "2020-21_14.37-103" ...
  .. .. .. ..$ : NULL
  .. ..$ d          : num [1:6] 1011 918 450 447 435 ...
  .. ..$ model      : chr "RKHS"
  .. ..$ Name       : chr "ETA_1"
  .. ..$ tolD       : num 1e-10
  .. ..$ levelsU    : int 6
  .. ..$ df0        : num 5
  .. ..$ R2         : num 0.167
  .. ..$ S0         : num 0.11
  .. ..$ u          : num [1:3646] -0.0274 -0.0274 -0.0274 -0.0274 -0.0274 ...
  .. ..$ varU       : num 0.0443
  .. ..$ uStar      : num [1:6] -0.00929 -2.07527 0.4617 1.43213 0.57103 ...
  .. ..$ NamefileOut: chr "X1/ETA_1_varU.dat"
  .. ..$ SD.u       : num [1:3646] 0.203 0.203 0.203 0.203 0.203 ...
  .. ..$ SD.varU    : num 0.0724
  ..$ :List of 15
  .. ..$ V          : num [1:3646, 1:2737] 0.408 0 0 0 0 ...
  .. .. ..- attr(*, "dimnames")=List of 2
  .. .. .. ..$ : chr [1:3646] "2020-21_11.107-5" "2020-21_12.90-53" "2020-21_12.93-4" "2020-21_14.37-103" ...
  .. .. .. ..$ : chr [1:2737] "11.107-5" "12.90-53" "12.93-4" "13.27-142" ...
  .. ..$ d          : Named num [1:2737] 6 1 3 1 1 1 1 1 2 1 ...
  .. .. ..- attr(*, "names")= chr [1:2737] "11.107-5" "12.90-53" "12.93-4" "13.27-142" ...
  .. ..$ model      : chr "RKHS"
  .. ..$ Name       : chr "ETA_2"
  .. ..$ tolD       : num 1e-10
  .. ..$ levelsU    : int 2737
  .. ..$ df0        : num 5
  .. ..$ R2         : num 0.167
  .. ..$ S0         : num 50.1
  .. ..$ u          : num [1:3646] 4.681 -0.584 -1.43 -0.336 -0.622 ...
  .. ..$ varU       : num 45.7
  .. ..$ uStar      : num [1:2737] 11.466 -0.584 -2.476 -1.072 -0.336 ...
  .. ..$ NamefileOut: chr "X1/ETA_2_varU.dat"
  .. ..$ SD.u       : num [1:3646] 1.4 2.81 1.81 2.85 2.86 ...
  .. ..$ SD.varU    : num 1.9
  ..$ :List of 15
  .. ..$ V          : num [1:3646, 1:576] -0.00189 -0.00645 -0.00703 -0.00832 -0.00916 ...
  .. .. ..- attr(*, "dimnames")=List of 2
  .. .. .. ..$ : chr [1:3646] "2020-21_11.107-5" "2020-21_12.90-53" "2020-21_12.93-4" "2020-21_14.37-103" ...
  .. .. .. ..$ : NULL
  .. ..$ d          : num [1:576] 985 777 402 285 213 ...
  .. ..$ model      : chr "RKHS"
  .. ..$ Name       : chr "ETA_3"
  .. ..$ tolD       : num 1e-10
  .. ..$ levelsU    : int 576
  .. ..$ df0        : num 5
  .. ..$ R2         : num 0.167
  .. ..$ S0         : num 10.5
  .. ..$ u          : num [1:3646] -3.73 -3.81 -3.49 -4.06 -3.74 ...
  .. ..$ varU       : num 9.33
  .. ..$ uStar      : num [1:576] 84.9 -60.3 110 -38.8 -16.1 ...
  .. ..$ NamefileOut: chr "X1/ETA_3_varU.dat"
  .. ..$ SD.u       : num [1:3646] 0.986 0.858 0.963 0.823 0.926 ...
  .. ..$ SD.varU    : num 3.48
 - attr(*, "class")= chr "BGLR"
NULL
List of 21
 $ y            : num [1:3646] 0.1023 0.00692 0.09019 -0.21089 -0.06127 ...
 $ a            : NULL
 $ b            : NULL
 $ whichNa      : int [1:1011] 2636 2637 2638 2639 2640 2641 2642 2643 2644 2645 ...
 $ saveAt       : chr "X1/"
 $ nIter        : num 12000
 $ burnIn       : num 2000
 $ thin         : num 5
 $ weights      : num [1:3646] 1 1 1 1 1 1 1 1 1 1 ...
 $ verbose      : logi FALSE
 $ response_type: chr "gaussian"
 $ df0          : num 5
 $ S0           : num 145
 $ yHat         : num [1:3646] 5.2934 -0.0542 -0.5802 -0.0536 -0.0159 ...
 $ SD.yHat      : num [1:3646] 1.52 2.76 1.85 2.81 2.79 ...
 $ mu           : num 4.37
 $ SD.mu        : num 0.541
 $ varE         : num 9.17
 $ SD.varE      : num 0.571
 $ fit          :List of 4
  ..$ logLikAtPostMean: num -5790
  ..$ postMeanLogLik  : num -6652
  ..$ pD              : num 1723
  ..$ DIC             : num 15026
 $ ETA          :List of 3
  ..$ :List of 15
  .. ..$ V          : num [1:3646, 1:6] 0 0 0 0 0 0 0 0 0 0 ...
  .. .. ..- attr(*, "dimnames")=List of 2
  .. .. .. ..$ : chr [1:3646] "2020-21_11.107-5" "2020-21_12.90-53" "2020-21_12.93-4" "2020-21_14.37-103" ...
  .. .. .. ..$ : NULL
  .. ..$ d          : num [1:6] 1011 918 450 447 435 ...
  .. ..$ model      : chr "RKHS"
  .. ..$ Name       : chr "ETA_1"
  .. ..$ tolD       : num 1e-10
  .. ..$ levelsU    : int 6
  .. ..$ df0        : num 5
  .. ..$ R2         : num 0.167
  .. ..$ S0         : num 0.11
  .. ..$ u          : num [1:3646] -0.0274 -0.0274 -0.0274 -0.0274 -0.0274 ...
  .. ..$ varU       : num 0.0443
  .. ..$ uStar      : num [1:6] -0.00929 -2.07527 0.4617 1.43213 0.57103 ...
  .. ..$ NamefileOut: chr "X1/ETA_1_varU.dat"
  .. ..$ SD.u       : num [1:3646] 0.203 0.203 0.203 0.203 0.203 ...
  .. ..$ SD.varU    : num 0.0724
  ..$ :List of 15
  .. ..$ V          : num [1:3646, 1:2737] 0.408 0 0 0 0 ...
  .. .. ..- attr(*, "dimnames")=List of 2
  .. .. .. ..$ : chr [1:3646] "2020-21_11.107-5" "2020-21_12.90-53" "2020-21_12.93-4" "2020-21_14.37-103" ...
  .. .. .. ..$ : chr [1:2737] "11.107-5" "12.90-53" "12.93-4" "13.27-142" ...
  .. ..$ d          : Named num [1:2737] 6 1 3 1 1 1 1 1 2 1 ...
  .. .. ..- attr(*, "names")= chr [1:2737] "11.107-5" "12.90-53" "12.93-4" "13.27-142" ...
  .. ..$ model      : chr "RKHS"
  .. ..$ Name       : chr "ETA_2"
  .. ..$ tolD       : num 1e-10
  .. ..$ levelsU    : int 2737
  .. ..$ df0        : num 5
  .. ..$ R2         : num 0.167
  .. ..$ S0         : num 50.1
  .. ..$ u          : num [1:3646] 4.681 -0.584 -1.43 -0.336 -0.622 ...
  .. ..$ varU       : num 45.7
  .. ..$ uStar      : num [1:2737] 11.466 -0.584 -2.476 -1.072 -0.336 ...
  .. ..$ NamefileOut: chr "X1/ETA_2_varU.dat"
  .. ..$ SD.u       : num [1:3646] 1.4 2.81 1.81 2.85 2.86 ...
  .. ..$ SD.varU    : num 1.9
  ..$ :List of 15
  .. ..$ V          : num [1:3646, 1:576] -0.00189 -0.00645 -0.00703 -0.00832 -0.00916 ...
  .. .. ..- attr(*, "dimnames")=List of 2
  .. .. .. ..$ : chr [1:3646] "2020-21_11.107-5" "2020-21_12.90-53" "2020-21_12.93-4" "2020-21_14.37-103" ...
  .. .. .. ..$ : NULL
  .. ..$ d          : num [1:576] 985 777 402 285 213 ...
  .. ..$ model      : chr "RKHS"
  .. ..$ Name       : chr "ETA_3"
  .. ..$ tolD       : num 1e-10
  .. ..$ levelsU    : int 576
  .. ..$ df0        : num 5
  .. ..$ R2         : num 0.167
  .. ..$ S0         : num 10.5
  .. ..$ u          : num [1:3646] -3.73 -3.81 -3.49 -4.06 -3.74 ...
  .. ..$ varU       : num 9.33
  .. ..$ uStar      : num [1:576] 84.9 -60.3 110 -38.8 -16.1 ...
  .. ..$ NamefileOut: chr "X1/ETA_3_varU.dat"
  .. ..$ SD.u       : num [1:3646] 0.986 0.858 0.963 0.823 0.926 ...
  .. ..$ SD.varU    : num 3.48
 - attr(*, "class")= chr "BGLR"
NULL
List of 21
 $ y            : num [1:3646] 0.1023 0.00692 0.09019 -0.21089 -0.06127 ...
 $ a            : NULL
 $ b            : NULL
 $ whichNa      : int [1:1011] 2636 2637 2638 2639 2640 2641 2642 2643 2644 2645 ...
 $ saveAt       : chr "X1/"
 $ nIter        : num 12000
 $ burnIn       : num 2000
 $ thin         : num 5
 $ weights      : num [1:3646] 1 1 1 1 1 1 1 1 1 1 ...
 $ verbose      : logi FALSE
 $ response_type: chr "gaussian"
 $ df0          : num 5
 $ S0           : num 145
 $ yHat         : num [1:3646] 5.2934 -0.0542 -0.5802 -0.0536 -0.0159 ...
 $ SD.yHat      : num [1:3646] 1.52 2.76 1.85 2.81 2.79 ...
 $ mu           : num 4.37
 $ SD.mu        : num 0.541
 $ varE         : num 9.17
 $ SD.varE      : num 0.571
 $ fit          :List of 4
  ..$ logLikAtPostMean: num -5790
  ..$ postMeanLogLik  : num -6652
  ..$ pD              : num 1723
  ..$ DIC             : num 15026
 $ ETA          :List of 3
  ..$ :List of 15
  .. ..$ V          : num [1:3646, 1:6] 0 0 0 0 0 0 0 0 0 0 ...
  .. .. ..- attr(*, "dimnames")=List of 2
  .. .. .. ..$ : chr [1:3646] "2020-21_11.107-5" "2020-21_12.90-53" "2020-21_12.93-4" "2020-21_14.37-103" ...
  .. .. .. ..$ : NULL
  .. ..$ d          : num [1:6] 1011 918 450 447 435 ...
  .. ..$ model      : chr "RKHS"
  .. ..$ Name       : chr "ETA_1"
  .. ..$ tolD       : num 1e-10
  .. ..$ levelsU    : int 6
  .. ..$ df0        : num 5
  .. ..$ R2         : num 0.167
  .. ..$ S0         : num 0.11
  .. ..$ u          : num [1:3646] -0.0274 -0.0274 -0.0274 -0.0274 -0.0274 ...
  .. ..$ varU       : num 0.0443
  .. ..$ uStar      : num [1:6] -0.00929 -2.07527 0.4617 1.43213 0.57103 ...
  .. ..$ NamefileOut: chr "X1/ETA_1_varU.dat"
  .. ..$ SD.u       : num [1:3646] 0.203 0.203 0.203 0.203 0.203 ...
  .. ..$ SD.varU    : num 0.0724
  ..$ :List of 15
  .. ..$ V          : num [1:3646, 1:2737] 0.408 0 0 0 0 ...
  .. .. ..- attr(*, "dimnames")=List of 2
  .. .. .. ..$ : chr [1:3646] "2020-21_11.107-5" "2020-21_12.90-53" "2020-21_12.93-4" "2020-21_14.37-103" ...
  .. .. .. ..$ : chr [1:2737] "11.107-5" "12.90-53" "12.93-4" "13.27-142" ...
  .. ..$ d          : Named num [1:2737] 6 1 3 1 1 1 1 1 2 1 ...
  .. .. ..- attr(*, "names")= chr [1:2737] "11.107-5" "12.90-53" "12.93-4" "13.27-142" ...
  .. ..$ model      : chr "RKHS"
  .. ..$ Name       : chr "ETA_2"
  .. ..$ tolD       : num 1e-10
  .. ..$ levelsU    : int 2737
  .. ..$ df0        : num 5
  .. ..$ R2         : num 0.167
  .. ..$ S0         : num 50.1
  .. ..$ u          : num [1:3646] 4.681 -0.584 -1.43 -0.336 -0.622 ...
  .. ..$ varU       : num 45.7
  .. ..$ uStar      : num [1:2737] 11.466 -0.584 -2.476 -1.072 -0.336 ...
  .. ..$ NamefileOut: chr "X1/ETA_2_varU.dat"
  .. ..$ SD.u       : num [1:3646] 1.4 2.81 1.81 2.85 2.86 ...
  .. ..$ SD.varU    : num 1.9
  ..$ :List of 15
  .. ..$ V          : num [1:3646, 1:576] -0.00189 -0.00645 -0.00703 -0.00832 -0.00916 ...
  .. .. ..- attr(*, "dimnames")=List of 2
  .. .. .. ..$ : chr [1:3646] "2020-21_11.107-5" "2020-21_12.90-53" "2020-21_12.93-4" "2020-21_14.37-103" ...
  .. .. .. ..$ : NULL
  .. ..$ d          : num [1:576] 985 777 402 285 213 ...
  .. ..$ model      : chr "RKHS"
  .. ..$ Name       : chr "ETA_3"
  .. ..$ tolD       : num 1e-10
  .. ..$ levelsU    : int 576
  .. ..$ df0        : num 5
  .. ..$ R2         : num 0.167
  .. ..$ S0         : num 10.5
  .. ..$ u          : num [1:3646] -3.73 -3.81 -3.49 -4.06 -3.74 ...
  .. ..$ varU       : num 9.33
  .. ..$ uStar      : num [1:576] 84.9 -60.3 110 -38.8 -16.1 ...
  .. ..$ NamefileOut: chr "X1/ETA_3_varU.dat"
  .. ..$ SD.u       : num [1:3646] 0.986 0.858 0.963 0.823 0.926 ...
  .. ..$ SD.varU    : num 3.48
 - attr(*, "class")= chr "BGLR"
NULL
List of 21
 $ y            : num [1:3646] 0.1023 0.00692 0.09019 -0.21089 -0.06127 ...
 $ a            : NULL
 $ b            : NULL
 $ whichNa      : int [1:1011] 2636 2637 2638 2639 2640 2641 2642 2643 2644 2645 ...
 $ saveAt       : chr "X1/"
 $ nIter        : num 12000
 $ burnIn       : num 2000
 $ thin         : num 5
 $ weights      : num [1:3646] 1 1 1 1 1 1 1 1 1 1 ...
 $ verbose      : logi FALSE
 $ response_type: chr "gaussian"
 $ df0          : num 5
 $ S0           : num 145
 $ yHat         : num [1:3646] 5.2934 -0.0542 -0.5802 -0.0536 -0.0159 ...
 $ SD.yHat      : num [1:3646] 1.52 2.76 1.85 2.81 2.79 ...
 $ mu           : num 4.37
 $ SD.mu        : num 0.541
 $ varE         : num 9.17
 $ SD.varE      : num 0.571
 $ fit          :List of 4
  ..$ logLikAtPostMean: num -5790
  ..$ postMeanLogLik  : num -6652
  ..$ pD              : num 1723
  ..$ DIC             : num 15026
 $ ETA          :List of 3
  ..$ :List of 15
  .. ..$ V          : num [1:3646, 1:6] 0 0 0 0 0 0 0 0 0 0 ...
  .. .. ..- attr(*, "dimnames")=List of 2
  .. .. .. ..$ : chr [1:3646] "2020-21_11.107-5" "2020-21_12.90-53" "2020-21_12.93-4" "2020-21_14.37-103" ...
  .. .. .. ..$ : NULL
  .. ..$ d          : num [1:6] 1011 918 450 447 435 ...
  .. ..$ model      : chr "RKHS"
  .. ..$ Name       : chr "ETA_1"
  .. ..$ tolD       : num 1e-10
  .. ..$ levelsU    : int 6
  .. ..$ df0        : num 5
  .. ..$ R2         : num 0.167
  .. ..$ S0         : num 0.11
  .. ..$ u          : num [1:3646] -0.0274 -0.0274 -0.0274 -0.0274 -0.0274 ...
  .. ..$ varU       : num 0.0443
  .. ..$ uStar      : num [1:6] -0.00929 -2.07527 0.4617 1.43213 0.57103 ...
  .. ..$ NamefileOut: chr "X1/ETA_1_varU.dat"
  .. ..$ SD.u       : num [1:3646] 0.203 0.203 0.203 0.203 0.203 ...
  .. ..$ SD.varU    : num 0.0724
  ..$ :List of 15
  .. ..$ V          : num [1:3646, 1:2737] 0.408 0 0 0 0 ...
  .. .. ..- attr(*, "dimnames")=List of 2
  .. .. .. ..$ : chr [1:3646] "2020-21_11.107-5" "2020-21_12.90-53" "2020-21_12.93-4" "2020-21_14.37-103" ...
  .. .. .. ..$ : chr [1:2737] "11.107-5" "12.90-53" "12.93-4" "13.27-142" ...
  .. ..$ d          : Named num [1:2737] 6 1 3 1 1 1 1 1 2 1 ...
  .. .. ..- attr(*, "names")= chr [1:2737] "11.107-5" "12.90-53" "12.93-4" "13.27-142" ...
  .. ..$ model      : chr "RKHS"
  .. ..$ Name       : chr "ETA_2"
  .. ..$ tolD       : num 1e-10
  .. ..$ levelsU    : int 2737
  .. ..$ df0        : num 5
  .. ..$ R2         : num 0.167
  .. ..$ S0         : num 50.1
  .. ..$ u          : num [1:3646] 4.681 -0.584 -1.43 -0.336 -0.622 ...
  .. ..$ varU       : num 45.7
  .. ..$ uStar      : num [1:2737] 11.466 -0.584 -2.476 -1.072 -0.336 ...
  .. ..$ NamefileOut: chr "X1/ETA_2_varU.dat"
  .. ..$ SD.u       : num [1:3646] 1.4 2.81 1.81 2.85 2.86 ...
  .. ..$ SD.varU    : num 1.9
  ..$ :List of 15
  .. ..$ V          : num [1:3646, 1:576] -0.00189 -0.00645 -0.00703 -0.00832 -0.00916 ...
  .. .. ..- attr(*, "dimnames")=List of 2
  .. .. .. ..$ : chr [1:3646] "2020-21_11.107-5" "2020-21_12.90-53" "2020-21_12.93-4" "2020-21_14.37-103" ...
  .. .. .. ..$ : NULL
  .. ..$ d          : num [1:576] 985 777 402 285 213 ...
  .. ..$ model      : chr "RKHS"
  .. ..$ Name       : chr "ETA_3"
  .. ..$ tolD       : num 1e-10
  .. ..$ levelsU    : int 576
  .. ..$ df0        : num 5
  .. ..$ R2         : num 0.167
  .. ..$ S0         : num 10.5
  .. ..$ u          : num [1:3646] -3.73 -3.81 -3.49 -4.06 -3.74 ...
  .. ..$ varU       : num 9.33
  .. ..$ uStar      : num [1:576] 84.9 -60.3 110 -38.8 -16.1 ...
  .. ..$ NamefileOut: chr "X1/ETA_3_varU.dat"
  .. ..$ SD.u       : num [1:3646] 0.986 0.858 0.963 0.823 0.926 ...
  .. ..$ SD.varU    : num 3.48
 - attr(*, "class")= chr "BGLR"
NULL
List of 21
 $ y            : num [1:3646] 0.1023 0.00692 0.09019 -0.21089 -0.06127 ...
 $ a            : NULL
 $ b            : NULL
 $ whichNa      : int [1:1011] 2636 2637 2638 2639 2640 2641 2642 2643 2644 2645 ...
 $ saveAt       : chr "X1/"
 $ nIter        : num 12000
 $ burnIn       : num 2000
 $ thin         : num 5
 $ weights      : num [1:3646] 1 1 1 1 1 1 1 1 1 1 ...
 $ verbose      : logi FALSE
 $ response_type: chr "gaussian"
 $ df0          : num 5
 $ S0           : num 145
 $ yHat         : num [1:3646] 5.2934 -0.0542 -0.5802 -0.0536 -0.0159 ...
 $ SD.yHat      : num [1:3646] 1.52 2.76 1.85 2.81 2.79 ...
 $ mu           : num 4.37
 $ SD.mu        : num 0.541
 $ varE         : num 9.17
 $ SD.varE      : num 0.571
 $ fit          :List of 4
  ..$ logLikAtPostMean: num -5790
  ..$ postMeanLogLik  : num -6652
  ..$ pD              : num 1723
  ..$ DIC             : num 15026
 $ ETA          :List of 3
  ..$ :List of 15
  .. ..$ V          : num [1:3646, 1:6] 0 0 0 0 0 0 0 0 0 0 ...
  .. .. ..- attr(*, "dimnames")=List of 2
  .. .. .. ..$ : chr [1:3646] "2020-21_11.107-5" "2020-21_12.90-53" "2020-21_12.93-4" "2020-21_14.37-103" ...
  .. .. .. ..$ : NULL
  .. ..$ d          : num [1:6] 1011 918 450 447 435 ...
  .. ..$ model      : chr "RKHS"
  .. ..$ Name       : chr "ETA_1"
  .. ..$ tolD       : num 1e-10
  .. ..$ levelsU    : int 6
  .. ..$ df0        : num 5
  .. ..$ R2         : num 0.167
  .. ..$ S0         : num 0.11
  .. ..$ u          : num [1:3646] -0.0274 -0.0274 -0.0274 -0.0274 -0.0274 ...
  .. ..$ varU       : num 0.0443
  .. ..$ uStar      : num [1:6] -0.00929 -2.07527 0.4617 1.43213 0.57103 ...
  .. ..$ NamefileOut: chr "X1/ETA_1_varU.dat"
  .. ..$ SD.u       : num [1:3646] 0.203 0.203 0.203 0.203 0.203 ...
  .. ..$ SD.varU    : num 0.0724
  ..$ :List of 15
  .. ..$ V          : num [1:3646, 1:2737] 0.408 0 0 0 0 ...
  .. .. ..- attr(*, "dimnames")=List of 2
  .. .. .. ..$ : chr [1:3646] "2020-21_11.107-5" "2020-21_12.90-53" "2020-21_12.93-4" "2020-21_14.37-103" ...
  .. .. .. ..$ : chr [1:2737] "11.107-5" "12.90-53" "12.93-4" "13.27-142" ...
  .. ..$ d          : Named num [1:2737] 6 1 3 1 1 1 1 1 2 1 ...
  .. .. ..- attr(*, "names")= chr [1:2737] "11.107-5" "12.90-53" "12.93-4" "13.27-142" ...
  .. ..$ model      : chr "RKHS"
  .. ..$ Name       : chr "ETA_2"
  .. ..$ tolD       : num 1e-10
  .. ..$ levelsU    : int 2737
  .. ..$ df0        : num 5
  .. ..$ R2         : num 0.167
  .. ..$ S0         : num 50.1
  .. ..$ u          : num [1:3646] 4.681 -0.584 -1.43 -0.336 -0.622 ...
  .. ..$ varU       : num 45.7
  .. ..$ uStar      : num [1:2737] 11.466 -0.584 -2.476 -1.072 -0.336 ...
  .. ..$ NamefileOut: chr "X1/ETA_2_varU.dat"
  .. ..$ SD.u       : num [1:3646] 1.4 2.81 1.81 2.85 2.86 ...
  .. ..$ SD.varU    : num 1.9
  ..$ :List of 15
  .. ..$ V          : num [1:3646, 1:576] -0.00189 -0.00645 -0.00703 -0.00832 -0.00916 ...
  .. .. ..- attr(*, "dimnames")=List of 2
  .. .. .. ..$ : chr [1:3646] "2020-21_11.107-5" "2020-21_12.90-53" "2020-21_12.93-4" "2020-21_14.37-103" ...
  .. .. .. ..$ : NULL
  .. ..$ d          : num [1:576] 985 777 402 285 213 ...
  .. ..$ model      : chr "RKHS"
  .. ..$ Name       : chr "ETA_3"
  .. ..$ tolD       : num 1e-10
  .. ..$ levelsU    : int 576
  .. ..$ df0        : num 5
  .. ..$ R2         : num 0.167
  .. ..$ S0         : num 10.5
  .. ..$ u          : num [1:3646] -3.73 -3.81 -3.49 -4.06 -3.74 ...
  .. ..$ varU       : num 9.33
  .. ..$ uStar      : num [1:576] 84.9 -60.3 110 -38.8 -16.1 ...
  .. ..$ NamefileOut: chr "X1/ETA_3_varU.dat"
  .. ..$ SD.u       : num [1:3646] 0.986 0.858 0.963 0.823 0.926 ...
  .. ..$ SD.varU    : num 3.48
 - attr(*, "class")= chr "BGLR"
NULL
List of 21
 $ y            : num [1:3646] 0.3854 -0.2234 0.0613 -0.1008 8.3403 ...
 $ a            : NULL
 $ b            : NULL
 $ whichNa      : int [1:1011] 2636 2637 2638 2639 2640 2641 2642 2643 2644 2645 ...
 $ saveAt       : chr "X3/"
 $ nIter        : num 12000
 $ burnIn       : num 2000
 $ thin         : num 5
 $ weights      : num [1:3646] 1 1 1 1 1 1 1 1 1 1 ...
 $ verbose      : logi FALSE
 $ response_type: chr "gaussian"
 $ df0          : num 5
 $ S0           : num 427
 $ yHat         : num [1:3646] 11.63 4.22 5.64 3.66 5.93 ...
 $ SD.yHat      : num [1:3646] 4.19 4.94 4.4 5 5.11 ...
 $ mu           : num 12.1
 $ SD.mu        : num 1.23
 $ varE         : num 87
 $ SD.varE      : num 5.59
 $ fit          :List of 4
  ..$ logLikAtPostMean: num -9262
  ..$ postMeanLogLik  : num -9621
  ..$ pD              : num 718
  ..$ DIC             : num 19960
 $ ETA          :List of 3
  ..$ :List of 15
  .. ..$ V          : num [1:3646, 1:6] 0 0 0 0 0 0 0 0 0 0 ...
  .. .. ..- attr(*, "dimnames")=List of 2
  .. .. .. ..$ : chr [1:3646] "2020-21_11.107-5" "2020-21_12.90-53" "2020-21_12.93-4" "2020-21_14.37-103" ...
  .. .. .. ..$ : NULL
  .. ..$ d          : num [1:6] 1011 918 450 447 435 ...
  .. ..$ model      : chr "RKHS"
  .. ..$ Name       : chr "ETA_1"
  .. ..$ tolD       : num 1e-10
  .. ..$ levelsU    : int 6
  .. ..$ df0        : num 5
  .. ..$ R2         : num 0.167
  .. ..$ S0         : num 0.324
  .. ..$ u          : num [1:3646] -0.0583 -0.0583 -0.0583 -0.0583 -0.0583 ...
  .. ..$ varU       : num 0.109
  .. ..$ uStar      : num [1:6] -0.0596 -1.7863 -0.016 -0.2701 1.2164 ...
  .. ..$ NamefileOut: chr "X3/ETA_1_varU.dat"
  .. ..$ SD.u       : num [1:3646] 0.339 0.339 0.339 0.339 0.339 ...
  .. ..$ SD.varU    : num 0.119
  ..$ :List of 15
  .. ..$ V          : num [1:3646, 1:2737] 0.408 0 0 0 0 ...
  .. .. ..- attr(*, "dimnames")=List of 2
  .. .. .. ..$ : chr [1:3646] "2020-21_11.107-5" "2020-21_12.90-53" "2020-21_12.93-4" "2020-21_14.37-103" ...
  .. .. .. ..$ : chr [1:2737] "11.107-5" "12.90-53" "12.93-4" "13.27-142" ...
  .. ..$ d          : Named num [1:2737] 6 1 3 1 1 1 1 1 2 1 ...
  .. .. ..- attr(*, "names")= chr [1:2737] "11.107-5" "12.90-53" "12.93-4" "13.27-142" ...
  .. ..$ model      : chr "RKHS"
  .. ..$ Name       : chr "ETA_2"
  .. ..$ tolD       : num 1e-10
  .. ..$ levelsU    : int 2737
  .. ..$ df0        : num 5
  .. ..$ R2         : num 0.167
  .. ..$ S0         : num 148
  .. ..$ u          : num [1:3646] -1.32 -1.33 2.27 -1.27 1.06 ...
  .. ..$ varU       : num 32.6
  .. ..$ uStar      : num [1:2737] -3.24 -1.33 3.93 4.42 -1.27 ...
  .. ..$ NamefileOut: chr "X3/ETA_2_varU.dat"
  .. ..$ SD.u       : num [1:3646] 3.44 4.74 3.93 4.83 4.92 ...
  .. ..$ SD.varU    : num 6.14
  ..$ :List of 15
  .. ..$ V          : num [1:3646, 1:576] -0.00189 -0.00645 -0.00703 -0.00832 -0.00916 ...
  .. .. ..- attr(*, "dimnames")=List of 2
  .. .. .. ..$ : chr [1:3646] "2020-21_11.107-5" "2020-21_12.90-53" "2020-21_12.93-4" "2020-21_14.37-103" ...
  .. .. .. ..$ : NULL
  .. ..$ d          : num [1:576] 985 777 402 285 213 ...
  .. ..$ model      : chr "RKHS"
  .. ..$ Name       : chr "ETA_3"
  .. ..$ tolD       : num 1e-10
  .. ..$ levelsU    : int 576
  .. ..$ df0        : num 5
  .. ..$ R2         : num 0.167
  .. ..$ S0         : num 31.2
  .. ..$ u          : num [1:3646] 0.89 -6.52 -8.7 -7.14 -7.2 ...
  .. ..$ varU       : num 332
  .. ..$ uStar      : num [1:576] 214.4 35.1 20.2 -10.5 168.2 ...
  .. ..$ NamefileOut: chr "X3/ETA_3_varU.dat"
  .. ..$ SD.u       : num [1:3646] 2.77 2.37 2.8 2.24 2.54 ...
  .. ..$ SD.varU    : num 68.1
 - attr(*, "class")= chr "BGLR"
NULL
List of 21
 $ y            : num [1:3646] 0.3854 -0.2234 0.0613 -0.1008 8.3403 ...
 $ a            : NULL
 $ b            : NULL
 $ whichNa      : int [1:1011] 2636 2637 2638 2639 2640 2641 2642 2643 2644 2645 ...
 $ saveAt       : chr "X3/"
 $ nIter        : num 12000
 $ burnIn       : num 2000
 $ thin         : num 5
 $ weights      : num [1:3646] 1 1 1 1 1 1 1 1 1 1 ...
 $ verbose      : logi FALSE
 $ response_type: chr "gaussian"
 $ df0          : num 5
 $ S0           : num 427
 $ yHat         : num [1:3646] 11.63 4.22 5.64 3.66 5.93 ...
 $ SD.yHat      : num [1:3646] 4.19 4.94 4.4 5 5.11 ...
 $ mu           : num 12.1
 $ SD.mu        : num 1.23
 $ varE         : num 87
 $ SD.varE      : num 5.59
 $ fit          :List of 4
  ..$ logLikAtPostMean: num -9262
  ..$ postMeanLogLik  : num -9621
  ..$ pD              : num 718
  ..$ DIC             : num 19960
 $ ETA          :List of 3
  ..$ :List of 15
  .. ..$ V          : num [1:3646, 1:6] 0 0 0 0 0 0 0 0 0 0 ...
  .. .. ..- attr(*, "dimnames")=List of 2
  .. .. .. ..$ : chr [1:3646] "2020-21_11.107-5" "2020-21_12.90-53" "2020-21_12.93-4" "2020-21_14.37-103" ...
  .. .. .. ..$ : NULL
  .. ..$ d          : num [1:6] 1011 918 450 447 435 ...
  .. ..$ model      : chr "RKHS"
  .. ..$ Name       : chr "ETA_1"
  .. ..$ tolD       : num 1e-10
  .. ..$ levelsU    : int 6
  .. ..$ df0        : num 5
  .. ..$ R2         : num 0.167
  .. ..$ S0         : num 0.324
  .. ..$ u          : num [1:3646] -0.0583 -0.0583 -0.0583 -0.0583 -0.0583 ...
  .. ..$ varU       : num 0.109
  .. ..$ uStar      : num [1:6] -0.0596 -1.7863 -0.016 -0.2701 1.2164 ...
  .. ..$ NamefileOut: chr "X3/ETA_1_varU.dat"
  .. ..$ SD.u       : num [1:3646] 0.339 0.339 0.339 0.339 0.339 ...
  .. ..$ SD.varU    : num 0.119
  ..$ :List of 15
  .. ..$ V          : num [1:3646, 1:2737] 0.408 0 0 0 0 ...
  .. .. ..- attr(*, "dimnames")=List of 2
  .. .. .. ..$ : chr [1:3646] "2020-21_11.107-5" "2020-21_12.90-53" "2020-21_12.93-4" "2020-21_14.37-103" ...
  .. .. .. ..$ : chr [1:2737] "11.107-5" "12.90-53" "12.93-4" "13.27-142" ...
  .. ..$ d          : Named num [1:2737] 6 1 3 1 1 1 1 1 2 1 ...
  .. .. ..- attr(*, "names")= chr [1:2737] "11.107-5" "12.90-53" "12.93-4" "13.27-142" ...
  .. ..$ model      : chr "RKHS"
  .. ..$ Name       : chr "ETA_2"
  .. ..$ tolD       : num 1e-10
  .. ..$ levelsU    : int 2737
  .. ..$ df0        : num 5
  .. ..$ R2         : num 0.167
  .. ..$ S0         : num 148
  .. ..$ u          : num [1:3646] -1.32 -1.33 2.27 -1.27 1.06 ...
  .. ..$ varU       : num 32.6
  .. ..$ uStar      : num [1:2737] -3.24 -1.33 3.93 4.42 -1.27 ...
  .. ..$ NamefileOut: chr "X3/ETA_2_varU.dat"
  .. ..$ SD.u       : num [1:3646] 3.44 4.74 3.93 4.83 4.92 ...
  .. ..$ SD.varU    : num 6.14
  ..$ :List of 15
  .. ..$ V          : num [1:3646, 1:576] -0.00189 -0.00645 -0.00703 -0.00832 -0.00916 ...
  .. .. ..- attr(*, "dimnames")=List of 2
  .. .. .. ..$ : chr [1:3646] "2020-21_11.107-5" "2020-21_12.90-53" "2020-21_12.93-4" "2020-21_14.37-103" ...
  .. .. .. ..$ : NULL
  .. ..$ d          : num [1:576] 985 777 402 285 213 ...
  .. ..$ model      : chr "RKHS"
  .. ..$ Name       : chr "ETA_3"
  .. ..$ tolD       : num 1e-10
  .. ..$ levelsU    : int 576
  .. ..$ df0        : num 5
  .. ..$ R2         : num 0.167
  .. ..$ S0         : num 31.2
  .. ..$ u          : num [1:3646] 0.89 -6.52 -8.7 -7.14 -7.2 ...
  .. ..$ varU       : num 332
  .. ..$ uStar      : num [1:576] 214.4 35.1 20.2 -10.5 168.2 ...
  .. ..$ NamefileOut: chr "X3/ETA_3_varU.dat"
  .. ..$ SD.u       : num [1:3646] 2.77 2.37 2.8 2.24 2.54 ...
  .. ..$ SD.varU    : num 68.1
 - attr(*, "class")= chr "BGLR"
NULL
List of 21
 $ y            : num [1:3646] 0.3854 -0.2234 0.0613 -0.1008 8.3403 ...
 $ a            : NULL
 $ b            : NULL
 $ whichNa      : int [1:1011] 2636 2637 2638 2639 2640 2641 2642 2643 2644 2645 ...
 $ saveAt       : chr "X3/"
 $ nIter        : num 12000
 $ burnIn       : num 2000
 $ thin         : num 5
 $ weights      : num [1:3646] 1 1 1 1 1 1 1 1 1 1 ...
 $ verbose      : logi FALSE
 $ response_type: chr "gaussian"
 $ df0          : num 5
 $ S0           : num 427
 $ yHat         : num [1:3646] 11.63 4.22 5.64 3.66 5.93 ...
 $ SD.yHat      : num [1:3646] 4.19 4.94 4.4 5 5.11 ...
 $ mu           : num 12.1
 $ SD.mu        : num 1.23
 $ varE         : num 87
 $ SD.varE      : num 5.59
 $ fit          :List of 4
  ..$ logLikAtPostMean: num -9262
  ..$ postMeanLogLik  : num -9621
  ..$ pD              : num 718
  ..$ DIC             : num 19960
 $ ETA          :List of 3
  ..$ :List of 15
  .. ..$ V          : num [1:3646, 1:6] 0 0 0 0 0 0 0 0 0 0 ...
  .. .. ..- attr(*, "dimnames")=List of 2
  .. .. .. ..$ : chr [1:3646] "2020-21_11.107-5" "2020-21_12.90-53" "2020-21_12.93-4" "2020-21_14.37-103" ...
  .. .. .. ..$ : NULL
  .. ..$ d          : num [1:6] 1011 918 450 447 435 ...
  .. ..$ model      : chr "RKHS"
  .. ..$ Name       : chr "ETA_1"
  .. ..$ tolD       : num 1e-10
  .. ..$ levelsU    : int 6
  .. ..$ df0        : num 5
  .. ..$ R2         : num 0.167
  .. ..$ S0         : num 0.324
  .. ..$ u          : num [1:3646] -0.0583 -0.0583 -0.0583 -0.0583 -0.0583 ...
  .. ..$ varU       : num 0.109
  .. ..$ uStar      : num [1:6] -0.0596 -1.7863 -0.016 -0.2701 1.2164 ...
  .. ..$ NamefileOut: chr "X3/ETA_1_varU.dat"
  .. ..$ SD.u       : num [1:3646] 0.339 0.339 0.339 0.339 0.339 ...
  .. ..$ SD.varU    : num 0.119
  ..$ :List of 15
  .. ..$ V          : num [1:3646, 1:2737] 0.408 0 0 0 0 ...
  .. .. ..- attr(*, "dimnames")=List of 2
  .. .. .. ..$ : chr [1:3646] "2020-21_11.107-5" "2020-21_12.90-53" "2020-21_12.93-4" "2020-21_14.37-103" ...
  .. .. .. ..$ : chr [1:2737] "11.107-5" "12.90-53" "12.93-4" "13.27-142" ...
  .. ..$ d          : Named num [1:2737] 6 1 3 1 1 1 1 1 2 1 ...
  .. .. ..- attr(*, "names")= chr [1:2737] "11.107-5" "12.90-53" "12.93-4" "13.27-142" ...
  .. ..$ model      : chr "RKHS"
  .. ..$ Name       : chr "ETA_2"
  .. ..$ tolD       : num 1e-10
  .. ..$ levelsU    : int 2737
  .. ..$ df0        : num 5
  .. ..$ R2         : num 0.167
  .. ..$ S0         : num 148
  .. ..$ u          : num [1:3646] -1.32 -1.33 2.27 -1.27 1.06 ...
  .. ..$ varU       : num 32.6
  .. ..$ uStar      : num [1:2737] -3.24 -1.33 3.93 4.42 -1.27 ...
  .. ..$ NamefileOut: chr "X3/ETA_2_varU.dat"
  .. ..$ SD.u       : num [1:3646] 3.44 4.74 3.93 4.83 4.92 ...
  .. ..$ SD.varU    : num 6.14
  ..$ :List of 15
  .. ..$ V          : num [1:3646, 1:576] -0.00189 -0.00645 -0.00703 -0.00832 -0.00916 ...
  .. .. ..- attr(*, "dimnames")=List of 2
  .. .. .. ..$ : chr [1:3646] "2020-21_11.107-5" "2020-21_12.90-53" "2020-21_12.93-4" "2020-21_14.37-103" ...
  .. .. .. ..$ : NULL
  .. ..$ d          : num [1:576] 985 777 402 285 213 ...
  .. ..$ model      : chr "RKHS"
  .. ..$ Name       : chr "ETA_3"
  .. ..$ tolD       : num 1e-10
  .. ..$ levelsU    : int 576
  .. ..$ df0        : num 5
  .. ..$ R2         : num 0.167
  .. ..$ S0         : num 31.2
  .. ..$ u          : num [1:3646] 0.89 -6.52 -8.7 -7.14 -7.2 ...
  .. ..$ varU       : num 332
  .. ..$ uStar      : num [1:576] 214.4 35.1 20.2 -10.5 168.2 ...
  .. ..$ NamefileOut: chr "X3/ETA_3_varU.dat"
  .. ..$ SD.u       : num [1:3646] 2.77 2.37 2.8 2.24 2.54 ...
  .. ..$ SD.varU    : num 68.1
 - attr(*, "class")= chr "BGLR"
NULL
List of 21
 $ y            : num [1:3646] 0.3854 -0.2234 0.0613 -0.1008 8.3403 ...
 $ a            : NULL
 $ b            : NULL
 $ whichNa      : int [1:1011] 2636 2637 2638 2639 2640 2641 2642 2643 2644 2645 ...
 $ saveAt       : chr "X3/"
 $ nIter        : num 12000
 $ burnIn       : num 2000
 $ thin         : num 5
 $ weights      : num [1:3646] 1 1 1 1 1 1 1 1 1 1 ...
 $ verbose      : logi FALSE
 $ response_type: chr "gaussian"
 $ df0          : num 5
 $ S0           : num 427
 $ yHat         : num [1:3646] 11.63 4.22 5.64 3.66 5.93 ...
 $ SD.yHat      : num [1:3646] 4.19 4.94 4.4 5 5.11 ...
 $ mu           : num 12.1
 $ SD.mu        : num 1.23
 $ varE         : num 87
 $ SD.varE      : num 5.59
 $ fit          :List of 4
  ..$ logLikAtPostMean: num -9262
  ..$ postMeanLogLik  : num -9621
  ..$ pD              : num 718
  ..$ DIC             : num 19960
 $ ETA          :List of 3
  ..$ :List of 15
  .. ..$ V          : num [1:3646, 1:6] 0 0 0 0 0 0 0 0 0 0 ...
  .. .. ..- attr(*, "dimnames")=List of 2
  .. .. .. ..$ : chr [1:3646] "2020-21_11.107-5" "2020-21_12.90-53" "2020-21_12.93-4" "2020-21_14.37-103" ...
  .. .. .. ..$ : NULL
  .. ..$ d          : num [1:6] 1011 918 450 447 435 ...
  .. ..$ model      : chr "RKHS"
  .. ..$ Name       : chr "ETA_1"
  .. ..$ tolD       : num 1e-10
  .. ..$ levelsU    : int 6
  .. ..$ df0        : num 5
  .. ..$ R2         : num 0.167
  .. ..$ S0         : num 0.324
  .. ..$ u          : num [1:3646] -0.0583 -0.0583 -0.0583 -0.0583 -0.0583 ...
  .. ..$ varU       : num 0.109
  .. ..$ uStar      : num [1:6] -0.0596 -1.7863 -0.016 -0.2701 1.2164 ...
  .. ..$ NamefileOut: chr "X3/ETA_1_varU.dat"
  .. ..$ SD.u       : num [1:3646] 0.339 0.339 0.339 0.339 0.339 ...
  .. ..$ SD.varU    : num 0.119
  ..$ :List of 15
  .. ..$ V          : num [1:3646, 1:2737] 0.408 0 0 0 0 ...
  .. .. ..- attr(*, "dimnames")=List of 2
  .. .. .. ..$ : chr [1:3646] "2020-21_11.107-5" "2020-21_12.90-53" "2020-21_12.93-4" "2020-21_14.37-103" ...
  .. .. .. ..$ : chr [1:2737] "11.107-5" "12.90-53" "12.93-4" "13.27-142" ...
  .. ..$ d          : Named num [1:2737] 6 1 3 1 1 1 1 1 2 1 ...
  .. .. ..- attr(*, "names")= chr [1:2737] "11.107-5" "12.90-53" "12.93-4" "13.27-142" ...
  .. ..$ model      : chr "RKHS"
  .. ..$ Name       : chr "ETA_2"
  .. ..$ tolD       : num 1e-10
  .. ..$ levelsU    : int 2737
  .. ..$ df0        : num 5
  .. ..$ R2         : num 0.167
  .. ..$ S0         : num 148
  .. ..$ u          : num [1:3646] -1.32 -1.33 2.27 -1.27 1.06 ...
  .. ..$ varU       : num 32.6
  .. ..$ uStar      : num [1:2737] -3.24 -1.33 3.93 4.42 -1.27 ...
  .. ..$ NamefileOut: chr "X3/ETA_2_varU.dat"
  .. ..$ SD.u       : num [1:3646] 3.44 4.74 3.93 4.83 4.92 ...
  .. ..$ SD.varU    : num 6.14
  ..$ :List of 15
  .. ..$ V          : num [1:3646, 1:576] -0.00189 -0.00645 -0.00703 -0.00832 -0.00916 ...
  .. .. ..- attr(*, "dimnames")=List of 2
  .. .. .. ..$ : chr [1:3646] "2020-21_11.107-5" "2020-21_12.90-53" "2020-21_12.93-4" "2020-21_14.37-103" ...
  .. .. .. ..$ : NULL
  .. ..$ d          : num [1:576] 985 777 402 285 213 ...
  .. ..$ model      : chr "RKHS"
  .. ..$ Name       : chr "ETA_3"
  .. ..$ tolD       : num 1e-10
  .. ..$ levelsU    : int 576
  .. ..$ df0        : num 5
  .. ..$ R2         : num 0.167
  .. ..$ S0         : num 31.2
  .. ..$ u          : num [1:3646] 0.89 -6.52 -8.7 -7.14 -7.2 ...
  .. ..$ varU       : num 332
  .. ..$ uStar      : num [1:576] 214.4 35.1 20.2 -10.5 168.2 ...
  .. ..$ NamefileOut: chr "X3/ETA_3_varU.dat"
  .. ..$ SD.u       : num [1:3646] 2.77 2.37 2.8 2.24 2.54 ...
  .. ..$ SD.varU    : num 68.1
 - attr(*, "class")= chr "BGLR"
NULL
List of 21
 $ y            : num [1:3646] 0.3854 -0.2234 0.0613 -0.1008 8.3403 ...
 $ a            : NULL
 $ b            : NULL
 $ whichNa      : int [1:1011] 2636 2637 2638 2639 2640 2641 2642 2643 2644 2645 ...
 $ saveAt       : chr "X3/"
 $ nIter        : num 12000
 $ burnIn       : num 2000
 $ thin         : num 5
 $ weights      : num [1:3646] 1 1 1 1 1 1 1 1 1 1 ...
 $ verbose      : logi FALSE
 $ response_type: chr "gaussian"
 $ df0          : num 5
 $ S0           : num 427
 $ yHat         : num [1:3646] 11.63 4.22 5.64 3.66 5.93 ...
 $ SD.yHat      : num [1:3646] 4.19 4.94 4.4 5 5.11 ...
 $ mu           : num 12.1
 $ SD.mu        : num 1.23
 $ varE         : num 87
 $ SD.varE      : num 5.59
 $ fit          :List of 4
  ..$ logLikAtPostMean: num -9262
  ..$ postMeanLogLik  : num -9621
  ..$ pD              : num 718
  ..$ DIC             : num 19960
 $ ETA          :List of 3
  ..$ :List of 15
  .. ..$ V          : num [1:3646, 1:6] 0 0 0 0 0 0 0 0 0 0 ...
  .. .. ..- attr(*, "dimnames")=List of 2
  .. .. .. ..$ : chr [1:3646] "2020-21_11.107-5" "2020-21_12.90-53" "2020-21_12.93-4" "2020-21_14.37-103" ...
  .. .. .. ..$ : NULL
  .. ..$ d          : num [1:6] 1011 918 450 447 435 ...
  .. ..$ model      : chr "RKHS"
  .. ..$ Name       : chr "ETA_1"
  .. ..$ tolD       : num 1e-10
  .. ..$ levelsU    : int 6
  .. ..$ df0        : num 5
  .. ..$ R2         : num 0.167
  .. ..$ S0         : num 0.324
  .. ..$ u          : num [1:3646] -0.0583 -0.0583 -0.0583 -0.0583 -0.0583 ...
  .. ..$ varU       : num 0.109
  .. ..$ uStar      : num [1:6] -0.0596 -1.7863 -0.016 -0.2701 1.2164 ...
  .. ..$ NamefileOut: chr "X3/ETA_1_varU.dat"
  .. ..$ SD.u       : num [1:3646] 0.339 0.339 0.339 0.339 0.339 ...
  .. ..$ SD.varU    : num 0.119
  ..$ :List of 15
  .. ..$ V          : num [1:3646, 1:2737] 0.408 0 0 0 0 ...
  .. .. ..- attr(*, "dimnames")=List of 2
  .. .. .. ..$ : chr [1:3646] "2020-21_11.107-5" "2020-21_12.90-53" "2020-21_12.93-4" "2020-21_14.37-103" ...
  .. .. .. ..$ : chr [1:2737] "11.107-5" "12.90-53" "12.93-4" "13.27-142" ...
  .. ..$ d          : Named num [1:2737] 6 1 3 1 1 1 1 1 2 1 ...
  .. .. ..- attr(*, "names")= chr [1:2737] "11.107-5" "12.90-53" "12.93-4" "13.27-142" ...
  .. ..$ model      : chr "RKHS"
  .. ..$ Name       : chr "ETA_2"
  .. ..$ tolD       : num 1e-10
  .. ..$ levelsU    : int 2737
  .. ..$ df0        : num 5
  .. ..$ R2         : num 0.167
  .. ..$ S0         : num 148
  .. ..$ u          : num [1:3646] -1.32 -1.33 2.27 -1.27 1.06 ...
  .. ..$ varU       : num 32.6
  .. ..$ uStar      : num [1:2737] -3.24 -1.33 3.93 4.42 -1.27 ...
  .. ..$ NamefileOut: chr "X3/ETA_2_varU.dat"
  .. ..$ SD.u       : num [1:3646] 3.44 4.74 3.93 4.83 4.92 ...
  .. ..$ SD.varU    : num 6.14
  ..$ :List of 15
  .. ..$ V          : num [1:3646, 1:576] -0.00189 -0.00645 -0.00703 -0.00832 -0.00916 ...
  .. .. ..- attr(*, "dimnames")=List of 2
  .. .. .. ..$ : chr [1:3646] "2020-21_11.107-5" "2020-21_12.90-53" "2020-21_12.93-4" "2020-21_14.37-103" ...
  .. .. .. ..$ : NULL
  .. ..$ d          : num [1:576] 985 777 402 285 213 ...
  .. ..$ model      : chr "RKHS"
  .. ..$ Name       : chr "ETA_3"
  .. ..$ tolD       : num 1e-10
  .. ..$ levelsU    : int 576
  .. ..$ df0        : num 5
  .. ..$ R2         : num 0.167
  .. ..$ S0         : num 31.2
  .. ..$ u          : num [1:3646] 0.89 -6.52 -8.7 -7.14 -7.2 ...
  .. ..$ varU       : num 332
  .. ..$ uStar      : num [1:576] 214.4 35.1 20.2 -10.5 168.2 ...
  .. ..$ NamefileOut: chr "X3/ETA_3_varU.dat"
  .. ..$ SD.u       : num [1:3646] 2.77 2.37 2.8 2.24 2.54 ...
  .. ..$ SD.varU    : num 68.1
 - attr(*, "class")= chr "BGLR"
NULL
List of 21
 $ y            : num [1:3646] -0.16528 5.64926 0.00647 4.7282 3.29357 ...
 $ a            : NULL
 $ b            : NULL
 $ whichNa      : int [1:1011] 2636 2637 2638 2639 2640 2641 2642 2643 2644 2645 ...
 $ saveAt       : chr "X2/"
 $ nIter        : num 12000
 $ burnIn       : num 2000
 $ thin         : num 5
 $ weights      : num [1:3646] 1 1 1 1 1 1 1 1 1 1 ...
 $ verbose      : logi FALSE
 $ response_type: chr "gaussian"
 $ df0          : num 5
 $ S0           : num 499
 $ yHat         : num [1:3646] 9.53 4.68 4.63 4.42 3.1 ...
 $ SD.yHat      : num [1:3646] 3.16 5.26 3.66 5.45 5.36 ...
 $ mu           : num 12.3
 $ SD.mu        : num 1.26
 $ varE         : num 37.5
 $ SD.varE      : num 2.75
 $ fit          :List of 4
  ..$ logLikAtPostMean: num -7723
  ..$ postMeanLogLik  : num -8507
  ..$ pD              : num 1569
  ..$ DIC             : num 18584
 $ ETA          :List of 3
  ..$ :List of 15
  .. ..$ V          : num [1:3646, 1:6] 0 0 0 0 0 0 0 0 0 0 ...
  .. .. ..- attr(*, "dimnames")=List of 2
  .. .. .. ..$ : chr [1:3646] "2020-21_11.107-5" "2020-21_12.90-53" "2020-21_12.93-4" "2020-21_14.37-103" ...
  .. .. .. ..$ : NULL
  .. ..$ d          : num [1:6] 1011 918 450 447 435 ...
  .. ..$ model      : chr "RKHS"
  .. ..$ Name       : chr "ETA_1"
  .. ..$ tolD       : num 1e-10
  .. ..$ levelsU    : int 6
  .. ..$ df0        : num 5
  .. ..$ R2         : num 0.167
  .. ..$ S0         : num 0.379
  .. ..$ u          : num [1:3646] -0.0808 -0.0808 -0.0808 -0.0808 -0.0808 ...
  .. ..$ varU       : num 0.133
  .. ..$ uStar      : num [1:6] -0.386 -0.991 0.284 -0.208 1.684 ...
  .. ..$ NamefileOut: chr "X2/ETA_1_varU.dat"
  .. ..$ SD.u       : num [1:3646] 0.379 0.379 0.379 0.379 0.379 ...
  .. ..$ SD.varU    : num 0.142
  ..$ :List of 15
  .. ..$ V          : num [1:3646, 1:2737] 0.408 0 0 0 0 ...
  .. .. ..- attr(*, "dimnames")=List of 2
  .. .. .. ..$ : chr [1:3646] "2020-21_11.107-5" "2020-21_12.90-53" "2020-21_12.93-4" "2020-21_14.37-103" ...
  .. .. .. ..$ : chr [1:2737] "11.107-5" "12.90-53" "12.93-4" "13.27-142" ...
  .. ..$ d          : Named num [1:2737] 6 1 3 1 1 1 1 1 2 1 ...
  .. .. ..- attr(*, "names")= chr [1:2737] "11.107-5" "12.90-53" "12.93-4" "13.27-142" ...
  .. ..$ model      : chr "RKHS"
  .. ..$ Name       : chr "ETA_2"
  .. ..$ tolD       : num 1e-10
  .. ..$ levelsU    : int 2737
  .. ..$ df0        : num 5
  .. ..$ R2         : num 0.167
  .. ..$ S0         : num 173
  .. ..$ u          : num [1:3646] 3.808 0.974 2.283 1.106 1.063 ...
  .. ..$ varU       : num 105
  .. ..$ uStar      : num [1:2737] 9.328 0.974 3.955 11.519 1.106 ...
  .. ..$ NamefileOut: chr "X2/ETA_2_varU.dat"
  .. ..$ SD.u       : num [1:3646] 2.75 5.32 3.56 5.51 5.45 ...
  .. ..$ SD.varU    : num 5.72
  ..$ :List of 15
  .. ..$ V          : num [1:3646, 1:576] -0.00189 -0.00645 -0.00703 -0.00832 -0.00916 ...
  .. .. ..- attr(*, "dimnames")=List of 2
  .. .. .. ..$ : chr [1:3646] "2020-21_11.107-5" "2020-21_12.90-53" "2020-21_12.93-4" "2020-21_14.37-103" ...
  .. .. .. ..$ : NULL
  .. ..$ d          : num [1:576] 985 777 402 285 213 ...
  .. ..$ model      : chr "RKHS"
  .. ..$ Name       : chr "ETA_3"
  .. ..$ tolD       : num 1e-10
  .. ..$ levelsU    : int 576
  .. ..$ df0        : num 5
  .. ..$ R2         : num 0.167
  .. ..$ S0         : num 36.4
  .. ..$ u          : num [1:3646] -6.48 -8.5 -9.86 -8.89 -10.16 ...
  .. ..$ varU       : num 112
  .. ..$ uStar      : num [1:576] 311 -94.5 255 -77 -32.3 ...
  .. ..$ NamefileOut: chr "X2/ETA_3_varU.dat"
  .. ..$ SD.u       : num [1:3646] 2.21 2.04 2.31 1.91 2.11 ...
  .. ..$ SD.varU    : num 31.9
 - attr(*, "class")= chr "BGLR"
NULL
List of 21
 $ y            : num [1:3646] -0.16528 5.64926 0.00647 4.7282 3.29357 ...
 $ a            : NULL
 $ b            : NULL
 $ whichNa      : int [1:1011] 2636 2637 2638 2639 2640 2641 2642 2643 2644 2645 ...
 $ saveAt       : chr "X2/"
 $ nIter        : num 12000
 $ burnIn       : num 2000
 $ thin         : num 5
 $ weights      : num [1:3646] 1 1 1 1 1 1 1 1 1 1 ...
 $ verbose      : logi FALSE
 $ response_type: chr "gaussian"
 $ df0          : num 5
 $ S0           : num 499
 $ yHat         : num [1:3646] 9.53 4.68 4.63 4.42 3.1 ...
 $ SD.yHat      : num [1:3646] 3.16 5.26 3.66 5.45 5.36 ...
 $ mu           : num 12.3
 $ SD.mu        : num 1.26
 $ varE         : num 37.5
 $ SD.varE      : num 2.75
 $ fit          :List of 4
  ..$ logLikAtPostMean: num -7723
  ..$ postMeanLogLik  : num -8507
  ..$ pD              : num 1569
  ..$ DIC             : num 18584
 $ ETA          :List of 3
  ..$ :List of 15
  .. ..$ V          : num [1:3646, 1:6] 0 0 0 0 0 0 0 0 0 0 ...
  .. .. ..- attr(*, "dimnames")=List of 2
  .. .. .. ..$ : chr [1:3646] "2020-21_11.107-5" "2020-21_12.90-53" "2020-21_12.93-4" "2020-21_14.37-103" ...
  .. .. .. ..$ : NULL
  .. ..$ d          : num [1:6] 1011 918 450 447 435 ...
  .. ..$ model      : chr "RKHS"
  .. ..$ Name       : chr "ETA_1"
  .. ..$ tolD       : num 1e-10
  .. ..$ levelsU    : int 6
  .. ..$ df0        : num 5
  .. ..$ R2         : num 0.167
  .. ..$ S0         : num 0.379
  .. ..$ u          : num [1:3646] -0.0808 -0.0808 -0.0808 -0.0808 -0.0808 ...
  .. ..$ varU       : num 0.133
  .. ..$ uStar      : num [1:6] -0.386 -0.991 0.284 -0.208 1.684 ...
  .. ..$ NamefileOut: chr "X2/ETA_1_varU.dat"
  .. ..$ SD.u       : num [1:3646] 0.379 0.379 0.379 0.379 0.379 ...
  .. ..$ SD.varU    : num 0.142
  ..$ :List of 15
  .. ..$ V          : num [1:3646, 1:2737] 0.408 0 0 0 0 ...
  .. .. ..- attr(*, "dimnames")=List of 2
  .. .. .. ..$ : chr [1:3646] "2020-21_11.107-5" "2020-21_12.90-53" "2020-21_12.93-4" "2020-21_14.37-103" ...
  .. .. .. ..$ : chr [1:2737] "11.107-5" "12.90-53" "12.93-4" "13.27-142" ...
  .. ..$ d          : Named num [1:2737] 6 1 3 1 1 1 1 1 2 1 ...
  .. .. ..- attr(*, "names")= chr [1:2737] "11.107-5" "12.90-53" "12.93-4" "13.27-142" ...
  .. ..$ model      : chr "RKHS"
  .. ..$ Name       : chr "ETA_2"
  .. ..$ tolD       : num 1e-10
  .. ..$ levelsU    : int 2737
  .. ..$ df0        : num 5
  .. ..$ R2         : num 0.167
  .. ..$ S0         : num 173
  .. ..$ u          : num [1:3646] 3.808 0.974 2.283 1.106 1.063 ...
  .. ..$ varU       : num 105
  .. ..$ uStar      : num [1:2737] 9.328 0.974 3.955 11.519 1.106 ...
  .. ..$ NamefileOut: chr "X2/ETA_2_varU.dat"
  .. ..$ SD.u       : num [1:3646] 2.75 5.32 3.56 5.51 5.45 ...
  .. ..$ SD.varU    : num 5.72
  ..$ :List of 15
  .. ..$ V          : num [1:3646, 1:576] -0.00189 -0.00645 -0.00703 -0.00832 -0.00916 ...
  .. .. ..- attr(*, "dimnames")=List of 2
  .. .. .. ..$ : chr [1:3646] "2020-21_11.107-5" "2020-21_12.90-53" "2020-21_12.93-4" "2020-21_14.37-103" ...
  .. .. .. ..$ : NULL
  .. ..$ d          : num [1:576] 985 777 402 285 213 ...
  .. ..$ model      : chr "RKHS"
  .. ..$ Name       : chr "ETA_3"
  .. ..$ tolD       : num 1e-10
  .. ..$ levelsU    : int 576
  .. ..$ df0        : num 5
  .. ..$ R2         : num 0.167
  .. ..$ S0         : num 36.4
  .. ..$ u          : num [1:3646] -6.48 -8.5 -9.86 -8.89 -10.16 ...
  .. ..$ varU       : num 112
  .. ..$ uStar      : num [1:576] 311 -94.5 255 -77 -32.3 ...
  .. ..$ NamefileOut: chr "X2/ETA_3_varU.dat"
  .. ..$ SD.u       : num [1:3646] 2.21 2.04 2.31 1.91 2.11 ...
  .. ..$ SD.varU    : num 31.9
 - attr(*, "class")= chr "BGLR"
NULL
List of 21
 $ y            : num [1:3646] -0.16528 5.64926 0.00647 4.7282 3.29357 ...
 $ a            : NULL
 $ b            : NULL
 $ whichNa      : int [1:1011] 2636 2637 2638 2639 2640 2641 2642 2643 2644 2645 ...
 $ saveAt       : chr "X2/"
 $ nIter        : num 12000
 $ burnIn       : num 2000
 $ thin         : num 5
 $ weights      : num [1:3646] 1 1 1 1 1 1 1 1 1 1 ...
 $ verbose      : logi FALSE
 $ response_type: chr "gaussian"
 $ df0          : num 5
 $ S0           : num 499
 $ yHat         : num [1:3646] 9.53 4.68 4.63 4.42 3.1 ...
 $ SD.yHat      : num [1:3646] 3.16 5.26 3.66 5.45 5.36 ...
 $ mu           : num 12.3
 $ SD.mu        : num 1.26
 $ varE         : num 37.5
 $ SD.varE      : num 2.75
 $ fit          :List of 4
  ..$ logLikAtPostMean: num -7723
  ..$ postMeanLogLik  : num -8507
  ..$ pD              : num 1569
  ..$ DIC             : num 18584
 $ ETA          :List of 3
  ..$ :List of 15
  .. ..$ V          : num [1:3646, 1:6] 0 0 0 0 0 0 0 0 0 0 ...
  .. .. ..- attr(*, "dimnames")=List of 2
  .. .. .. ..$ : chr [1:3646] "2020-21_11.107-5" "2020-21_12.90-53" "2020-21_12.93-4" "2020-21_14.37-103" ...
  .. .. .. ..$ : NULL
  .. ..$ d          : num [1:6] 1011 918 450 447 435 ...
  .. ..$ model      : chr "RKHS"
  .. ..$ Name       : chr "ETA_1"
  .. ..$ tolD       : num 1e-10
  .. ..$ levelsU    : int 6
  .. ..$ df0        : num 5
  .. ..$ R2         : num 0.167
  .. ..$ S0         : num 0.379
  .. ..$ u          : num [1:3646] -0.0808 -0.0808 -0.0808 -0.0808 -0.0808 ...
  .. ..$ varU       : num 0.133
  .. ..$ uStar      : num [1:6] -0.386 -0.991 0.284 -0.208 1.684 ...
  .. ..$ NamefileOut: chr "X2/ETA_1_varU.dat"
  .. ..$ SD.u       : num [1:3646] 0.379 0.379 0.379 0.379 0.379 ...
  .. ..$ SD.varU    : num 0.142
  ..$ :List of 15
  .. ..$ V          : num [1:3646, 1:2737] 0.408 0 0 0 0 ...
  .. .. ..- attr(*, "dimnames")=List of 2
  .. .. .. ..$ : chr [1:3646] "2020-21_11.107-5" "2020-21_12.90-53" "2020-21_12.93-4" "2020-21_14.37-103" ...
  .. .. .. ..$ : chr [1:2737] "11.107-5" "12.90-53" "12.93-4" "13.27-142" ...
  .. ..$ d          : Named num [1:2737] 6 1 3 1 1 1 1 1 2 1 ...
  .. .. ..- attr(*, "names")= chr [1:2737] "11.107-5" "12.90-53" "12.93-4" "13.27-142" ...
  .. ..$ model      : chr "RKHS"
  .. ..$ Name       : chr "ETA_2"
  .. ..$ tolD       : num 1e-10
  .. ..$ levelsU    : int 2737
  .. ..$ df0        : num 5
  .. ..$ R2         : num 0.167
  .. ..$ S0         : num 173
  .. ..$ u          : num [1:3646] 3.808 0.974 2.283 1.106 1.063 ...
  .. ..$ varU       : num 105
  .. ..$ uStar      : num [1:2737] 9.328 0.974 3.955 11.519 1.106 ...
  .. ..$ NamefileOut: chr "X2/ETA_2_varU.dat"
  .. ..$ SD.u       : num [1:3646] 2.75 5.32 3.56 5.51 5.45 ...
  .. ..$ SD.varU    : num 5.72
  ..$ :List of 15
  .. ..$ V          : num [1:3646, 1:576] -0.00189 -0.00645 -0.00703 -0.00832 -0.00916 ...
  .. .. ..- attr(*, "dimnames")=List of 2
  .. .. .. ..$ : chr [1:3646] "2020-21_11.107-5" "2020-21_12.90-53" "2020-21_12.93-4" "2020-21_14.37-103" ...
  .. .. .. ..$ : NULL
  .. ..$ d          : num [1:576] 985 777 402 285 213 ...
  .. ..$ model      : chr "RKHS"
  .. ..$ Name       : chr "ETA_3"
  .. ..$ tolD       : num 1e-10
  .. ..$ levelsU    : int 576
  .. ..$ df0        : num 5
  .. ..$ R2         : num 0.167
  .. ..$ S0         : num 36.4
  .. ..$ u          : num [1:3646] -6.48 -8.5 -9.86 -8.89 -10.16 ...
  .. ..$ varU       : num 112
  .. ..$ uStar      : num [1:576] 311 -94.5 255 -77 -32.3 ...
  .. ..$ NamefileOut: chr "X2/ETA_3_varU.dat"
  .. ..$ SD.u       : num [1:3646] 2.21 2.04 2.31 1.91 2.11 ...
  .. ..$ SD.varU    : num 31.9
 - attr(*, "class")= chr "BGLR"
NULL
List of 21
 $ y            : num [1:3646] -0.16528 5.64926 0.00647 4.7282 3.29357 ...
 $ a            : NULL
 $ b            : NULL
 $ whichNa      : int [1:1011] 2636 2637 2638 2639 2640 2641 2642 2643 2644 2645 ...
 $ saveAt       : chr "X2/"
 $ nIter        : num 12000
 $ burnIn       : num 2000
 $ thin         : num 5
 $ weights      : num [1:3646] 1 1 1 1 1 1 1 1 1 1 ...
 $ verbose      : logi FALSE
 $ response_type: chr "gaussian"
 $ df0          : num 5
 $ S0           : num 499
 $ yHat         : num [1:3646] 9.53 4.68 4.63 4.42 3.1 ...
 $ SD.yHat      : num [1:3646] 3.16 5.26 3.66 5.45 5.36 ...
 $ mu           : num 12.3
 $ SD.mu        : num 1.26
 $ varE         : num 37.5
 $ SD.varE      : num 2.75
 $ fit          :List of 4
  ..$ logLikAtPostMean: num -7723
  ..$ postMeanLogLik  : num -8507
  ..$ pD              : num 1569
  ..$ DIC             : num 18584
 $ ETA          :List of 3
  ..$ :List of 15
  .. ..$ V          : num [1:3646, 1:6] 0 0 0 0 0 0 0 0 0 0 ...
  .. .. ..- attr(*, "dimnames")=List of 2
  .. .. .. ..$ : chr [1:3646] "2020-21_11.107-5" "2020-21_12.90-53" "2020-21_12.93-4" "2020-21_14.37-103" ...
  .. .. .. ..$ : NULL
  .. ..$ d          : num [1:6] 1011 918 450 447 435 ...
  .. ..$ model      : chr "RKHS"
  .. ..$ Name       : chr "ETA_1"
  .. ..$ tolD       : num 1e-10
  .. ..$ levelsU    : int 6
  .. ..$ df0        : num 5
  .. ..$ R2         : num 0.167
  .. ..$ S0         : num 0.379
  .. ..$ u          : num [1:3646] -0.0808 -0.0808 -0.0808 -0.0808 -0.0808 ...
  .. ..$ varU       : num 0.133
  .. ..$ uStar      : num [1:6] -0.386 -0.991 0.284 -0.208 1.684 ...
  .. ..$ NamefileOut: chr "X2/ETA_1_varU.dat"
  .. ..$ SD.u       : num [1:3646] 0.379 0.379 0.379 0.379 0.379 ...
  .. ..$ SD.varU    : num 0.142
  ..$ :List of 15
  .. ..$ V          : num [1:3646, 1:2737] 0.408 0 0 0 0 ...
  .. .. ..- attr(*, "dimnames")=List of 2
  .. .. .. ..$ : chr [1:3646] "2020-21_11.107-5" "2020-21_12.90-53" "2020-21_12.93-4" "2020-21_14.37-103" ...
  .. .. .. ..$ : chr [1:2737] "11.107-5" "12.90-53" "12.93-4" "13.27-142" ...
  .. ..$ d          : Named num [1:2737] 6 1 3 1 1 1 1 1 2 1 ...
  .. .. ..- attr(*, "names")= chr [1:2737] "11.107-5" "12.90-53" "12.93-4" "13.27-142" ...
  .. ..$ model      : chr "RKHS"
  .. ..$ Name       : chr "ETA_2"
  .. ..$ tolD       : num 1e-10
  .. ..$ levelsU    : int 2737
  .. ..$ df0        : num 5
  .. ..$ R2         : num 0.167
  .. ..$ S0         : num 173
  .. ..$ u          : num [1:3646] 3.808 0.974 2.283 1.106 1.063 ...
  .. ..$ varU       : num 105
  .. ..$ uStar      : num [1:2737] 9.328 0.974 3.955 11.519 1.106 ...
  .. ..$ NamefileOut: chr "X2/ETA_2_varU.dat"
  .. ..$ SD.u       : num [1:3646] 2.75 5.32 3.56 5.51 5.45 ...
  .. ..$ SD.varU    : num 5.72
  ..$ :List of 15
  .. ..$ V          : num [1:3646, 1:576] -0.00189 -0.00645 -0.00703 -0.00832 -0.00916 ...
  .. .. ..- attr(*, "dimnames")=List of 2
  .. .. .. ..$ : chr [1:3646] "2020-21_11.107-5" "2020-21_12.90-53" "2020-21_12.93-4" "2020-21_14.37-103" ...
  .. .. .. ..$ : NULL
  .. ..$ d          : num [1:576] 985 777 402 285 213 ...
  .. ..$ model      : chr "RKHS"
  .. ..$ Name       : chr "ETA_3"
  .. ..$ tolD       : num 1e-10
  .. ..$ levelsU    : int 576
  .. ..$ df0        : num 5
  .. ..$ R2         : num 0.167
  .. ..$ S0         : num 36.4
  .. ..$ u          : num [1:3646] -6.48 -8.5 -9.86 -8.89 -10.16 ...
  .. ..$ varU       : num 112
  .. ..$ uStar      : num [1:576] 311 -94.5 255 -77 -32.3 ...
  .. ..$ NamefileOut: chr "X2/ETA_3_varU.dat"
  .. ..$ SD.u       : num [1:3646] 2.21 2.04 2.31 1.91 2.11 ...
  .. ..$ SD.varU    : num 31.9
 - attr(*, "class")= chr "BGLR"
NULL
List of 21
 $ y            : num [1:3646] -0.16528 5.64926 0.00647 4.7282 3.29357 ...
 $ a            : NULL
 $ b            : NULL
 $ whichNa      : int [1:1011] 2636 2637 2638 2639 2640 2641 2642 2643 2644 2645 ...
 $ saveAt       : chr "X2/"
 $ nIter        : num 12000
 $ burnIn       : num 2000
 $ thin         : num 5
 $ weights      : num [1:3646] 1 1 1 1 1 1 1 1 1 1 ...
 $ verbose      : logi FALSE
 $ response_type: chr "gaussian"
 $ df0          : num 5
 $ S0           : num 499
 $ yHat         : num [1:3646] 9.53 4.68 4.63 4.42 3.1 ...
 $ SD.yHat      : num [1:3646] 3.16 5.26 3.66 5.45 5.36 ...
 $ mu           : num 12.3
 $ SD.mu        : num 1.26
 $ varE         : num 37.5
 $ SD.varE      : num 2.75
 $ fit          :List of 4
  ..$ logLikAtPostMean: num -7723
  ..$ postMeanLogLik  : num -8507
  ..$ pD              : num 1569
  ..$ DIC             : num 18584
 $ ETA          :List of 3
  ..$ :List of 15
  .. ..$ V          : num [1:3646, 1:6] 0 0 0 0 0 0 0 0 0 0 ...
  .. .. ..- attr(*, "dimnames")=List of 2
  .. .. .. ..$ : chr [1:3646] "2020-21_11.107-5" "2020-21_12.90-53" "2020-21_12.93-4" "2020-21_14.37-103" ...
  .. .. .. ..$ : NULL
  .. ..$ d          : num [1:6] 1011 918 450 447 435 ...
  .. ..$ model      : chr "RKHS"
  .. ..$ Name       : chr "ETA_1"
  .. ..$ tolD       : num 1e-10
  .. ..$ levelsU    : int 6
  .. ..$ df0        : num 5
  .. ..$ R2         : num 0.167
  .. ..$ S0         : num 0.379
  .. ..$ u          : num [1:3646] -0.0808 -0.0808 -0.0808 -0.0808 -0.0808 ...
  .. ..$ varU       : num 0.133
  .. ..$ uStar      : num [1:6] -0.386 -0.991 0.284 -0.208 1.684 ...
  .. ..$ NamefileOut: chr "X2/ETA_1_varU.dat"
  .. ..$ SD.u       : num [1:3646] 0.379 0.379 0.379 0.379 0.379 ...
  .. ..$ SD.varU    : num 0.142
  ..$ :List of 15
  .. ..$ V          : num [1:3646, 1:2737] 0.408 0 0 0 0 ...
  .. .. ..- attr(*, "dimnames")=List of 2
  .. .. .. ..$ : chr [1:3646] "2020-21_11.107-5" "2020-21_12.90-53" "2020-21_12.93-4" "2020-21_14.37-103" ...
  .. .. .. ..$ : chr [1:2737] "11.107-5" "12.90-53" "12.93-4" "13.27-142" ...
  .. ..$ d          : Named num [1:2737] 6 1 3 1 1 1 1 1 2 1 ...
  .. .. ..- attr(*, "names")= chr [1:2737] "11.107-5" "12.90-53" "12.93-4" "13.27-142" ...
  .. ..$ model      : chr "RKHS"
  .. ..$ Name       : chr "ETA_2"
  .. ..$ tolD       : num 1e-10
  .. ..$ levelsU    : int 2737
  .. ..$ df0        : num 5
  .. ..$ R2         : num 0.167
  .. ..$ S0         : num 173
  .. ..$ u          : num [1:3646] 3.808 0.974 2.283 1.106 1.063 ...
  .. ..$ varU       : num 105
  .. ..$ uStar      : num [1:2737] 9.328 0.974 3.955 11.519 1.106 ...
  .. ..$ NamefileOut: chr "X2/ETA_2_varU.dat"
  .. ..$ SD.u       : num [1:3646] 2.75 5.32 3.56 5.51 5.45 ...
  .. ..$ SD.varU    : num 5.72
  ..$ :List of 15
  .. ..$ V          : num [1:3646, 1:576] -0.00189 -0.00645 -0.00703 -0.00832 -0.00916 ...
  .. .. ..- attr(*, "dimnames")=List of 2
  .. .. .. ..$ : chr [1:3646] "2020-21_11.107-5" "2020-21_12.90-53" "2020-21_12.93-4" "2020-21_14.37-103" ...
  .. .. .. ..$ : NULL
  .. ..$ d          : num [1:576] 985 777 402 285 213 ...
  .. ..$ model      : chr "RKHS"
  .. ..$ Name       : chr "ETA_3"
  .. ..$ tolD       : num 1e-10
  .. ..$ levelsU    : int 576
  .. ..$ df0        : num 5
  .. ..$ R2         : num 0.167
  .. ..$ S0         : num 36.4
  .. ..$ u          : num [1:3646] -6.48 -8.5 -9.86 -8.89 -10.16 ...
  .. ..$ varU       : num 112
  .. ..$ uStar      : num [1:576] 311 -94.5 255 -77 -32.3 ...
  .. ..$ NamefileOut: chr "X2/ETA_3_varU.dat"
  .. ..$ SD.u       : num [1:3646] 2.21 2.04 2.31 1.91 2.11 ...
  .. ..$ SD.varU    : num 31.9
 - attr(*, "class")= chr "BGLR"
NULL
List of 21
 $ y            : num [1:3646] -0.573 11.702 0.323 2.302 4.538 ...
 $ a            : NULL
 $ b            : NULL
 $ whichNa      : int [1:1011] 2636 2637 2638 2639 2640 2641 2642 2643 2644 2645 ...
 $ saveAt       : chr "X4/"
 $ nIter        : num 12000
 $ burnIn       : num 2000
 $ thin         : num 5
 $ weights      : num [1:3646] 1 1 1 1 1 1 1 1 1 1 ...
 $ verbose      : logi FALSE
 $ response_type: chr "gaussian"
 $ df0          : num 5
 $ S0           : num 418
 $ yHat         : num [1:3646] 5.35 9.73 6.38 8.83 7.53 ...
 $ SD.yHat      : num [1:3646] 3.91 4.87 4.49 5 5.09 ...
 $ mu           : num 12
 $ SD.mu        : num 1.22
 $ varE         : num 82.8
 $ SD.varE      : num 5.67
 $ fit          :List of 4
  ..$ logLikAtPostMean: num -9185
  ..$ postMeanLogLik  : num -9554
  ..$ pD              : num 737
  ..$ DIC             : num 19845
 $ ETA          :List of 3
  ..$ :List of 15
  .. ..$ V          : num [1:3646, 1:6] 0 0 0 0 0 0 0 0 0 0 ...
  .. .. ..- attr(*, "dimnames")=List of 2
  .. .. .. ..$ : chr [1:3646] "2020-21_11.107-5" "2020-21_12.90-53" "2020-21_12.93-4" "2020-21_14.37-103" ...
  .. .. .. ..$ : NULL
  .. ..$ d          : num [1:6] 1011 918 450 447 435 ...
  .. ..$ model      : chr "RKHS"
  .. ..$ Name       : chr "ETA_1"
  .. ..$ tolD       : num 1e-10
  .. ..$ levelsU    : int 6
  .. ..$ df0        : num 5
  .. ..$ R2         : num 0.167
  .. ..$ S0         : num 0.317
  .. ..$ u          : num [1:3646] -0.0147 -0.0147 -0.0147 -0.0147 -0.0147 ...
  .. ..$ varU       : num 0.104
  .. ..$ uStar      : num [1:6] 0.262 -1.925 -1.009 0.546 0.306 ...
  .. ..$ NamefileOut: chr "X4/ETA_1_varU.dat"
  .. ..$ SD.u       : num [1:3646] 0.312 0.312 0.312 0.312 0.312 ...
  .. ..$ SD.varU    : num 0.112
  ..$ :List of 15
  .. ..$ V          : num [1:3646, 1:2737] 0.408 0 0 0 0 ...
  .. .. ..- attr(*, "dimnames")=List of 2
  .. .. .. ..$ : chr [1:3646] "2020-21_11.107-5" "2020-21_12.90-53" "2020-21_12.93-4" "2020-21_14.37-103" ...
  .. .. .. ..$ : chr [1:2737] "11.107-5" "12.90-53" "12.93-4" "13.27-142" ...
  .. ..$ d          : Named num [1:2737] 6 1 3 1 1 1 1 1 2 1 ...
  .. .. ..- attr(*, "names")= chr [1:2737] "11.107-5" "12.90-53" "12.93-4" "13.27-142" ...
  .. ..$ model      : chr "RKHS"
  .. ..$ Name       : chr "ETA_2"
  .. ..$ tolD       : num 1e-10
  .. ..$ levelsU    : int 2737
  .. ..$ df0        : num 5
  .. ..$ R2         : num 0.167
  .. ..$ S0         : num 145
  .. ..$ u          : num [1:3646] -2.443 0.707 2.389 -2.875 -1.534 ...
  .. ..$ varU       : num 33.2
  .. ..$ uStar      : num [1:2737] -5.984 0.707 4.137 1.289 -2.875 ...
  .. ..$ NamefileOut: chr "X4/ETA_2_varU.dat"
  .. ..$ SD.u       : num [1:3646] 3.35 4.72 4.03 4.91 4.86 ...
  .. ..$ SD.varU    : num 5.92
  ..$ :List of 15
  .. ..$ V          : num [1:3646, 1:576] -0.00189 -0.00645 -0.00703 -0.00832 -0.00916 ...
  .. .. ..- attr(*, "dimnames")=List of 2
  .. .. .. ..$ : chr [1:3646] "2020-21_11.107-5" "2020-21_12.90-53" "2020-21_12.93-4" "2020-21_14.37-103" ...
  .. .. .. ..$ : NULL
  .. ..$ d          : num [1:576] 985 777 402 285 213 ...
  .. ..$ model      : chr "RKHS"
  .. ..$ Name       : chr "ETA_3"
  .. ..$ tolD       : num 1e-10
  .. ..$ levelsU    : int 576
  .. ..$ df0        : num 5
  .. ..$ R2         : num 0.167
  .. ..$ S0         : num 30.5
  .. ..$ u          : num [1:3646] -4.185 -2.948 -7.98 -0.271 -2.913 ...
  .. ..$ varU       : num 255
  .. ..$ uStar      : num [1:576] 240.79 3.91 47.57 138.76 -62.51 ...
  .. ..$ NamefileOut: chr "X4/ETA_3_varU.dat"
  .. ..$ SD.u       : num [1:3646] 2.58 2.25 2.75 2.16 2.35 ...
  .. ..$ SD.varU    : num 63
 - attr(*, "class")= chr "BGLR"
NULL
List of 21
 $ y            : num [1:3646] -0.573 11.702 0.323 2.302 4.538 ...
 $ a            : NULL
 $ b            : NULL
 $ whichNa      : int [1:1011] 2636 2637 2638 2639 2640 2641 2642 2643 2644 2645 ...
 $ saveAt       : chr "X4/"
 $ nIter        : num 12000
 $ burnIn       : num 2000
 $ thin         : num 5
 $ weights      : num [1:3646] 1 1 1 1 1 1 1 1 1 1 ...
 $ verbose      : logi FALSE
 $ response_type: chr "gaussian"
 $ df0          : num 5
 $ S0           : num 418
 $ yHat         : num [1:3646] 5.35 9.73 6.38 8.83 7.53 ...
 $ SD.yHat      : num [1:3646] 3.91 4.87 4.49 5 5.09 ...
 $ mu           : num 12
 $ SD.mu        : num 1.22
 $ varE         : num 82.8
 $ SD.varE      : num 5.67
 $ fit          :List of 4
  ..$ logLikAtPostMean: num -9185
  ..$ postMeanLogLik  : num -9554
  ..$ pD              : num 737
  ..$ DIC             : num 19845
 $ ETA          :List of 3
  ..$ :List of 15
  .. ..$ V          : num [1:3646, 1:6] 0 0 0 0 0 0 0 0 0 0 ...
  .. .. ..- attr(*, "dimnames")=List of 2
  .. .. .. ..$ : chr [1:3646] "2020-21_11.107-5" "2020-21_12.90-53" "2020-21_12.93-4" "2020-21_14.37-103" ...
  .. .. .. ..$ : NULL
  .. ..$ d          : num [1:6] 1011 918 450 447 435 ...
  .. ..$ model      : chr "RKHS"
  .. ..$ Name       : chr "ETA_1"
  .. ..$ tolD       : num 1e-10
  .. ..$ levelsU    : int 6
  .. ..$ df0        : num 5
  .. ..$ R2         : num 0.167
  .. ..$ S0         : num 0.317
  .. ..$ u          : num [1:3646] -0.0147 -0.0147 -0.0147 -0.0147 -0.0147 ...
  .. ..$ varU       : num 0.104
  .. ..$ uStar      : num [1:6] 0.262 -1.925 -1.009 0.546 0.306 ...
  .. ..$ NamefileOut: chr "X4/ETA_1_varU.dat"
  .. ..$ SD.u       : num [1:3646] 0.312 0.312 0.312 0.312 0.312 ...
  .. ..$ SD.varU    : num 0.112
  ..$ :List of 15
  .. ..$ V          : num [1:3646, 1:2737] 0.408 0 0 0 0 ...
  .. .. ..- attr(*, "dimnames")=List of 2
  .. .. .. ..$ : chr [1:3646] "2020-21_11.107-5" "2020-21_12.90-53" "2020-21_12.93-4" "2020-21_14.37-103" ...
  .. .. .. ..$ : chr [1:2737] "11.107-5" "12.90-53" "12.93-4" "13.27-142" ...
  .. ..$ d          : Named num [1:2737] 6 1 3 1 1 1 1 1 2 1 ...
  .. .. ..- attr(*, "names")= chr [1:2737] "11.107-5" "12.90-53" "12.93-4" "13.27-142" ...
  .. ..$ model      : chr "RKHS"
  .. ..$ Name       : chr "ETA_2"
  .. ..$ tolD       : num 1e-10
  .. ..$ levelsU    : int 2737
  .. ..$ df0        : num 5
  .. ..$ R2         : num 0.167
  .. ..$ S0         : num 145
  .. ..$ u          : num [1:3646] -2.443 0.707 2.389 -2.875 -1.534 ...
  .. ..$ varU       : num 33.2
  .. ..$ uStar      : num [1:2737] -5.984 0.707 4.137 1.289 -2.875 ...
  .. ..$ NamefileOut: chr "X4/ETA_2_varU.dat"
  .. ..$ SD.u       : num [1:3646] 3.35 4.72 4.03 4.91 4.86 ...
  .. ..$ SD.varU    : num 5.92
  ..$ :List of 15
  .. ..$ V          : num [1:3646, 1:576] -0.00189 -0.00645 -0.00703 -0.00832 -0.00916 ...
  .. .. ..- attr(*, "dimnames")=List of 2
  .. .. .. ..$ : chr [1:3646] "2020-21_11.107-5" "2020-21_12.90-53" "2020-21_12.93-4" "2020-21_14.37-103" ...
  .. .. .. ..$ : NULL
  .. ..$ d          : num [1:576] 985 777 402 285 213 ...
  .. ..$ model      : chr "RKHS"
  .. ..$ Name       : chr "ETA_3"
  .. ..$ tolD       : num 1e-10
  .. ..$ levelsU    : int 576
  .. ..$ df0        : num 5
  .. ..$ R2         : num 0.167
  .. ..$ S0         : num 30.5
  .. ..$ u          : num [1:3646] -4.185 -2.948 -7.98 -0.271 -2.913 ...
  .. ..$ varU       : num 255
  .. ..$ uStar      : num [1:576] 240.79 3.91 47.57 138.76 -62.51 ...
  .. ..$ NamefileOut: chr "X4/ETA_3_varU.dat"
  .. ..$ SD.u       : num [1:3646] 2.58 2.25 2.75 2.16 2.35 ...
  .. ..$ SD.varU    : num 63
 - attr(*, "class")= chr "BGLR"
NULL
List of 21
 $ y            : num [1:3646] -0.573 11.702 0.323 2.302 4.538 ...
 $ a            : NULL
 $ b            : NULL
 $ whichNa      : int [1:1011] 2636 2637 2638 2639 2640 2641 2642 2643 2644 2645 ...
 $ saveAt       : chr "X4/"
 $ nIter        : num 12000
 $ burnIn       : num 2000
 $ thin         : num 5
 $ weights      : num [1:3646] 1 1 1 1 1 1 1 1 1 1 ...
 $ verbose      : logi FALSE
 $ response_type: chr "gaussian"
 $ df0          : num 5
 $ S0           : num 418
 $ yHat         : num [1:3646] 5.35 9.73 6.38 8.83 7.53 ...
 $ SD.yHat      : num [1:3646] 3.91 4.87 4.49 5 5.09 ...
 $ mu           : num 12
 $ SD.mu        : num 1.22
 $ varE         : num 82.8
 $ SD.varE      : num 5.67
 $ fit          :List of 4
  ..$ logLikAtPostMean: num -9185
  ..$ postMeanLogLik  : num -9554
  ..$ pD              : num 737
  ..$ DIC             : num 19845
 $ ETA          :List of 3
  ..$ :List of 15
  .. ..$ V          : num [1:3646, 1:6] 0 0 0 0 0 0 0 0 0 0 ...
  .. .. ..- attr(*, "dimnames")=List of 2
  .. .. .. ..$ : chr [1:3646] "2020-21_11.107-5" "2020-21_12.90-53" "2020-21_12.93-4" "2020-21_14.37-103" ...
  .. .. .. ..$ : NULL
  .. ..$ d          : num [1:6] 1011 918 450 447 435 ...
  .. ..$ model      : chr "RKHS"
  .. ..$ Name       : chr "ETA_1"
  .. ..$ tolD       : num 1e-10
  .. ..$ levelsU    : int 6
  .. ..$ df0        : num 5
  .. ..$ R2         : num 0.167
  .. ..$ S0         : num 0.317
  .. ..$ u          : num [1:3646] -0.0147 -0.0147 -0.0147 -0.0147 -0.0147 ...
  .. ..$ varU       : num 0.104
  .. ..$ uStar      : num [1:6] 0.262 -1.925 -1.009 0.546 0.306 ...
  .. ..$ NamefileOut: chr "X4/ETA_1_varU.dat"
  .. ..$ SD.u       : num [1:3646] 0.312 0.312 0.312 0.312 0.312 ...
  .. ..$ SD.varU    : num 0.112
  ..$ :List of 15
  .. ..$ V          : num [1:3646, 1:2737] 0.408 0 0 0 0 ...
  .. .. ..- attr(*, "dimnames")=List of 2
  .. .. .. ..$ : chr [1:3646] "2020-21_11.107-5" "2020-21_12.90-53" "2020-21_12.93-4" "2020-21_14.37-103" ...
  .. .. .. ..$ : chr [1:2737] "11.107-5" "12.90-53" "12.93-4" "13.27-142" ...
  .. ..$ d          : Named num [1:2737] 6 1 3 1 1 1 1 1 2 1 ...
  .. .. ..- attr(*, "names")= chr [1:2737] "11.107-5" "12.90-53" "12.93-4" "13.27-142" ...
  .. ..$ model      : chr "RKHS"
  .. ..$ Name       : chr "ETA_2"
  .. ..$ tolD       : num 1e-10
  .. ..$ levelsU    : int 2737
  .. ..$ df0        : num 5
  .. ..$ R2         : num 0.167
  .. ..$ S0         : num 145
  .. ..$ u          : num [1:3646] -2.443 0.707 2.389 -2.875 -1.534 ...
  .. ..$ varU       : num 33.2
  .. ..$ uStar      : num [1:2737] -5.984 0.707 4.137 1.289 -2.875 ...
  .. ..$ NamefileOut: chr "X4/ETA_2_varU.dat"
  .. ..$ SD.u       : num [1:3646] 3.35 4.72 4.03 4.91 4.86 ...
  .. ..$ SD.varU    : num 5.92
  ..$ :List of 15
  .. ..$ V          : num [1:3646, 1:576] -0.00189 -0.00645 -0.00703 -0.00832 -0.00916 ...
  .. .. ..- attr(*, "dimnames")=List of 2
  .. .. .. ..$ : chr [1:3646] "2020-21_11.107-5" "2020-21_12.90-53" "2020-21_12.93-4" "2020-21_14.37-103" ...
  .. .. .. ..$ : NULL
  .. ..$ d          : num [1:576] 985 777 402 285 213 ...
  .. ..$ model      : chr "RKHS"
  .. ..$ Name       : chr "ETA_3"
  .. ..$ tolD       : num 1e-10
  .. ..$ levelsU    : int 576
  .. ..$ df0        : num 5
  .. ..$ R2         : num 0.167
  .. ..$ S0         : num 30.5
  .. ..$ u          : num [1:3646] -4.185 -2.948 -7.98 -0.271 -2.913 ...
  .. ..$ varU       : num 255
  .. ..$ uStar      : num [1:576] 240.79 3.91 47.57 138.76 -62.51 ...
  .. ..$ NamefileOut: chr "X4/ETA_3_varU.dat"
  .. ..$ SD.u       : num [1:3646] 2.58 2.25 2.75 2.16 2.35 ...
  .. ..$ SD.varU    : num 63
 - attr(*, "class")= chr "BGLR"
NULL
List of 21
 $ y            : num [1:3646] -0.573 11.702 0.323 2.302 4.538 ...
 $ a            : NULL
 $ b            : NULL
 $ whichNa      : int [1:1011] 2636 2637 2638 2639 2640 2641 2642 2643 2644 2645 ...
 $ saveAt       : chr "X4/"
 $ nIter        : num 12000
 $ burnIn       : num 2000
 $ thin         : num 5
 $ weights      : num [1:3646] 1 1 1 1 1 1 1 1 1 1 ...
 $ verbose      : logi FALSE
 $ response_type: chr "gaussian"
 $ df0          : num 5
 $ S0           : num 418
 $ yHat         : num [1:3646] 5.35 9.73 6.38 8.83 7.53 ...
 $ SD.yHat      : num [1:3646] 3.91 4.87 4.49 5 5.09 ...
 $ mu           : num 12
 $ SD.mu        : num 1.22
 $ varE         : num 82.8
 $ SD.varE      : num 5.67
 $ fit          :List of 4
  ..$ logLikAtPostMean: num -9185
  ..$ postMeanLogLik  : num -9554
  ..$ pD              : num 737
  ..$ DIC             : num 19845
 $ ETA          :List of 3
  ..$ :List of 15
  .. ..$ V          : num [1:3646, 1:6] 0 0 0 0 0 0 0 0 0 0 ...
  .. .. ..- attr(*, "dimnames")=List of 2
  .. .. .. ..$ : chr [1:3646] "2020-21_11.107-5" "2020-21_12.90-53" "2020-21_12.93-4" "2020-21_14.37-103" ...
  .. .. .. ..$ : NULL
  .. ..$ d          : num [1:6] 1011 918 450 447 435 ...
  .. ..$ model      : chr "RKHS"
  .. ..$ Name       : chr "ETA_1"
  .. ..$ tolD       : num 1e-10
  .. ..$ levelsU    : int 6
  .. ..$ df0        : num 5
  .. ..$ R2         : num 0.167
  .. ..$ S0         : num 0.317
  .. ..$ u          : num [1:3646] -0.0147 -0.0147 -0.0147 -0.0147 -0.0147 ...
  .. ..$ varU       : num 0.104
  .. ..$ uStar      : num [1:6] 0.262 -1.925 -1.009 0.546 0.306 ...
  .. ..$ NamefileOut: chr "X4/ETA_1_varU.dat"
  .. ..$ SD.u       : num [1:3646] 0.312 0.312 0.312 0.312 0.312 ...
  .. ..$ SD.varU    : num 0.112
  ..$ :List of 15
  .. ..$ V          : num [1:3646, 1:2737] 0.408 0 0 0 0 ...
  .. .. ..- attr(*, "dimnames")=List of 2
  .. .. .. ..$ : chr [1:3646] "2020-21_11.107-5" "2020-21_12.90-53" "2020-21_12.93-4" "2020-21_14.37-103" ...
  .. .. .. ..$ : chr [1:2737] "11.107-5" "12.90-53" "12.93-4" "13.27-142" ...
  .. ..$ d          : Named num [1:2737] 6 1 3 1 1 1 1 1 2 1 ...
  .. .. ..- attr(*, "names")= chr [1:2737] "11.107-5" "12.90-53" "12.93-4" "13.27-142" ...
  .. ..$ model      : chr "RKHS"
  .. ..$ Name       : chr "ETA_2"
  .. ..$ tolD       : num 1e-10
  .. ..$ levelsU    : int 2737
  .. ..$ df0        : num 5
  .. ..$ R2         : num 0.167
  .. ..$ S0         : num 145
  .. ..$ u          : num [1:3646] -2.443 0.707 2.389 -2.875 -1.534 ...
  .. ..$ varU       : num 33.2
  .. ..$ uStar      : num [1:2737] -5.984 0.707 4.137 1.289 -2.875 ...
  .. ..$ NamefileOut: chr "X4/ETA_2_varU.dat"
  .. ..$ SD.u       : num [1:3646] 3.35 4.72 4.03 4.91 4.86 ...
  .. ..$ SD.varU    : num 5.92
  ..$ :List of 15
  .. ..$ V          : num [1:3646, 1:576] -0.00189 -0.00645 -0.00703 -0.00832 -0.00916 ...
  .. .. ..- attr(*, "dimnames")=List of 2
  .. .. .. ..$ : chr [1:3646] "2020-21_11.107-5" "2020-21_12.90-53" "2020-21_12.93-4" "2020-21_14.37-103" ...
  .. .. .. ..$ : NULL
  .. ..$ d          : num [1:576] 985 777 402 285 213 ...
  .. ..$ model      : chr "RKHS"
  .. ..$ Name       : chr "ETA_3"
  .. ..$ tolD       : num 1e-10
  .. ..$ levelsU    : int 576
  .. ..$ df0        : num 5
  .. ..$ R2         : num 0.167
  .. ..$ S0         : num 30.5
  .. ..$ u          : num [1:3646] -4.185 -2.948 -7.98 -0.271 -2.913 ...
  .. ..$ varU       : num 255
  .. ..$ uStar      : num [1:576] 240.79 3.91 47.57 138.76 -62.51 ...
  .. ..$ NamefileOut: chr "X4/ETA_3_varU.dat"
  .. ..$ SD.u       : num [1:3646] 2.58 2.25 2.75 2.16 2.35 ...
  .. ..$ SD.varU    : num 63
 - attr(*, "class")= chr "BGLR"
NULL
List of 21
 $ y            : num [1:3646] -0.573 11.702 0.323 2.302 4.538 ...
 $ a            : NULL
 $ b            : NULL
 $ whichNa      : int [1:1011] 2636 2637 2638 2639 2640 2641 2642 2643 2644 2645 ...
 $ saveAt       : chr "X4/"
 $ nIter        : num 12000
 $ burnIn       : num 2000
 $ thin         : num 5
 $ weights      : num [1:3646] 1 1 1 1 1 1 1 1 1 1 ...
 $ verbose      : logi FALSE
 $ response_type: chr "gaussian"
 $ df0          : num 5
 $ S0           : num 418
 $ yHat         : num [1:3646] 5.35 9.73 6.38 8.83 7.53 ...
 $ SD.yHat      : num [1:3646] 3.91 4.87 4.49 5 5.09 ...
 $ mu           : num 12
 $ SD.mu        : num 1.22
 $ varE         : num 82.8
 $ SD.varE      : num 5.67
 $ fit          :List of 4
  ..$ logLikAtPostMean: num -9185
  ..$ postMeanLogLik  : num -9554
  ..$ pD              : num 737
  ..$ DIC             : num 19845
 $ ETA          :List of 3
  ..$ :List of 15
  .. ..$ V          : num [1:3646, 1:6] 0 0 0 0 0 0 0 0 0 0 ...
  .. .. ..- attr(*, "dimnames")=List of 2
  .. .. .. ..$ : chr [1:3646] "2020-21_11.107-5" "2020-21_12.90-53" "2020-21_12.93-4" "2020-21_14.37-103" ...
  .. .. .. ..$ : NULL
  .. ..$ d          : num [1:6] 1011 918 450 447 435 ...
  .. ..$ model      : chr "RKHS"
  .. ..$ Name       : chr "ETA_1"
  .. ..$ tolD       : num 1e-10
  .. ..$ levelsU    : int 6
  .. ..$ df0        : num 5
  .. ..$ R2         : num 0.167
  .. ..$ S0         : num 0.317
  .. ..$ u          : num [1:3646] -0.0147 -0.0147 -0.0147 -0.0147 -0.0147 ...
  .. ..$ varU       : num 0.104
  .. ..$ uStar      : num [1:6] 0.262 -1.925 -1.009 0.546 0.306 ...
  .. ..$ NamefileOut: chr "X4/ETA_1_varU.dat"
  .. ..$ SD.u       : num [1:3646] 0.312 0.312 0.312 0.312 0.312 ...
  .. ..$ SD.varU    : num 0.112
  ..$ :List of 15
  .. ..$ V          : num [1:3646, 1:2737] 0.408 0 0 0 0 ...
  .. .. ..- attr(*, "dimnames")=List of 2
  .. .. .. ..$ : chr [1:3646] "2020-21_11.107-5" "2020-21_12.90-53" "2020-21_12.93-4" "2020-21_14.37-103" ...
  .. .. .. ..$ : chr [1:2737] "11.107-5" "12.90-53" "12.93-4" "13.27-142" ...
  .. ..$ d          : Named num [1:2737] 6 1 3 1 1 1 1 1 2 1 ...
  .. .. ..- attr(*, "names")= chr [1:2737] "11.107-5" "12.90-53" "12.93-4" "13.27-142" ...
  .. ..$ model      : chr "RKHS"
  .. ..$ Name       : chr "ETA_2"
  .. ..$ tolD       : num 1e-10
  .. ..$ levelsU    : int 2737
  .. ..$ df0        : num 5
  .. ..$ R2         : num 0.167
  .. ..$ S0         : num 145
  .. ..$ u          : num [1:3646] -2.443 0.707 2.389 -2.875 -1.534 ...
  .. ..$ varU       : num 33.2
  .. ..$ uStar      : num [1:2737] -5.984 0.707 4.137 1.289 -2.875 ...
  .. ..$ NamefileOut: chr "X4/ETA_2_varU.dat"
  .. ..$ SD.u       : num [1:3646] 3.35 4.72 4.03 4.91 4.86 ...
  .. ..$ SD.varU    : num 5.92
  ..$ :List of 15
  .. ..$ V          : num [1:3646, 1:576] -0.00189 -0.00645 -0.00703 -0.00832 -0.00916 ...
  .. .. ..- attr(*, "dimnames")=List of 2
  .. .. .. ..$ : chr [1:3646] "2020-21_11.107-5" "2020-21_12.90-53" "2020-21_12.93-4" "2020-21_14.37-103" ...
  .. .. .. ..$ : NULL
  .. ..$ d          : num [1:576] 985 777 402 285 213 ...
  .. ..$ model      : chr "RKHS"
  .. ..$ Name       : chr "ETA_3"
  .. ..$ tolD       : num 1e-10
  .. ..$ levelsU    : int 576
  .. ..$ df0        : num 5
  .. ..$ R2         : num 0.167
  .. ..$ S0         : num 30.5
  .. ..$ u          : num [1:3646] -4.185 -2.948 -7.98 -0.271 -2.913 ...
  .. ..$ varU       : num 255
  .. ..$ uStar      : num [1:576] 240.79 3.91 47.57 138.76 -62.51 ...
  .. ..$ NamefileOut: chr "X4/ETA_3_varU.dat"
  .. ..$ SD.u       : num [1:3646] 2.58 2.25 2.75 2.16 2.35 ...
  .. ..$ SD.varU    : num 63
 - attr(*, "class")= chr "BGLR"
NULL
List of 21
 $ y            : num [1:3646] 0.3854 -0.2234 0.0613 -0.1008 8.3403 ...
 $ a            : NULL
 $ b            : NULL
 $ whichNa      : int [1:1011] 2636 2637 2638 2639 2640 2641 2642 2643 2644 2645 ...
 $ saveAt       : chr "X3/"
 $ nIter        : num 12000
 $ burnIn       : num 2000
 $ thin         : num 5
 $ weights      : num [1:3646] 1 1 1 1 1 1 1 1 1 1 ...
 $ verbose      : logi FALSE
 $ response_type: chr "gaussian"
 $ df0          : num 5
 $ S0           : num 427
 $ yHat         : num [1:3646] 11.63 4.22 5.64 3.66 5.93 ...
 $ SD.yHat      : num [1:3646] 4.19 4.94 4.4 5 5.11 ...
 $ mu           : num 12.1
 $ SD.mu        : num 1.23
 $ varE         : num 87
 $ SD.varE      : num 5.59
 $ fit          :List of 4
  ..$ logLikAtPostMean: num -9262
  ..$ postMeanLogLik  : num -9621
  ..$ pD              : num 718
  ..$ DIC             : num 19960
 $ ETA          :List of 3
  ..$ :List of 15
  .. ..$ V          : num [1:3646, 1:6] 0 0 0 0 0 0 0 0 0 0 ...
  .. .. ..- attr(*, "dimnames")=List of 2
  .. .. .. ..$ : chr [1:3646] "2020-21_11.107-5" "2020-21_12.90-53" "2020-21_12.93-4" "2020-21_14.37-103" ...
  .. .. .. ..$ : NULL
  .. ..$ d          : num [1:6] 1011 918 450 447 435 ...
  .. ..$ model      : chr "RKHS"
  .. ..$ Name       : chr "ETA_1"
  .. ..$ tolD       : num 1e-10
  .. ..$ levelsU    : int 6
  .. ..$ df0        : num 5
  .. ..$ R2         : num 0.167
  .. ..$ S0         : num 0.324
  .. ..$ u          : num [1:3646] -0.0583 -0.0583 -0.0583 -0.0583 -0.0583 ...
  .. ..$ varU       : num 0.109
  .. ..$ uStar      : num [1:6] -0.0596 -1.7863 -0.016 -0.2701 1.2164 ...
  .. ..$ NamefileOut: chr "X3/ETA_1_varU.dat"
  .. ..$ SD.u       : num [1:3646] 0.339 0.339 0.339 0.339 0.339 ...
  .. ..$ SD.varU    : num 0.119
  ..$ :List of 15
  .. ..$ V          : num [1:3646, 1:2737] 0.408 0 0 0 0 ...
  .. .. ..- attr(*, "dimnames")=List of 2
  .. .. .. ..$ : chr [1:3646] "2020-21_11.107-5" "2020-21_12.90-53" "2020-21_12.93-4" "2020-21_14.37-103" ...
  .. .. .. ..$ : chr [1:2737] "11.107-5" "12.90-53" "12.93-4" "13.27-142" ...
  .. ..$ d          : Named num [1:2737] 6 1 3 1 1 1 1 1 2 1 ...
  .. .. ..- attr(*, "names")= chr [1:2737] "11.107-5" "12.90-53" "12.93-4" "13.27-142" ...
  .. ..$ model      : chr "RKHS"
  .. ..$ Name       : chr "ETA_2"
  .. ..$ tolD       : num 1e-10
  .. ..$ levelsU    : int 2737
  .. ..$ df0        : num 5
  .. ..$ R2         : num 0.167
  .. ..$ S0         : num 148
  .. ..$ u          : num [1:3646] -1.32 -1.33 2.27 -1.27 1.06 ...
  .. ..$ varU       : num 32.6
  .. ..$ uStar      : num [1:2737] -3.24 -1.33 3.93 4.42 -1.27 ...
  .. ..$ NamefileOut: chr "X3/ETA_2_varU.dat"
  .. ..$ SD.u       : num [1:3646] 3.44 4.74 3.93 4.83 4.92 ...
  .. ..$ SD.varU    : num 6.14
  ..$ :List of 15
  .. ..$ V          : num [1:3646, 1:576] -0.00189 -0.00645 -0.00703 -0.00832 -0.00916 ...
  .. .. ..- attr(*, "dimnames")=List of 2
  .. .. .. ..$ : chr [1:3646] "2020-21_11.107-5" "2020-21_12.90-53" "2020-21_12.93-4" "2020-21_14.37-103" ...
  .. .. .. ..$ : NULL
  .. ..$ d          : num [1:576] 985 777 402 285 213 ...
  .. ..$ model      : chr "RKHS"
  .. ..$ Name       : chr "ETA_3"
  .. ..$ tolD       : num 1e-10
  .. ..$ levelsU    : int 576
  .. ..$ df0        : num 5
  .. ..$ R2         : num 0.167
  .. ..$ S0         : num 31.2
  .. ..$ u          : num [1:3646] 0.89 -6.52 -8.7 -7.14 -7.2 ...
  .. ..$ varU       : num 332
  .. ..$ uStar      : num [1:576] 214.4 35.1 20.2 -10.5 168.2 ...
  .. ..$ NamefileOut: chr "X3/ETA_3_varU.dat"
  .. ..$ SD.u       : num [1:3646] 2.77 2.37 2.8 2.24 2.54 ...
  .. ..$ SD.varU    : num 68.1
 - attr(*, "class")= chr "BGLR"
NULL
List of 21
 $ y            : num [1:3646] 0.3854 -0.2234 0.0613 -0.1008 8.3403 ...
 $ a            : NULL
 $ b            : NULL
 $ whichNa      : int [1:1011] 2636 2637 2638 2639 2640 2641 2642 2643 2644 2645 ...
 $ saveAt       : chr "X3/"
 $ nIter        : num 12000
 $ burnIn       : num 2000
 $ thin         : num 5
 $ weights      : num [1:3646] 1 1 1 1 1 1 1 1 1 1 ...
 $ verbose      : logi FALSE
 $ response_type: chr "gaussian"
 $ df0          : num 5
 $ S0           : num 427
 $ yHat         : num [1:3646] 11.63 4.22 5.64 3.66 5.93 ...
 $ SD.yHat      : num [1:3646] 4.19 4.94 4.4 5 5.11 ...
 $ mu           : num 12.1
 $ SD.mu        : num 1.23
 $ varE         : num 87
 $ SD.varE      : num 5.59
 $ fit          :List of 4
  ..$ logLikAtPostMean: num -9262
  ..$ postMeanLogLik  : num -9621
  ..$ pD              : num 718
  ..$ DIC             : num 19960
 $ ETA          :List of 3
  ..$ :List of 15
  .. ..$ V          : num [1:3646, 1:6] 0 0 0 0 0 0 0 0 0 0 ...
  .. .. ..- attr(*, "dimnames")=List of 2
  .. .. .. ..$ : chr [1:3646] "2020-21_11.107-5" "2020-21_12.90-53" "2020-21_12.93-4" "2020-21_14.37-103" ...
  .. .. .. ..$ : NULL
  .. ..$ d          : num [1:6] 1011 918 450 447 435 ...
  .. ..$ model      : chr "RKHS"
  .. ..$ Name       : chr "ETA_1"
  .. ..$ tolD       : num 1e-10
  .. ..$ levelsU    : int 6
  .. ..$ df0        : num 5
  .. ..$ R2         : num 0.167
  .. ..$ S0         : num 0.324
  .. ..$ u          : num [1:3646] -0.0583 -0.0583 -0.0583 -0.0583 -0.0583 ...
  .. ..$ varU       : num 0.109
  .. ..$ uStar      : num [1:6] -0.0596 -1.7863 -0.016 -0.2701 1.2164 ...
  .. ..$ NamefileOut: chr "X3/ETA_1_varU.dat"
  .. ..$ SD.u       : num [1:3646] 0.339 0.339 0.339 0.339 0.339 ...
  .. ..$ SD.varU    : num 0.119
  ..$ :List of 15
  .. ..$ V          : num [1:3646, 1:2737] 0.408 0 0 0 0 ...
  .. .. ..- attr(*, "dimnames")=List of 2
  .. .. .. ..$ : chr [1:3646] "2020-21_11.107-5" "2020-21_12.90-53" "2020-21_12.93-4" "2020-21_14.37-103" ...
  .. .. .. ..$ : chr [1:2737] "11.107-5" "12.90-53" "12.93-4" "13.27-142" ...
  .. ..$ d          : Named num [1:2737] 6 1 3 1 1 1 1 1 2 1 ...
  .. .. ..- attr(*, "names")= chr [1:2737] "11.107-5" "12.90-53" "12.93-4" "13.27-142" ...
  .. ..$ model      : chr "RKHS"
  .. ..$ Name       : chr "ETA_2"
  .. ..$ tolD       : num 1e-10
  .. ..$ levelsU    : int 2737
  .. ..$ df0        : num 5
  .. ..$ R2         : num 0.167
  .. ..$ S0         : num 148
  .. ..$ u          : num [1:3646] -1.32 -1.33 2.27 -1.27 1.06 ...
  .. ..$ varU       : num 32.6
  .. ..$ uStar      : num [1:2737] -3.24 -1.33 3.93 4.42 -1.27 ...
  .. ..$ NamefileOut: chr "X3/ETA_2_varU.dat"
  .. ..$ SD.u       : num [1:3646] 3.44 4.74 3.93 4.83 4.92 ...
  .. ..$ SD.varU    : num 6.14
  ..$ :List of 15
  .. ..$ V          : num [1:3646, 1:576] -0.00189 -0.00645 -0.00703 -0.00832 -0.00916 ...
  .. .. ..- attr(*, "dimnames")=List of 2
  .. .. .. ..$ : chr [1:3646] "2020-21_11.107-5" "2020-21_12.90-53" "2020-21_12.93-4" "2020-21_14.37-103" ...
  .. .. .. ..$ : NULL
  .. ..$ d          : num [1:576] 985 777 402 285 213 ...
  .. ..$ model      : chr "RKHS"
  .. ..$ Name       : chr "ETA_3"
  .. ..$ tolD       : num 1e-10
  .. ..$ levelsU    : int 576
  .. ..$ df0        : num 5
  .. ..$ R2         : num 0.167
  .. ..$ S0         : num 31.2
  .. ..$ u          : num [1:3646] 0.89 -6.52 -8.7 -7.14 -7.2 ...
  .. ..$ varU       : num 332
  .. ..$ uStar      : num [1:576] 214.4 35.1 20.2 -10.5 168.2 ...
  .. ..$ NamefileOut: chr "X3/ETA_3_varU.dat"
  .. ..$ SD.u       : num [1:3646] 2.77 2.37 2.8 2.24 2.54 ...
  .. ..$ SD.varU    : num 68.1
 - attr(*, "class")= chr "BGLR"
NULL
List of 21
 $ y            : num [1:3646] 0.3854 -0.2234 0.0613 -0.1008 8.3403 ...
 $ a            : NULL
 $ b            : NULL
 $ whichNa      : int [1:1011] 2636 2637 2638 2639 2640 2641 2642 2643 2644 2645 ...
 $ saveAt       : chr "X3/"
 $ nIter        : num 12000
 $ burnIn       : num 2000
 $ thin         : num 5
 $ weights      : num [1:3646] 1 1 1 1 1 1 1 1 1 1 ...
 $ verbose      : logi FALSE
 $ response_type: chr "gaussian"
 $ df0          : num 5
 $ S0           : num 427
 $ yHat         : num [1:3646] 11.63 4.22 5.64 3.66 5.93 ...
 $ SD.yHat      : num [1:3646] 4.19 4.94 4.4 5 5.11 ...
 $ mu           : num 12.1
 $ SD.mu        : num 1.23
 $ varE         : num 87
 $ SD.varE      : num 5.59
 $ fit          :List of 4
  ..$ logLikAtPostMean: num -9262
  ..$ postMeanLogLik  : num -9621
  ..$ pD              : num 718
  ..$ DIC             : num 19960
 $ ETA          :List of 3
  ..$ :List of 15
  .. ..$ V          : num [1:3646, 1:6] 0 0 0 0 0 0 0 0 0 0 ...
  .. .. ..- attr(*, "dimnames")=List of 2
  .. .. .. ..$ : chr [1:3646] "2020-21_11.107-5" "2020-21_12.90-53" "2020-21_12.93-4" "2020-21_14.37-103" ...
  .. .. .. ..$ : NULL
  .. ..$ d          : num [1:6] 1011 918 450 447 435 ...
  .. ..$ model      : chr "RKHS"
  .. ..$ Name       : chr "ETA_1"
  .. ..$ tolD       : num 1e-10
  .. ..$ levelsU    : int 6
  .. ..$ df0        : num 5
  .. ..$ R2         : num 0.167
  .. ..$ S0         : num 0.324
  .. ..$ u          : num [1:3646] -0.0583 -0.0583 -0.0583 -0.0583 -0.0583 ...
  .. ..$ varU       : num 0.109
  .. ..$ uStar      : num [1:6] -0.0596 -1.7863 -0.016 -0.2701 1.2164 ...
  .. ..$ NamefileOut: chr "X3/ETA_1_varU.dat"
  .. ..$ SD.u       : num [1:3646] 0.339 0.339 0.339 0.339 0.339 ...
  .. ..$ SD.varU    : num 0.119
  ..$ :List of 15
  .. ..$ V          : num [1:3646, 1:2737] 0.408 0 0 0 0 ...
  .. .. ..- attr(*, "dimnames")=List of 2
  .. .. .. ..$ : chr [1:3646] "2020-21_11.107-5" "2020-21_12.90-53" "2020-21_12.93-4" "2020-21_14.37-103" ...
  .. .. .. ..$ : chr [1:2737] "11.107-5" "12.90-53" "12.93-4" "13.27-142" ...
  .. ..$ d          : Named num [1:2737] 6 1 3 1 1 1 1 1 2 1 ...
  .. .. ..- attr(*, "names")= chr [1:2737] "11.107-5" "12.90-53" "12.93-4" "13.27-142" ...
  .. ..$ model      : chr "RKHS"
  .. ..$ Name       : chr "ETA_2"
  .. ..$ tolD       : num 1e-10
  .. ..$ levelsU    : int 2737
  .. ..$ df0        : num 5
  .. ..$ R2         : num 0.167
  .. ..$ S0         : num 148
  .. ..$ u          : num [1:3646] -1.32 -1.33 2.27 -1.27 1.06 ...
  .. ..$ varU       : num 32.6
  .. ..$ uStar      : num [1:2737] -3.24 -1.33 3.93 4.42 -1.27 ...
  .. ..$ NamefileOut: chr "X3/ETA_2_varU.dat"
  .. ..$ SD.u       : num [1:3646] 3.44 4.74 3.93 4.83 4.92 ...
  .. ..$ SD.varU    : num 6.14
  ..$ :List of 15
  .. ..$ V          : num [1:3646, 1:576] -0.00189 -0.00645 -0.00703 -0.00832 -0.00916 ...
  .. .. ..- attr(*, "dimnames")=List of 2
  .. .. .. ..$ : chr [1:3646] "2020-21_11.107-5" "2020-21_12.90-53" "2020-21_12.93-4" "2020-21_14.37-103" ...
  .. .. .. ..$ : NULL
  .. ..$ d          : num [1:576] 985 777 402 285 213 ...
  .. ..$ model      : chr "RKHS"
  .. ..$ Name       : chr "ETA_3"
  .. ..$ tolD       : num 1e-10
  .. ..$ levelsU    : int 576
  .. ..$ df0        : num 5
  .. ..$ R2         : num 0.167
  .. ..$ S0         : num 31.2
  .. ..$ u          : num [1:3646] 0.89 -6.52 -8.7 -7.14 -7.2 ...
  .. ..$ varU       : num 332
  .. ..$ uStar      : num [1:576] 214.4 35.1 20.2 -10.5 168.2 ...
  .. ..$ NamefileOut: chr "X3/ETA_3_varU.dat"
  .. ..$ SD.u       : num [1:3646] 2.77 2.37 2.8 2.24 2.54 ...
  .. ..$ SD.varU    : num 68.1
 - attr(*, "class")= chr "BGLR"
NULL
List of 21
 $ y            : num [1:3646] 0.3854 -0.2234 0.0613 -0.1008 8.3403 ...
 $ a            : NULL
 $ b            : NULL
 $ whichNa      : int [1:1011] 2636 2637 2638 2639 2640 2641 2642 2643 2644 2645 ...
 $ saveAt       : chr "X3/"
 $ nIter        : num 12000
 $ burnIn       : num 2000
 $ thin         : num 5
 $ weights      : num [1:3646] 1 1 1 1 1 1 1 1 1 1 ...
 $ verbose      : logi FALSE
 $ response_type: chr "gaussian"
 $ df0          : num 5
 $ S0           : num 427
 $ yHat         : num [1:3646] 11.63 4.22 5.64 3.66 5.93 ...
 $ SD.yHat      : num [1:3646] 4.19 4.94 4.4 5 5.11 ...
 $ mu           : num 12.1
 $ SD.mu        : num 1.23
 $ varE         : num 87
 $ SD.varE      : num 5.59
 $ fit          :List of 4
  ..$ logLikAtPostMean: num -9262
  ..$ postMeanLogLik  : num -9621
  ..$ pD              : num 718
  ..$ DIC             : num 19960
 $ ETA          :List of 3
  ..$ :List of 15
  .. ..$ V          : num [1:3646, 1:6] 0 0 0 0 0 0 0 0 0 0 ...
  .. .. ..- attr(*, "dimnames")=List of 2
  .. .. .. ..$ : chr [1:3646] "2020-21_11.107-5" "2020-21_12.90-53" "2020-21_12.93-4" "2020-21_14.37-103" ...
  .. .. .. ..$ : NULL
  .. ..$ d          : num [1:6] 1011 918 450 447 435 ...
  .. ..$ model      : chr "RKHS"
  .. ..$ Name       : chr "ETA_1"
  .. ..$ tolD       : num 1e-10
  .. ..$ levelsU    : int 6
  .. ..$ df0        : num 5
  .. ..$ R2         : num 0.167
  .. ..$ S0         : num 0.324
  .. ..$ u          : num [1:3646] -0.0583 -0.0583 -0.0583 -0.0583 -0.0583 ...
  .. ..$ varU       : num 0.109
  .. ..$ uStar      : num [1:6] -0.0596 -1.7863 -0.016 -0.2701 1.2164 ...
  .. ..$ NamefileOut: chr "X3/ETA_1_varU.dat"
  .. ..$ SD.u       : num [1:3646] 0.339 0.339 0.339 0.339 0.339 ...
  .. ..$ SD.varU    : num 0.119
  ..$ :List of 15
  .. ..$ V          : num [1:3646, 1:2737] 0.408 0 0 0 0 ...
  .. .. ..- attr(*, "dimnames")=List of 2
  .. .. .. ..$ : chr [1:3646] "2020-21_11.107-5" "2020-21_12.90-53" "2020-21_12.93-4" "2020-21_14.37-103" ...
  .. .. .. ..$ : chr [1:2737] "11.107-5" "12.90-53" "12.93-4" "13.27-142" ...
  .. ..$ d          : Named num [1:2737] 6 1 3 1 1 1 1 1 2 1 ...
  .. .. ..- attr(*, "names")= chr [1:2737] "11.107-5" "12.90-53" "12.93-4" "13.27-142" ...
  .. ..$ model      : chr "RKHS"
  .. ..$ Name       : chr "ETA_2"
  .. ..$ tolD       : num 1e-10
  .. ..$ levelsU    : int 2737
  .. ..$ df0        : num 5
  .. ..$ R2         : num 0.167
  .. ..$ S0         : num 148
  .. ..$ u          : num [1:3646] -1.32 -1.33 2.27 -1.27 1.06 ...
  .. ..$ varU       : num 32.6
  .. ..$ uStar      : num [1:2737] -3.24 -1.33 3.93 4.42 -1.27 ...
  .. ..$ NamefileOut: chr "X3/ETA_2_varU.dat"
  .. ..$ SD.u       : num [1:3646] 3.44 4.74 3.93 4.83 4.92 ...
  .. ..$ SD.varU    : num 6.14
  ..$ :List of 15
  .. ..$ V          : num [1:3646, 1:576] -0.00189 -0.00645 -0.00703 -0.00832 -0.00916 ...
  .. .. ..- attr(*, "dimnames")=List of 2
  .. .. .. ..$ : chr [1:3646] "2020-21_11.107-5" "2020-21_12.90-53" "2020-21_12.93-4" "2020-21_14.37-103" ...
  .. .. .. ..$ : NULL
  .. ..$ d          : num [1:576] 985 777 402 285 213 ...
  .. ..$ model      : chr "RKHS"
  .. ..$ Name       : chr "ETA_3"
  .. ..$ tolD       : num 1e-10
  .. ..$ levelsU    : int 576
  .. ..$ df0        : num 5
  .. ..$ R2         : num 0.167
  .. ..$ S0         : num 31.2
  .. ..$ u          : num [1:3646] 0.89 -6.52 -8.7 -7.14 -7.2 ...
  .. ..$ varU       : num 332
  .. ..$ uStar      : num [1:576] 214.4 35.1 20.2 -10.5 168.2 ...
  .. ..$ NamefileOut: chr "X3/ETA_3_varU.dat"
  .. ..$ SD.u       : num [1:3646] 2.77 2.37 2.8 2.24 2.54 ...
  .. ..$ SD.varU    : num 68.1
 - attr(*, "class")= chr "BGLR"
NULL
List of 21
 $ y            : num [1:3646] 3.728 6.443 -0.136 23.068 12.176 ...
 $ a            : NULL
 $ b            : NULL
 $ whichNa      : int [1:1011] 2636 2637 2638 2639 2640 2641 2642 2643 2644 2645 ...
 $ saveAt       : chr "X5/"
 $ nIter        : num 12000
 $ burnIn       : num 2000
 $ thin         : num 5
 $ weights      : num [1:3646] 1 1 1 1 1 1 1 1 1 1 ...
 $ verbose      : logi FALSE
 $ response_type: chr "gaussian"
 $ df0          : num 5
 $ S0           : num 556
 $ yHat         : num [1:3646] 10.25 10.9 4.03 16.03 10.13 ...
 $ SD.yHat      : num [1:3646] 4.25 4.83 4.64 4.76 4.89 ...
 $ mu           : num 12.8
 $ SD.mu        : num 1.48
 $ varE         : num 145
 $ SD.varE      : num 7.02
 $ fit          :List of 4
  ..$ logLikAtPostMean: num -10086
  ..$ postMeanLogLik  : num -10294
  ..$ pD              : num 416
  ..$ DIC             : num 21004
 $ ETA          :List of 3
  ..$ :List of 15
  .. ..$ V          : num [1:3646, 1:6] 0 0 0 0 0 0 0 0 0 0 ...
  .. .. ..- attr(*, "dimnames")=List of 2
  .. .. .. ..$ : chr [1:3646] "2020-21_11.107-5" "2020-21_12.90-53" "2020-21_12.93-4" "2020-21_14.37-103" ...
  .. .. .. ..$ : NULL
  .. ..$ d          : num [1:6] 1011 918 450 447 435 ...
  .. ..$ model      : chr "RKHS"
  .. ..$ Name       : chr "ETA_1"
  .. ..$ tolD       : num 1e-10
  .. ..$ levelsU    : int 6
  .. ..$ df0        : num 5
  .. ..$ R2         : num 0.167
  .. ..$ S0         : num 0.422
  .. ..$ u          : num [1:3646] -0.0111 -0.0111 -0.0111 -0.0111 -0.0111 ...
  .. ..$ varU       : num 0.143
  .. ..$ uStar      : num [1:6] -0.857 0.223 -1.513 0.957 0.233 ...
  .. ..$ NamefileOut: chr "X5/ETA_1_varU.dat"
  .. ..$ SD.u       : num [1:3646] 0.379 0.379 0.379 0.379 0.379 ...
  .. ..$ SD.varU    : num 0.215
  ..$ :List of 15
  .. ..$ V          : num [1:3646, 1:2737] 0.408 0 0 0 0 ...
  .. .. ..- attr(*, "dimnames")=List of 2
  .. .. .. ..$ : chr [1:3646] "2020-21_11.107-5" "2020-21_12.90-53" "2020-21_12.93-4" "2020-21_14.37-103" ...
  .. .. .. ..$ : chr [1:2737] "11.107-5" "12.90-53" "12.93-4" "13.27-142" ...
  .. ..$ d          : Named num [1:2737] 6 1 3 1 1 1 1 1 2 1 ...
  .. .. ..- attr(*, "names")= chr [1:2737] "11.107-5" "12.90-53" "12.93-4" "13.27-142" ...
  .. ..$ model      : chr "RKHS"
  .. ..$ Name       : chr "ETA_2"
  .. ..$ tolD       : num 1e-10
  .. ..$ levelsU    : int 2737
  .. ..$ df0        : num 5
  .. ..$ R2         : num 0.167
  .. ..$ S0         : num 193
  .. ..$ u          : num [1:3646] 0.36 -0.84 -3.186 1.277 0.272 ...
  .. ..$ varU       : num 23.9
  .. ..$ uStar      : num [1:2737] 0.881 -0.84 -5.518 1.901 1.277 ...
  .. ..$ NamefileOut: chr "X5/ETA_2_varU.dat"
  .. ..$ SD.u       : num [1:3646] 3.63 4.54 3.96 4.48 4.58 ...
  .. ..$ SD.varU    : num 6.06
  ..$ :List of 15
  .. ..$ V          : num [1:3646, 1:576] -0.00189 -0.00645 -0.00703 -0.00832 -0.00916 ...
  .. .. ..- attr(*, "dimnames")=List of 2
  .. .. .. ..$ : chr [1:3646] "2020-21_11.107-5" "2020-21_12.90-53" "2020-21_12.93-4" "2020-21_14.37-103" ...
  .. .. .. ..$ : NULL
  .. ..$ d          : num [1:576] 985 777 402 285 213 ...
  .. ..$ model      : chr "RKHS"
  .. ..$ Name       : chr "ETA_3"
  .. ..$ tolD       : num 1e-10
  .. ..$ levelsU    : int 576
  .. ..$ df0        : num 5
  .. ..$ R2         : num 0.167
  .. ..$ S0         : num 40.5
  .. ..$ u          : num [1:3646] -2.89 -1.04 -5.56 1.97 -2.92 ...
  .. ..$ varU       : num 206
  .. ..$ uStar      : num [1:576] 152.2 18.9 18.7 234.3 -90.8 ...
  .. ..$ NamefileOut: chr "X5/ETA_3_varU.dat"
  .. ..$ SD.u       : num [1:3646] 2.86 2.57 2.9 2.47 2.69 ...
  .. ..$ SD.varU    : num 47.3
 - attr(*, "class")= chr "BGLR"
NULL
List of 21
 $ y            : num [1:3646] 3.728 6.443 -0.136 23.068 12.176 ...
 $ a            : NULL
 $ b            : NULL
 $ whichNa      : int [1:1011] 2636 2637 2638 2639 2640 2641 2642 2643 2644 2645 ...
 $ saveAt       : chr "X5/"
 $ nIter        : num 12000
 $ burnIn       : num 2000
 $ thin         : num 5
 $ weights      : num [1:3646] 1 1 1 1 1 1 1 1 1 1 ...
 $ verbose      : logi FALSE
 $ response_type: chr "gaussian"
 $ df0          : num 5
 $ S0           : num 556
 $ yHat         : num [1:3646] 10.25 10.9 4.03 16.03 10.13 ...
 $ SD.yHat      : num [1:3646] 4.25 4.83 4.64 4.76 4.89 ...
 $ mu           : num 12.8
 $ SD.mu        : num 1.48
 $ varE         : num 145
 $ SD.varE      : num 7.02
 $ fit          :List of 4
  ..$ logLikAtPostMean: num -10086
  ..$ postMeanLogLik  : num -10294
  ..$ pD              : num 416
  ..$ DIC             : num 21004
 $ ETA          :List of 3
  ..$ :List of 15
  .. ..$ V          : num [1:3646, 1:6] 0 0 0 0 0 0 0 0 0 0 ...
  .. .. ..- attr(*, "dimnames")=List of 2
  .. .. .. ..$ : chr [1:3646] "2020-21_11.107-5" "2020-21_12.90-53" "2020-21_12.93-4" "2020-21_14.37-103" ...
  .. .. .. ..$ : NULL
  .. ..$ d          : num [1:6] 1011 918 450 447 435 ...
  .. ..$ model      : chr "RKHS"
  .. ..$ Name       : chr "ETA_1"
  .. ..$ tolD       : num 1e-10
  .. ..$ levelsU    : int 6
  .. ..$ df0        : num 5
  .. ..$ R2         : num 0.167
  .. ..$ S0         : num 0.422
  .. ..$ u          : num [1:3646] -0.0111 -0.0111 -0.0111 -0.0111 -0.0111 ...
  .. ..$ varU       : num 0.143
  .. ..$ uStar      : num [1:6] -0.857 0.223 -1.513 0.957 0.233 ...
  .. ..$ NamefileOut: chr "X5/ETA_1_varU.dat"
  .. ..$ SD.u       : num [1:3646] 0.379 0.379 0.379 0.379 0.379 ...
  .. ..$ SD.varU    : num 0.215
  ..$ :List of 15
  .. ..$ V          : num [1:3646, 1:2737] 0.408 0 0 0 0 ...
  .. .. ..- attr(*, "dimnames")=List of 2
  .. .. .. ..$ : chr [1:3646] "2020-21_11.107-5" "2020-21_12.90-53" "2020-21_12.93-4" "2020-21_14.37-103" ...
  .. .. .. ..$ : chr [1:2737] "11.107-5" "12.90-53" "12.93-4" "13.27-142" ...
  .. ..$ d          : Named num [1:2737] 6 1 3 1 1 1 1 1 2 1 ...
  .. .. ..- attr(*, "names")= chr [1:2737] "11.107-5" "12.90-53" "12.93-4" "13.27-142" ...
  .. ..$ model      : chr "RKHS"
  .. ..$ Name       : chr "ETA_2"
  .. ..$ tolD       : num 1e-10
  .. ..$ levelsU    : int 2737
  .. ..$ df0        : num 5
  .. ..$ R2         : num 0.167
  .. ..$ S0         : num 193
  .. ..$ u          : num [1:3646] 0.36 -0.84 -3.186 1.277 0.272 ...
  .. ..$ varU       : num 23.9
  .. ..$ uStar      : num [1:2737] 0.881 -0.84 -5.518 1.901 1.277 ...
  .. ..$ NamefileOut: chr "X5/ETA_2_varU.dat"
  .. ..$ SD.u       : num [1:3646] 3.63 4.54 3.96 4.48 4.58 ...
  .. ..$ SD.varU    : num 6.06
  ..$ :List of 15
  .. ..$ V          : num [1:3646, 1:576] -0.00189 -0.00645 -0.00703 -0.00832 -0.00916 ...
  .. .. ..- attr(*, "dimnames")=List of 2
  .. .. .. ..$ : chr [1:3646] "2020-21_11.107-5" "2020-21_12.90-53" "2020-21_12.93-4" "2020-21_14.37-103" ...
  .. .. .. ..$ : NULL
  .. ..$ d          : num [1:576] 985 777 402 285 213 ...
  .. ..$ model      : chr "RKHS"
  .. ..$ Name       : chr "ETA_3"
  .. ..$ tolD       : num 1e-10
  .. ..$ levelsU    : int 576
  .. ..$ df0        : num 5
  .. ..$ R2         : num 0.167
  .. ..$ S0         : num 40.5
  .. ..$ u          : num [1:3646] -2.89 -1.04 -5.56 1.97 -2.92 ...
  .. ..$ varU       : num 206
  .. ..$ uStar      : num [1:576] 152.2 18.9 18.7 234.3 -90.8 ...
  .. ..$ NamefileOut: chr "X5/ETA_3_varU.dat"
  .. ..$ SD.u       : num [1:3646] 2.86 2.57 2.9 2.47 2.69 ...
  .. ..$ SD.varU    : num 47.3
 - attr(*, "class")= chr "BGLR"
NULL
List of 21
 $ y            : num [1:3646] 0.3854 -0.2234 0.0613 -0.1008 8.3403 ...
 $ a            : NULL
 $ b            : NULL
 $ whichNa      : int [1:1011] 2636 2637 2638 2639 2640 2641 2642 2643 2644 2645 ...
 $ saveAt       : chr "X3/"
 $ nIter        : num 12000
 $ burnIn       : num 2000
 $ thin         : num 5
 $ weights      : num [1:3646] 1 1 1 1 1 1 1 1 1 1 ...
 $ verbose      : logi FALSE
 $ response_type: chr "gaussian"
 $ df0          : num 5
 $ S0           : num 427
 $ yHat         : num [1:3646] 11.63 4.22 5.64 3.66 5.93 ...
 $ SD.yHat      : num [1:3646] 4.19 4.94 4.4 5 5.11 ...
 $ mu           : num 12.1
 $ SD.mu        : num 1.23
 $ varE         : num 87
 $ SD.varE      : num 5.59
 $ fit          :List of 4
  ..$ logLikAtPostMean: num -9262
  ..$ postMeanLogLik  : num -9621
  ..$ pD              : num 718
  ..$ DIC             : num 19960
 $ ETA          :List of 3
  ..$ :List of 15
  .. ..$ V          : num [1:3646, 1:6] 0 0 0 0 0 0 0 0 0 0 ...
  .. .. ..- attr(*, "dimnames")=List of 2
  .. .. .. ..$ : chr [1:3646] "2020-21_11.107-5" "2020-21_12.90-53" "2020-21_12.93-4" "2020-21_14.37-103" ...
  .. .. .. ..$ : NULL
  .. ..$ d          : num [1:6] 1011 918 450 447 435 ...
  .. ..$ model      : chr "RKHS"
  .. ..$ Name       : chr "ETA_1"
  .. ..$ tolD       : num 1e-10
  .. ..$ levelsU    : int 6
  .. ..$ df0        : num 5
  .. ..$ R2         : num 0.167
  .. ..$ S0         : num 0.324
  .. ..$ u          : num [1:3646] -0.0583 -0.0583 -0.0583 -0.0583 -0.0583 ...
  .. ..$ varU       : num 0.109
  .. ..$ uStar      : num [1:6] -0.0596 -1.7863 -0.016 -0.2701 1.2164 ...
  .. ..$ NamefileOut: chr "X3/ETA_1_varU.dat"
  .. ..$ SD.u       : num [1:3646] 0.339 0.339 0.339 0.339 0.339 ...
  .. ..$ SD.varU    : num 0.119
  ..$ :List of 15
  .. ..$ V          : num [1:3646, 1:2737] 0.408 0 0 0 0 ...
  .. .. ..- attr(*, "dimnames")=List of 2
  .. .. .. ..$ : chr [1:3646] "2020-21_11.107-5" "2020-21_12.90-53" "2020-21_12.93-4" "2020-21_14.37-103" ...
  .. .. .. ..$ : chr [1:2737] "11.107-5" "12.90-53" "12.93-4" "13.27-142" ...
  .. ..$ d          : Named num [1:2737] 6 1 3 1 1 1 1 1 2 1 ...
  .. .. ..- attr(*, "names")= chr [1:2737] "11.107-5" "12.90-53" "12.93-4" "13.27-142" ...
  .. ..$ model      : chr "RKHS"
  .. ..$ Name       : chr "ETA_2"
  .. ..$ tolD       : num 1e-10
  .. ..$ levelsU    : int 2737
  .. ..$ df0        : num 5
  .. ..$ R2         : num 0.167
  .. ..$ S0         : num 148
  .. ..$ u          : num [1:3646] -1.32 -1.33 2.27 -1.27 1.06 ...
  .. ..$ varU       : num 32.6
  .. ..$ uStar      : num [1:2737] -3.24 -1.33 3.93 4.42 -1.27 ...
  .. ..$ NamefileOut: chr "X3/ETA_2_varU.dat"
  .. ..$ SD.u       : num [1:3646] 3.44 4.74 3.93 4.83 4.92 ...
  .. ..$ SD.varU    : num 6.14
  ..$ :List of 15
  .. ..$ V          : num [1:3646, 1:576] -0.00189 -0.00645 -0.00703 -0.00832 -0.00916 ...
  .. .. ..- attr(*, "dimnames")=List of 2
  .. .. .. ..$ : chr [1:3646] "2020-21_11.107-5" "2020-21_12.90-53" "2020-21_12.93-4" "2020-21_14.37-103" ...
  .. .. .. ..$ : NULL
  .. ..$ d          : num [1:576] 985 777 402 285 213 ...
  .. ..$ model      : chr "RKHS"
  .. ..$ Name       : chr "ETA_3"
  .. ..$ tolD       : num 1e-10
  .. ..$ levelsU    : int 576
  .. ..$ df0        : num 5
  .. ..$ R2         : num 0.167
  .. ..$ S0         : num 31.2
  .. ..$ u          : num [1:3646] 0.89 -6.52 -8.7 -7.14 -7.2 ...
  .. ..$ varU       : num 332
  .. ..$ uStar      : num [1:576] 214.4 35.1 20.2 -10.5 168.2 ...
  .. ..$ NamefileOut: chr "X3/ETA_3_varU.dat"
  .. ..$ SD.u       : num [1:3646] 2.77 2.37 2.8 2.24 2.54 ...
  .. ..$ SD.varU    : num 68.1
 - attr(*, "class")= chr "BGLR"
NULL
List of 21
 $ y            : num [1:3646] 3.728 6.443 -0.136 23.068 12.176 ...
 $ a            : NULL
 $ b            : NULL
 $ whichNa      : int [1:1011] 2636 2637 2638 2639 2640 2641 2642 2643 2644 2645 ...
 $ saveAt       : chr "X5/"
 $ nIter        : num 12000
 $ burnIn       : num 2000
 $ thin         : num 5
 $ weights      : num [1:3646] 1 1 1 1 1 1 1 1 1 1 ...
 $ verbose      : logi FALSE
 $ response_type: chr "gaussian"
 $ df0          : num 5
 $ S0           : num 556
 $ yHat         : num [1:3646] 10.25 10.9 4.03 16.03 10.13 ...
 $ SD.yHat      : num [1:3646] 4.25 4.83 4.64 4.76 4.89 ...
 $ mu           : num 12.8
 $ SD.mu        : num 1.48
 $ varE         : num 145
 $ SD.varE      : num 7.02
 $ fit          :List of 4
  ..$ logLikAtPostMean: num -10086
  ..$ postMeanLogLik  : num -10294
  ..$ pD              : num 416
  ..$ DIC             : num 21004
 $ ETA          :List of 3
  ..$ :List of 15
  .. ..$ V          : num [1:3646, 1:6] 0 0 0 0 0 0 0 0 0 0 ...
  .. .. ..- attr(*, "dimnames")=List of 2
  .. .. .. ..$ : chr [1:3646] "2020-21_11.107-5" "2020-21_12.90-53" "2020-21_12.93-4" "2020-21_14.37-103" ...
  .. .. .. ..$ : NULL
  .. ..$ d          : num [1:6] 1011 918 450 447 435 ...
  .. ..$ model      : chr "RKHS"
  .. ..$ Name       : chr "ETA_1"
  .. ..$ tolD       : num 1e-10
  .. ..$ levelsU    : int 6
  .. ..$ df0        : num 5
  .. ..$ R2         : num 0.167
  .. ..$ S0         : num 0.422
  .. ..$ u          : num [1:3646] -0.0111 -0.0111 -0.0111 -0.0111 -0.0111 ...
  .. ..$ varU       : num 0.143
  .. ..$ uStar      : num [1:6] -0.857 0.223 -1.513 0.957 0.233 ...
  .. ..$ NamefileOut: chr "X5/ETA_1_varU.dat"
  .. ..$ SD.u       : num [1:3646] 0.379 0.379 0.379 0.379 0.379 ...
  .. ..$ SD.varU    : num 0.215
  ..$ :List of 15
  .. ..$ V          : num [1:3646, 1:2737] 0.408 0 0 0 0 ...
  .. .. ..- attr(*, "dimnames")=List of 2
  .. .. .. ..$ : chr [1:3646] "2020-21_11.107-5" "2020-21_12.90-53" "2020-21_12.93-4" "2020-21_14.37-103" ...
  .. .. .. ..$ : chr [1:2737] "11.107-5" "12.90-53" "12.93-4" "13.27-142" ...
  .. ..$ d          : Named num [1:2737] 6 1 3 1 1 1 1 1 2 1 ...
  .. .. ..- attr(*, "names")= chr [1:2737] "11.107-5" "12.90-53" "12.93-4" "13.27-142" ...
  .. ..$ model      : chr "RKHS"
  .. ..$ Name       : chr "ETA_2"
  .. ..$ tolD       : num 1e-10
  .. ..$ levelsU    : int 2737
  .. ..$ df0        : num 5
  .. ..$ R2         : num 0.167
  .. ..$ S0         : num 193
  .. ..$ u          : num [1:3646] 0.36 -0.84 -3.186 1.277 0.272 ...
  .. ..$ varU       : num 23.9
  .. ..$ uStar      : num [1:2737] 0.881 -0.84 -5.518 1.901 1.277 ...
  .. ..$ NamefileOut: chr "X5/ETA_2_varU.dat"
  .. ..$ SD.u       : num [1:3646] 3.63 4.54 3.96 4.48 4.58 ...
  .. ..$ SD.varU    : num 6.06
  ..$ :List of 15
  .. ..$ V          : num [1:3646, 1:576] -0.00189 -0.00645 -0.00703 -0.00832 -0.00916 ...
  .. .. ..- attr(*, "dimnames")=List of 2
  .. .. .. ..$ : chr [1:3646] "2020-21_11.107-5" "2020-21_12.90-53" "2020-21_12.93-4" "2020-21_14.37-103" ...
  .. .. .. ..$ : NULL
  .. ..$ d          : num [1:576] 985 777 402 285 213 ...
  .. ..$ model      : chr "RKHS"
  .. ..$ Name       : chr "ETA_3"
  .. ..$ tolD       : num 1e-10
  .. ..$ levelsU    : int 576
  .. ..$ df0        : num 5
  .. ..$ R2         : num 0.167
  .. ..$ S0         : num 40.5
  .. ..$ u          : num [1:3646] -2.89 -1.04 -5.56 1.97 -2.92 ...
  .. ..$ varU       : num 206
  .. ..$ uStar      : num [1:576] 152.2 18.9 18.7 234.3 -90.8 ...
  .. ..$ NamefileOut: chr "X5/ETA_3_varU.dat"
  .. ..$ SD.u       : num [1:3646] 2.86 2.57 2.9 2.47 2.69 ...
  .. ..$ SD.varU    : num 47.3
 - attr(*, "class")= chr "BGLR"
NULL
List of 21
 $ y            : num [1:3646] 3.728 6.443 -0.136 23.068 12.176 ...
 $ a            : NULL
 $ b            : NULL
 $ whichNa      : int [1:1011] 2636 2637 2638 2639 2640 2641 2642 2643 2644 2645 ...
 $ saveAt       : chr "X5/"
 $ nIter        : num 12000
 $ burnIn       : num 2000
 $ thin         : num 5
 $ weights      : num [1:3646] 1 1 1 1 1 1 1 1 1 1 ...
 $ verbose      : logi FALSE
 $ response_type: chr "gaussian"
 $ df0          : num 5
 $ S0           : num 556
 $ yHat         : num [1:3646] 10.25 10.9 4.03 16.03 10.13 ...
 $ SD.yHat      : num [1:3646] 4.25 4.83 4.64 4.76 4.89 ...
 $ mu           : num 12.8
 $ SD.mu        : num 1.48
 $ varE         : num 145
 $ SD.varE      : num 7.02
 $ fit          :List of 4
  ..$ logLikAtPostMean: num -10086
  ..$ postMeanLogLik  : num -10294
  ..$ pD              : num 416
  ..$ DIC             : num 21004
 $ ETA          :List of 3
  ..$ :List of 15
  .. ..$ V          : num [1:3646, 1:6] 0 0 0 0 0 0 0 0 0 0 ...
  .. .. ..- attr(*, "dimnames")=List of 2
  .. .. .. ..$ : chr [1:3646] "2020-21_11.107-5" "2020-21_12.90-53" "2020-21_12.93-4" "2020-21_14.37-103" ...
  .. .. .. ..$ : NULL
  .. ..$ d          : num [1:6] 1011 918 450 447 435 ...
  .. ..$ model      : chr "RKHS"
  .. ..$ Name       : chr "ETA_1"
  .. ..$ tolD       : num 1e-10
  .. ..$ levelsU    : int 6
  .. ..$ df0        : num 5
  .. ..$ R2         : num 0.167
  .. ..$ S0         : num 0.422
  .. ..$ u          : num [1:3646] -0.0111 -0.0111 -0.0111 -0.0111 -0.0111 ...
  .. ..$ varU       : num 0.143
  .. ..$ uStar      : num [1:6] -0.857 0.223 -1.513 0.957 0.233 ...
  .. ..$ NamefileOut: chr "X5/ETA_1_varU.dat"
  .. ..$ SD.u       : num [1:3646] 0.379 0.379 0.379 0.379 0.379 ...
  .. ..$ SD.varU    : num 0.215
  ..$ :List of 15
  .. ..$ V          : num [1:3646, 1:2737] 0.408 0 0 0 0 ...
  .. .. ..- attr(*, "dimnames")=List of 2
  .. .. .. ..$ : chr [1:3646] "2020-21_11.107-5" "2020-21_12.90-53" "2020-21_12.93-4" "2020-21_14.37-103" ...
  .. .. .. ..$ : chr [1:2737] "11.107-5" "12.90-53" "12.93-4" "13.27-142" ...
  .. ..$ d          : Named num [1:2737] 6 1 3 1 1 1 1 1 2 1 ...
  .. .. ..- attr(*, "names")= chr [1:2737] "11.107-5" "12.90-53" "12.93-4" "13.27-142" ...
  .. ..$ model      : chr "RKHS"
  .. ..$ Name       : chr "ETA_2"
  .. ..$ tolD       : num 1e-10
  .. ..$ levelsU    : int 2737
  .. ..$ df0        : num 5
  .. ..$ R2         : num 0.167
  .. ..$ S0         : num 193
  .. ..$ u          : num [1:3646] 0.36 -0.84 -3.186 1.277 0.272 ...
  .. ..$ varU       : num 23.9
  .. ..$ uStar      : num [1:2737] 0.881 -0.84 -5.518 1.901 1.277 ...
  .. ..$ NamefileOut: chr "X5/ETA_2_varU.dat"
  .. ..$ SD.u       : num [1:3646] 3.63 4.54 3.96 4.48 4.58 ...
  .. ..$ SD.varU    : num 6.06
  ..$ :List of 15
  .. ..$ V          : num [1:3646, 1:576] -0.00189 -0.00645 -0.00703 -0.00832 -0.00916 ...
  .. .. ..- attr(*, "dimnames")=List of 2
  .. .. .. ..$ : chr [1:3646] "2020-21_11.107-5" "2020-21_12.90-53" "2020-21_12.93-4" "2020-21_14.37-103" ...
  .. .. .. ..$ : NULL
  .. ..$ d          : num [1:576] 985 777 402 285 213 ...
  .. ..$ model      : chr "RKHS"
  .. ..$ Name       : chr "ETA_3"
  .. ..$ tolD       : num 1e-10
  .. ..$ levelsU    : int 576
  .. ..$ df0        : num 5
  .. ..$ R2         : num 0.167
  .. ..$ S0         : num 40.5
  .. ..$ u          : num [1:3646] -2.89 -1.04 -5.56 1.97 -2.92 ...
  .. ..$ varU       : num 206
  .. ..$ uStar      : num [1:576] 152.2 18.9 18.7 234.3 -90.8 ...
  .. ..$ NamefileOut: chr "X5/ETA_3_varU.dat"
  .. ..$ SD.u       : num [1:3646] 2.86 2.57 2.9 2.47 2.69 ...
  .. ..$ SD.varU    : num 47.3
 - attr(*, "class")= chr "BGLR"
NULL
List of 21
 $ y            : num [1:3646] 3.728 6.443 -0.136 23.068 12.176 ...
 $ a            : NULL
 $ b            : NULL
 $ whichNa      : int [1:1011] 2636 2637 2638 2639 2640 2641 2642 2643 2644 2645 ...
 $ saveAt       : chr "X5/"
 $ nIter        : num 12000
 $ burnIn       : num 2000
 $ thin         : num 5
 $ weights      : num [1:3646] 1 1 1 1 1 1 1 1 1 1 ...
 $ verbose      : logi FALSE
 $ response_type: chr "gaussian"
 $ df0          : num 5
 $ S0           : num 556
 $ yHat         : num [1:3646] 10.25 10.9 4.03 16.03 10.13 ...
 $ SD.yHat      : num [1:3646] 4.25 4.83 4.64 4.76 4.89 ...
 $ mu           : num 12.8
 $ SD.mu        : num 1.48
 $ varE         : num 145
 $ SD.varE      : num 7.02
 $ fit          :List of 4
  ..$ logLikAtPostMean: num -10086
  ..$ postMeanLogLik  : num -10294
  ..$ pD              : num 416
  ..$ DIC             : num 21004
 $ ETA          :List of 3
  ..$ :List of 15
  .. ..$ V          : num [1:3646, 1:6] 0 0 0 0 0 0 0 0 0 0 ...
  .. .. ..- attr(*, "dimnames")=List of 2
  .. .. .. ..$ : chr [1:3646] "2020-21_11.107-5" "2020-21_12.90-53" "2020-21_12.93-4" "2020-21_14.37-103" ...
  .. .. .. ..$ : NULL
  .. ..$ d          : num [1:6] 1011 918 450 447 435 ...
  .. ..$ model      : chr "RKHS"
  .. ..$ Name       : chr "ETA_1"
  .. ..$ tolD       : num 1e-10
  .. ..$ levelsU    : int 6
  .. ..$ df0        : num 5
  .. ..$ R2         : num 0.167
  .. ..$ S0         : num 0.422
  .. ..$ u          : num [1:3646] -0.0111 -0.0111 -0.0111 -0.0111 -0.0111 ...
  .. ..$ varU       : num 0.143
  .. ..$ uStar      : num [1:6] -0.857 0.223 -1.513 0.957 0.233 ...
  .. ..$ NamefileOut: chr "X5/ETA_1_varU.dat"
  .. ..$ SD.u       : num [1:3646] 0.379 0.379 0.379 0.379 0.379 ...
  .. ..$ SD.varU    : num 0.215
  ..$ :List of 15
  .. ..$ V          : num [1:3646, 1:2737] 0.408 0 0 0 0 ...
  .. .. ..- attr(*, "dimnames")=List of 2
  .. .. .. ..$ : chr [1:3646] "2020-21_11.107-5" "2020-21_12.90-53" "2020-21_12.93-4" "2020-21_14.37-103" ...
  .. .. .. ..$ : chr [1:2737] "11.107-5" "12.90-53" "12.93-4" "13.27-142" ...
  .. ..$ d          : Named num [1:2737] 6 1 3 1 1 1 1 1 2 1 ...
  .. .. ..- attr(*, "names")= chr [1:2737] "11.107-5" "12.90-53" "12.93-4" "13.27-142" ...
  .. ..$ model      : chr "RKHS"
  .. ..$ Name       : chr "ETA_2"
  .. ..$ tolD       : num 1e-10
  .. ..$ levelsU    : int 2737
  .. ..$ df0        : num 5
  .. ..$ R2         : num 0.167
  .. ..$ S0         : num 193
  .. ..$ u          : num [1:3646] 0.36 -0.84 -3.186 1.277 0.272 ...
  .. ..$ varU       : num 23.9
  .. ..$ uStar      : num [1:2737] 0.881 -0.84 -5.518 1.901 1.277 ...
  .. ..$ NamefileOut: chr "X5/ETA_2_varU.dat"
  .. ..$ SD.u       : num [1:3646] 3.63 4.54 3.96 4.48 4.58 ...
  .. ..$ SD.varU    : num 6.06
  ..$ :List of 15
  .. ..$ V          : num [1:3646, 1:576] -0.00189 -0.00645 -0.00703 -0.00832 -0.00916 ...
  .. .. ..- attr(*, "dimnames")=List of 2
  .. .. .. ..$ : chr [1:3646] "2020-21_11.107-5" "2020-21_12.90-53" "2020-21_12.93-4" "2020-21_14.37-103" ...
  .. .. .. ..$ : NULL
  .. ..$ d          : num [1:576] 985 777 402 285 213 ...
  .. ..$ model      : chr "RKHS"
  .. ..$ Name       : chr "ETA_3"
  .. ..$ tolD       : num 1e-10
  .. ..$ levelsU    : int 576
  .. ..$ df0        : num 5
  .. ..$ R2         : num 0.167
  .. ..$ S0         : num 40.5
  .. ..$ u          : num [1:3646] -2.89 -1.04 -5.56 1.97 -2.92 ...
  .. ..$ varU       : num 206
  .. ..$ uStar      : num [1:576] 152.2 18.9 18.7 234.3 -90.8 ...
  .. ..$ NamefileOut: chr "X5/ETA_3_varU.dat"
  .. ..$ SD.u       : num [1:3646] 2.86 2.57 2.9 2.47 2.69 ...
  .. ..$ SD.varU    : num 47.3
 - attr(*, "class")= chr "BGLR"
NULL
List of 21
 $ y            : num [1:3646] -0.573 11.702 0.323 2.302 4.538 ...
 $ a            : NULL
 $ b            : NULL
 $ whichNa      : int [1:1011] 2636 2637 2638 2639 2640 2641 2642 2643 2644 2645 ...
 $ saveAt       : chr "X4/"
 $ nIter        : num 12000
 $ burnIn       : num 2000
 $ thin         : num 5
 $ weights      : num [1:3646] 1 1 1 1 1 1 1 1 1 1 ...
 $ verbose      : logi FALSE
 $ response_type: chr "gaussian"
 $ df0          : num 5
 $ S0           : num 418
 $ yHat         : num [1:3646] 5.35 9.73 6.38 8.83 7.53 ...
 $ SD.yHat      : num [1:3646] 3.91 4.87 4.49 5 5.09 ...
 $ mu           : num 12
 $ SD.mu        : num 1.22
 $ varE         : num 82.8
 $ SD.varE      : num 5.67
 $ fit          :List of 4
  ..$ logLikAtPostMean: num -9185
  ..$ postMeanLogLik  : num -9554
  ..$ pD              : num 737
  ..$ DIC             : num 19845
 $ ETA          :List of 3
  ..$ :List of 15
  .. ..$ V          : num [1:3646, 1:6] 0 0 0 0 0 0 0 0 0 0 ...
  .. .. ..- attr(*, "dimnames")=List of 2
  .. .. .. ..$ : chr [1:3646] "2020-21_11.107-5" "2020-21_12.90-53" "2020-21_12.93-4" "2020-21_14.37-103" ...
  .. .. .. ..$ : NULL
  .. ..$ d          : num [1:6] 1011 918 450 447 435 ...
  .. ..$ model      : chr "RKHS"
  .. ..$ Name       : chr "ETA_1"
  .. ..$ tolD       : num 1e-10
  .. ..$ levelsU    : int 6
  .. ..$ df0        : num 5
  .. ..$ R2         : num 0.167
  .. ..$ S0         : num 0.317
  .. ..$ u          : num [1:3646] -0.0147 -0.0147 -0.0147 -0.0147 -0.0147 ...
  .. ..$ varU       : num 0.104
  .. ..$ uStar      : num [1:6] 0.262 -1.925 -1.009 0.546 0.306 ...
  .. ..$ NamefileOut: chr "X4/ETA_1_varU.dat"
  .. ..$ SD.u       : num [1:3646] 0.312 0.312 0.312 0.312 0.312 ...
  .. ..$ SD.varU    : num 0.112
  ..$ :List of 15
  .. ..$ V          : num [1:3646, 1:2737] 0.408 0 0 0 0 ...
  .. .. ..- attr(*, "dimnames")=List of 2
  .. .. .. ..$ : chr [1:3646] "2020-21_11.107-5" "2020-21_12.90-53" "2020-21_12.93-4" "2020-21_14.37-103" ...
  .. .. .. ..$ : chr [1:2737] "11.107-5" "12.90-53" "12.93-4" "13.27-142" ...
  .. ..$ d          : Named num [1:2737] 6 1 3 1 1 1 1 1 2 1 ...
  .. .. ..- attr(*, "names")= chr [1:2737] "11.107-5" "12.90-53" "12.93-4" "13.27-142" ...
  .. ..$ model      : chr "RKHS"
  .. ..$ Name       : chr "ETA_2"
  .. ..$ tolD       : num 1e-10
  .. ..$ levelsU    : int 2737
  .. ..$ df0        : num 5
  .. ..$ R2         : num 0.167
  .. ..$ S0         : num 145
  .. ..$ u          : num [1:3646] -2.443 0.707 2.389 -2.875 -1.534 ...
  .. ..$ varU       : num 33.2
  .. ..$ uStar      : num [1:2737] -5.984 0.707 4.137 1.289 -2.875 ...
  .. ..$ NamefileOut: chr "X4/ETA_2_varU.dat"
  .. ..$ SD.u       : num [1:3646] 3.35 4.72 4.03 4.91 4.86 ...
  .. ..$ SD.varU    : num 5.92
  ..$ :List of 15
  .. ..$ V          : num [1:3646, 1:576] -0.00189 -0.00645 -0.00703 -0.00832 -0.00916 ...
  .. .. ..- attr(*, "dimnames")=List of 2
  .. .. .. ..$ : chr [1:3646] "2020-21_11.107-5" "2020-21_12.90-53" "2020-21_12.93-4" "2020-21_14.37-103" ...
  .. .. .. ..$ : NULL
  .. ..$ d          : num [1:576] 985 777 402 285 213 ...
  .. ..$ model      : chr "RKHS"
  .. ..$ Name       : chr "ETA_3"
  .. ..$ tolD       : num 1e-10
  .. ..$ levelsU    : int 576
  .. ..$ df0        : num 5
  .. ..$ R2         : num 0.167
  .. ..$ S0         : num 30.5
  .. ..$ u          : num [1:3646] -4.185 -2.948 -7.98 -0.271 -2.913 ...
  .. ..$ varU       : num 255
  .. ..$ uStar      : num [1:576] 240.79 3.91 47.57 138.76 -62.51 ...
  .. ..$ NamefileOut: chr "X4/ETA_3_varU.dat"
  .. ..$ SD.u       : num [1:3646] 2.58 2.25 2.75 2.16 2.35 ...
  .. ..$ SD.varU    : num 63
 - attr(*, "class")= chr "BGLR"
NULL
List of 21
 $ y            : num [1:3646] -0.573 11.702 0.323 2.302 4.538 ...
 $ a            : NULL
 $ b            : NULL
 $ whichNa      : int [1:1011] 2636 2637 2638 2639 2640 2641 2642 2643 2644 2645 ...
 $ saveAt       : chr "X4/"
 $ nIter        : num 12000
 $ burnIn       : num 2000
 $ thin         : num 5
 $ weights      : num [1:3646] 1 1 1 1 1 1 1 1 1 1 ...
 $ verbose      : logi FALSE
 $ response_type: chr "gaussian"
 $ df0          : num 5
 $ S0           : num 418
 $ yHat         : num [1:3646] 5.35 9.73 6.38 8.83 7.53 ...
 $ SD.yHat      : num [1:3646] 3.91 4.87 4.49 5 5.09 ...
 $ mu           : num 12
 $ SD.mu        : num 1.22
 $ varE         : num 82.8
 $ SD.varE      : num 5.67
 $ fit          :List of 4
  ..$ logLikAtPostMean: num -9185
  ..$ postMeanLogLik  : num -9554
  ..$ pD              : num 737
  ..$ DIC             : num 19845
 $ ETA          :List of 3
  ..$ :List of 15
  .. ..$ V          : num [1:3646, 1:6] 0 0 0 0 0 0 0 0 0 0 ...
  .. .. ..- attr(*, "dimnames")=List of 2
  .. .. .. ..$ : chr [1:3646] "2020-21_11.107-5" "2020-21_12.90-53" "2020-21_12.93-4" "2020-21_14.37-103" ...
  .. .. .. ..$ : NULL
  .. ..$ d          : num [1:6] 1011 918 450 447 435 ...
  .. ..$ model      : chr "RKHS"
  .. ..$ Name       : chr "ETA_1"
  .. ..$ tolD       : num 1e-10
  .. ..$ levelsU    : int 6
  .. ..$ df0        : num 5
  .. ..$ R2         : num 0.167
  .. ..$ S0         : num 0.317
  .. ..$ u          : num [1:3646] -0.0147 -0.0147 -0.0147 -0.0147 -0.0147 ...
  .. ..$ varU       : num 0.104
  .. ..$ uStar      : num [1:6] 0.262 -1.925 -1.009 0.546 0.306 ...
  .. ..$ NamefileOut: chr "X4/ETA_1_varU.dat"
  .. ..$ SD.u       : num [1:3646] 0.312 0.312 0.312 0.312 0.312 ...
  .. ..$ SD.varU    : num 0.112
  ..$ :List of 15
  .. ..$ V          : num [1:3646, 1:2737] 0.408 0 0 0 0 ...
  .. .. ..- attr(*, "dimnames")=List of 2
  .. .. .. ..$ : chr [1:3646] "2020-21_11.107-5" "2020-21_12.90-53" "2020-21_12.93-4" "2020-21_14.37-103" ...
  .. .. .. ..$ : chr [1:2737] "11.107-5" "12.90-53" "12.93-4" "13.27-142" ...
  .. ..$ d          : Named num [1:2737] 6 1 3 1 1 1 1 1 2 1 ...
  .. .. ..- attr(*, "names")= chr [1:2737] "11.107-5" "12.90-53" "12.93-4" "13.27-142" ...
  .. ..$ model      : chr "RKHS"
  .. ..$ Name       : chr "ETA_2"
  .. ..$ tolD       : num 1e-10
  .. ..$ levelsU    : int 2737
  .. ..$ df0        : num 5
  .. ..$ R2         : num 0.167
  .. ..$ S0         : num 145
  .. ..$ u          : num [1:3646] -2.443 0.707 2.389 -2.875 -1.534 ...
  .. ..$ varU       : num 33.2
  .. ..$ uStar      : num [1:2737] -5.984 0.707 4.137 1.289 -2.875 ...
  .. ..$ NamefileOut: chr "X4/ETA_2_varU.dat"
  .. ..$ SD.u       : num [1:3646] 3.35 4.72 4.03 4.91 4.86 ...
  .. ..$ SD.varU    : num 5.92
  ..$ :List of 15
  .. ..$ V          : num [1:3646, 1:576] -0.00189 -0.00645 -0.00703 -0.00832 -0.00916 ...
  .. .. ..- attr(*, "dimnames")=List of 2
  .. .. .. ..$ : chr [1:3646] "2020-21_11.107-5" "2020-21_12.90-53" "2020-21_12.93-4" "2020-21_14.37-103" ...
  .. .. .. ..$ : NULL
  .. ..$ d          : num [1:576] 985 777 402 285 213 ...
  .. ..$ model      : chr "RKHS"
  .. ..$ Name       : chr "ETA_3"
  .. ..$ tolD       : num 1e-10
  .. ..$ levelsU    : int 576
  .. ..$ df0        : num 5
  .. ..$ R2         : num 0.167
  .. ..$ S0         : num 30.5
  .. ..$ u          : num [1:3646] -4.185 -2.948 -7.98 -0.271 -2.913 ...
  .. ..$ varU       : num 255
  .. ..$ uStar      : num [1:576] 240.79 3.91 47.57 138.76 -62.51 ...
  .. ..$ NamefileOut: chr "X4/ETA_3_varU.dat"
  .. ..$ SD.u       : num [1:3646] 2.58 2.25 2.75 2.16 2.35 ...
  .. ..$ SD.varU    : num 63
 - attr(*, "class")= chr "BGLR"
NULL
List of 21
 $ y            : num [1:3646] -0.573 11.702 0.323 2.302 4.538 ...
 $ a            : NULL
 $ b            : NULL
 $ whichNa      : int [1:1011] 2636 2637 2638 2639 2640 2641 2642 2643 2644 2645 ...
 $ saveAt       : chr "X4/"
 $ nIter        : num 12000
 $ burnIn       : num 2000
 $ thin         : num 5
 $ weights      : num [1:3646] 1 1 1 1 1 1 1 1 1 1 ...
 $ verbose      : logi FALSE
 $ response_type: chr "gaussian"
 $ df0          : num 5
 $ S0           : num 418
 $ yHat         : num [1:3646] 5.35 9.73 6.38 8.83 7.53 ...
 $ SD.yHat      : num [1:3646] 3.91 4.87 4.49 5 5.09 ...
 $ mu           : num 12
 $ SD.mu        : num 1.22
 $ varE         : num 82.8
 $ SD.varE      : num 5.67
 $ fit          :List of 4
  ..$ logLikAtPostMean: num -9185
  ..$ postMeanLogLik  : num -9554
  ..$ pD              : num 737
  ..$ DIC             : num 19845
 $ ETA          :List of 3
  ..$ :List of 15
  .. ..$ V          : num [1:3646, 1:6] 0 0 0 0 0 0 0 0 0 0 ...
  .. .. ..- attr(*, "dimnames")=List of 2
  .. .. .. ..$ : chr [1:3646] "2020-21_11.107-5" "2020-21_12.90-53" "2020-21_12.93-4" "2020-21_14.37-103" ...
  .. .. .. ..$ : NULL
  .. ..$ d          : num [1:6] 1011 918 450 447 435 ...
  .. ..$ model      : chr "RKHS"
  .. ..$ Name       : chr "ETA_1"
  .. ..$ tolD       : num 1e-10
  .. ..$ levelsU    : int 6
  .. ..$ df0        : num 5
  .. ..$ R2         : num 0.167
  .. ..$ S0         : num 0.317
  .. ..$ u          : num [1:3646] -0.0147 -0.0147 -0.0147 -0.0147 -0.0147 ...
  .. ..$ varU       : num 0.104
  .. ..$ uStar      : num [1:6] 0.262 -1.925 -1.009 0.546 0.306 ...
  .. ..$ NamefileOut: chr "X4/ETA_1_varU.dat"
  .. ..$ SD.u       : num [1:3646] 0.312 0.312 0.312 0.312 0.312 ...
  .. ..$ SD.varU    : num 0.112
  ..$ :List of 15
  .. ..$ V          : num [1:3646, 1:2737] 0.408 0 0 0 0 ...
  .. .. ..- attr(*, "dimnames")=List of 2
  .. .. .. ..$ : chr [1:3646] "2020-21_11.107-5" "2020-21_12.90-53" "2020-21_12.93-4" "2020-21_14.37-103" ...
  .. .. .. ..$ : chr [1:2737] "11.107-5" "12.90-53" "12.93-4" "13.27-142" ...
  .. ..$ d          : Named num [1:2737] 6 1 3 1 1 1 1 1 2 1 ...
  .. .. ..- attr(*, "names")= chr [1:2737] "11.107-5" "12.90-53" "12.93-4" "13.27-142" ...
  .. ..$ model      : chr "RKHS"
  .. ..$ Name       : chr "ETA_2"
  .. ..$ tolD       : num 1e-10
  .. ..$ levelsU    : int 2737
  .. ..$ df0        : num 5
  .. ..$ R2         : num 0.167
  .. ..$ S0         : num 145
  .. ..$ u          : num [1:3646] -2.443 0.707 2.389 -2.875 -1.534 ...
  .. ..$ varU       : num 33.2
  .. ..$ uStar      : num [1:2737] -5.984 0.707 4.137 1.289 -2.875 ...
  .. ..$ NamefileOut: chr "X4/ETA_2_varU.dat"
  .. ..$ SD.u       : num [1:3646] 3.35 4.72 4.03 4.91 4.86 ...
  .. ..$ SD.varU    : num 5.92
  ..$ :List of 15
  .. ..$ V          : num [1:3646, 1:576] -0.00189 -0.00645 -0.00703 -0.00832 -0.00916 ...
  .. .. ..- attr(*, "dimnames")=List of 2
  .. .. .. ..$ : chr [1:3646] "2020-21_11.107-5" "2020-21_12.90-53" "2020-21_12.93-4" "2020-21_14.37-103" ...
  .. .. .. ..$ : NULL
  .. ..$ d          : num [1:576] 985 777 402 285 213 ...
  .. ..$ model      : chr "RKHS"
  .. ..$ Name       : chr "ETA_3"
  .. ..$ tolD       : num 1e-10
  .. ..$ levelsU    : int 576
  .. ..$ df0        : num 5
  .. ..$ R2         : num 0.167
  .. ..$ S0         : num 30.5
  .. ..$ u          : num [1:3646] -4.185 -2.948 -7.98 -0.271 -2.913 ...
  .. ..$ varU       : num 255
  .. ..$ uStar      : num [1:576] 240.79 3.91 47.57 138.76 -62.51 ...
  .. ..$ NamefileOut: chr "X4/ETA_3_varU.dat"
  .. ..$ SD.u       : num [1:3646] 2.58 2.25 2.75 2.16 2.35 ...
  .. ..$ SD.varU    : num 63
 - attr(*, "class")= chr "BGLR"
NULL
List of 21
 $ y            : num [1:3646] 0.677 8.594 0.135 -0.135 3.535 ...
 $ a            : NULL
 $ b            : NULL
 $ whichNa      : int [1:1011] 2636 2637 2638 2639 2640 2641 2642 2643 2644 2645 ...
 $ saveAt       : chr "X6/"
 $ nIter        : num 12000
 $ burnIn       : num 2000
 $ thin         : num 5
 $ weights      : num [1:3646] 1 1 1 1 1 1 1 1 1 1 ...
 $ verbose      : logi FALSE
 $ response_type: chr "gaussian"
 $ df0          : num 5
 $ S0           : num 662
 $ yHat         : num [1:3646] 15.8 9.38 13.03 11.39 6.91 ...
 $ SD.yHat      : num [1:3646] 5.07 5.83 5.51 5.85 5.75 ...
 $ mu           : num 17.4
 $ SD.mu        : num 2.06
 $ varE         : num 176
 $ SD.varE      : num 8.77
 $ fit          :List of 4
  ..$ logLikAtPostMean: num -10313
  ..$ postMeanLogLik  : num -10554
  ..$ pD              : num 482
  ..$ DIC             : num 21590
 $ ETA          :List of 3
  ..$ :List of 15
  .. ..$ V          : num [1:3646, 1:6] 0 0 0 0 0 0 0 0 0 0 ...
  .. .. ..- attr(*, "dimnames")=List of 2
  .. .. .. ..$ : chr [1:3646] "2020-21_11.107-5" "2020-21_12.90-53" "2020-21_12.93-4" "2020-21_14.37-103" ...
  .. .. .. ..$ : NULL
  .. ..$ d          : num [1:6] 1011 918 450 447 435 ...
  .. ..$ model      : chr "RKHS"
  .. ..$ Name       : chr "ETA_1"
  .. ..$ tolD       : num 1e-10
  .. ..$ levelsU    : int 6
  .. ..$ df0        : num 5
  .. ..$ R2         : num 0.167
  .. ..$ S0         : num 0.502
  .. ..$ u          : num [1:3646] -0.0179 -0.0179 -0.0179 -0.0179 -0.0179 ...
  .. ..$ varU       : num 0.171
  .. ..$ uStar      : num [1:6] 0.328 0.666 -0.123 -0.567 0.373 ...
  .. ..$ NamefileOut: chr "X6/ETA_1_varU.dat"
  .. ..$ SD.u       : num [1:3646] 0.419 0.419 0.419 0.419 0.419 ...
  .. ..$ SD.varU    : num 0.229
  ..$ :List of 15
  .. ..$ V          : num [1:3646, 1:2737] 0.408 0 0 0 0 ...
  .. .. ..- attr(*, "dimnames")=List of 2
  .. .. .. ..$ : chr [1:3646] "2020-21_11.107-5" "2020-21_12.90-53" "2020-21_12.93-4" "2020-21_14.37-103" ...
  .. .. .. ..$ : chr [1:2737] "11.107-5" "12.90-53" "12.93-4" "13.27-142" ...
  .. ..$ d          : Named num [1:2737] 6 1 3 1 1 1 1 1 2 1 ...
  .. .. ..- attr(*, "names")= chr [1:2737] "11.107-5" "12.90-53" "12.93-4" "13.27-142" ...
  .. ..$ model      : chr "RKHS"
  .. ..$ Name       : chr "ETA_2"
  .. ..$ tolD       : num 1e-10
  .. ..$ levelsU    : int 2737
  .. ..$ df0        : num 5
  .. ..$ R2         : num 0.167
  .. ..$ S0         : num 229
  .. ..$ u          : num [1:3646] 2.2277 0.0462 2.8011 -2.5978 -0.8781 ...
  .. ..$ varU       : num 36.9
  .. ..$ uStar      : num [1:2737] 5.4567 0.0462 4.8516 0.8717 -2.5978 ...
  .. ..$ NamefileOut: chr "X6/ETA_2_varU.dat"
  .. ..$ SD.u       : num [1:3646] 4.42 5.59 4.85 5.57 5.55 ...
  .. ..$ SD.varU    : num 8.07
  ..$ :List of 15
  .. ..$ V          : num [1:3646, 1:576] -0.00189 -0.00645 -0.00703 -0.00832 -0.00916 ...
  .. .. ..- attr(*, "dimnames")=List of 2
  .. .. .. ..$ : chr [1:3646] "2020-21_11.107-5" "2020-21_12.90-53" "2020-21_12.93-4" "2020-21_14.37-103" ...
  .. .. .. ..$ : NULL
  .. ..$ d          : num [1:576] 985 777 402 285 213 ...
  .. ..$ model      : chr "RKHS"
  .. ..$ Name       : chr "ETA_3"
  .. ..$ tolD       : num 1e-10
  .. ..$ levelsU    : int 576
  .. ..$ df0        : num 5
  .. ..$ R2         : num 0.167
  .. ..$ S0         : num 48.2
  .. ..$ u          : num [1:3646] -3.86 -8.1 -7.2 -3.44 -9.64 ...
  .. ..$ varU       : num 242
  .. ..$ uStar      : num [1:576] 59.7 29.9 202.9 120.5 -86.9 ...
  .. ..$ NamefileOut: chr "X6/ETA_3_varU.dat"
  .. ..$ SD.u       : num [1:3646] 3.31 3.08 3.39 2.96 3.22 ...
  .. ..$ SD.varU    : num 60.7
 - attr(*, "class")= chr "BGLR"
NULL
List of 21
 $ y            : num [1:3646] -0.573 11.702 0.323 2.302 4.538 ...
 $ a            : NULL
 $ b            : NULL
 $ whichNa      : int [1:1011] 2636 2637 2638 2639 2640 2641 2642 2643 2644 2645 ...
 $ saveAt       : chr "X4/"
 $ nIter        : num 12000
 $ burnIn       : num 2000
 $ thin         : num 5
 $ weights      : num [1:3646] 1 1 1 1 1 1 1 1 1 1 ...
 $ verbose      : logi FALSE
 $ response_type: chr "gaussian"
 $ df0          : num 5
 $ S0           : num 418
 $ yHat         : num [1:3646] 5.35 9.73 6.38 8.83 7.53 ...
 $ SD.yHat      : num [1:3646] 3.91 4.87 4.49 5 5.09 ...
 $ mu           : num 12
 $ SD.mu        : num 1.22
 $ varE         : num 82.8
 $ SD.varE      : num 5.67
 $ fit          :List of 4
  ..$ logLikAtPostMean: num -9185
  ..$ postMeanLogLik  : num -9554
  ..$ pD              : num 737
  ..$ DIC             : num 19845
 $ ETA          :List of 3
  ..$ :List of 15
  .. ..$ V          : num [1:3646, 1:6] 0 0 0 0 0 0 0 0 0 0 ...
  .. .. ..- attr(*, "dimnames")=List of 2
  .. .. .. ..$ : chr [1:3646] "2020-21_11.107-5" "2020-21_12.90-53" "2020-21_12.93-4" "2020-21_14.37-103" ...
  .. .. .. ..$ : NULL
  .. ..$ d          : num [1:6] 1011 918 450 447 435 ...
  .. ..$ model      : chr "RKHS"
  .. ..$ Name       : chr "ETA_1"
  .. ..$ tolD       : num 1e-10
  .. ..$ levelsU    : int 6
  .. ..$ df0        : num 5
  .. ..$ R2         : num 0.167
  .. ..$ S0         : num 0.317
  .. ..$ u          : num [1:3646] -0.0147 -0.0147 -0.0147 -0.0147 -0.0147 ...
  .. ..$ varU       : num 0.104
  .. ..$ uStar      : num [1:6] 0.262 -1.925 -1.009 0.546 0.306 ...
  .. ..$ NamefileOut: chr "X4/ETA_1_varU.dat"
  .. ..$ SD.u       : num [1:3646] 0.312 0.312 0.312 0.312 0.312 ...
  .. ..$ SD.varU    : num 0.112
  ..$ :List of 15
  .. ..$ V          : num [1:3646, 1:2737] 0.408 0 0 0 0 ...
  .. .. ..- attr(*, "dimnames")=List of 2
  .. .. .. ..$ : chr [1:3646] "2020-21_11.107-5" "2020-21_12.90-53" "2020-21_12.93-4" "2020-21_14.37-103" ...
  .. .. .. ..$ : chr [1:2737] "11.107-5" "12.90-53" "12.93-4" "13.27-142" ...
  .. ..$ d          : Named num [1:2737] 6 1 3 1 1 1 1 1 2 1 ...
  .. .. ..- attr(*, "names")= chr [1:2737] "11.107-5" "12.90-53" "12.93-4" "13.27-142" ...
  .. ..$ model      : chr "RKHS"
  .. ..$ Name       : chr "ETA_2"
  .. ..$ tolD       : num 1e-10
  .. ..$ levelsU    : int 2737
  .. ..$ df0        : num 5
  .. ..$ R2         : num 0.167
  .. ..$ S0         : num 145
  .. ..$ u          : num [1:3646] -2.443 0.707 2.389 -2.875 -1.534 ...
  .. ..$ varU       : num 33.2
  .. ..$ uStar      : num [1:2737] -5.984 0.707 4.137 1.289 -2.875 ...
  .. ..$ NamefileOut: chr "X4/ETA_2_varU.dat"
  .. ..$ SD.u       : num [1:3646] 3.35 4.72 4.03 4.91 4.86 ...
  .. ..$ SD.varU    : num 5.92
  ..$ :List of 15
  .. ..$ V          : num [1:3646, 1:576] -0.00189 -0.00645 -0.00703 -0.00832 -0.00916 ...
  .. .. ..- attr(*, "dimnames")=List of 2
  .. .. .. ..$ : chr [1:3646] "2020-21_11.107-5" "2020-21_12.90-53" "2020-21_12.93-4" "2020-21_14.37-103" ...
  .. .. .. ..$ : NULL
  .. ..$ d          : num [1:576] 985 777 402 285 213 ...
  .. ..$ model      : chr "RKHS"
  .. ..$ Name       : chr "ETA_3"
  .. ..$ tolD       : num 1e-10
  .. ..$ levelsU    : int 576
  .. ..$ df0        : num 5
  .. ..$ R2         : num 0.167
  .. ..$ S0         : num 30.5
  .. ..$ u          : num [1:3646] -4.185 -2.948 -7.98 -0.271 -2.913 ...
  .. ..$ varU       : num 255
  .. ..$ uStar      : num [1:576] 240.79 3.91 47.57 138.76 -62.51 ...
  .. ..$ NamefileOut: chr "X4/ETA_3_varU.dat"
  .. ..$ SD.u       : num [1:3646] 2.58 2.25 2.75 2.16 2.35 ...
  .. ..$ SD.varU    : num 63
 - attr(*, "class")= chr "BGLR"
NULL
List of 21
 $ y            : num [1:3646] 0.677 8.594 0.135 -0.135 3.535 ...
 $ a            : NULL
 $ b            : NULL
 $ whichNa      : int [1:1011] 2636 2637 2638 2639 2640 2641 2642 2643 2644 2645 ...
 $ saveAt       : chr "X6/"
 $ nIter        : num 12000
 $ burnIn       : num 2000
 $ thin         : num 5
 $ weights      : num [1:3646] 1 1 1 1 1 1 1 1 1 1 ...
 $ verbose      : logi FALSE
 $ response_type: chr "gaussian"
 $ df0          : num 5
 $ S0           : num 662
 $ yHat         : num [1:3646] 15.8 9.38 13.03 11.39 6.91 ...
 $ SD.yHat      : num [1:3646] 5.07 5.83 5.51 5.85 5.75 ...
 $ mu           : num 17.4
 $ SD.mu        : num 2.06
 $ varE         : num 176
 $ SD.varE      : num 8.77
 $ fit          :List of 4
  ..$ logLikAtPostMean: num -10313
  ..$ postMeanLogLik  : num -10554
  ..$ pD              : num 482
  ..$ DIC             : num 21590
 $ ETA          :List of 3
  ..$ :List of 15
  .. ..$ V          : num [1:3646, 1:6] 0 0 0 0 0 0 0 0 0 0 ...
  .. .. ..- attr(*, "dimnames")=List of 2
  .. .. .. ..$ : chr [1:3646] "2020-21_11.107-5" "2020-21_12.90-53" "2020-21_12.93-4" "2020-21_14.37-103" ...
  .. .. .. ..$ : NULL
  .. ..$ d          : num [1:6] 1011 918 450 447 435 ...
  .. ..$ model      : chr "RKHS"
  .. ..$ Name       : chr "ETA_1"
  .. ..$ tolD       : num 1e-10
  .. ..$ levelsU    : int 6
  .. ..$ df0        : num 5
  .. ..$ R2         : num 0.167
  .. ..$ S0         : num 0.502
  .. ..$ u          : num [1:3646] -0.0179 -0.0179 -0.0179 -0.0179 -0.0179 ...
  .. ..$ varU       : num 0.171
  .. ..$ uStar      : num [1:6] 0.328 0.666 -0.123 -0.567 0.373 ...
  .. ..$ NamefileOut: chr "X6/ETA_1_varU.dat"
  .. ..$ SD.u       : num [1:3646] 0.419 0.419 0.419 0.419 0.419 ...
  .. ..$ SD.varU    : num 0.229
  ..$ :List of 15
  .. ..$ V          : num [1:3646, 1:2737] 0.408 0 0 0 0 ...
  .. .. ..- attr(*, "dimnames")=List of 2
  .. .. .. ..$ : chr [1:3646] "2020-21_11.107-5" "2020-21_12.90-53" "2020-21_12.93-4" "2020-21_14.37-103" ...
  .. .. .. ..$ : chr [1:2737] "11.107-5" "12.90-53" "12.93-4" "13.27-142" ...
  .. ..$ d          : Named num [1:2737] 6 1 3 1 1 1 1 1 2 1 ...
  .. .. ..- attr(*, "names")= chr [1:2737] "11.107-5" "12.90-53" "12.93-4" "13.27-142" ...
  .. ..$ model      : chr "RKHS"
  .. ..$ Name       : chr "ETA_2"
  .. ..$ tolD       : num 1e-10
  .. ..$ levelsU    : int 2737
  .. ..$ df0        : num 5
  .. ..$ R2         : num 0.167
  .. ..$ S0         : num 229
  .. ..$ u          : num [1:3646] 2.2277 0.0462 2.8011 -2.5978 -0.8781 ...
  .. ..$ varU       : num 36.9
  .. ..$ uStar      : num [1:2737] 5.4567 0.0462 4.8516 0.8717 -2.5978 ...
  .. ..$ NamefileOut: chr "X6/ETA_2_varU.dat"
  .. ..$ SD.u       : num [1:3646] 4.42 5.59 4.85 5.57 5.55 ...
  .. ..$ SD.varU    : num 8.07
  ..$ :List of 15
  .. ..$ V          : num [1:3646, 1:576] -0.00189 -0.00645 -0.00703 -0.00832 -0.00916 ...
  .. .. ..- attr(*, "dimnames")=List of 2
  .. .. .. ..$ : chr [1:3646] "2020-21_11.107-5" "2020-21_12.90-53" "2020-21_12.93-4" "2020-21_14.37-103" ...
  .. .. .. ..$ : NULL
  .. ..$ d          : num [1:576] 985 777 402 285 213 ...
  .. ..$ model      : chr "RKHS"
  .. ..$ Name       : chr "ETA_3"
  .. ..$ tolD       : num 1e-10
  .. ..$ levelsU    : int 576
  .. ..$ df0        : num 5
  .. ..$ R2         : num 0.167
  .. ..$ S0         : num 48.2
  .. ..$ u          : num [1:3646] -3.86 -8.1 -7.2 -3.44 -9.64 ...
  .. ..$ varU       : num 242
  .. ..$ uStar      : num [1:576] 59.7 29.9 202.9 120.5 -86.9 ...
  .. ..$ NamefileOut: chr "X6/ETA_3_varU.dat"
  .. ..$ SD.u       : num [1:3646] 3.31 3.08 3.39 2.96 3.22 ...
  .. ..$ SD.varU    : num 60.7
 - attr(*, "class")= chr "BGLR"
NULL
List of 21
 $ y            : num [1:3646] 0.677 8.594 0.135 -0.135 3.535 ...
 $ a            : NULL
 $ b            : NULL
 $ whichNa      : int [1:1011] 2636 2637 2638 2639 2640 2641 2642 2643 2644 2645 ...
 $ saveAt       : chr "X6/"
 $ nIter        : num 12000
 $ burnIn       : num 2000
 $ thin         : num 5
 $ weights      : num [1:3646] 1 1 1 1 1 1 1 1 1 1 ...
 $ verbose      : logi FALSE
 $ response_type: chr "gaussian"
 $ df0          : num 5
 $ S0           : num 662
 $ yHat         : num [1:3646] 15.8 9.38 13.03 11.39 6.91 ...
 $ SD.yHat      : num [1:3646] 5.07 5.83 5.51 5.85 5.75 ...
 $ mu           : num 17.4
 $ SD.mu        : num 2.06
 $ varE         : num 176
 $ SD.varE      : num 8.77
 $ fit          :List of 4
  ..$ logLikAtPostMean: num -10313
  ..$ postMeanLogLik  : num -10554
  ..$ pD              : num 482
  ..$ DIC             : num 21590
 $ ETA          :List of 3
  ..$ :List of 15
  .. ..$ V          : num [1:3646, 1:6] 0 0 0 0 0 0 0 0 0 0 ...
  .. .. ..- attr(*, "dimnames")=List of 2
  .. .. .. ..$ : chr [1:3646] "2020-21_11.107-5" "2020-21_12.90-53" "2020-21_12.93-4" "2020-21_14.37-103" ...
  .. .. .. ..$ : NULL
  .. ..$ d          : num [1:6] 1011 918 450 447 435 ...
  .. ..$ model      : chr "RKHS"
  .. ..$ Name       : chr "ETA_1"
  .. ..$ tolD       : num 1e-10
  .. ..$ levelsU    : int 6
  .. ..$ df0        : num 5
  .. ..$ R2         : num 0.167
  .. ..$ S0         : num 0.502
  .. ..$ u          : num [1:3646] -0.0179 -0.0179 -0.0179 -0.0179 -0.0179 ...
  .. ..$ varU       : num 0.171
  .. ..$ uStar      : num [1:6] 0.328 0.666 -0.123 -0.567 0.373 ...
  .. ..$ NamefileOut: chr "X6/ETA_1_varU.dat"
  .. ..$ SD.u       : num [1:3646] 0.419 0.419 0.419 0.419 0.419 ...
  .. ..$ SD.varU    : num 0.229
  ..$ :List of 15
  .. ..$ V          : num [1:3646, 1:2737] 0.408 0 0 0 0 ...
  .. .. ..- attr(*, "dimnames")=List of 2
  .. .. .. ..$ : chr [1:3646] "2020-21_11.107-5" "2020-21_12.90-53" "2020-21_12.93-4" "2020-21_14.37-103" ...
  .. .. .. ..$ : chr [1:2737] "11.107-5" "12.90-53" "12.93-4" "13.27-142" ...
  .. ..$ d          : Named num [1:2737] 6 1 3 1 1 1 1 1 2 1 ...
  .. .. ..- attr(*, "names")= chr [1:2737] "11.107-5" "12.90-53" "12.93-4" "13.27-142" ...
  .. ..$ model      : chr "RKHS"
  .. ..$ Name       : chr "ETA_2"
  .. ..$ tolD       : num 1e-10
  .. ..$ levelsU    : int 2737
  .. ..$ df0        : num 5
  .. ..$ R2         : num 0.167
  .. ..$ S0         : num 229
  .. ..$ u          : num [1:3646] 2.2277 0.0462 2.8011 -2.5978 -0.8781 ...
  .. ..$ varU       : num 36.9
  .. ..$ uStar      : num [1:2737] 5.4567 0.0462 4.8516 0.8717 -2.5978 ...
  .. ..$ NamefileOut: chr "X6/ETA_2_varU.dat"
  .. ..$ SD.u       : num [1:3646] 4.42 5.59 4.85 5.57 5.55 ...
  .. ..$ SD.varU    : num 8.07
  ..$ :List of 15
  .. ..$ V          : num [1:3646, 1:576] -0.00189 -0.00645 -0.00703 -0.00832 -0.00916 ...
  .. .. ..- attr(*, "dimnames")=List of 2
  .. .. .. ..$ : chr [1:3646] "2020-21_11.107-5" "2020-21_12.90-53" "2020-21_12.93-4" "2020-21_14.37-103" ...
  .. .. .. ..$ : NULL
  .. ..$ d          : num [1:576] 985 777 402 285 213 ...
  .. ..$ model      : chr "RKHS"
  .. ..$ Name       : chr "ETA_3"
  .. ..$ tolD       : num 1e-10
  .. ..$ levelsU    : int 576
  .. ..$ df0        : num 5
  .. ..$ R2         : num 0.167
  .. ..$ S0         : num 48.2
  .. ..$ u          : num [1:3646] -3.86 -8.1 -7.2 -3.44 -9.64 ...
  .. ..$ varU       : num 242
  .. ..$ uStar      : num [1:576] 59.7 29.9 202.9 120.5 -86.9 ...
  .. ..$ NamefileOut: chr "X6/ETA_3_varU.dat"
  .. ..$ SD.u       : num [1:3646] 3.31 3.08 3.39 2.96 3.22 ...
  .. ..$ SD.varU    : num 60.7
 - attr(*, "class")= chr "BGLR"
NULL
List of 21
 $ y            : num [1:3646] -0.573 11.702 0.323 2.302 4.538 ...
 $ a            : NULL
 $ b            : NULL
 $ whichNa      : int [1:1011] 2636 2637 2638 2639 2640 2641 2642 2643 2644 2645 ...
 $ saveAt       : chr "X4/"
 $ nIter        : num 12000
 $ burnIn       : num 2000
 $ thin         : num 5
 $ weights      : num [1:3646] 1 1 1 1 1 1 1 1 1 1 ...
 $ verbose      : logi FALSE
 $ response_type: chr "gaussian"
 $ df0          : num 5
 $ S0           : num 418
 $ yHat         : num [1:3646] 5.35 9.73 6.38 8.83 7.53 ...
 $ SD.yHat      : num [1:3646] 3.91 4.87 4.49 5 5.09 ...
 $ mu           : num 12
 $ SD.mu        : num 1.22
 $ varE         : num 82.8
 $ SD.varE      : num 5.67
 $ fit          :List of 4
  ..$ logLikAtPostMean: num -9185
  ..$ postMeanLogLik  : num -9554
  ..$ pD              : num 737
  ..$ DIC             : num 19845
 $ ETA          :List of 3
  ..$ :List of 15
  .. ..$ V          : num [1:3646, 1:6] 0 0 0 0 0 0 0 0 0 0 ...
  .. .. ..- attr(*, "dimnames")=List of 2
  .. .. .. ..$ : chr [1:3646] "2020-21_11.107-5" "2020-21_12.90-53" "2020-21_12.93-4" "2020-21_14.37-103" ...
  .. .. .. ..$ : NULL
  .. ..$ d          : num [1:6] 1011 918 450 447 435 ...
  .. ..$ model      : chr "RKHS"
  .. ..$ Name       : chr "ETA_1"
  .. ..$ tolD       : num 1e-10
  .. ..$ levelsU    : int 6
  .. ..$ df0        : num 5
  .. ..$ R2         : num 0.167
  .. ..$ S0         : num 0.317
  .. ..$ u          : num [1:3646] -0.0147 -0.0147 -0.0147 -0.0147 -0.0147 ...
  .. ..$ varU       : num 0.104
  .. ..$ uStar      : num [1:6] 0.262 -1.925 -1.009 0.546 0.306 ...
  .. ..$ NamefileOut: chr "X4/ETA_1_varU.dat"
  .. ..$ SD.u       : num [1:3646] 0.312 0.312 0.312 0.312 0.312 ...
  .. ..$ SD.varU    : num 0.112
  ..$ :List of 15
  .. ..$ V          : num [1:3646, 1:2737] 0.408 0 0 0 0 ...
  .. .. ..- attr(*, "dimnames")=List of 2
  .. .. .. ..$ : chr [1:3646] "2020-21_11.107-5" "2020-21_12.90-53" "2020-21_12.93-4" "2020-21_14.37-103" ...
  .. .. .. ..$ : chr [1:2737] "11.107-5" "12.90-53" "12.93-4" "13.27-142" ...
  .. ..$ d          : Named num [1:2737] 6 1 3 1 1 1 1 1 2 1 ...
  .. .. ..- attr(*, "names")= chr [1:2737] "11.107-5" "12.90-53" "12.93-4" "13.27-142" ...
  .. ..$ model      : chr "RKHS"
  .. ..$ Name       : chr "ETA_2"
  .. ..$ tolD       : num 1e-10
  .. ..$ levelsU    : int 2737
  .. ..$ df0        : num 5
  .. ..$ R2         : num 0.167
  .. ..$ S0         : num 145
  .. ..$ u          : num [1:3646] -2.443 0.707 2.389 -2.875 -1.534 ...
  .. ..$ varU       : num 33.2
  .. ..$ uStar      : num [1:2737] -5.984 0.707 4.137 1.289 -2.875 ...
  .. ..$ NamefileOut: chr "X4/ETA_2_varU.dat"
  .. ..$ SD.u       : num [1:3646] 3.35 4.72 4.03 4.91 4.86 ...
  .. ..$ SD.varU    : num 5.92
  ..$ :List of 15
  .. ..$ V          : num [1:3646, 1:576] -0.00189 -0.00645 -0.00703 -0.00832 -0.00916 ...
  .. .. ..- attr(*, "dimnames")=List of 2
  .. .. .. ..$ : chr [1:3646] "2020-21_11.107-5" "2020-21_12.90-53" "2020-21_12.93-4" "2020-21_14.37-103" ...
  .. .. .. ..$ : NULL
  .. ..$ d          : num [1:576] 985 777 402 285 213 ...
  .. ..$ model      : chr "RKHS"
  .. ..$ Name       : chr "ETA_3"
  .. ..$ tolD       : num 1e-10
  .. ..$ levelsU    : int 576
  .. ..$ df0        : num 5
  .. ..$ R2         : num 0.167
  .. ..$ S0         : num 30.5
  .. ..$ u          : num [1:3646] -4.185 -2.948 -7.98 -0.271 -2.913 ...
  .. ..$ varU       : num 255
  .. ..$ uStar      : num [1:576] 240.79 3.91 47.57 138.76 -62.51 ...
  .. ..$ NamefileOut: chr "X4/ETA_3_varU.dat"
  .. ..$ SD.u       : num [1:3646] 2.58 2.25 2.75 2.16 2.35 ...
  .. ..$ SD.varU    : num 63
 - attr(*, "class")= chr "BGLR"
NULL
List of 21
 $ y            : num [1:3646] 0.677 8.594 0.135 -0.135 3.535 ...
 $ a            : NULL
 $ b            : NULL
 $ whichNa      : int [1:1011] 2636 2637 2638 2639 2640 2641 2642 2643 2644 2645 ...
 $ saveAt       : chr "X6/"
 $ nIter        : num 12000
 $ burnIn       : num 2000
 $ thin         : num 5
 $ weights      : num [1:3646] 1 1 1 1 1 1 1 1 1 1 ...
 $ verbose      : logi FALSE
 $ response_type: chr "gaussian"
 $ df0          : num 5
 $ S0           : num 662
 $ yHat         : num [1:3646] 15.8 9.38 13.03 11.39 6.91 ...
 $ SD.yHat      : num [1:3646] 5.07 5.83 5.51 5.85 5.75 ...
 $ mu           : num 17.4
 $ SD.mu        : num 2.06
 $ varE         : num 176
 $ SD.varE      : num 8.77
 $ fit          :List of 4
  ..$ logLikAtPostMean: num -10313
  ..$ postMeanLogLik  : num -10554
  ..$ pD              : num 482
  ..$ DIC             : num 21590
 $ ETA          :List of 3
  ..$ :List of 15
  .. ..$ V          : num [1:3646, 1:6] 0 0 0 0 0 0 0 0 0 0 ...
  .. .. ..- attr(*, "dimnames")=List of 2
  .. .. .. ..$ : chr [1:3646] "2020-21_11.107-5" "2020-21_12.90-53" "2020-21_12.93-4" "2020-21_14.37-103" ...
  .. .. .. ..$ : NULL
  .. ..$ d          : num [1:6] 1011 918 450 447 435 ...
  .. ..$ model      : chr "RKHS"
  .. ..$ Name       : chr "ETA_1"
  .. ..$ tolD       : num 1e-10
  .. ..$ levelsU    : int 6
  .. ..$ df0        : num 5
  .. ..$ R2         : num 0.167
  .. ..$ S0         : num 0.502
  .. ..$ u          : num [1:3646] -0.0179 -0.0179 -0.0179 -0.0179 -0.0179 ...
  .. ..$ varU       : num 0.171
  .. ..$ uStar      : num [1:6] 0.328 0.666 -0.123 -0.567 0.373 ...
  .. ..$ NamefileOut: chr "X6/ETA_1_varU.dat"
  .. ..$ SD.u       : num [1:3646] 0.419 0.419 0.419 0.419 0.419 ...
  .. ..$ SD.varU    : num 0.229
  ..$ :List of 15
  .. ..$ V          : num [1:3646, 1:2737] 0.408 0 0 0 0 ...
  .. .. ..- attr(*, "dimnames")=List of 2
  .. .. .. ..$ : chr [1:3646] "2020-21_11.107-5" "2020-21_12.90-53" "2020-21_12.93-4" "2020-21_14.37-103" ...
  .. .. .. ..$ : chr [1:2737] "11.107-5" "12.90-53" "12.93-4" "13.27-142" ...
  .. ..$ d          : Named num [1:2737] 6 1 3 1 1 1 1 1 2 1 ...
  .. .. ..- attr(*, "names")= chr [1:2737] "11.107-5" "12.90-53" "12.93-4" "13.27-142" ...
  .. ..$ model      : chr "RKHS"
  .. ..$ Name       : chr "ETA_2"
  .. ..$ tolD       : num 1e-10
  .. ..$ levelsU    : int 2737
  .. ..$ df0        : num 5
  .. ..$ R2         : num 0.167
  .. ..$ S0         : num 229
  .. ..$ u          : num [1:3646] 2.2277 0.0462 2.8011 -2.5978 -0.8781 ...
  .. ..$ varU       : num 36.9
  .. ..$ uStar      : num [1:2737] 5.4567 0.0462 4.8516 0.8717 -2.5978 ...
  .. ..$ NamefileOut: chr "X6/ETA_2_varU.dat"
  .. ..$ SD.u       : num [1:3646] 4.42 5.59 4.85 5.57 5.55 ...
  .. ..$ SD.varU    : num 8.07
  ..$ :List of 15
  .. ..$ V          : num [1:3646, 1:576] -0.00189 -0.00645 -0.00703 -0.00832 -0.00916 ...
  .. .. ..- attr(*, "dimnames")=List of 2
  .. .. .. ..$ : chr [1:3646] "2020-21_11.107-5" "2020-21_12.90-53" "2020-21_12.93-4" "2020-21_14.37-103" ...
  .. .. .. ..$ : NULL
  .. ..$ d          : num [1:576] 985 777 402 285 213 ...
  .. ..$ model      : chr "RKHS"
  .. ..$ Name       : chr "ETA_3"
  .. ..$ tolD       : num 1e-10
  .. ..$ levelsU    : int 576
  .. ..$ df0        : num 5
  .. ..$ R2         : num 0.167
  .. ..$ S0         : num 48.2
  .. ..$ u          : num [1:3646] -3.86 -8.1 -7.2 -3.44 -9.64 ...
  .. ..$ varU       : num 242
  .. ..$ uStar      : num [1:576] 59.7 29.9 202.9 120.5 -86.9 ...
  .. ..$ NamefileOut: chr "X6/ETA_3_varU.dat"
  .. ..$ SD.u       : num [1:3646] 3.31 3.08 3.39 2.96 3.22 ...
  .. ..$ SD.varU    : num 60.7
 - attr(*, "class")= chr "BGLR"
NULL
List of 21
 $ y            : num [1:3646] 0.677 8.594 0.135 -0.135 3.535 ...
 $ a            : NULL
 $ b            : NULL
 $ whichNa      : int [1:1011] 2636 2637 2638 2639 2640 2641 2642 2643 2644 2645 ...
 $ saveAt       : chr "X6/"
 $ nIter        : num 12000
 $ burnIn       : num 2000
 $ thin         : num 5
 $ weights      : num [1:3646] 1 1 1 1 1 1 1 1 1 1 ...
 $ verbose      : logi FALSE
 $ response_type: chr "gaussian"
 $ df0          : num 5
 $ S0           : num 662
 $ yHat         : num [1:3646] 15.8 9.38 13.03 11.39 6.91 ...
 $ SD.yHat      : num [1:3646] 5.07 5.83 5.51 5.85 5.75 ...
 $ mu           : num 17.4
 $ SD.mu        : num 2.06
 $ varE         : num 176
 $ SD.varE      : num 8.77
 $ fit          :List of 4
  ..$ logLikAtPostMean: num -10313
  ..$ postMeanLogLik  : num -10554
  ..$ pD              : num 482
  ..$ DIC             : num 21590
 $ ETA          :List of 3
  ..$ :List of 15
  .. ..$ V          : num [1:3646, 1:6] 0 0 0 0 0 0 0 0 0 0 ...
  .. .. ..- attr(*, "dimnames")=List of 2
  .. .. .. ..$ : chr [1:3646] "2020-21_11.107-5" "2020-21_12.90-53" "2020-21_12.93-4" "2020-21_14.37-103" ...
  .. .. .. ..$ : NULL
  .. ..$ d          : num [1:6] 1011 918 450 447 435 ...
  .. ..$ model      : chr "RKHS"
  .. ..$ Name       : chr "ETA_1"
  .. ..$ tolD       : num 1e-10
  .. ..$ levelsU    : int 6
  .. ..$ df0        : num 5
  .. ..$ R2         : num 0.167
  .. ..$ S0         : num 0.502
  .. ..$ u          : num [1:3646] -0.0179 -0.0179 -0.0179 -0.0179 -0.0179 ...
  .. ..$ varU       : num 0.171
  .. ..$ uStar      : num [1:6] 0.328 0.666 -0.123 -0.567 0.373 ...
  .. ..$ NamefileOut: chr "X6/ETA_1_varU.dat"
  .. ..$ SD.u       : num [1:3646] 0.419 0.419 0.419 0.419 0.419 ...
  .. ..$ SD.varU    : num 0.229
  ..$ :List of 15
  .. ..$ V          : num [1:3646, 1:2737] 0.408 0 0 0 0 ...
  .. .. ..- attr(*, "dimnames")=List of 2
  .. .. .. ..$ : chr [1:3646] "2020-21_11.107-5" "2020-21_12.90-53" "2020-21_12.93-4" "2020-21_14.37-103" ...
  .. .. .. ..$ : chr [1:2737] "11.107-5" "12.90-53" "12.93-4" "13.27-142" ...
  .. ..$ d          : Named num [1:2737] 6 1 3 1 1 1 1 1 2 1 ...
  .. .. ..- attr(*, "names")= chr [1:2737] "11.107-5" "12.90-53" "12.93-4" "13.27-142" ...
  .. ..$ model      : chr "RKHS"
  .. ..$ Name       : chr "ETA_2"
  .. ..$ tolD       : num 1e-10
  .. ..$ levelsU    : int 2737
  .. ..$ df0        : num 5
  .. ..$ R2         : num 0.167
  .. ..$ S0         : num 229
  .. ..$ u          : num [1:3646] 2.2277 0.0462 2.8011 -2.5978 -0.8781 ...
  .. ..$ varU       : num 36.9
  .. ..$ uStar      : num [1:2737] 5.4567 0.0462 4.8516 0.8717 -2.5978 ...
  .. ..$ NamefileOut: chr "X6/ETA_2_varU.dat"
  .. ..$ SD.u       : num [1:3646] 4.42 5.59 4.85 5.57 5.55 ...
  .. ..$ SD.varU    : num 8.07
  ..$ :List of 15
  .. ..$ V          : num [1:3646, 1:576] -0.00189 -0.00645 -0.00703 -0.00832 -0.00916 ...
  .. .. ..- attr(*, "dimnames")=List of 2
  .. .. .. ..$ : chr [1:3646] "2020-21_11.107-5" "2020-21_12.90-53" "2020-21_12.93-4" "2020-21_14.37-103" ...
  .. .. .. ..$ : NULL
  .. ..$ d          : num [1:576] 985 777 402 285 213 ...
  .. ..$ model      : chr "RKHS"
  .. ..$ Name       : chr "ETA_3"
  .. ..$ tolD       : num 1e-10
  .. ..$ levelsU    : int 576
  .. ..$ df0        : num 5
  .. ..$ R2         : num 0.167
  .. ..$ S0         : num 48.2
  .. ..$ u          : num [1:3646] -3.86 -8.1 -7.2 -3.44 -9.64 ...
  .. ..$ varU       : num 242
  .. ..$ uStar      : num [1:576] 59.7 29.9 202.9 120.5 -86.9 ...
  .. ..$ NamefileOut: chr "X6/ETA_3_varU.dat"
  .. ..$ SD.u       : num [1:3646] 3.31 3.08 3.39 2.96 3.22 ...
  .. ..$ SD.varU    : num 60.7
 - attr(*, "class")= chr "BGLR"
NULL
List of 21
 $ y            : num [1:3646] 3.728 6.443 -0.136 23.068 12.176 ...
 $ a            : NULL
 $ b            : NULL
 $ whichNa      : int [1:1011] 2636 2637 2638 2639 2640 2641 2642 2643 2644 2645 ...
 $ saveAt       : chr "X5/"
 $ nIter        : num 12000
 $ burnIn       : num 2000
 $ thin         : num 5
 $ weights      : num [1:3646] 1 1 1 1 1 1 1 1 1 1 ...
 $ verbose      : logi FALSE
 $ response_type: chr "gaussian"
 $ df0          : num 5
 $ S0           : num 556
 $ yHat         : num [1:3646] 10.25 10.9 4.03 16.03 10.13 ...
 $ SD.yHat      : num [1:3646] 4.25 4.83 4.64 4.76 4.89 ...
 $ mu           : num 12.8
 $ SD.mu        : num 1.48
 $ varE         : num 145
 $ SD.varE      : num 7.02
 $ fit          :List of 4
  ..$ logLikAtPostMean: num -10086
  ..$ postMeanLogLik  : num -10294
  ..$ pD              : num 416
  ..$ DIC             : num 21004
 $ ETA          :List of 3
  ..$ :List of 15
  .. ..$ V          : num [1:3646, 1:6] 0 0 0 0 0 0 0 0 0 0 ...
  .. .. ..- attr(*, "dimnames")=List of 2
  .. .. .. ..$ : chr [1:3646] "2020-21_11.107-5" "2020-21_12.90-53" "2020-21_12.93-4" "2020-21_14.37-103" ...
  .. .. .. ..$ : NULL
  .. ..$ d          : num [1:6] 1011 918 450 447 435 ...
  .. ..$ model      : chr "RKHS"
  .. ..$ Name       : chr "ETA_1"
  .. ..$ tolD       : num 1e-10
  .. ..$ levelsU    : int 6
  .. ..$ df0        : num 5
  .. ..$ R2         : num 0.167
  .. ..$ S0         : num 0.422
  .. ..$ u          : num [1:3646] -0.0111 -0.0111 -0.0111 -0.0111 -0.0111 ...
  .. ..$ varU       : num 0.143
  .. ..$ uStar      : num [1:6] -0.857 0.223 -1.513 0.957 0.233 ...
  .. ..$ NamefileOut: chr "X5/ETA_1_varU.dat"
  .. ..$ SD.u       : num [1:3646] 0.379 0.379 0.379 0.379 0.379 ...
  .. ..$ SD.varU    : num 0.215
  ..$ :List of 15
  .. ..$ V          : num [1:3646, 1:2737] 0.408 0 0 0 0 ...
  .. .. ..- attr(*, "dimnames")=List of 2
  .. .. .. ..$ : chr [1:3646] "2020-21_11.107-5" "2020-21_12.90-53" "2020-21_12.93-4" "2020-21_14.37-103" ...
  .. .. .. ..$ : chr [1:2737] "11.107-5" "12.90-53" "12.93-4" "13.27-142" ...
  .. ..$ d          : Named num [1:2737] 6 1 3 1 1 1 1 1 2 1 ...
  .. .. ..- attr(*, "names")= chr [1:2737] "11.107-5" "12.90-53" "12.93-4" "13.27-142" ...
  .. ..$ model      : chr "RKHS"
  .. ..$ Name       : chr "ETA_2"
  .. ..$ tolD       : num 1e-10
  .. ..$ levelsU    : int 2737
  .. ..$ df0        : num 5
  .. ..$ R2         : num 0.167
  .. ..$ S0         : num 193
  .. ..$ u          : num [1:3646] 0.36 -0.84 -3.186 1.277 0.272 ...
  .. ..$ varU       : num 23.9
  .. ..$ uStar      : num [1:2737] 0.881 -0.84 -5.518 1.901 1.277 ...
  .. ..$ NamefileOut: chr "X5/ETA_2_varU.dat"
  .. ..$ SD.u       : num [1:3646] 3.63 4.54 3.96 4.48 4.58 ...
  .. ..$ SD.varU    : num 6.06
  ..$ :List of 15
  .. ..$ V          : num [1:3646, 1:576] -0.00189 -0.00645 -0.00703 -0.00832 -0.00916 ...
  .. .. ..- attr(*, "dimnames")=List of 2
  .. .. .. ..$ : chr [1:3646] "2020-21_11.107-5" "2020-21_12.90-53" "2020-21_12.93-4" "2020-21_14.37-103" ...
  .. .. .. ..$ : NULL
  .. ..$ d          : num [1:576] 985 777 402 285 213 ...
  .. ..$ model      : chr "RKHS"
  .. ..$ Name       : chr "ETA_3"
  .. ..$ tolD       : num 1e-10
  .. ..$ levelsU    : int 576
  .. ..$ df0        : num 5
  .. ..$ R2         : num 0.167
  .. ..$ S0         : num 40.5
  .. ..$ u          : num [1:3646] -2.89 -1.04 -5.56 1.97 -2.92 ...
  .. ..$ varU       : num 206
  .. ..$ uStar      : num [1:576] 152.2 18.9 18.7 234.3 -90.8 ...
  .. ..$ NamefileOut: chr "X5/ETA_3_varU.dat"
  .. ..$ SD.u       : num [1:3646] 2.86 2.57 2.9 2.47 2.69 ...
  .. ..$ SD.varU    : num 47.3
 - attr(*, "class")= chr "BGLR"
NULL
List of 21
 $ y            : num [1:3646] 3.728 6.443 -0.136 23.068 12.176 ...
 $ a            : NULL
 $ b            : NULL
 $ whichNa      : int [1:1011] 2636 2637 2638 2639 2640 2641 2642 2643 2644 2645 ...
 $ saveAt       : chr "X5/"
 $ nIter        : num 12000
 $ burnIn       : num 2000
 $ thin         : num 5
 $ weights      : num [1:3646] 1 1 1 1 1 1 1 1 1 1 ...
 $ verbose      : logi FALSE
 $ response_type: chr "gaussian"
 $ df0          : num 5
 $ S0           : num 556
 $ yHat         : num [1:3646] 10.25 10.9 4.03 16.03 10.13 ...
 $ SD.yHat      : num [1:3646] 4.25 4.83 4.64 4.76 4.89 ...
 $ mu           : num 12.8
 $ SD.mu        : num 1.48
 $ varE         : num 145
 $ SD.varE      : num 7.02
 $ fit          :List of 4
  ..$ logLikAtPostMean: num -10086
  ..$ postMeanLogLik  : num -10294
  ..$ pD              : num 416
  ..$ DIC             : num 21004
 $ ETA          :List of 3
  ..$ :List of 15
  .. ..$ V          : num [1:3646, 1:6] 0 0 0 0 0 0 0 0 0 0 ...
  .. .. ..- attr(*, "dimnames")=List of 2
  .. .. .. ..$ : chr [1:3646] "2020-21_11.107-5" "2020-21_12.90-53" "2020-21_12.93-4" "2020-21_14.37-103" ...
  .. .. .. ..$ : NULL
  .. ..$ d          : num [1:6] 1011 918 450 447 435 ...
  .. ..$ model      : chr "RKHS"
  .. ..$ Name       : chr "ETA_1"
  .. ..$ tolD       : num 1e-10
  .. ..$ levelsU    : int 6
  .. ..$ df0        : num 5
  .. ..$ R2         : num 0.167
  .. ..$ S0         : num 0.422
  .. ..$ u          : num [1:3646] -0.0111 -0.0111 -0.0111 -0.0111 -0.0111 ...
  .. ..$ varU       : num 0.143
  .. ..$ uStar      : num [1:6] -0.857 0.223 -1.513 0.957 0.233 ...
  .. ..$ NamefileOut: chr "X5/ETA_1_varU.dat"
  .. ..$ SD.u       : num [1:3646] 0.379 0.379 0.379 0.379 0.379 ...
  .. ..$ SD.varU    : num 0.215
  ..$ :List of 15
  .. ..$ V          : num [1:3646, 1:2737] 0.408 0 0 0 0 ...
  .. .. ..- attr(*, "dimnames")=List of 2
  .. .. .. ..$ : chr [1:3646] "2020-21_11.107-5" "2020-21_12.90-53" "2020-21_12.93-4" "2020-21_14.37-103" ...
  .. .. .. ..$ : chr [1:2737] "11.107-5" "12.90-53" "12.93-4" "13.27-142" ...
  .. ..$ d          : Named num [1:2737] 6 1 3 1 1 1 1 1 2 1 ...
  .. .. ..- attr(*, "names")= chr [1:2737] "11.107-5" "12.90-53" "12.93-4" "13.27-142" ...
  .. ..$ model      : chr "RKHS"
  .. ..$ Name       : chr "ETA_2"
  .. ..$ tolD       : num 1e-10
  .. ..$ levelsU    : int 2737
  .. ..$ df0        : num 5
  .. ..$ R2         : num 0.167
  .. ..$ S0         : num 193
  .. ..$ u          : num [1:3646] 0.36 -0.84 -3.186 1.277 0.272 ...
  .. ..$ varU       : num 23.9
  .. ..$ uStar      : num [1:2737] 0.881 -0.84 -5.518 1.901 1.277 ...
  .. ..$ NamefileOut: chr "X5/ETA_2_varU.dat"
  .. ..$ SD.u       : num [1:3646] 3.63 4.54 3.96 4.48 4.58 ...
  .. ..$ SD.varU    : num 6.06
  ..$ :List of 15
  .. ..$ V          : num [1:3646, 1:576] -0.00189 -0.00645 -0.00703 -0.00832 -0.00916 ...
  .. .. ..- attr(*, "dimnames")=List of 2
  .. .. .. ..$ : chr [1:3646] "2020-21_11.107-5" "2020-21_12.90-53" "2020-21_12.93-4" "2020-21_14.37-103" ...
  .. .. .. ..$ : NULL
  .. ..$ d          : num [1:576] 985 777 402 285 213 ...
  .. ..$ model      : chr "RKHS"
  .. ..$ Name       : chr "ETA_3"
  .. ..$ tolD       : num 1e-10
  .. ..$ levelsU    : int 576
  .. ..$ df0        : num 5
  .. ..$ R2         : num 0.167
  .. ..$ S0         : num 40.5
  .. ..$ u          : num [1:3646] -2.89 -1.04 -5.56 1.97 -2.92 ...
  .. ..$ varU       : num 206
  .. ..$ uStar      : num [1:576] 152.2 18.9 18.7 234.3 -90.8 ...
  .. ..$ NamefileOut: chr "X5/ETA_3_varU.dat"
  .. ..$ SD.u       : num [1:3646] 2.86 2.57 2.9 2.47 2.69 ...
  .. ..$ SD.varU    : num 47.3
 - attr(*, "class")= chr "BGLR"
NULL
List of 21
 $ y            : num [1:3646] 3.728 6.443 -0.136 23.068 12.176 ...
 $ a            : NULL
 $ b            : NULL
 $ whichNa      : int [1:1011] 2636 2637 2638 2639 2640 2641 2642 2643 2644 2645 ...
 $ saveAt       : chr "X5/"
 $ nIter        : num 12000
 $ burnIn       : num 2000
 $ thin         : num 5
 $ weights      : num [1:3646] 1 1 1 1 1 1 1 1 1 1 ...
 $ verbose      : logi FALSE
 $ response_type: chr "gaussian"
 $ df0          : num 5
 $ S0           : num 556
 $ yHat         : num [1:3646] 10.25 10.9 4.03 16.03 10.13 ...
 $ SD.yHat      : num [1:3646] 4.25 4.83 4.64 4.76 4.89 ...
 $ mu           : num 12.8
 $ SD.mu        : num 1.48
 $ varE         : num 145
 $ SD.varE      : num 7.02
 $ fit          :List of 4
  ..$ logLikAtPostMean: num -10086
  ..$ postMeanLogLik  : num -10294
  ..$ pD              : num 416
  ..$ DIC             : num 21004
 $ ETA          :List of 3
  ..$ :List of 15
  .. ..$ V          : num [1:3646, 1:6] 0 0 0 0 0 0 0 0 0 0 ...
  .. .. ..- attr(*, "dimnames")=List of 2
  .. .. .. ..$ : chr [1:3646] "2020-21_11.107-5" "2020-21_12.90-53" "2020-21_12.93-4" "2020-21_14.37-103" ...
  .. .. .. ..$ : NULL
  .. ..$ d          : num [1:6] 1011 918 450 447 435 ...
  .. ..$ model      : chr "RKHS"
  .. ..$ Name       : chr "ETA_1"
  .. ..$ tolD       : num 1e-10
  .. ..$ levelsU    : int 6
  .. ..$ df0        : num 5
  .. ..$ R2         : num 0.167
  .. ..$ S0         : num 0.422
  .. ..$ u          : num [1:3646] -0.0111 -0.0111 -0.0111 -0.0111 -0.0111 ...
  .. ..$ varU       : num 0.143
  .. ..$ uStar      : num [1:6] -0.857 0.223 -1.513 0.957 0.233 ...
  .. ..$ NamefileOut: chr "X5/ETA_1_varU.dat"
  .. ..$ SD.u       : num [1:3646] 0.379 0.379 0.379 0.379 0.379 ...
  .. ..$ SD.varU    : num 0.215
  ..$ :List of 15
  .. ..$ V          : num [1:3646, 1:2737] 0.408 0 0 0 0 ...
  .. .. ..- attr(*, "dimnames")=List of 2
  .. .. .. ..$ : chr [1:3646] "2020-21_11.107-5" "2020-21_12.90-53" "2020-21_12.93-4" "2020-21_14.37-103" ...
  .. .. .. ..$ : chr [1:2737] "11.107-5" "12.90-53" "12.93-4" "13.27-142" ...
  .. ..$ d          : Named num [1:2737] 6 1 3 1 1 1 1 1 2 1 ...
  .. .. ..- attr(*, "names")= chr [1:2737] "11.107-5" "12.90-53" "12.93-4" "13.27-142" ...
  .. ..$ model      : chr "RKHS"
  .. ..$ Name       : chr "ETA_2"
  .. ..$ tolD       : num 1e-10
  .. ..$ levelsU    : int 2737
  .. ..$ df0        : num 5
  .. ..$ R2         : num 0.167
  .. ..$ S0         : num 193
  .. ..$ u          : num [1:3646] 0.36 -0.84 -3.186 1.277 0.272 ...
  .. ..$ varU       : num 23.9
  .. ..$ uStar      : num [1:2737] 0.881 -0.84 -5.518 1.901 1.277 ...
  .. ..$ NamefileOut: chr "X5/ETA_2_varU.dat"
  .. ..$ SD.u       : num [1:3646] 3.63 4.54 3.96 4.48 4.58 ...
  .. ..$ SD.varU    : num 6.06
  ..$ :List of 15
  .. ..$ V          : num [1:3646, 1:576] -0.00189 -0.00645 -0.00703 -0.00832 -0.00916 ...
  .. .. ..- attr(*, "dimnames")=List of 2
  .. .. .. ..$ : chr [1:3646] "2020-21_11.107-5" "2020-21_12.90-53" "2020-21_12.93-4" "2020-21_14.37-103" ...
  .. .. .. ..$ : NULL
  .. ..$ d          : num [1:576] 985 777 402 285 213 ...
  .. ..$ model      : chr "RKHS"
  .. ..$ Name       : chr "ETA_3"
  .. ..$ tolD       : num 1e-10
  .. ..$ levelsU    : int 576
  .. ..$ df0        : num 5
  .. ..$ R2         : num 0.167
  .. ..$ S0         : num 40.5
  .. ..$ u          : num [1:3646] -2.89 -1.04 -5.56 1.97 -2.92 ...
  .. ..$ varU       : num 206
  .. ..$ uStar      : num [1:576] 152.2 18.9 18.7 234.3 -90.8 ...
  .. ..$ NamefileOut: chr "X5/ETA_3_varU.dat"
  .. ..$ SD.u       : num [1:3646] 2.86 2.57 2.9 2.47 2.69 ...
  .. ..$ SD.varU    : num 47.3
 - attr(*, "class")= chr "BGLR"
NULL
List of 21
 $ y            : num [1:3646] 34.557 32 37.708 62.27 0.585 ...
 $ a            : NULL
 $ b            : NULL
 $ whichNa      : int [1:1011] 2636 2637 2638 2639 2640 2641 2642 2643 2644 2645 ...
 $ saveAt       : chr "X7/"
 $ nIter        : num 12000
 $ burnIn       : num 2000
 $ thin         : num 5
 $ weights      : num [1:3646] 1 1 1 1 1 1 1 1 1 1 ...
 $ verbose      : logi FALSE
 $ response_type: chr "gaussian"
 $ df0          : num 5
 $ S0           : num 1094
 $ yHat         : num [1:3646] 32.1 19 24.3 26.6 10.7 ...
 $ SD.yHat      : num [1:3646] 6.15 6.8 6.87 6.84 6.75 ...
 $ mu           : num 24.6
 $ SD.mu        : num 2.6
 $ varE         : num 288
 $ SD.varE      : num 13.7
 $ fit          :List of 4
  ..$ logLikAtPostMean: num -10989
  ..$ postMeanLogLik  : num -11198
  ..$ pD              : num 419
  ..$ DIC             : num 22816
 $ ETA          :List of 3
  ..$ :List of 15
  .. ..$ V          : num [1:3646, 1:6] 0 0 0 0 0 0 0 0 0 0 ...
  .. .. ..- attr(*, "dimnames")=List of 2
  .. .. .. ..$ : chr [1:3646] "2020-21_11.107-5" "2020-21_12.90-53" "2020-21_12.93-4" "2020-21_14.37-103" ...
  .. .. .. ..$ : NULL
  .. ..$ d          : num [1:6] 1011 918 450 447 435 ...
  .. ..$ model      : chr "RKHS"
  .. ..$ Name       : chr "ETA_1"
  .. ..$ tolD       : num 1e-10
  .. ..$ levelsU    : int 6
  .. ..$ df0        : num 5
  .. ..$ R2         : num 0.167
  .. ..$ S0         : num 0.831
  .. ..$ u          : num [1:3646] 0.0019 0.0019 0.0019 0.0019 0.0019 ...
  .. ..$ varU       : num 0.296
  .. ..$ uStar      : num [1:6] 0.29029 2.6112 -0.00839 -1.48962 -0.03967 ...
  .. ..$ NamefileOut: chr "X7/ETA_1_varU.dat"
  .. ..$ SD.u       : num [1:3646] 0.545 0.545 0.545 0.545 0.545 ...
  .. ..$ SD.varU    : num 0.417
  ..$ :List of 15
  .. ..$ V          : num [1:3646, 1:2737] 0.408 0 0 0 0 ...
  .. .. ..- attr(*, "dimnames")=List of 2
  .. .. .. ..$ : chr [1:3646] "2020-21_11.107-5" "2020-21_12.90-53" "2020-21_12.93-4" "2020-21_14.37-103" ...
  .. .. .. ..$ : chr [1:2737] "11.107-5" "12.90-53" "12.93-4" "13.27-142" ...
  .. ..$ d          : Named num [1:2737] 6 1 3 1 1 1 1 1 2 1 ...
  .. .. ..- attr(*, "names")= chr [1:2737] "11.107-5" "12.90-53" "12.93-4" "13.27-142" ...
  .. ..$ model      : chr "RKHS"
  .. ..$ Name       : chr "ETA_2"
  .. ..$ tolD       : num 1e-10
  .. ..$ levelsU    : int 2737
  .. ..$ df0        : num 5
  .. ..$ R2         : num 0.167
  .. ..$ S0         : num 379
  .. ..$ u          : num [1:3646] 6.75 2.11 8.2 5.41 -1.24 ...
  .. ..$ varU       : num 44.6
  .. ..$ uStar      : num [1:2737] 16.52 2.11 14.2 1.73 5.41 ...
  .. ..$ NamefileOut: chr "X7/ETA_2_varU.dat"
  .. ..$ SD.u       : num [1:3646] 4.99 6.29 5.8 6.35 6.19 ...
  .. ..$ SD.varU    : num 11.7
  ..$ :List of 15
  .. ..$ V          : num [1:3646, 1:576] -0.00189 -0.00645 -0.00703 -0.00832 -0.00916 ...
  .. .. ..- attr(*, "dimnames")=List of 2
  .. .. .. ..$ : chr [1:3646] "2020-21_11.107-5" "2020-21_12.90-53" "2020-21_12.93-4" "2020-21_14.37-103" ...
  .. .. .. ..$ : NULL
  .. ..$ d          : num [1:576] 985 777 402 285 213 ...
  .. ..$ model      : chr "RKHS"
  .. ..$ Name       : chr "ETA_3"
  .. ..$ tolD       : num 1e-10
  .. ..$ levelsU    : int 576
  .. ..$ df0        : num 5
  .. ..$ R2         : num 0.167
  .. ..$ S0         : num 79.8
  .. ..$ u          : num [1:3646] 0.739 -7.687 -8.54 -3.365 -12.704 ...
  .. ..$ varU       : num 729
  .. ..$ uStar      : num [1:576] -10.1 98 221.5 310.7 -136.8 ...
  .. ..$ NamefileOut: chr "X7/ETA_3_varU.dat"
  .. ..$ SD.u       : num [1:3646] 4.43 4.19 4.7 3.95 4.31 ...
  .. ..$ SD.varU    : num 176
 - attr(*, "class")= chr "BGLR"
NULL
List of 21
 $ y            : num [1:3646] 34.557 32 37.708 62.27 0.585 ...
 $ a            : NULL
 $ b            : NULL
 $ whichNa      : int [1:1011] 2636 2637 2638 2639 2640 2641 2642 2643 2644 2645 ...
 $ saveAt       : chr "X7/"
 $ nIter        : num 12000
 $ burnIn       : num 2000
 $ thin         : num 5
 $ weights      : num [1:3646] 1 1 1 1 1 1 1 1 1 1 ...
 $ verbose      : logi FALSE
 $ response_type: chr "gaussian"
 $ df0          : num 5
 $ S0           : num 1094
 $ yHat         : num [1:3646] 32.1 19 24.3 26.6 10.7 ...
 $ SD.yHat      : num [1:3646] 6.15 6.8 6.87 6.84 6.75 ...
 $ mu           : num 24.6
 $ SD.mu        : num 2.6
 $ varE         : num 288
 $ SD.varE      : num 13.7
 $ fit          :List of 4
  ..$ logLikAtPostMean: num -10989
  ..$ postMeanLogLik  : num -11198
  ..$ pD              : num 419
  ..$ DIC             : num 22816
 $ ETA          :List of 3
  ..$ :List of 15
  .. ..$ V          : num [1:3646, 1:6] 0 0 0 0 0 0 0 0 0 0 ...
  .. .. ..- attr(*, "dimnames")=List of 2
  .. .. .. ..$ : chr [1:3646] "2020-21_11.107-5" "2020-21_12.90-53" "2020-21_12.93-4" "2020-21_14.37-103" ...
  .. .. .. ..$ : NULL
  .. ..$ d          : num [1:6] 1011 918 450 447 435 ...
  .. ..$ model      : chr "RKHS"
  .. ..$ Name       : chr "ETA_1"
  .. ..$ tolD       : num 1e-10
  .. ..$ levelsU    : int 6
  .. ..$ df0        : num 5
  .. ..$ R2         : num 0.167
  .. ..$ S0         : num 0.831
  .. ..$ u          : num [1:3646] 0.0019 0.0019 0.0019 0.0019 0.0019 ...
  .. ..$ varU       : num 0.296
  .. ..$ uStar      : num [1:6] 0.29029 2.6112 -0.00839 -1.48962 -0.03967 ...
  .. ..$ NamefileOut: chr "X7/ETA_1_varU.dat"
  .. ..$ SD.u       : num [1:3646] 0.545 0.545 0.545 0.545 0.545 ...
  .. ..$ SD.varU    : num 0.417
  ..$ :List of 15
  .. ..$ V          : num [1:3646, 1:2737] 0.408 0 0 0 0 ...
  .. .. ..- attr(*, "dimnames")=List of 2
  .. .. .. ..$ : chr [1:3646] "2020-21_11.107-5" "2020-21_12.90-53" "2020-21_12.93-4" "2020-21_14.37-103" ...
  .. .. .. ..$ : chr [1:2737] "11.107-5" "12.90-53" "12.93-4" "13.27-142" ...
  .. ..$ d          : Named num [1:2737] 6 1 3 1 1 1 1 1 2 1 ...
  .. .. ..- attr(*, "names")= chr [1:2737] "11.107-5" "12.90-53" "12.93-4" "13.27-142" ...
  .. ..$ model      : chr "RKHS"
  .. ..$ Name       : chr "ETA_2"
  .. ..$ tolD       : num 1e-10
  .. ..$ levelsU    : int 2737
  .. ..$ df0        : num 5
  .. ..$ R2         : num 0.167
  .. ..$ S0         : num 379
  .. ..$ u          : num [1:3646] 6.75 2.11 8.2 5.41 -1.24 ...
  .. ..$ varU       : num 44.6
  .. ..$ uStar      : num [1:2737] 16.52 2.11 14.2 1.73 5.41 ...
  .. ..$ NamefileOut: chr "X7/ETA_2_varU.dat"
  .. ..$ SD.u       : num [1:3646] 4.99 6.29 5.8 6.35 6.19 ...
  .. ..$ SD.varU    : num 11.7
  ..$ :List of 15
  .. ..$ V          : num [1:3646, 1:576] -0.00189 -0.00645 -0.00703 -0.00832 -0.00916 ...
  .. .. ..- attr(*, "dimnames")=List of 2
  .. .. .. ..$ : chr [1:3646] "2020-21_11.107-5" "2020-21_12.90-53" "2020-21_12.93-4" "2020-21_14.37-103" ...
  .. .. .. ..$ : NULL
  .. ..$ d          : num [1:576] 985 777 402 285 213 ...
  .. ..$ model      : chr "RKHS"
  .. ..$ Name       : chr "ETA_3"
  .. ..$ tolD       : num 1e-10
  .. ..$ levelsU    : int 576
  .. ..$ df0        : num 5
  .. ..$ R2         : num 0.167
  .. ..$ S0         : num 79.8
  .. ..$ u          : num [1:3646] 0.739 -7.687 -8.54 -3.365 -12.704 ...
  .. ..$ varU       : num 729
  .. ..$ uStar      : num [1:576] -10.1 98 221.5 310.7 -136.8 ...
  .. ..$ NamefileOut: chr "X7/ETA_3_varU.dat"
  .. ..$ SD.u       : num [1:3646] 4.43 4.19 4.7 3.95 4.31 ...
  .. ..$ SD.varU    : num 176
 - attr(*, "class")= chr "BGLR"
NULL
List of 21
 $ y            : num [1:3646] 3.728 6.443 -0.136 23.068 12.176 ...
 $ a            : NULL
 $ b            : NULL
 $ whichNa      : int [1:1011] 2636 2637 2638 2639 2640 2641 2642 2643 2644 2645 ...
 $ saveAt       : chr "X5/"
 $ nIter        : num 12000
 $ burnIn       : num 2000
 $ thin         : num 5
 $ weights      : num [1:3646] 1 1 1 1 1 1 1 1 1 1 ...
 $ verbose      : logi FALSE
 $ response_type: chr "gaussian"
 $ df0          : num 5
 $ S0           : num 556
 $ yHat         : num [1:3646] 10.25 10.9 4.03 16.03 10.13 ...
 $ SD.yHat      : num [1:3646] 4.25 4.83 4.64 4.76 4.89 ...
 $ mu           : num 12.8
 $ SD.mu        : num 1.48
 $ varE         : num 145
 $ SD.varE      : num 7.02
 $ fit          :List of 4
  ..$ logLikAtPostMean: num -10086
  ..$ postMeanLogLik  : num -10294
  ..$ pD              : num 416
  ..$ DIC             : num 21004
 $ ETA          :List of 3
  ..$ :List of 15
  .. ..$ V          : num [1:3646, 1:6] 0 0 0 0 0 0 0 0 0 0 ...
  .. .. ..- attr(*, "dimnames")=List of 2
  .. .. .. ..$ : chr [1:3646] "2020-21_11.107-5" "2020-21_12.90-53" "2020-21_12.93-4" "2020-21_14.37-103" ...
  .. .. .. ..$ : NULL
  .. ..$ d          : num [1:6] 1011 918 450 447 435 ...
  .. ..$ model      : chr "RKHS"
  .. ..$ Name       : chr "ETA_1"
  .. ..$ tolD       : num 1e-10
  .. ..$ levelsU    : int 6
  .. ..$ df0        : num 5
  .. ..$ R2         : num 0.167
  .. ..$ S0         : num 0.422
  .. ..$ u          : num [1:3646] -0.0111 -0.0111 -0.0111 -0.0111 -0.0111 ...
  .. ..$ varU       : num 0.143
  .. ..$ uStar      : num [1:6] -0.857 0.223 -1.513 0.957 0.233 ...
  .. ..$ NamefileOut: chr "X5/ETA_1_varU.dat"
  .. ..$ SD.u       : num [1:3646] 0.379 0.379 0.379 0.379 0.379 ...
  .. ..$ SD.varU    : num 0.215
  ..$ :List of 15
  .. ..$ V          : num [1:3646, 1:2737] 0.408 0 0 0 0 ...
  .. .. ..- attr(*, "dimnames")=List of 2
  .. .. .. ..$ : chr [1:3646] "2020-21_11.107-5" "2020-21_12.90-53" "2020-21_12.93-4" "2020-21_14.37-103" ...
  .. .. .. ..$ : chr [1:2737] "11.107-5" "12.90-53" "12.93-4" "13.27-142" ...
  .. ..$ d          : Named num [1:2737] 6 1 3 1 1 1 1 1 2 1 ...
  .. .. ..- attr(*, "names")= chr [1:2737] "11.107-5" "12.90-53" "12.93-4" "13.27-142" ...
  .. ..$ model      : chr "RKHS"
  .. ..$ Name       : chr "ETA_2"
  .. ..$ tolD       : num 1e-10
  .. ..$ levelsU    : int 2737
  .. ..$ df0        : num 5
  .. ..$ R2         : num 0.167
  .. ..$ S0         : num 193
  .. ..$ u          : num [1:3646] 0.36 -0.84 -3.186 1.277 0.272 ...
  .. ..$ varU       : num 23.9
  .. ..$ uStar      : num [1:2737] 0.881 -0.84 -5.518 1.901 1.277 ...
  .. ..$ NamefileOut: chr "X5/ETA_2_varU.dat"
  .. ..$ SD.u       : num [1:3646] 3.63 4.54 3.96 4.48 4.58 ...
  .. ..$ SD.varU    : num 6.06
  ..$ :List of 15
  .. ..$ V          : num [1:3646, 1:576] -0.00189 -0.00645 -0.00703 -0.00832 -0.00916 ...
  .. .. ..- attr(*, "dimnames")=List of 2
  .. .. .. ..$ : chr [1:3646] "2020-21_11.107-5" "2020-21_12.90-53" "2020-21_12.93-4" "2020-21_14.37-103" ...
  .. .. .. ..$ : NULL
  .. ..$ d          : num [1:576] 985 777 402 285 213 ...
  .. ..$ model      : chr "RKHS"
  .. ..$ Name       : chr "ETA_3"
  .. ..$ tolD       : num 1e-10
  .. ..$ levelsU    : int 576
  .. ..$ df0        : num 5
  .. ..$ R2         : num 0.167
  .. ..$ S0         : num 40.5
  .. ..$ u          : num [1:3646] -2.89 -1.04 -5.56 1.97 -2.92 ...
  .. ..$ varU       : num 206
  .. ..$ uStar      : num [1:576] 152.2 18.9 18.7 234.3 -90.8 ...
  .. ..$ NamefileOut: chr "X5/ETA_3_varU.dat"
  .. ..$ SD.u       : num [1:3646] 2.86 2.57 2.9 2.47 2.69 ...
  .. ..$ SD.varU    : num 47.3
 - attr(*, "class")= chr "BGLR"
NULL
List of 21
 $ y            : num [1:3646] 34.557 32 37.708 62.27 0.585 ...
 $ a            : NULL
 $ b            : NULL
 $ whichNa      : int [1:1011] 2636 2637 2638 2639 2640 2641 2642 2643 2644 2645 ...
 $ saveAt       : chr "X7/"
 $ nIter        : num 12000
 $ burnIn       : num 2000
 $ thin         : num 5
 $ weights      : num [1:3646] 1 1 1 1 1 1 1 1 1 1 ...
 $ verbose      : logi FALSE
 $ response_type: chr "gaussian"
 $ df0          : num 5
 $ S0           : num 1094
 $ yHat         : num [1:3646] 32.1 19 24.3 26.6 10.7 ...
 $ SD.yHat      : num [1:3646] 6.15 6.8 6.87 6.84 6.75 ...
 $ mu           : num 24.6
 $ SD.mu        : num 2.6
 $ varE         : num 288
 $ SD.varE      : num 13.7
 $ fit          :List of 4
  ..$ logLikAtPostMean: num -10989
  ..$ postMeanLogLik  : num -11198
  ..$ pD              : num 419
  ..$ DIC             : num 22816
 $ ETA          :List of 3
  ..$ :List of 15
  .. ..$ V          : num [1:3646, 1:6] 0 0 0 0 0 0 0 0 0 0 ...
  .. .. ..- attr(*, "dimnames")=List of 2
  .. .. .. ..$ : chr [1:3646] "2020-21_11.107-5" "2020-21_12.90-53" "2020-21_12.93-4" "2020-21_14.37-103" ...
  .. .. .. ..$ : NULL
  .. ..$ d          : num [1:6] 1011 918 450 447 435 ...
  .. ..$ model      : chr "RKHS"
  .. ..$ Name       : chr "ETA_1"
  .. ..$ tolD       : num 1e-10
  .. ..$ levelsU    : int 6
  .. ..$ df0        : num 5
  .. ..$ R2         : num 0.167
  .. ..$ S0         : num 0.831
  .. ..$ u          : num [1:3646] 0.0019 0.0019 0.0019 0.0019 0.0019 ...
  .. ..$ varU       : num 0.296
  .. ..$ uStar      : num [1:6] 0.29029 2.6112 -0.00839 -1.48962 -0.03967 ...
  .. ..$ NamefileOut: chr "X7/ETA_1_varU.dat"
  .. ..$ SD.u       : num [1:3646] 0.545 0.545 0.545 0.545 0.545 ...
  .. ..$ SD.varU    : num 0.417
  ..$ :List of 15
  .. ..$ V          : num [1:3646, 1:2737] 0.408 0 0 0 0 ...
  .. .. ..- attr(*, "dimnames")=List of 2
  .. .. .. ..$ : chr [1:3646] "2020-21_11.107-5" "2020-21_12.90-53" "2020-21_12.93-4" "2020-21_14.37-103" ...
  .. .. .. ..$ : chr [1:2737] "11.107-5" "12.90-53" "12.93-4" "13.27-142" ...
  .. ..$ d          : Named num [1:2737] 6 1 3 1 1 1 1 1 2 1 ...
  .. .. ..- attr(*, "names")= chr [1:2737] "11.107-5" "12.90-53" "12.93-4" "13.27-142" ...
  .. ..$ model      : chr "RKHS"
  .. ..$ Name       : chr "ETA_2"
  .. ..$ tolD       : num 1e-10
  .. ..$ levelsU    : int 2737
  .. ..$ df0        : num 5
  .. ..$ R2         : num 0.167
  .. ..$ S0         : num 379
  .. ..$ u          : num [1:3646] 6.75 2.11 8.2 5.41 -1.24 ...
  .. ..$ varU       : num 44.6
  .. ..$ uStar      : num [1:2737] 16.52 2.11 14.2 1.73 5.41 ...
  .. ..$ NamefileOut: chr "X7/ETA_2_varU.dat"
  .. ..$ SD.u       : num [1:3646] 4.99 6.29 5.8 6.35 6.19 ...
  .. ..$ SD.varU    : num 11.7
  ..$ :List of 15
  .. ..$ V          : num [1:3646, 1:576] -0.00189 -0.00645 -0.00703 -0.00832 -0.00916 ...
  .. .. ..- attr(*, "dimnames")=List of 2
  .. .. .. ..$ : chr [1:3646] "2020-21_11.107-5" "2020-21_12.90-53" "2020-21_12.93-4" "2020-21_14.37-103" ...
  .. .. .. ..$ : NULL
  .. ..$ d          : num [1:576] 985 777 402 285 213 ...
  .. ..$ model      : chr "RKHS"
  .. ..$ Name       : chr "ETA_3"
  .. ..$ tolD       : num 1e-10
  .. ..$ levelsU    : int 576
  .. ..$ df0        : num 5
  .. ..$ R2         : num 0.167
  .. ..$ S0         : num 79.8
  .. ..$ u          : num [1:3646] 0.739 -7.687 -8.54 -3.365 -12.704 ...
  .. ..$ varU       : num 729
  .. ..$ uStar      : num [1:576] -10.1 98 221.5 310.7 -136.8 ...
  .. ..$ NamefileOut: chr "X7/ETA_3_varU.dat"
  .. ..$ SD.u       : num [1:3646] 4.43 4.19 4.7 3.95 4.31 ...
  .. ..$ SD.varU    : num 176
 - attr(*, "class")= chr "BGLR"
NULL
List of 21
 $ y            : num [1:3646] 34.557 32 37.708 62.27 0.585 ...
 $ a            : NULL
 $ b            : NULL
 $ whichNa      : int [1:1011] 2636 2637 2638 2639 2640 2641 2642 2643 2644 2645 ...
 $ saveAt       : chr "X7/"
 $ nIter        : num 12000
 $ burnIn       : num 2000
 $ thin         : num 5
 $ weights      : num [1:3646] 1 1 1 1 1 1 1 1 1 1 ...
 $ verbose      : logi FALSE
 $ response_type: chr "gaussian"
 $ df0          : num 5
 $ S0           : num 1094
 $ yHat         : num [1:3646] 32.1 19 24.3 26.6 10.7 ...
 $ SD.yHat      : num [1:3646] 6.15 6.8 6.87 6.84 6.75 ...
 $ mu           : num 24.6
 $ SD.mu        : num 2.6
 $ varE         : num 288
 $ SD.varE      : num 13.7
 $ fit          :List of 4
  ..$ logLikAtPostMean: num -10989
  ..$ postMeanLogLik  : num -11198
  ..$ pD              : num 419
  ..$ DIC             : num 22816
 $ ETA          :List of 3
  ..$ :List of 15
  .. ..$ V          : num [1:3646, 1:6] 0 0 0 0 0 0 0 0 0 0 ...
  .. .. ..- attr(*, "dimnames")=List of 2
  .. .. .. ..$ : chr [1:3646] "2020-21_11.107-5" "2020-21_12.90-53" "2020-21_12.93-4" "2020-21_14.37-103" ...
  .. .. .. ..$ : NULL
  .. ..$ d          : num [1:6] 1011 918 450 447 435 ...
  .. ..$ model      : chr "RKHS"
  .. ..$ Name       : chr "ETA_1"
  .. ..$ tolD       : num 1e-10
  .. ..$ levelsU    : int 6
  .. ..$ df0        : num 5
  .. ..$ R2         : num 0.167
  .. ..$ S0         : num 0.831
  .. ..$ u          : num [1:3646] 0.0019 0.0019 0.0019 0.0019 0.0019 ...
  .. ..$ varU       : num 0.296
  .. ..$ uStar      : num [1:6] 0.29029 2.6112 -0.00839 -1.48962 -0.03967 ...
  .. ..$ NamefileOut: chr "X7/ETA_1_varU.dat"
  .. ..$ SD.u       : num [1:3646] 0.545 0.545 0.545 0.545 0.545 ...
  .. ..$ SD.varU    : num 0.417
  ..$ :List of 15
  .. ..$ V          : num [1:3646, 1:2737] 0.408 0 0 0 0 ...
  .. .. ..- attr(*, "dimnames")=List of 2
  .. .. .. ..$ : chr [1:3646] "2020-21_11.107-5" "2020-21_12.90-53" "2020-21_12.93-4" "2020-21_14.37-103" ...
  .. .. .. ..$ : chr [1:2737] "11.107-5" "12.90-53" "12.93-4" "13.27-142" ...
  .. ..$ d          : Named num [1:2737] 6 1 3 1 1 1 1 1 2 1 ...
  .. .. ..- attr(*, "names")= chr [1:2737] "11.107-5" "12.90-53" "12.93-4" "13.27-142" ...
  .. ..$ model      : chr "RKHS"
  .. ..$ Name       : chr "ETA_2"
  .. ..$ tolD       : num 1e-10
  .. ..$ levelsU    : int 2737
  .. ..$ df0        : num 5
  .. ..$ R2         : num 0.167
  .. ..$ S0         : num 379
  .. ..$ u          : num [1:3646] 6.75 2.11 8.2 5.41 -1.24 ...
  .. ..$ varU       : num 44.6
  .. ..$ uStar      : num [1:2737] 16.52 2.11 14.2 1.73 5.41 ...
  .. ..$ NamefileOut: chr "X7/ETA_2_varU.dat"
  .. ..$ SD.u       : num [1:3646] 4.99 6.29 5.8 6.35 6.19 ...
  .. ..$ SD.varU    : num 11.7
  ..$ :List of 15
  .. ..$ V          : num [1:3646, 1:576] -0.00189 -0.00645 -0.00703 -0.00832 -0.00916 ...
  .. .. ..- attr(*, "dimnames")=List of 2
  .. .. .. ..$ : chr [1:3646] "2020-21_11.107-5" "2020-21_12.90-53" "2020-21_12.93-4" "2020-21_14.37-103" ...
  .. .. .. ..$ : NULL
  .. ..$ d          : num [1:576] 985 777 402 285 213 ...
  .. ..$ model      : chr "RKHS"
  .. ..$ Name       : chr "ETA_3"
  .. ..$ tolD       : num 1e-10
  .. ..$ levelsU    : int 576
  .. ..$ df0        : num 5
  .. ..$ R2         : num 0.167
  .. ..$ S0         : num 79.8
  .. ..$ u          : num [1:3646] 0.739 -7.687 -8.54 -3.365 -12.704 ...
  .. ..$ varU       : num 729
  .. ..$ uStar      : num [1:576] -10.1 98 221.5 310.7 -136.8 ...
  .. ..$ NamefileOut: chr "X7/ETA_3_varU.dat"
  .. ..$ SD.u       : num [1:3646] 4.43 4.19 4.7 3.95 4.31 ...
  .. ..$ SD.varU    : num 176
 - attr(*, "class")= chr "BGLR"
NULL
List of 21
 $ y            : num [1:3646] 34.557 32 37.708 62.27 0.585 ...
 $ a            : NULL
 $ b            : NULL
 $ whichNa      : int [1:1011] 2636 2637 2638 2639 2640 2641 2642 2643 2644 2645 ...
 $ saveAt       : chr "X7/"
 $ nIter        : num 12000
 $ burnIn       : num 2000
 $ thin         : num 5
 $ weights      : num [1:3646] 1 1 1 1 1 1 1 1 1 1 ...
 $ verbose      : logi FALSE
 $ response_type: chr "gaussian"
 $ df0          : num 5
 $ S0           : num 1094
 $ yHat         : num [1:3646] 32.1 19 24.3 26.6 10.7 ...
 $ SD.yHat      : num [1:3646] 6.15 6.8 6.87 6.84 6.75 ...
 $ mu           : num 24.6
 $ SD.mu        : num 2.6
 $ varE         : num 288
 $ SD.varE      : num 13.7
 $ fit          :List of 4
  ..$ logLikAtPostMean: num -10989
  ..$ postMeanLogLik  : num -11198
  ..$ pD              : num 419
  ..$ DIC             : num 22816
 $ ETA          :List of 3
  ..$ :List of 15
  .. ..$ V          : num [1:3646, 1:6] 0 0 0 0 0 0 0 0 0 0 ...
  .. .. ..- attr(*, "dimnames")=List of 2
  .. .. .. ..$ : chr [1:3646] "2020-21_11.107-5" "2020-21_12.90-53" "2020-21_12.93-4" "2020-21_14.37-103" ...
  .. .. .. ..$ : NULL
  .. ..$ d          : num [1:6] 1011 918 450 447 435 ...
  .. ..$ model      : chr "RKHS"
  .. ..$ Name       : chr "ETA_1"
  .. ..$ tolD       : num 1e-10
  .. ..$ levelsU    : int 6
  .. ..$ df0        : num 5
  .. ..$ R2         : num 0.167
  .. ..$ S0         : num 0.831
  .. ..$ u          : num [1:3646] 0.0019 0.0019 0.0019 0.0019 0.0019 ...
  .. ..$ varU       : num 0.296
  .. ..$ uStar      : num [1:6] 0.29029 2.6112 -0.00839 -1.48962 -0.03967 ...
  .. ..$ NamefileOut: chr "X7/ETA_1_varU.dat"
  .. ..$ SD.u       : num [1:3646] 0.545 0.545 0.545 0.545 0.545 ...
  .. ..$ SD.varU    : num 0.417
  ..$ :List of 15
  .. ..$ V          : num [1:3646, 1:2737] 0.408 0 0 0 0 ...
  .. .. ..- attr(*, "dimnames")=List of 2
  .. .. .. ..$ : chr [1:3646] "2020-21_11.107-5" "2020-21_12.90-53" "2020-21_12.93-4" "2020-21_14.37-103" ...
  .. .. .. ..$ : chr [1:2737] "11.107-5" "12.90-53" "12.93-4" "13.27-142" ...
  .. ..$ d          : Named num [1:2737] 6 1 3 1 1 1 1 1 2 1 ...
  .. .. ..- attr(*, "names")= chr [1:2737] "11.107-5" "12.90-53" "12.93-4" "13.27-142" ...
  .. ..$ model      : chr "RKHS"
  .. ..$ Name       : chr "ETA_2"
  .. ..$ tolD       : num 1e-10
  .. ..$ levelsU    : int 2737
  .. ..$ df0        : num 5
  .. ..$ R2         : num 0.167
  .. ..$ S0         : num 379
  .. ..$ u          : num [1:3646] 6.75 2.11 8.2 5.41 -1.24 ...
  .. ..$ varU       : num 44.6
  .. ..$ uStar      : num [1:2737] 16.52 2.11 14.2 1.73 5.41 ...
  .. ..$ NamefileOut: chr "X7/ETA_2_varU.dat"
  .. ..$ SD.u       : num [1:3646] 4.99 6.29 5.8 6.35 6.19 ...
  .. ..$ SD.varU    : num 11.7
  ..$ :List of 15
  .. ..$ V          : num [1:3646, 1:576] -0.00189 -0.00645 -0.00703 -0.00832 -0.00916 ...
  .. .. ..- attr(*, "dimnames")=List of 2
  .. .. .. ..$ : chr [1:3646] "2020-21_11.107-5" "2020-21_12.90-53" "2020-21_12.93-4" "2020-21_14.37-103" ...
  .. .. .. ..$ : NULL
  .. ..$ d          : num [1:576] 985 777 402 285 213 ...
  .. ..$ model      : chr "RKHS"
  .. ..$ Name       : chr "ETA_3"
  .. ..$ tolD       : num 1e-10
  .. ..$ levelsU    : int 576
  .. ..$ df0        : num 5
  .. ..$ R2         : num 0.167
  .. ..$ S0         : num 79.8
  .. ..$ u          : num [1:3646] 0.739 -7.687 -8.54 -3.365 -12.704 ...
  .. ..$ varU       : num 729
  .. ..$ uStar      : num [1:576] -10.1 98 221.5 310.7 -136.8 ...
  .. ..$ NamefileOut: chr "X7/ETA_3_varU.dat"
  .. ..$ SD.u       : num [1:3646] 4.43 4.19 4.7 3.95 4.31 ...
  .. ..$ SD.varU    : num 176
 - attr(*, "class")= chr "BGLR"
NULL
List of 21
 $ y            : num [1:3646] 3.728 6.443 -0.136 23.068 12.176 ...
 $ a            : NULL
 $ b            : NULL
 $ whichNa      : int [1:1011] 2636 2637 2638 2639 2640 2641 2642 2643 2644 2645 ...
 $ saveAt       : chr "X5/"
 $ nIter        : num 12000
 $ burnIn       : num 2000
 $ thin         : num 5
 $ weights      : num [1:3646] 1 1 1 1 1 1 1 1 1 1 ...
 $ verbose      : logi FALSE
 $ response_type: chr "gaussian"
 $ df0          : num 5
 $ S0           : num 556
 $ yHat         : num [1:3646] 10.25 10.9 4.03 16.03 10.13 ...
 $ SD.yHat      : num [1:3646] 4.25 4.83 4.64 4.76 4.89 ...
 $ mu           : num 12.8
 $ SD.mu        : num 1.48
 $ varE         : num 145
 $ SD.varE      : num 7.02
 $ fit          :List of 4
  ..$ logLikAtPostMean: num -10086
  ..$ postMeanLogLik  : num -10294
  ..$ pD              : num 416
  ..$ DIC             : num 21004
 $ ETA          :List of 3
  ..$ :List of 15
  .. ..$ V          : num [1:3646, 1:6] 0 0 0 0 0 0 0 0 0 0 ...
  .. .. ..- attr(*, "dimnames")=List of 2
  .. .. .. ..$ : chr [1:3646] "2020-21_11.107-5" "2020-21_12.90-53" "2020-21_12.93-4" "2020-21_14.37-103" ...
  .. .. .. ..$ : NULL
  .. ..$ d          : num [1:6] 1011 918 450 447 435 ...
  .. ..$ model      : chr "RKHS"
  .. ..$ Name       : chr "ETA_1"
  .. ..$ tolD       : num 1e-10
  .. ..$ levelsU    : int 6
  .. ..$ df0        : num 5
  .. ..$ R2         : num 0.167
  .. ..$ S0         : num 0.422
  .. ..$ u          : num [1:3646] -0.0111 -0.0111 -0.0111 -0.0111 -0.0111 ...
  .. ..$ varU       : num 0.143
  .. ..$ uStar      : num [1:6] -0.857 0.223 -1.513 0.957 0.233 ...
  .. ..$ NamefileOut: chr "X5/ETA_1_varU.dat"
  .. ..$ SD.u       : num [1:3646] 0.379 0.379 0.379 0.379 0.379 ...
  .. ..$ SD.varU    : num 0.215
  ..$ :List of 15
  .. ..$ V          : num [1:3646, 1:2737] 0.408 0 0 0 0 ...
  .. .. ..- attr(*, "dimnames")=List of 2
  .. .. .. ..$ : chr [1:3646] "2020-21_11.107-5" "2020-21_12.90-53" "2020-21_12.93-4" "2020-21_14.37-103" ...
  .. .. .. ..$ : chr [1:2737] "11.107-5" "12.90-53" "12.93-4" "13.27-142" ...
  .. ..$ d          : Named num [1:2737] 6 1 3 1 1 1 1 1 2 1 ...
  .. .. ..- attr(*, "names")= chr [1:2737] "11.107-5" "12.90-53" "12.93-4" "13.27-142" ...
  .. ..$ model      : chr "RKHS"
  .. ..$ Name       : chr "ETA_2"
  .. ..$ tolD       : num 1e-10
  .. ..$ levelsU    : int 2737
  .. ..$ df0        : num 5
  .. ..$ R2         : num 0.167
  .. ..$ S0         : num 193
  .. ..$ u          : num [1:3646] 0.36 -0.84 -3.186 1.277 0.272 ...
  .. ..$ varU       : num 23.9
  .. ..$ uStar      : num [1:2737] 0.881 -0.84 -5.518 1.901 1.277 ...
  .. ..$ NamefileOut: chr "X5/ETA_2_varU.dat"
  .. ..$ SD.u       : num [1:3646] 3.63 4.54 3.96 4.48 4.58 ...
  .. ..$ SD.varU    : num 6.06
  ..$ :List of 15
  .. ..$ V          : num [1:3646, 1:576] -0.00189 -0.00645 -0.00703 -0.00832 -0.00916 ...
  .. .. ..- attr(*, "dimnames")=List of 2
  .. .. .. ..$ : chr [1:3646] "2020-21_11.107-5" "2020-21_12.90-53" "2020-21_12.93-4" "2020-21_14.37-103" ...
  .. .. .. ..$ : NULL
  .. ..$ d          : num [1:576] 985 777 402 285 213 ...
  .. ..$ model      : chr "RKHS"
  .. ..$ Name       : chr "ETA_3"
  .. ..$ tolD       : num 1e-10
  .. ..$ levelsU    : int 576
  .. ..$ df0        : num 5
  .. ..$ R2         : num 0.167
  .. ..$ S0         : num 40.5
  .. ..$ u          : num [1:3646] -2.89 -1.04 -5.56 1.97 -2.92 ...
  .. ..$ varU       : num 206
  .. ..$ uStar      : num [1:576] 152.2 18.9 18.7 234.3 -90.8 ...
  .. ..$ NamefileOut: chr "X5/ETA_3_varU.dat"
  .. ..$ SD.u       : num [1:3646] 2.86 2.57 2.9 2.47 2.69 ...
  .. ..$ SD.varU    : num 47.3
 - attr(*, "class")= chr "BGLR"
NULL
List of 21
 $ y            : num [1:3646] 0.677 8.594 0.135 -0.135 3.535 ...
 $ a            : NULL
 $ b            : NULL
 $ whichNa      : int [1:1011] 2636 2637 2638 2639 2640 2641 2642 2643 2644 2645 ...
 $ saveAt       : chr "X6/"
 $ nIter        : num 12000
 $ burnIn       : num 2000
 $ thin         : num 5
 $ weights      : num [1:3646] 1 1 1 1 1 1 1 1 1 1 ...
 $ verbose      : logi FALSE
 $ response_type: chr "gaussian"
 $ df0          : num 5
 $ S0           : num 662
 $ yHat         : num [1:3646] 15.8 9.38 13.03 11.39 6.91 ...
 $ SD.yHat      : num [1:3646] 5.07 5.83 5.51 5.85 5.75 ...
 $ mu           : num 17.4
 $ SD.mu        : num 2.06
 $ varE         : num 176
 $ SD.varE      : num 8.77
 $ fit          :List of 4
  ..$ logLikAtPostMean: num -10313
  ..$ postMeanLogLik  : num -10554
  ..$ pD              : num 482
  ..$ DIC             : num 21590
 $ ETA          :List of 3
  ..$ :List of 15
  .. ..$ V          : num [1:3646, 1:6] 0 0 0 0 0 0 0 0 0 0 ...
  .. .. ..- attr(*, "dimnames")=List of 2
  .. .. .. ..$ : chr [1:3646] "2020-21_11.107-5" "2020-21_12.90-53" "2020-21_12.93-4" "2020-21_14.37-103" ...
  .. .. .. ..$ : NULL
  .. ..$ d          : num [1:6] 1011 918 450 447 435 ...
  .. ..$ model      : chr "RKHS"
  .. ..$ Name       : chr "ETA_1"
  .. ..$ tolD       : num 1e-10
  .. ..$ levelsU    : int 6
  .. ..$ df0        : num 5
  .. ..$ R2         : num 0.167
  .. ..$ S0         : num 0.502
  .. ..$ u          : num [1:3646] -0.0179 -0.0179 -0.0179 -0.0179 -0.0179 ...
  .. ..$ varU       : num 0.171
  .. ..$ uStar      : num [1:6] 0.328 0.666 -0.123 -0.567 0.373 ...
  .. ..$ NamefileOut: chr "X6/ETA_1_varU.dat"
  .. ..$ SD.u       : num [1:3646] 0.419 0.419 0.419 0.419 0.419 ...
  .. ..$ SD.varU    : num 0.229
  ..$ :List of 15
  .. ..$ V          : num [1:3646, 1:2737] 0.408 0 0 0 0 ...
  .. .. ..- attr(*, "dimnames")=List of 2
  .. .. .. ..$ : chr [1:3646] "2020-21_11.107-5" "2020-21_12.90-53" "2020-21_12.93-4" "2020-21_14.37-103" ...
  .. .. .. ..$ : chr [1:2737] "11.107-5" "12.90-53" "12.93-4" "13.27-142" ...
  .. ..$ d          : Named num [1:2737] 6 1 3 1 1 1 1 1 2 1 ...
  .. .. ..- attr(*, "names")= chr [1:2737] "11.107-5" "12.90-53" "12.93-4" "13.27-142" ...
  .. ..$ model      : chr "RKHS"
  .. ..$ Name       : chr "ETA_2"
  .. ..$ tolD       : num 1e-10
  .. ..$ levelsU    : int 2737
  .. ..$ df0        : num 5
  .. ..$ R2         : num 0.167
  .. ..$ S0         : num 229
  .. ..$ u          : num [1:3646] 2.2277 0.0462 2.8011 -2.5978 -0.8781 ...
  .. ..$ varU       : num 36.9
  .. ..$ uStar      : num [1:2737] 5.4567 0.0462 4.8516 0.8717 -2.5978 ...
  .. ..$ NamefileOut: chr "X6/ETA_2_varU.dat"
  .. ..$ SD.u       : num [1:3646] 4.42 5.59 4.85 5.57 5.55 ...
  .. ..$ SD.varU    : num 8.07
  ..$ :List of 15
  .. ..$ V          : num [1:3646, 1:576] -0.00189 -0.00645 -0.00703 -0.00832 -0.00916 ...
  .. .. ..- attr(*, "dimnames")=List of 2
  .. .. .. ..$ : chr [1:3646] "2020-21_11.107-5" "2020-21_12.90-53" "2020-21_12.93-4" "2020-21_14.37-103" ...
  .. .. .. ..$ : NULL
  .. ..$ d          : num [1:576] 985 777 402 285 213 ...
  .. ..$ model      : chr "RKHS"
  .. ..$ Name       : chr "ETA_3"
  .. ..$ tolD       : num 1e-10
  .. ..$ levelsU    : int 576
  .. ..$ df0        : num 5
  .. ..$ R2         : num 0.167
  .. ..$ S0         : num 48.2
  .. ..$ u          : num [1:3646] -3.86 -8.1 -7.2 -3.44 -9.64 ...
  .. ..$ varU       : num 242
  .. ..$ uStar      : num [1:576] 59.7 29.9 202.9 120.5 -86.9 ...
  .. ..$ NamefileOut: chr "X6/ETA_3_varU.dat"
  .. ..$ SD.u       : num [1:3646] 3.31 3.08 3.39 2.96 3.22 ...
  .. ..$ SD.varU    : num 60.7
 - attr(*, "class")= chr "BGLR"
NULL
List of 21
 $ y            : num [1:3646] 0.677 8.594 0.135 -0.135 3.535 ...
 $ a            : NULL
 $ b            : NULL
 $ whichNa      : int [1:1011] 2636 2637 2638 2639 2640 2641 2642 2643 2644 2645 ...
 $ saveAt       : chr "X6/"
 $ nIter        : num 12000
 $ burnIn       : num 2000
 $ thin         : num 5
 $ weights      : num [1:3646] 1 1 1 1 1 1 1 1 1 1 ...
 $ verbose      : logi FALSE
 $ response_type: chr "gaussian"
 $ df0          : num 5
 $ S0           : num 662
 $ yHat         : num [1:3646] 15.8 9.38 13.03 11.39 6.91 ...
 $ SD.yHat      : num [1:3646] 5.07 5.83 5.51 5.85 5.75 ...
 $ mu           : num 17.4
 $ SD.mu        : num 2.06
 $ varE         : num 176
 $ SD.varE      : num 8.77
 $ fit          :List of 4
  ..$ logLikAtPostMean: num -10313
  ..$ postMeanLogLik  : num -10554
  ..$ pD              : num 482
  ..$ DIC             : num 21590
 $ ETA          :List of 3
  ..$ :List of 15
  .. ..$ V          : num [1:3646, 1:6] 0 0 0 0 0 0 0 0 0 0 ...
  .. .. ..- attr(*, "dimnames")=List of 2
  .. .. .. ..$ : chr [1:3646] "2020-21_11.107-5" "2020-21_12.90-53" "2020-21_12.93-4" "2020-21_14.37-103" ...
  .. .. .. ..$ : NULL
  .. ..$ d          : num [1:6] 1011 918 450 447 435 ...
  .. ..$ model      : chr "RKHS"
  .. ..$ Name       : chr "ETA_1"
  .. ..$ tolD       : num 1e-10
  .. ..$ levelsU    : int 6
  .. ..$ df0        : num 5
  .. ..$ R2         : num 0.167
  .. ..$ S0         : num 0.502
  .. ..$ u          : num [1:3646] -0.0179 -0.0179 -0.0179 -0.0179 -0.0179 ...
  .. ..$ varU       : num 0.171
  .. ..$ uStar      : num [1:6] 0.328 0.666 -0.123 -0.567 0.373 ...
  .. ..$ NamefileOut: chr "X6/ETA_1_varU.dat"
  .. ..$ SD.u       : num [1:3646] 0.419 0.419 0.419 0.419 0.419 ...
  .. ..$ SD.varU    : num 0.229
  ..$ :List of 15
  .. ..$ V          : num [1:3646, 1:2737] 0.408 0 0 0 0 ...
  .. .. ..- attr(*, "dimnames")=List of 2
  .. .. .. ..$ : chr [1:3646] "2020-21_11.107-5" "2020-21_12.90-53" "2020-21_12.93-4" "2020-21_14.37-103" ...
  .. .. .. ..$ : chr [1:2737] "11.107-5" "12.90-53" "12.93-4" "13.27-142" ...
  .. ..$ d          : Named num [1:2737] 6 1 3 1 1 1 1 1 2 1 ...
  .. .. ..- attr(*, "names")= chr [1:2737] "11.107-5" "12.90-53" "12.93-4" "13.27-142" ...
  .. ..$ model      : chr "RKHS"
  .. ..$ Name       : chr "ETA_2"
  .. ..$ tolD       : num 1e-10
  .. ..$ levelsU    : int 2737
  .. ..$ df0        : num 5
  .. ..$ R2         : num 0.167
  .. ..$ S0         : num 229
  .. ..$ u          : num [1:3646] 2.2277 0.0462 2.8011 -2.5978 -0.8781 ...
  .. ..$ varU       : num 36.9
  .. ..$ uStar      : num [1:2737] 5.4567 0.0462 4.8516 0.8717 -2.5978 ...
  .. ..$ NamefileOut: chr "X6/ETA_2_varU.dat"
  .. ..$ SD.u       : num [1:3646] 4.42 5.59 4.85 5.57 5.55 ...
  .. ..$ SD.varU    : num 8.07
  ..$ :List of 15
  .. ..$ V          : num [1:3646, 1:576] -0.00189 -0.00645 -0.00703 -0.00832 -0.00916 ...
  .. .. ..- attr(*, "dimnames")=List of 2
  .. .. .. ..$ : chr [1:3646] "2020-21_11.107-5" "2020-21_12.90-53" "2020-21_12.93-4" "2020-21_14.37-103" ...
  .. .. .. ..$ : NULL
  .. ..$ d          : num [1:576] 985 777 402 285 213 ...
  .. ..$ model      : chr "RKHS"
  .. ..$ Name       : chr "ETA_3"
  .. ..$ tolD       : num 1e-10
  .. ..$ levelsU    : int 576
  .. ..$ df0        : num 5
  .. ..$ R2         : num 0.167
  .. ..$ S0         : num 48.2
  .. ..$ u          : num [1:3646] -3.86 -8.1 -7.2 -3.44 -9.64 ...
  .. ..$ varU       : num 242
  .. ..$ uStar      : num [1:576] 59.7 29.9 202.9 120.5 -86.9 ...
  .. ..$ NamefileOut: chr "X6/ETA_3_varU.dat"
  .. ..$ SD.u       : num [1:3646] 3.31 3.08 3.39 2.96 3.22 ...
  .. ..$ SD.varU    : num 60.7
 - attr(*, "class")= chr "BGLR"
NULL
List of 21
 $ y            : num [1:3646] 0.677 8.594 0.135 -0.135 3.535 ...
 $ a            : NULL
 $ b            : NULL
 $ whichNa      : int [1:1011] 2636 2637 2638 2639 2640 2641 2642 2643 2644 2645 ...
 $ saveAt       : chr "X6/"
 $ nIter        : num 12000
 $ burnIn       : num 2000
 $ thin         : num 5
 $ weights      : num [1:3646] 1 1 1 1 1 1 1 1 1 1 ...
 $ verbose      : logi FALSE
 $ response_type: chr "gaussian"
 $ df0          : num 5
 $ S0           : num 662
 $ yHat         : num [1:3646] 15.8 9.38 13.03 11.39 6.91 ...
 $ SD.yHat      : num [1:3646] 5.07 5.83 5.51 5.85 5.75 ...
 $ mu           : num 17.4
 $ SD.mu        : num 2.06
 $ varE         : num 176
 $ SD.varE      : num 8.77
 $ fit          :List of 4
  ..$ logLikAtPostMean: num -10313
  ..$ postMeanLogLik  : num -10554
  ..$ pD              : num 482
  ..$ DIC             : num 21590
 $ ETA          :List of 3
  ..$ :List of 15
  .. ..$ V          : num [1:3646, 1:6] 0 0 0 0 0 0 0 0 0 0 ...
  .. .. ..- attr(*, "dimnames")=List of 2
  .. .. .. ..$ : chr [1:3646] "2020-21_11.107-5" "2020-21_12.90-53" "2020-21_12.93-4" "2020-21_14.37-103" ...
  .. .. .. ..$ : NULL
  .. ..$ d          : num [1:6] 1011 918 450 447 435 ...
  .. ..$ model      : chr "RKHS"
  .. ..$ Name       : chr "ETA_1"
  .. ..$ tolD       : num 1e-10
  .. ..$ levelsU    : int 6
  .. ..$ df0        : num 5
  .. ..$ R2         : num 0.167
  .. ..$ S0         : num 0.502
  .. ..$ u          : num [1:3646] -0.0179 -0.0179 -0.0179 -0.0179 -0.0179 ...
  .. ..$ varU       : num 0.171
  .. ..$ uStar      : num [1:6] 0.328 0.666 -0.123 -0.567 0.373 ...
  .. ..$ NamefileOut: chr "X6/ETA_1_varU.dat"
  .. ..$ SD.u       : num [1:3646] 0.419 0.419 0.419 0.419 0.419 ...
  .. ..$ SD.varU    : num 0.229
  ..$ :List of 15
  .. ..$ V          : num [1:3646, 1:2737] 0.408 0 0 0 0 ...
  .. .. ..- attr(*, "dimnames")=List of 2
  .. .. .. ..$ : chr [1:3646] "2020-21_11.107-5" "2020-21_12.90-53" "2020-21_12.93-4" "2020-21_14.37-103" ...
  .. .. .. ..$ : chr [1:2737] "11.107-5" "12.90-53" "12.93-4" "13.27-142" ...
  .. ..$ d          : Named num [1:2737] 6 1 3 1 1 1 1 1 2 1 ...
  .. .. ..- attr(*, "names")= chr [1:2737] "11.107-5" "12.90-53" "12.93-4" "13.27-142" ...
  .. ..$ model      : chr "RKHS"
  .. ..$ Name       : chr "ETA_2"
  .. ..$ tolD       : num 1e-10
  .. ..$ levelsU    : int 2737
  .. ..$ df0        : num 5
  .. ..$ R2         : num 0.167
  .. ..$ S0         : num 229
  .. ..$ u          : num [1:3646] 2.2277 0.0462 2.8011 -2.5978 -0.8781 ...
  .. ..$ varU       : num 36.9
  .. ..$ uStar      : num [1:2737] 5.4567 0.0462 4.8516 0.8717 -2.5978 ...
  .. ..$ NamefileOut: chr "X6/ETA_2_varU.dat"
  .. ..$ SD.u       : num [1:3646] 4.42 5.59 4.85 5.57 5.55 ...
  .. ..$ SD.varU    : num 8.07
  ..$ :List of 15
  .. ..$ V          : num [1:3646, 1:576] -0.00189 -0.00645 -0.00703 -0.00832 -0.00916 ...
  .. .. ..- attr(*, "dimnames")=List of 2
  .. .. .. ..$ : chr [1:3646] "2020-21_11.107-5" "2020-21_12.90-53" "2020-21_12.93-4" "2020-21_14.37-103" ...
  .. .. .. ..$ : NULL
  .. ..$ d          : num [1:576] 985 777 402 285 213 ...
  .. ..$ model      : chr "RKHS"
  .. ..$ Name       : chr "ETA_3"
  .. ..$ tolD       : num 1e-10
  .. ..$ levelsU    : int 576
  .. ..$ df0        : num 5
  .. ..$ R2         : num 0.167
  .. ..$ S0         : num 48.2
  .. ..$ u          : num [1:3646] -3.86 -8.1 -7.2 -3.44 -9.64 ...
  .. ..$ varU       : num 242
  .. ..$ uStar      : num [1:576] 59.7 29.9 202.9 120.5 -86.9 ...
  .. ..$ NamefileOut: chr "X6/ETA_3_varU.dat"
  .. ..$ SD.u       : num [1:3646] 3.31 3.08 3.39 2.96 3.22 ...
  .. ..$ SD.varU    : num 60.7
 - attr(*, "class")= chr "BGLR"
NULL
List of 21
 $ y            : num [1:3646] 37 54.4 79 41.2 22.2 ...
 $ a            : NULL
 $ b            : NULL
 $ whichNa      : int [1:1011] 2636 2637 2638 2639 2640 2641 2642 2643 2644 2645 ...
 $ saveAt       : chr "X8/"
 $ nIter        : num 12000
 $ burnIn       : num 2000
 $ thin         : num 5
 $ weights      : num [1:3646] 1 1 1 1 1 1 1 1 1 1 ...
 $ verbose      : logi FALSE
 $ response_type: chr "gaussian"
 $ df0          : num 5
 $ S0           : num 2022
 $ yHat         : num [1:3646] 51.3 33.6 61.4 37.1 25 ...
 $ SD.yHat      : num [1:3646] 7.87 8.29 9.09 8.29 8.33 ...
 $ mu           : num 34.4
 $ SD.mu        : num 3.24
 $ varE         : num 455
 $ SD.varE      : num 21.1
 $ fit          :List of 4
  ..$ logLikAtPostMean: num -11594
  ..$ postMeanLogLik  : num -11802
  ..$ pD              : num 416
  ..$ DIC             : num 24019
 $ ETA          :List of 3
  ..$ :List of 15
  .. ..$ V          : num [1:3646, 1:6] 0 0 0 0 0 0 0 0 0 0 ...
  .. .. ..- attr(*, "dimnames")=List of 2
  .. .. .. ..$ : chr [1:3646] "2020-21_11.107-5" "2020-21_12.90-53" "2020-21_12.93-4" "2020-21_14.37-103" ...
  .. .. .. ..$ : NULL
  .. ..$ d          : num [1:6] 1011 918 450 447 435 ...
  .. ..$ model      : chr "RKHS"
  .. ..$ Name       : chr "ETA_1"
  .. ..$ tolD       : num 1e-10
  .. ..$ levelsU    : int 6
  .. ..$ df0        : num 5
  .. ..$ R2         : num 0.167
  .. ..$ S0         : num 1.53
  .. ..$ u          : num [1:3646] 0.0304 0.0304 0.0304 0.0304 0.0304 ...
  .. ..$ varU       : num 0.482
  .. ..$ uStar      : num [1:6] 0.171 1.956 -0.451 -0.481 -0.635 ...
  .. ..$ NamefileOut: chr "X8/ETA_1_varU.dat"
  .. ..$ SD.u       : num [1:3646] 0.69 0.69 0.69 0.69 0.69 ...
  .. ..$ SD.varU    : num 0.503
  ..$ :List of 15
  .. ..$ V          : num [1:3646, 1:2737] 0.408 0 0 0 0 ...
  .. .. ..- attr(*, "dimnames")=List of 2
  .. .. .. ..$ : chr [1:3646] "2020-21_11.107-5" "2020-21_12.90-53" "2020-21_12.93-4" "2020-21_14.37-103" ...
  .. .. .. ..$ : chr [1:2737] "11.107-5" "12.90-53" "12.93-4" "13.27-142" ...
  .. ..$ d          : Named num [1:2737] 6 1 3 1 1 1 1 1 2 1 ...
  .. .. ..- attr(*, "names")= chr [1:2737] "11.107-5" "12.90-53" "12.93-4" "13.27-142" ...
  .. ..$ model      : chr "RKHS"
  .. ..$ Name       : chr "ETA_2"
  .. ..$ tolD       : num 1e-10
  .. ..$ levelsU    : int 2737
  .. ..$ df0        : num 5
  .. ..$ R2         : num 0.167
  .. ..$ S0         : num 700
  .. ..$ u          : num [1:3646] 2.7144 2.8938 19.0663 0.7986 0.0238 ...
  .. ..$ varU       : num 67.3
  .. ..$ uStar      : num [1:2737] 6.649 2.894 33.024 0.255 0.799 ...
  .. ..$ NamefileOut: chr "X8/ETA_2_varU.dat"
  .. ..$ SD.u       : num [1:3646] 6.12 7.65 7.77 7.66 7.43 ...
  .. ..$ SD.varU    : num 16.9
  ..$ :List of 15
  .. ..$ V          : num [1:3646, 1:576] -0.00189 -0.00645 -0.00703 -0.00832 -0.00916 ...
  .. .. ..- attr(*, "dimnames")=List of 2
  .. .. .. ..$ : chr [1:3646] "2020-21_11.107-5" "2020-21_12.90-53" "2020-21_12.93-4" "2020-21_14.37-103" ...
  .. .. .. ..$ : NULL
  .. ..$ d          : num [1:576] 985 777 402 285 213 ...
  .. ..$ model      : chr "RKHS"
  .. ..$ Name       : chr "ETA_3"
  .. ..$ tolD       : num 1e-10
  .. ..$ levelsU    : int 576
  .. ..$ df0        : num 5
  .. ..$ R2         : num 0.167
  .. ..$ S0         : num 147
  .. ..$ u          : num [1:3646] 14.18 -3.71 7.99 1.91 -9.46 ...
  .. ..$ varU       : num 1424
  .. ..$ uStar      : num [1:576] 134.3 193.6 57.3 570.4 -263.6 ...
  .. ..$ NamefileOut: chr "X8/ETA_3_varU.dat"
  .. ..$ SD.u       : num [1:3646] 6.04 5.43 6.02 4.99 5.53 ...
  .. ..$ SD.varU    : num 322
 - attr(*, "class")= chr "BGLR"
NULL
List of 21
 $ y            : num [1:3646] 37 54.4 79 41.2 22.2 ...
 $ a            : NULL
 $ b            : NULL
 $ whichNa      : int [1:1011] 2636 2637 2638 2639 2640 2641 2642 2643 2644 2645 ...
 $ saveAt       : chr "X8/"
 $ nIter        : num 12000
 $ burnIn       : num 2000
 $ thin         : num 5
 $ weights      : num [1:3646] 1 1 1 1 1 1 1 1 1 1 ...
 $ verbose      : logi FALSE
 $ response_type: chr "gaussian"
 $ df0          : num 5
 $ S0           : num 2022
 $ yHat         : num [1:3646] 51.3 33.6 61.4 37.1 25 ...
 $ SD.yHat      : num [1:3646] 7.87 8.29 9.09 8.29 8.33 ...
 $ mu           : num 34.4
 $ SD.mu        : num 3.24
 $ varE         : num 455
 $ SD.varE      : num 21.1
 $ fit          :List of 4
  ..$ logLikAtPostMean: num -11594
  ..$ postMeanLogLik  : num -11802
  ..$ pD              : num 416
  ..$ DIC             : num 24019
 $ ETA          :List of 3
  ..$ :List of 15
  .. ..$ V          : num [1:3646, 1:6] 0 0 0 0 0 0 0 0 0 0 ...
  .. .. ..- attr(*, "dimnames")=List of 2
  .. .. .. ..$ : chr [1:3646] "2020-21_11.107-5" "2020-21_12.90-53" "2020-21_12.93-4" "2020-21_14.37-103" ...
  .. .. .. ..$ : NULL
  .. ..$ d          : num [1:6] 1011 918 450 447 435 ...
  .. ..$ model      : chr "RKHS"
  .. ..$ Name       : chr "ETA_1"
  .. ..$ tolD       : num 1e-10
  .. ..$ levelsU    : int 6
  .. ..$ df0        : num 5
  .. ..$ R2         : num 0.167
  .. ..$ S0         : num 1.53
  .. ..$ u          : num [1:3646] 0.0304 0.0304 0.0304 0.0304 0.0304 ...
  .. ..$ varU       : num 0.482
  .. ..$ uStar      : num [1:6] 0.171 1.956 -0.451 -0.481 -0.635 ...
  .. ..$ NamefileOut: chr "X8/ETA_1_varU.dat"
  .. ..$ SD.u       : num [1:3646] 0.69 0.69 0.69 0.69 0.69 ...
  .. ..$ SD.varU    : num 0.503
  ..$ :List of 15
  .. ..$ V          : num [1:3646, 1:2737] 0.408 0 0 0 0 ...
  .. .. ..- attr(*, "dimnames")=List of 2
  .. .. .. ..$ : chr [1:3646] "2020-21_11.107-5" "2020-21_12.90-53" "2020-21_12.93-4" "2020-21_14.37-103" ...
  .. .. .. ..$ : chr [1:2737] "11.107-5" "12.90-53" "12.93-4" "13.27-142" ...
  .. ..$ d          : Named num [1:2737] 6 1 3 1 1 1 1 1 2 1 ...
  .. .. ..- attr(*, "names")= chr [1:2737] "11.107-5" "12.90-53" "12.93-4" "13.27-142" ...
  .. ..$ model      : chr "RKHS"
  .. ..$ Name       : chr "ETA_2"
  .. ..$ tolD       : num 1e-10
  .. ..$ levelsU    : int 2737
  .. ..$ df0        : num 5
  .. ..$ R2         : num 0.167
  .. ..$ S0         : num 700
  .. ..$ u          : num [1:3646] 2.7144 2.8938 19.0663 0.7986 0.0238 ...
  .. ..$ varU       : num 67.3
  .. ..$ uStar      : num [1:2737] 6.649 2.894 33.024 0.255 0.799 ...
  .. ..$ NamefileOut: chr "X8/ETA_2_varU.dat"
  .. ..$ SD.u       : num [1:3646] 6.12 7.65 7.77 7.66 7.43 ...
  .. ..$ SD.varU    : num 16.9
  ..$ :List of 15
  .. ..$ V          : num [1:3646, 1:576] -0.00189 -0.00645 -0.00703 -0.00832 -0.00916 ...
  .. .. ..- attr(*, "dimnames")=List of 2
  .. .. .. ..$ : chr [1:3646] "2020-21_11.107-5" "2020-21_12.90-53" "2020-21_12.93-4" "2020-21_14.37-103" ...
  .. .. .. ..$ : NULL
  .. ..$ d          : num [1:576] 985 777 402 285 213 ...
  .. ..$ model      : chr "RKHS"
  .. ..$ Name       : chr "ETA_3"
  .. ..$ tolD       : num 1e-10
  .. ..$ levelsU    : int 576
  .. ..$ df0        : num 5
  .. ..$ R2         : num 0.167
  .. ..$ S0         : num 147
  .. ..$ u          : num [1:3646] 14.18 -3.71 7.99 1.91 -9.46 ...
  .. ..$ varU       : num 1424
  .. ..$ uStar      : num [1:576] 134.3 193.6 57.3 570.4 -263.6 ...
  .. ..$ NamefileOut: chr "X8/ETA_3_varU.dat"
  .. ..$ SD.u       : num [1:3646] 6.04 5.43 6.02 4.99 5.53 ...
  .. ..$ SD.varU    : num 322
 - attr(*, "class")= chr "BGLR"
NULL
List of 21
 $ y            : num [1:3646] 0.677 8.594 0.135 -0.135 3.535 ...
 $ a            : NULL
 $ b            : NULL
 $ whichNa      : int [1:1011] 2636 2637 2638 2639 2640 2641 2642 2643 2644 2645 ...
 $ saveAt       : chr "X6/"
 $ nIter        : num 12000
 $ burnIn       : num 2000
 $ thin         : num 5
 $ weights      : num [1:3646] 1 1 1 1 1 1 1 1 1 1 ...
 $ verbose      : logi FALSE
 $ response_type: chr "gaussian"
 $ df0          : num 5
 $ S0           : num 662
 $ yHat         : num [1:3646] 15.8 9.38 13.03 11.39 6.91 ...
 $ SD.yHat      : num [1:3646] 5.07 5.83 5.51 5.85 5.75 ...
 $ mu           : num 17.4
 $ SD.mu        : num 2.06
 $ varE         : num 176
 $ SD.varE      : num 8.77
 $ fit          :List of 4
  ..$ logLikAtPostMean: num -10313
  ..$ postMeanLogLik  : num -10554
  ..$ pD              : num 482
  ..$ DIC             : num 21590
 $ ETA          :List of 3
  ..$ :List of 15
  .. ..$ V          : num [1:3646, 1:6] 0 0 0 0 0 0 0 0 0 0 ...
  .. .. ..- attr(*, "dimnames")=List of 2
  .. .. .. ..$ : chr [1:3646] "2020-21_11.107-5" "2020-21_12.90-53" "2020-21_12.93-4" "2020-21_14.37-103" ...
  .. .. .. ..$ : NULL
  .. ..$ d          : num [1:6] 1011 918 450 447 435 ...
  .. ..$ model      : chr "RKHS"
  .. ..$ Name       : chr "ETA_1"
  .. ..$ tolD       : num 1e-10
  .. ..$ levelsU    : int 6
  .. ..$ df0        : num 5
  .. ..$ R2         : num 0.167
  .. ..$ S0         : num 0.502
  .. ..$ u          : num [1:3646] -0.0179 -0.0179 -0.0179 -0.0179 -0.0179 ...
  .. ..$ varU       : num 0.171
  .. ..$ uStar      : num [1:6] 0.328 0.666 -0.123 -0.567 0.373 ...
  .. ..$ NamefileOut: chr "X6/ETA_1_varU.dat"
  .. ..$ SD.u       : num [1:3646] 0.419 0.419 0.419 0.419 0.419 ...
  .. ..$ SD.varU    : num 0.229
  ..$ :List of 15
  .. ..$ V          : num [1:3646, 1:2737] 0.408 0 0 0 0 ...
  .. .. ..- attr(*, "dimnames")=List of 2
  .. .. .. ..$ : chr [1:3646] "2020-21_11.107-5" "2020-21_12.90-53" "2020-21_12.93-4" "2020-21_14.37-103" ...
  .. .. .. ..$ : chr [1:2737] "11.107-5" "12.90-53" "12.93-4" "13.27-142" ...
  .. ..$ d          : Named num [1:2737] 6 1 3 1 1 1 1 1 2 1 ...
  .. .. ..- attr(*, "names")= chr [1:2737] "11.107-5" "12.90-53" "12.93-4" "13.27-142" ...
  .. ..$ model      : chr "RKHS"
  .. ..$ Name       : chr "ETA_2"
  .. ..$ tolD       : num 1e-10
  .. ..$ levelsU    : int 2737
  .. ..$ df0        : num 5
  .. ..$ R2         : num 0.167
  .. ..$ S0         : num 229
  .. ..$ u          : num [1:3646] 2.2277 0.0462 2.8011 -2.5978 -0.8781 ...
  .. ..$ varU       : num 36.9
  .. ..$ uStar      : num [1:2737] 5.4567 0.0462 4.8516 0.8717 -2.5978 ...
  .. ..$ NamefileOut: chr "X6/ETA_2_varU.dat"
  .. ..$ SD.u       : num [1:3646] 4.42 5.59 4.85 5.57 5.55 ...
  .. ..$ SD.varU    : num 8.07
  ..$ :List of 15
  .. ..$ V          : num [1:3646, 1:576] -0.00189 -0.00645 -0.00703 -0.00832 -0.00916 ...
  .. .. ..- attr(*, "dimnames")=List of 2
  .. .. .. ..$ : chr [1:3646] "2020-21_11.107-5" "2020-21_12.90-53" "2020-21_12.93-4" "2020-21_14.37-103" ...
  .. .. .. ..$ : NULL
  .. ..$ d          : num [1:576] 985 777 402 285 213 ...
  .. ..$ model      : chr "RKHS"
  .. ..$ Name       : chr "ETA_3"
  .. ..$ tolD       : num 1e-10
  .. ..$ levelsU    : int 576
  .. ..$ df0        : num 5
  .. ..$ R2         : num 0.167
  .. ..$ S0         : num 48.2
  .. ..$ u          : num [1:3646] -3.86 -8.1 -7.2 -3.44 -9.64 ...
  .. ..$ varU       : num 242
  .. ..$ uStar      : num [1:576] 59.7 29.9 202.9 120.5 -86.9 ...
  .. ..$ NamefileOut: chr "X6/ETA_3_varU.dat"
  .. ..$ SD.u       : num [1:3646] 3.31 3.08 3.39 2.96 3.22 ...
  .. ..$ SD.varU    : num 60.7
 - attr(*, "class")= chr "BGLR"
NULL
List of 21
 $ y            : num [1:3646] 37 54.4 79 41.2 22.2 ...
 $ a            : NULL
 $ b            : NULL
 $ whichNa      : int [1:1011] 2636 2637 2638 2639 2640 2641 2642 2643 2644 2645 ...
 $ saveAt       : chr "X8/"
 $ nIter        : num 12000
 $ burnIn       : num 2000
 $ thin         : num 5
 $ weights      : num [1:3646] 1 1 1 1 1 1 1 1 1 1 ...
 $ verbose      : logi FALSE
 $ response_type: chr "gaussian"
 $ df0          : num 5
 $ S0           : num 2022
 $ yHat         : num [1:3646] 51.3 33.6 61.4 37.1 25 ...
 $ SD.yHat      : num [1:3646] 7.87 8.29 9.09 8.29 8.33 ...
 $ mu           : num 34.4
 $ SD.mu        : num 3.24
 $ varE         : num 455
 $ SD.varE      : num 21.1
 $ fit          :List of 4
  ..$ logLikAtPostMean: num -11594
  ..$ postMeanLogLik  : num -11802
  ..$ pD              : num 416
  ..$ DIC             : num 24019
 $ ETA          :List of 3
  ..$ :List of 15
  .. ..$ V          : num [1:3646, 1:6] 0 0 0 0 0 0 0 0 0 0 ...
  .. .. ..- attr(*, "dimnames")=List of 2
  .. .. .. ..$ : chr [1:3646] "2020-21_11.107-5" "2020-21_12.90-53" "2020-21_12.93-4" "2020-21_14.37-103" ...
  .. .. .. ..$ : NULL
  .. ..$ d          : num [1:6] 1011 918 450 447 435 ...
  .. ..$ model      : chr "RKHS"
  .. ..$ Name       : chr "ETA_1"
  .. ..$ tolD       : num 1e-10
  .. ..$ levelsU    : int 6
  .. ..$ df0        : num 5
  .. ..$ R2         : num 0.167
  .. ..$ S0         : num 1.53
  .. ..$ u          : num [1:3646] 0.0304 0.0304 0.0304 0.0304 0.0304 ...
  .. ..$ varU       : num 0.482
  .. ..$ uStar      : num [1:6] 0.171 1.956 -0.451 -0.481 -0.635 ...
  .. ..$ NamefileOut: chr "X8/ETA_1_varU.dat"
  .. ..$ SD.u       : num [1:3646] 0.69 0.69 0.69 0.69 0.69 ...
  .. ..$ SD.varU    : num 0.503
  ..$ :List of 15
  .. ..$ V          : num [1:3646, 1:2737] 0.408 0 0 0 0 ...
  .. .. ..- attr(*, "dimnames")=List of 2
  .. .. .. ..$ : chr [1:3646] "2020-21_11.107-5" "2020-21_12.90-53" "2020-21_12.93-4" "2020-21_14.37-103" ...
  .. .. .. ..$ : chr [1:2737] "11.107-5" "12.90-53" "12.93-4" "13.27-142" ...
  .. ..$ d          : Named num [1:2737] 6 1 3 1 1 1 1 1 2 1 ...
  .. .. ..- attr(*, "names")= chr [1:2737] "11.107-5" "12.90-53" "12.93-4" "13.27-142" ...
  .. ..$ model      : chr "RKHS"
  .. ..$ Name       : chr "ETA_2"
  .. ..$ tolD       : num 1e-10
  .. ..$ levelsU    : int 2737
  .. ..$ df0        : num 5
  .. ..$ R2         : num 0.167
  .. ..$ S0         : num 700
  .. ..$ u          : num [1:3646] 2.7144 2.8938 19.0663 0.7986 0.0238 ...
  .. ..$ varU       : num 67.3
  .. ..$ uStar      : num [1:2737] 6.649 2.894 33.024 0.255 0.799 ...
  .. ..$ NamefileOut: chr "X8/ETA_2_varU.dat"
  .. ..$ SD.u       : num [1:3646] 6.12 7.65 7.77 7.66 7.43 ...
  .. ..$ SD.varU    : num 16.9
  ..$ :List of 15
  .. ..$ V          : num [1:3646, 1:576] -0.00189 -0.00645 -0.00703 -0.00832 -0.00916 ...
  .. .. ..- attr(*, "dimnames")=List of 2
  .. .. .. ..$ : chr [1:3646] "2020-21_11.107-5" "2020-21_12.90-53" "2020-21_12.93-4" "2020-21_14.37-103" ...
  .. .. .. ..$ : NULL
  .. ..$ d          : num [1:576] 985 777 402 285 213 ...
  .. ..$ model      : chr "RKHS"
  .. ..$ Name       : chr "ETA_3"
  .. ..$ tolD       : num 1e-10
  .. ..$ levelsU    : int 576
  .. ..$ df0        : num 5
  .. ..$ R2         : num 0.167
  .. ..$ S0         : num 147
  .. ..$ u          : num [1:3646] 14.18 -3.71 7.99 1.91 -9.46 ...
  .. ..$ varU       : num 1424
  .. ..$ uStar      : num [1:576] 134.3 193.6 57.3 570.4 -263.6 ...
  .. ..$ NamefileOut: chr "X8/ETA_3_varU.dat"
  .. ..$ SD.u       : num [1:3646] 6.04 5.43 6.02 4.99 5.53 ...
  .. ..$ SD.varU    : num 322
 - attr(*, "class")= chr "BGLR"
NULL
List of 21
 $ y            : num [1:3646] 37 54.4 79 41.2 22.2 ...
 $ a            : NULL
 $ b            : NULL
 $ whichNa      : int [1:1011] 2636 2637 2638 2639 2640 2641 2642 2643 2644 2645 ...
 $ saveAt       : chr "X8/"
 $ nIter        : num 12000
 $ burnIn       : num 2000
 $ thin         : num 5
 $ weights      : num [1:3646] 1 1 1 1 1 1 1 1 1 1 ...
 $ verbose      : logi FALSE
 $ response_type: chr "gaussian"
 $ df0          : num 5
 $ S0           : num 2022
 $ yHat         : num [1:3646] 51.3 33.6 61.4 37.1 25 ...
 $ SD.yHat      : num [1:3646] 7.87 8.29 9.09 8.29 8.33 ...
 $ mu           : num 34.4
 $ SD.mu        : num 3.24
 $ varE         : num 455
 $ SD.varE      : num 21.1
 $ fit          :List of 4
  ..$ logLikAtPostMean: num -11594
  ..$ postMeanLogLik  : num -11802
  ..$ pD              : num 416
  ..$ DIC             : num 24019
 $ ETA          :List of 3
  ..$ :List of 15
  .. ..$ V          : num [1:3646, 1:6] 0 0 0 0 0 0 0 0 0 0 ...
  .. .. ..- attr(*, "dimnames")=List of 2
  .. .. .. ..$ : chr [1:3646] "2020-21_11.107-5" "2020-21_12.90-53" "2020-21_12.93-4" "2020-21_14.37-103" ...
  .. .. .. ..$ : NULL
  .. ..$ d          : num [1:6] 1011 918 450 447 435 ...
  .. ..$ model      : chr "RKHS"
  .. ..$ Name       : chr "ETA_1"
  .. ..$ tolD       : num 1e-10
  .. ..$ levelsU    : int 6
  .. ..$ df0        : num 5
  .. ..$ R2         : num 0.167
  .. ..$ S0         : num 1.53
  .. ..$ u          : num [1:3646] 0.0304 0.0304 0.0304 0.0304 0.0304 ...
  .. ..$ varU       : num 0.482
  .. ..$ uStar      : num [1:6] 0.171 1.956 -0.451 -0.481 -0.635 ...
  .. ..$ NamefileOut: chr "X8/ETA_1_varU.dat"
  .. ..$ SD.u       : num [1:3646] 0.69 0.69 0.69 0.69 0.69 ...
  .. ..$ SD.varU    : num 0.503
  ..$ :List of 15
  .. ..$ V          : num [1:3646, 1:2737] 0.408 0 0 0 0 ...
  .. .. ..- attr(*, "dimnames")=List of 2
  .. .. .. ..$ : chr [1:3646] "2020-21_11.107-5" "2020-21_12.90-53" "2020-21_12.93-4" "2020-21_14.37-103" ...
  .. .. .. ..$ : chr [1:2737] "11.107-5" "12.90-53" "12.93-4" "13.27-142" ...
  .. ..$ d          : Named num [1:2737] 6 1 3 1 1 1 1 1 2 1 ...
  .. .. ..- attr(*, "names")= chr [1:2737] "11.107-5" "12.90-53" "12.93-4" "13.27-142" ...
  .. ..$ model      : chr "RKHS"
  .. ..$ Name       : chr "ETA_2"
  .. ..$ tolD       : num 1e-10
  .. ..$ levelsU    : int 2737
  .. ..$ df0        : num 5
  .. ..$ R2         : num 0.167
  .. ..$ S0         : num 700
  .. ..$ u          : num [1:3646] 2.7144 2.8938 19.0663 0.7986 0.0238 ...
  .. ..$ varU       : num 67.3
  .. ..$ uStar      : num [1:2737] 6.649 2.894 33.024 0.255 0.799 ...
  .. ..$ NamefileOut: chr "X8/ETA_2_varU.dat"
  .. ..$ SD.u       : num [1:3646] 6.12 7.65 7.77 7.66 7.43 ...
  .. ..$ SD.varU    : num 16.9
  ..$ :List of 15
  .. ..$ V          : num [1:3646, 1:576] -0.00189 -0.00645 -0.00703 -0.00832 -0.00916 ...
  .. .. ..- attr(*, "dimnames")=List of 2
  .. .. .. ..$ : chr [1:3646] "2020-21_11.107-5" "2020-21_12.90-53" "2020-21_12.93-4" "2020-21_14.37-103" ...
  .. .. .. ..$ : NULL
  .. ..$ d          : num [1:576] 985 777 402 285 213 ...
  .. ..$ model      : chr "RKHS"
  .. ..$ Name       : chr "ETA_3"
  .. ..$ tolD       : num 1e-10
  .. ..$ levelsU    : int 576
  .. ..$ df0        : num 5
  .. ..$ R2         : num 0.167
  .. ..$ S0         : num 147
  .. ..$ u          : num [1:3646] 14.18 -3.71 7.99 1.91 -9.46 ...
  .. ..$ varU       : num 1424
  .. ..$ uStar      : num [1:576] 134.3 193.6 57.3 570.4 -263.6 ...
  .. ..$ NamefileOut: chr "X8/ETA_3_varU.dat"
  .. ..$ SD.u       : num [1:3646] 6.04 5.43 6.02 4.99 5.53 ...
  .. ..$ SD.varU    : num 322
 - attr(*, "class")= chr "BGLR"
NULL
List of 21
 $ y            : num [1:3646] 37 54.4 79 41.2 22.2 ...
 $ a            : NULL
 $ b            : NULL
 $ whichNa      : int [1:1011] 2636 2637 2638 2639 2640 2641 2642 2643 2644 2645 ...
 $ saveAt       : chr "X8/"
 $ nIter        : num 12000
 $ burnIn       : num 2000
 $ thin         : num 5
 $ weights      : num [1:3646] 1 1 1 1 1 1 1 1 1 1 ...
 $ verbose      : logi FALSE
 $ response_type: chr "gaussian"
 $ df0          : num 5
 $ S0           : num 2022
 $ yHat         : num [1:3646] 51.3 33.6 61.4 37.1 25 ...
 $ SD.yHat      : num [1:3646] 7.87 8.29 9.09 8.29 8.33 ...
 $ mu           : num 34.4
 $ SD.mu        : num 3.24
 $ varE         : num 455
 $ SD.varE      : num 21.1
 $ fit          :List of 4
  ..$ logLikAtPostMean: num -11594
  ..$ postMeanLogLik  : num -11802
  ..$ pD              : num 416
  ..$ DIC             : num 24019
 $ ETA          :List of 3
  ..$ :List of 15
  .. ..$ V          : num [1:3646, 1:6] 0 0 0 0 0 0 0 0 0 0 ...
  .. .. ..- attr(*, "dimnames")=List of 2
  .. .. .. ..$ : chr [1:3646] "2020-21_11.107-5" "2020-21_12.90-53" "2020-21_12.93-4" "2020-21_14.37-103" ...
  .. .. .. ..$ : NULL
  .. ..$ d          : num [1:6] 1011 918 450 447 435 ...
  .. ..$ model      : chr "RKHS"
  .. ..$ Name       : chr "ETA_1"
  .. ..$ tolD       : num 1e-10
  .. ..$ levelsU    : int 6
  .. ..$ df0        : num 5
  .. ..$ R2         : num 0.167
  .. ..$ S0         : num 1.53
  .. ..$ u          : num [1:3646] 0.0304 0.0304 0.0304 0.0304 0.0304 ...
  .. ..$ varU       : num 0.482
  .. ..$ uStar      : num [1:6] 0.171 1.956 -0.451 -0.481 -0.635 ...
  .. ..$ NamefileOut: chr "X8/ETA_1_varU.dat"
  .. ..$ SD.u       : num [1:3646] 0.69 0.69 0.69 0.69 0.69 ...
  .. ..$ SD.varU    : num 0.503
  ..$ :List of 15
  .. ..$ V          : num [1:3646, 1:2737] 0.408 0 0 0 0 ...
  .. .. ..- attr(*, "dimnames")=List of 2
  .. .. .. ..$ : chr [1:3646] "2020-21_11.107-5" "2020-21_12.90-53" "2020-21_12.93-4" "2020-21_14.37-103" ...
  .. .. .. ..$ : chr [1:2737] "11.107-5" "12.90-53" "12.93-4" "13.27-142" ...
  .. ..$ d          : Named num [1:2737] 6 1 3 1 1 1 1 1 2 1 ...
  .. .. ..- attr(*, "names")= chr [1:2737] "11.107-5" "12.90-53" "12.93-4" "13.27-142" ...
  .. ..$ model      : chr "RKHS"
  .. ..$ Name       : chr "ETA_2"
  .. ..$ tolD       : num 1e-10
  .. ..$ levelsU    : int 2737
  .. ..$ df0        : num 5
  .. ..$ R2         : num 0.167
  .. ..$ S0         : num 700
  .. ..$ u          : num [1:3646] 2.7144 2.8938 19.0663 0.7986 0.0238 ...
  .. ..$ varU       : num 67.3
  .. ..$ uStar      : num [1:2737] 6.649 2.894 33.024 0.255 0.799 ...
  .. ..$ NamefileOut: chr "X8/ETA_2_varU.dat"
  .. ..$ SD.u       : num [1:3646] 6.12 7.65 7.77 7.66 7.43 ...
  .. ..$ SD.varU    : num 16.9
  ..$ :List of 15
  .. ..$ V          : num [1:3646, 1:576] -0.00189 -0.00645 -0.00703 -0.00832 -0.00916 ...
  .. .. ..- attr(*, "dimnames")=List of 2
  .. .. .. ..$ : chr [1:3646] "2020-21_11.107-5" "2020-21_12.90-53" "2020-21_12.93-4" "2020-21_14.37-103" ...
  .. .. .. ..$ : NULL
  .. ..$ d          : num [1:576] 985 777 402 285 213 ...
  .. ..$ model      : chr "RKHS"
  .. ..$ Name       : chr "ETA_3"
  .. ..$ tolD       : num 1e-10
  .. ..$ levelsU    : int 576
  .. ..$ df0        : num 5
  .. ..$ R2         : num 0.167
  .. ..$ S0         : num 147
  .. ..$ u          : num [1:3646] 14.18 -3.71 7.99 1.91 -9.46 ...
  .. ..$ varU       : num 1424
  .. ..$ uStar      : num [1:576] 134.3 193.6 57.3 570.4 -263.6 ...
  .. ..$ NamefileOut: chr "X8/ETA_3_varU.dat"
  .. ..$ SD.u       : num [1:3646] 6.04 5.43 6.02 4.99 5.53 ...
  .. ..$ SD.varU    : num 322
 - attr(*, "class")= chr "BGLR"
NULL
List of 21
 $ y            : num [1:3646] 34.557 32 37.708 62.27 0.585 ...
 $ a            : NULL
 $ b            : NULL
 $ whichNa      : int [1:1011] 2636 2637 2638 2639 2640 2641 2642 2643 2644 2645 ...
 $ saveAt       : chr "X7/"
 $ nIter        : num 12000
 $ burnIn       : num 2000
 $ thin         : num 5
 $ weights      : num [1:3646] 1 1 1 1 1 1 1 1 1 1 ...
 $ verbose      : logi FALSE
 $ response_type: chr "gaussian"
 $ df0          : num 5
 $ S0           : num 1094
 $ yHat         : num [1:3646] 32.1 19 24.3 26.6 10.7 ...
 $ SD.yHat      : num [1:3646] 6.15 6.8 6.87 6.84 6.75 ...
 $ mu           : num 24.6
 $ SD.mu        : num 2.6
 $ varE         : num 288
 $ SD.varE      : num 13.7
 $ fit          :List of 4
  ..$ logLikAtPostMean: num -10989
  ..$ postMeanLogLik  : num -11198
  ..$ pD              : num 419
  ..$ DIC             : num 22816
 $ ETA          :List of 3
  ..$ :List of 15
  .. ..$ V          : num [1:3646, 1:6] 0 0 0 0 0 0 0 0 0 0 ...
  .. .. ..- attr(*, "dimnames")=List of 2
  .. .. .. ..$ : chr [1:3646] "2020-21_11.107-5" "2020-21_12.90-53" "2020-21_12.93-4" "2020-21_14.37-103" ...
  .. .. .. ..$ : NULL
  .. ..$ d          : num [1:6] 1011 918 450 447 435 ...
  .. ..$ model      : chr "RKHS"
  .. ..$ Name       : chr "ETA_1"
  .. ..$ tolD       : num 1e-10
  .. ..$ levelsU    : int 6
  .. ..$ df0        : num 5
  .. ..$ R2         : num 0.167
  .. ..$ S0         : num 0.831
  .. ..$ u          : num [1:3646] 0.0019 0.0019 0.0019 0.0019 0.0019 ...
  .. ..$ varU       : num 0.296
  .. ..$ uStar      : num [1:6] 0.29029 2.6112 -0.00839 -1.48962 -0.03967 ...
  .. ..$ NamefileOut: chr "X7/ETA_1_varU.dat"
  .. ..$ SD.u       : num [1:3646] 0.545 0.545 0.545 0.545 0.545 ...
  .. ..$ SD.varU    : num 0.417
  ..$ :List of 15
  .. ..$ V          : num [1:3646, 1:2737] 0.408 0 0 0 0 ...
  .. .. ..- attr(*, "dimnames")=List of 2
  .. .. .. ..$ : chr [1:3646] "2020-21_11.107-5" "2020-21_12.90-53" "2020-21_12.93-4" "2020-21_14.37-103" ...
  .. .. .. ..$ : chr [1:2737] "11.107-5" "12.90-53" "12.93-4" "13.27-142" ...
  .. ..$ d          : Named num [1:2737] 6 1 3 1 1 1 1 1 2 1 ...
  .. .. ..- attr(*, "names")= chr [1:2737] "11.107-5" "12.90-53" "12.93-4" "13.27-142" ...
  .. ..$ model      : chr "RKHS"
  .. ..$ Name       : chr "ETA_2"
  .. ..$ tolD       : num 1e-10
  .. ..$ levelsU    : int 2737
  .. ..$ df0        : num 5
  .. ..$ R2         : num 0.167
  .. ..$ S0         : num 379
  .. ..$ u          : num [1:3646] 6.75 2.11 8.2 5.41 -1.24 ...
  .. ..$ varU       : num 44.6
  .. ..$ uStar      : num [1:2737] 16.52 2.11 14.2 1.73 5.41 ...
  .. ..$ NamefileOut: chr "X7/ETA_2_varU.dat"
  .. ..$ SD.u       : num [1:3646] 4.99 6.29 5.8 6.35 6.19 ...
  .. ..$ SD.varU    : num 11.7
  ..$ :List of 15
  .. ..$ V          : num [1:3646, 1:576] -0.00189 -0.00645 -0.00703 -0.00832 -0.00916 ...
  .. .. ..- attr(*, "dimnames")=List of 2
  .. .. .. ..$ : chr [1:3646] "2020-21_11.107-5" "2020-21_12.90-53" "2020-21_12.93-4" "2020-21_14.37-103" ...
  .. .. .. ..$ : NULL
  .. ..$ d          : num [1:576] 985 777 402 285 213 ...
  .. ..$ model      : chr "RKHS"
  .. ..$ Name       : chr "ETA_3"
  .. ..$ tolD       : num 1e-10
  .. ..$ levelsU    : int 576
  .. ..$ df0        : num 5
  .. ..$ R2         : num 0.167
  .. ..$ S0         : num 79.8
  .. ..$ u          : num [1:3646] 0.739 -7.687 -8.54 -3.365 -12.704 ...
  .. ..$ varU       : num 729
  .. ..$ uStar      : num [1:576] -10.1 98 221.5 310.7 -136.8 ...
  .. ..$ NamefileOut: chr "X7/ETA_3_varU.dat"
  .. ..$ SD.u       : num [1:3646] 4.43 4.19 4.7 3.95 4.31 ...
  .. ..$ SD.varU    : num 176
 - attr(*, "class")= chr "BGLR"
NULL
List of 21
 $ y            : num [1:3646] 34.557 32 37.708 62.27 0.585 ...
 $ a            : NULL
 $ b            : NULL
 $ whichNa      : int [1:1011] 2636 2637 2638 2639 2640 2641 2642 2643 2644 2645 ...
 $ saveAt       : chr "X7/"
 $ nIter        : num 12000
 $ burnIn       : num 2000
 $ thin         : num 5
 $ weights      : num [1:3646] 1 1 1 1 1 1 1 1 1 1 ...
 $ verbose      : logi FALSE
 $ response_type: chr "gaussian"
 $ df0          : num 5
 $ S0           : num 1094
 $ yHat         : num [1:3646] 32.1 19 24.3 26.6 10.7 ...
 $ SD.yHat      : num [1:3646] 6.15 6.8 6.87 6.84 6.75 ...
 $ mu           : num 24.6
 $ SD.mu        : num 2.6
 $ varE         : num 288
 $ SD.varE      : num 13.7
 $ fit          :List of 4
  ..$ logLikAtPostMean: num -10989
  ..$ postMeanLogLik  : num -11198
  ..$ pD              : num 419
  ..$ DIC             : num 22816
 $ ETA          :List of 3
  ..$ :List of 15
  .. ..$ V          : num [1:3646, 1:6] 0 0 0 0 0 0 0 0 0 0 ...
  .. .. ..- attr(*, "dimnames")=List of 2
  .. .. .. ..$ : chr [1:3646] "2020-21_11.107-5" "2020-21_12.90-53" "2020-21_12.93-4" "2020-21_14.37-103" ...
  .. .. .. ..$ : NULL
  .. ..$ d          : num [1:6] 1011 918 450 447 435 ...
  .. ..$ model      : chr "RKHS"
  .. ..$ Name       : chr "ETA_1"
  .. ..$ tolD       : num 1e-10
  .. ..$ levelsU    : int 6
  .. ..$ df0        : num 5
  .. ..$ R2         : num 0.167
  .. ..$ S0         : num 0.831
  .. ..$ u          : num [1:3646] 0.0019 0.0019 0.0019 0.0019 0.0019 ...
  .. ..$ varU       : num 0.296
  .. ..$ uStar      : num [1:6] 0.29029 2.6112 -0.00839 -1.48962 -0.03967 ...
  .. ..$ NamefileOut: chr "X7/ETA_1_varU.dat"
  .. ..$ SD.u       : num [1:3646] 0.545 0.545 0.545 0.545 0.545 ...
  .. ..$ SD.varU    : num 0.417
  ..$ :List of 15
  .. ..$ V          : num [1:3646, 1:2737] 0.408 0 0 0 0 ...
  .. .. ..- attr(*, "dimnames")=List of 2
  .. .. .. ..$ : chr [1:3646] "2020-21_11.107-5" "2020-21_12.90-53" "2020-21_12.93-4" "2020-21_14.37-103" ...
  .. .. .. ..$ : chr [1:2737] "11.107-5" "12.90-53" "12.93-4" "13.27-142" ...
  .. ..$ d          : Named num [1:2737] 6 1 3 1 1 1 1 1 2 1 ...
  .. .. ..- attr(*, "names")= chr [1:2737] "11.107-5" "12.90-53" "12.93-4" "13.27-142" ...
  .. ..$ model      : chr "RKHS"
  .. ..$ Name       : chr "ETA_2"
  .. ..$ tolD       : num 1e-10
  .. ..$ levelsU    : int 2737
  .. ..$ df0        : num 5
  .. ..$ R2         : num 0.167
  .. ..$ S0         : num 379
  .. ..$ u          : num [1:3646] 6.75 2.11 8.2 5.41 -1.24 ...
  .. ..$ varU       : num 44.6
  .. ..$ uStar      : num [1:2737] 16.52 2.11 14.2 1.73 5.41 ...
  .. ..$ NamefileOut: chr "X7/ETA_2_varU.dat"
  .. ..$ SD.u       : num [1:3646] 4.99 6.29 5.8 6.35 6.19 ...
  .. ..$ SD.varU    : num 11.7
  ..$ :List of 15
  .. ..$ V          : num [1:3646, 1:576] -0.00189 -0.00645 -0.00703 -0.00832 -0.00916 ...
  .. .. ..- attr(*, "dimnames")=List of 2
  .. .. .. ..$ : chr [1:3646] "2020-21_11.107-5" "2020-21_12.90-53" "2020-21_12.93-4" "2020-21_14.37-103" ...
  .. .. .. ..$ : NULL
  .. ..$ d          : num [1:576] 985 777 402 285 213 ...
  .. ..$ model      : chr "RKHS"
  .. ..$ Name       : chr "ETA_3"
  .. ..$ tolD       : num 1e-10
  .. ..$ levelsU    : int 576
  .. ..$ df0        : num 5
  .. ..$ R2         : num 0.167
  .. ..$ S0         : num 79.8
  .. ..$ u          : num [1:3646] 0.739 -7.687 -8.54 -3.365 -12.704 ...
  .. ..$ varU       : num 729
  .. ..$ uStar      : num [1:576] -10.1 98 221.5 310.7 -136.8 ...
  .. ..$ NamefileOut: chr "X7/ETA_3_varU.dat"
  .. ..$ SD.u       : num [1:3646] 4.43 4.19 4.7 3.95 4.31 ...
  .. ..$ SD.varU    : num 176
 - attr(*, "class")= chr "BGLR"
NULL
List of 21
 $ y            : num [1:3646] 0.677 8.594 0.135 -0.135 3.535 ...
 $ a            : NULL
 $ b            : NULL
 $ whichNa      : int [1:1011] 2636 2637 2638 2639 2640 2641 2642 2643 2644 2645 ...
 $ saveAt       : chr "X6/"
 $ nIter        : num 12000
 $ burnIn       : num 2000
 $ thin         : num 5
 $ weights      : num [1:3646] 1 1 1 1 1 1 1 1 1 1 ...
 $ verbose      : logi FALSE
 $ response_type: chr "gaussian"
 $ df0          : num 5
 $ S0           : num 662
 $ yHat         : num [1:3646] 15.8 9.38 13.03 11.39 6.91 ...
 $ SD.yHat      : num [1:3646] 5.07 5.83 5.51 5.85 5.75 ...
 $ mu           : num 17.4
 $ SD.mu        : num 2.06
 $ varE         : num 176
 $ SD.varE      : num 8.77
 $ fit          :List of 4
  ..$ logLikAtPostMean: num -10313
  ..$ postMeanLogLik  : num -10554
  ..$ pD              : num 482
  ..$ DIC             : num 21590
 $ ETA          :List of 3
  ..$ :List of 15
  .. ..$ V          : num [1:3646, 1:6] 0 0 0 0 0 0 0 0 0 0 ...
  .. .. ..- attr(*, "dimnames")=List of 2
  .. .. .. ..$ : chr [1:3646] "2020-21_11.107-5" "2020-21_12.90-53" "2020-21_12.93-4" "2020-21_14.37-103" ...
  .. .. .. ..$ : NULL
  .. ..$ d          : num [1:6] 1011 918 450 447 435 ...
  .. ..$ model      : chr "RKHS"
  .. ..$ Name       : chr "ETA_1"
  .. ..$ tolD       : num 1e-10
  .. ..$ levelsU    : int 6
  .. ..$ df0        : num 5
  .. ..$ R2         : num 0.167
  .. ..$ S0         : num 0.502
  .. ..$ u          : num [1:3646] -0.0179 -0.0179 -0.0179 -0.0179 -0.0179 ...
  .. ..$ varU       : num 0.171
  .. ..$ uStar      : num [1:6] 0.328 0.666 -0.123 -0.567 0.373 ...
  .. ..$ NamefileOut: chr "X6/ETA_1_varU.dat"
  .. ..$ SD.u       : num [1:3646] 0.419 0.419 0.419 0.419 0.419 ...
  .. ..$ SD.varU    : num 0.229
  ..$ :List of 15
  .. ..$ V          : num [1:3646, 1:2737] 0.408 0 0 0 0 ...
  .. .. ..- attr(*, "dimnames")=List of 2
  .. .. .. ..$ : chr [1:3646] "2020-21_11.107-5" "2020-21_12.90-53" "2020-21_12.93-4" "2020-21_14.37-103" ...
  .. .. .. ..$ : chr [1:2737] "11.107-5" "12.90-53" "12.93-4" "13.27-142" ...
  .. ..$ d          : Named num [1:2737] 6 1 3 1 1 1 1 1 2 1 ...
  .. .. ..- attr(*, "names")= chr [1:2737] "11.107-5" "12.90-53" "12.93-4" "13.27-142" ...
  .. ..$ model      : chr "RKHS"
  .. ..$ Name       : chr "ETA_2"
  .. ..$ tolD       : num 1e-10
  .. ..$ levelsU    : int 2737
  .. ..$ df0        : num 5
  .. ..$ R2         : num 0.167
  .. ..$ S0         : num 229
  .. ..$ u          : num [1:3646] 2.2277 0.0462 2.8011 -2.5978 -0.8781 ...
  .. ..$ varU       : num 36.9
  .. ..$ uStar      : num [1:2737] 5.4567 0.0462 4.8516 0.8717 -2.5978 ...
  .. ..$ NamefileOut: chr "X6/ETA_2_varU.dat"
  .. ..$ SD.u       : num [1:3646] 4.42 5.59 4.85 5.57 5.55 ...
  .. ..$ SD.varU    : num 8.07
  ..$ :List of 15
  .. ..$ V          : num [1:3646, 1:576] -0.00189 -0.00645 -0.00703 -0.00832 -0.00916 ...
  .. .. ..- attr(*, "dimnames")=List of 2
  .. .. .. ..$ : chr [1:3646] "2020-21_11.107-5" "2020-21_12.90-53" "2020-21_12.93-4" "2020-21_14.37-103" ...
  .. .. .. ..$ : NULL
  .. ..$ d          : num [1:576] 985 777 402 285 213 ...
  .. ..$ model      : chr "RKHS"
  .. ..$ Name       : chr "ETA_3"
  .. ..$ tolD       : num 1e-10
  .. ..$ levelsU    : int 576
  .. ..$ df0        : num 5
  .. ..$ R2         : num 0.167
  .. ..$ S0         : num 48.2
  .. ..$ u          : num [1:3646] -3.86 -8.1 -7.2 -3.44 -9.64 ...
  .. ..$ varU       : num 242
  .. ..$ uStar      : num [1:576] 59.7 29.9 202.9 120.5 -86.9 ...
  .. ..$ NamefileOut: chr "X6/ETA_3_varU.dat"
  .. ..$ SD.u       : num [1:3646] 3.31 3.08 3.39 2.96 3.22 ...
  .. ..$ SD.varU    : num 60.7
 - attr(*, "class")= chr "BGLR"
NULL
List of 21
 $ y            : num [1:3646] 34.557 32 37.708 62.27 0.585 ...
 $ a            : NULL
 $ b            : NULL
 $ whichNa      : int [1:1011] 2636 2637 2638 2639 2640 2641 2642 2643 2644 2645 ...
 $ saveAt       : chr "X7/"
 $ nIter        : num 12000
 $ burnIn       : num 2000
 $ thin         : num 5
 $ weights      : num [1:3646] 1 1 1 1 1 1 1 1 1 1 ...
 $ verbose      : logi FALSE
 $ response_type: chr "gaussian"
 $ df0          : num 5
 $ S0           : num 1094
 $ yHat         : num [1:3646] 32.1 19 24.3 26.6 10.7 ...
 $ SD.yHat      : num [1:3646] 6.15 6.8 6.87 6.84 6.75 ...
 $ mu           : num 24.6
 $ SD.mu        : num 2.6
 $ varE         : num 288
 $ SD.varE      : num 13.7
 $ fit          :List of 4
  ..$ logLikAtPostMean: num -10989
  ..$ postMeanLogLik  : num -11198
  ..$ pD              : num 419
  ..$ DIC             : num 22816
 $ ETA          :List of 3
  ..$ :List of 15
  .. ..$ V          : num [1:3646, 1:6] 0 0 0 0 0 0 0 0 0 0 ...
  .. .. ..- attr(*, "dimnames")=List of 2
  .. .. .. ..$ : chr [1:3646] "2020-21_11.107-5" "2020-21_12.90-53" "2020-21_12.93-4" "2020-21_14.37-103" ...
  .. .. .. ..$ : NULL
  .. ..$ d          : num [1:6] 1011 918 450 447 435 ...
  .. ..$ model      : chr "RKHS"
  .. ..$ Name       : chr "ETA_1"
  .. ..$ tolD       : num 1e-10
  .. ..$ levelsU    : int 6
  .. ..$ df0        : num 5
  .. ..$ R2         : num 0.167
  .. ..$ S0         : num 0.831
  .. ..$ u          : num [1:3646] 0.0019 0.0019 0.0019 0.0019 0.0019 ...
  .. ..$ varU       : num 0.296
  .. ..$ uStar      : num [1:6] 0.29029 2.6112 -0.00839 -1.48962 -0.03967 ...
  .. ..$ NamefileOut: chr "X7/ETA_1_varU.dat"
  .. ..$ SD.u       : num [1:3646] 0.545 0.545 0.545 0.545 0.545 ...
  .. ..$ SD.varU    : num 0.417
  ..$ :List of 15
  .. ..$ V          : num [1:3646, 1:2737] 0.408 0 0 0 0 ...
  .. .. ..- attr(*, "dimnames")=List of 2
  .. .. .. ..$ : chr [1:3646] "2020-21_11.107-5" "2020-21_12.90-53" "2020-21_12.93-4" "2020-21_14.37-103" ...
  .. .. .. ..$ : chr [1:2737] "11.107-5" "12.90-53" "12.93-4" "13.27-142" ...
  .. ..$ d          : Named num [1:2737] 6 1 3 1 1 1 1 1 2 1 ...
  .. .. ..- attr(*, "names")= chr [1:2737] "11.107-5" "12.90-53" "12.93-4" "13.27-142" ...
  .. ..$ model      : chr "RKHS"
  .. ..$ Name       : chr "ETA_2"
  .. ..$ tolD       : num 1e-10
  .. ..$ levelsU    : int 2737
  .. ..$ df0        : num 5
  .. ..$ R2         : num 0.167
  .. ..$ S0         : num 379
  .. ..$ u          : num [1:3646] 6.75 2.11 8.2 5.41 -1.24 ...
  .. ..$ varU       : num 44.6
  .. ..$ uStar      : num [1:2737] 16.52 2.11 14.2 1.73 5.41 ...
  .. ..$ NamefileOut: chr "X7/ETA_2_varU.dat"
  .. ..$ SD.u       : num [1:3646] 4.99 6.29 5.8 6.35 6.19 ...
  .. ..$ SD.varU    : num 11.7
  ..$ :List of 15
  .. ..$ V          : num [1:3646, 1:576] -0.00189 -0.00645 -0.00703 -0.00832 -0.00916 ...
  .. .. ..- attr(*, "dimnames")=List of 2
  .. .. .. ..$ : chr [1:3646] "2020-21_11.107-5" "2020-21_12.90-53" "2020-21_12.93-4" "2020-21_14.37-103" ...
  .. .. .. ..$ : NULL
  .. ..$ d          : num [1:576] 985 777 402 285 213 ...
  .. ..$ model      : chr "RKHS"
  .. ..$ Name       : chr "ETA_3"
  .. ..$ tolD       : num 1e-10
  .. ..$ levelsU    : int 576
  .. ..$ df0        : num 5
  .. ..$ R2         : num 0.167
  .. ..$ S0         : num 79.8
  .. ..$ u          : num [1:3646] 0.739 -7.687 -8.54 -3.365 -12.704 ...
  .. ..$ varU       : num 729
  .. ..$ uStar      : num [1:576] -10.1 98 221.5 310.7 -136.8 ...
  .. ..$ NamefileOut: chr "X7/ETA_3_varU.dat"
  .. ..$ SD.u       : num [1:3646] 4.43 4.19 4.7 3.95 4.31 ...
  .. ..$ SD.varU    : num 176
 - attr(*, "class")= chr "BGLR"
NULL
List of 21
 $ y            : num [1:3646] 91.8 39 66.8 33 24.3 ...
 $ a            : NULL
 $ b            : NULL
 $ whichNa      : int [1:1011] 2636 2637 2638 2639 2640 2641 2642 2643 2644 2645 ...
 $ saveAt       : chr "X9/"
 $ nIter        : num 12000
 $ burnIn       : num 2000
 $ thin         : num 5
 $ weights      : num [1:3646] 1 1 1 1 1 1 1 1 1 1 ...
 $ verbose      : logi FALSE
 $ response_type: chr "gaussian"
 $ df0          : num 5
 $ S0           : num 3012
 $ yHat         : num [1:3646] 56.2 30.4 54.6 34.2 20.4 ...
 $ SD.yHat      : num [1:3646] 8.58 8.81 9.18 8.8 8.77 ...
 $ mu           : num 49.3
 $ SD.mu        : num 3.54
 $ varE         : num 525
 $ SD.varE      : num 21.5
 $ fit          :List of 4
  ..$ logLikAtPostMean: num -11787
  ..$ postMeanLogLik  : num -11990
  ..$ pD              : num 406
  ..$ DIC             : num 24386
 $ ETA          :List of 3
  ..$ :List of 15
  .. ..$ V          : num [1:3646, 1:6] 0 0 0 0 0 0 0 0 0 0 ...
  .. .. ..- attr(*, "dimnames")=List of 2
  .. .. .. ..$ : chr [1:3646] "2020-21_11.107-5" "2020-21_12.90-53" "2020-21_12.93-4" "2020-21_14.37-103" ...
  .. .. .. ..$ : NULL
  .. ..$ d          : num [1:6] 1011 918 450 447 435 ...
  .. ..$ model      : chr "RKHS"
  .. ..$ Name       : chr "ETA_1"
  .. ..$ tolD       : num 1e-10
  .. ..$ levelsU    : int 6
  .. ..$ df0        : num 5
  .. ..$ R2         : num 0.167
  .. ..$ S0         : num 2.29
  .. ..$ u          : num [1:3646] -0.0261 -0.0261 -0.0261 -0.0261 -0.0261 ...
  .. ..$ varU       : num 0.77
  .. ..$ uStar      : num [1:6] -0.568 3.765 -1.918 1.14 0.544 ...
  .. ..$ NamefileOut: chr "X9/ETA_1_varU.dat"
  .. ..$ SD.u       : num [1:3646] 0.856 0.856 0.856 0.856 0.856 ...
  .. ..$ SD.varU    : num 0.862
  ..$ :List of 15
  .. ..$ V          : num [1:3646, 1:2737] 0.408 0 0 0 0 ...
  .. .. ..- attr(*, "dimnames")=List of 2
  .. .. .. ..$ : chr [1:3646] "2020-21_11.107-5" "2020-21_12.90-53" "2020-21_12.93-4" "2020-21_14.37-103" ...
  .. .. .. ..$ : chr [1:2737] "11.107-5" "12.90-53" "12.93-4" "13.27-142" ...
  .. ..$ d          : Named num [1:2737] 6 1 3 1 1 1 1 1 2 1 ...
  .. .. ..- attr(*, "names")= chr [1:2737] "11.107-5" "12.90-53" "12.93-4" "13.27-142" ...
  .. ..$ model      : chr "RKHS"
  .. ..$ Name       : chr "ETA_2"
  .. ..$ tolD       : num 1e-10
  .. ..$ levelsU    : int 2737
  .. ..$ df0        : num 5
  .. ..$ R2         : num 0.167
  .. ..$ S0         : num 1043
  .. ..$ u          : num [1:3646] 8.382 1.179 8.882 -0.169 0.577 ...
  .. ..$ varU       : num 73.5
  .. ..$ uStar      : num [1:2737] 20.532 1.179 15.385 -1.322 -0.169 ...
  .. ..$ NamefileOut: chr "X9/ETA_2_varU.dat"
  .. ..$ SD.u       : num [1:3646] 6.61 8.01 7.45 8.02 7.81 ...
  .. ..$ SD.varU    : num 15.5
  ..$ :List of 15
  .. ..$ V          : num [1:3646, 1:576] -0.00189 -0.00645 -0.00703 -0.00832 -0.00916 ...
  .. .. ..- attr(*, "dimnames")=List of 2
  .. .. .. ..$ : chr [1:3646] "2020-21_11.107-5" "2020-21_12.90-53" "2020-21_12.93-4" "2020-21_14.37-103" ...
  .. .. .. ..$ : NULL
  .. ..$ d          : num [1:576] 985 777 402 285 213 ...
  .. ..$ model      : chr "RKHS"
  .. ..$ Name       : chr "ETA_3"
  .. ..$ tolD       : num 1e-10
  .. ..$ levelsU    : int 576
  .. ..$ df0        : num 5
  .. ..$ R2         : num 0.167
  .. ..$ S0         : num 220
  .. ..$ u          : num [1:3646] -1.53 -20.14 -3.58 -14.91 -29.53 ...
  .. ..$ varU       : num 1750
  .. ..$ uStar      : num [1:576] -507 297 698 974 -500 ...
  .. ..$ NamefileOut: chr "X9/ETA_3_varU.dat"
  .. ..$ SD.u       : num [1:3646] 6.77 5.9 6.55 5.54 6.08 ...
  .. ..$ SD.varU    : num 345
 - attr(*, "class")= chr "BGLR"
NULL
List of 21
 $ y            : num [1:3646] 91.8 39 66.8 33 24.3 ...
 $ a            : NULL
 $ b            : NULL
 $ whichNa      : int [1:1011] 2636 2637 2638 2639 2640 2641 2642 2643 2644 2645 ...
 $ saveAt       : chr "X9/"
 $ nIter        : num 12000
 $ burnIn       : num 2000
 $ thin         : num 5
 $ weights      : num [1:3646] 1 1 1 1 1 1 1 1 1 1 ...
 $ verbose      : logi FALSE
 $ response_type: chr "gaussian"
 $ df0          : num 5
 $ S0           : num 3012
 $ yHat         : num [1:3646] 56.2 30.4 54.6 34.2 20.4 ...
 $ SD.yHat      : num [1:3646] 8.58 8.81 9.18 8.8 8.77 ...
 $ mu           : num 49.3
 $ SD.mu        : num 3.54
 $ varE         : num 525
 $ SD.varE      : num 21.5
 $ fit          :List of 4
  ..$ logLikAtPostMean: num -11787
  ..$ postMeanLogLik  : num -11990
  ..$ pD              : num 406
  ..$ DIC             : num 24386
 $ ETA          :List of 3
  ..$ :List of 15
  .. ..$ V          : num [1:3646, 1:6] 0 0 0 0 0 0 0 0 0 0 ...
  .. .. ..- attr(*, "dimnames")=List of 2
  .. .. .. ..$ : chr [1:3646] "2020-21_11.107-5" "2020-21_12.90-53" "2020-21_12.93-4" "2020-21_14.37-103" ...
  .. .. .. ..$ : NULL
  .. ..$ d          : num [1:6] 1011 918 450 447 435 ...
  .. ..$ model      : chr "RKHS"
  .. ..$ Name       : chr "ETA_1"
  .. ..$ tolD       : num 1e-10
  .. ..$ levelsU    : int 6
  .. ..$ df0        : num 5
  .. ..$ R2         : num 0.167
  .. ..$ S0         : num 2.29
  .. ..$ u          : num [1:3646] -0.0261 -0.0261 -0.0261 -0.0261 -0.0261 ...
  .. ..$ varU       : num 0.77
  .. ..$ uStar      : num [1:6] -0.568 3.765 -1.918 1.14 0.544 ...
  .. ..$ NamefileOut: chr "X9/ETA_1_varU.dat"
  .. ..$ SD.u       : num [1:3646] 0.856 0.856 0.856 0.856 0.856 ...
  .. ..$ SD.varU    : num 0.862
  ..$ :List of 15
  .. ..$ V          : num [1:3646, 1:2737] 0.408 0 0 0 0 ...
  .. .. ..- attr(*, "dimnames")=List of 2
  .. .. .. ..$ : chr [1:3646] "2020-21_11.107-5" "2020-21_12.90-53" "2020-21_12.93-4" "2020-21_14.37-103" ...
  .. .. .. ..$ : chr [1:2737] "11.107-5" "12.90-53" "12.93-4" "13.27-142" ...
  .. ..$ d          : Named num [1:2737] 6 1 3 1 1 1 1 1 2 1 ...
  .. .. ..- attr(*, "names")= chr [1:2737] "11.107-5" "12.90-53" "12.93-4" "13.27-142" ...
  .. ..$ model      : chr "RKHS"
  .. ..$ Name       : chr "ETA_2"
  .. ..$ tolD       : num 1e-10
  .. ..$ levelsU    : int 2737
  .. ..$ df0        : num 5
  .. ..$ R2         : num 0.167
  .. ..$ S0         : num 1043
  .. ..$ u          : num [1:3646] 8.382 1.179 8.882 -0.169 0.577 ...
  .. ..$ varU       : num 73.5
  .. ..$ uStar      : num [1:2737] 20.532 1.179 15.385 -1.322 -0.169 ...
  .. ..$ NamefileOut: chr "X9/ETA_2_varU.dat"
  .. ..$ SD.u       : num [1:3646] 6.61 8.01 7.45 8.02 7.81 ...
  .. ..$ SD.varU    : num 15.5
  ..$ :List of 15
  .. ..$ V          : num [1:3646, 1:576] -0.00189 -0.00645 -0.00703 -0.00832 -0.00916 ...
  .. .. ..- attr(*, "dimnames")=List of 2
  .. .. .. ..$ : chr [1:3646] "2020-21_11.107-5" "2020-21_12.90-53" "2020-21_12.93-4" "2020-21_14.37-103" ...
  .. .. .. ..$ : NULL
  .. ..$ d          : num [1:576] 985 777 402 285 213 ...
  .. ..$ model      : chr "RKHS"
  .. ..$ Name       : chr "ETA_3"
  .. ..$ tolD       : num 1e-10
  .. ..$ levelsU    : int 576
  .. ..$ df0        : num 5
  .. ..$ R2         : num 0.167
  .. ..$ S0         : num 220
  .. ..$ u          : num [1:3646] -1.53 -20.14 -3.58 -14.91 -29.53 ...
  .. ..$ varU       : num 1750
  .. ..$ uStar      : num [1:576] -507 297 698 974 -500 ...
  .. ..$ NamefileOut: chr "X9/ETA_3_varU.dat"
  .. ..$ SD.u       : num [1:3646] 6.77 5.9 6.55 5.54 6.08 ...
  .. ..$ SD.varU    : num 345
 - attr(*, "class")= chr "BGLR"
NULL
List of 21
 $ y            : num [1:3646] 34.557 32 37.708 62.27 0.585 ...
 $ a            : NULL
 $ b            : NULL
 $ whichNa      : int [1:1011] 2636 2637 2638 2639 2640 2641 2642 2643 2644 2645 ...
 $ saveAt       : chr "X7/"
 $ nIter        : num 12000
 $ burnIn       : num 2000
 $ thin         : num 5
 $ weights      : num [1:3646] 1 1 1 1 1 1 1 1 1 1 ...
 $ verbose      : logi FALSE
 $ response_type: chr "gaussian"
 $ df0          : num 5
 $ S0           : num 1094
 $ yHat         : num [1:3646] 32.1 19 24.3 26.6 10.7 ...
 $ SD.yHat      : num [1:3646] 6.15 6.8 6.87 6.84 6.75 ...
 $ mu           : num 24.6
 $ SD.mu        : num 2.6
 $ varE         : num 288
 $ SD.varE      : num 13.7
 $ fit          :List of 4
  ..$ logLikAtPostMean: num -10989
  ..$ postMeanLogLik  : num -11198
  ..$ pD              : num 419
  ..$ DIC             : num 22816
 $ ETA          :List of 3
  ..$ :List of 15
  .. ..$ V          : num [1:3646, 1:6] 0 0 0 0 0 0 0 0 0 0 ...
  .. .. ..- attr(*, "dimnames")=List of 2
  .. .. .. ..$ : chr [1:3646] "2020-21_11.107-5" "2020-21_12.90-53" "2020-21_12.93-4" "2020-21_14.37-103" ...
  .. .. .. ..$ : NULL
  .. ..$ d          : num [1:6] 1011 918 450 447 435 ...
  .. ..$ model      : chr "RKHS"
  .. ..$ Name       : chr "ETA_1"
  .. ..$ tolD       : num 1e-10
  .. ..$ levelsU    : int 6
  .. ..$ df0        : num 5
  .. ..$ R2         : num 0.167
  .. ..$ S0         : num 0.831
  .. ..$ u          : num [1:3646] 0.0019 0.0019 0.0019 0.0019 0.0019 ...
  .. ..$ varU       : num 0.296
  .. ..$ uStar      : num [1:6] 0.29029 2.6112 -0.00839 -1.48962 -0.03967 ...
  .. ..$ NamefileOut: chr "X7/ETA_1_varU.dat"
  .. ..$ SD.u       : num [1:3646] 0.545 0.545 0.545 0.545 0.545 ...
  .. ..$ SD.varU    : num 0.417
  ..$ :List of 15
  .. ..$ V          : num [1:3646, 1:2737] 0.408 0 0 0 0 ...
  .. .. ..- attr(*, "dimnames")=List of 2
  .. .. .. ..$ : chr [1:3646] "2020-21_11.107-5" "2020-21_12.90-53" "2020-21_12.93-4" "2020-21_14.37-103" ...
  .. .. .. ..$ : chr [1:2737] "11.107-5" "12.90-53" "12.93-4" "13.27-142" ...
  .. ..$ d          : Named num [1:2737] 6 1 3 1 1 1 1 1 2 1 ...
  .. .. ..- attr(*, "names")= chr [1:2737] "11.107-5" "12.90-53" "12.93-4" "13.27-142" ...
  .. ..$ model      : chr "RKHS"
  .. ..$ Name       : chr "ETA_2"
  .. ..$ tolD       : num 1e-10
  .. ..$ levelsU    : int 2737
  .. ..$ df0        : num 5
  .. ..$ R2         : num 0.167
  .. ..$ S0         : num 379
  .. ..$ u          : num [1:3646] 6.75 2.11 8.2 5.41 -1.24 ...
  .. ..$ varU       : num 44.6
  .. ..$ uStar      : num [1:2737] 16.52 2.11 14.2 1.73 5.41 ...
  .. ..$ NamefileOut: chr "X7/ETA_2_varU.dat"
  .. ..$ SD.u       : num [1:3646] 4.99 6.29 5.8 6.35 6.19 ...
  .. ..$ SD.varU    : num 11.7
  ..$ :List of 15
  .. ..$ V          : num [1:3646, 1:576] -0.00189 -0.00645 -0.00703 -0.00832 -0.00916 ...
  .. .. ..- attr(*, "dimnames")=List of 2
  .. .. .. ..$ : chr [1:3646] "2020-21_11.107-5" "2020-21_12.90-53" "2020-21_12.93-4" "2020-21_14.37-103" ...
  .. .. .. ..$ : NULL
  .. ..$ d          : num [1:576] 985 777 402 285 213 ...
  .. ..$ model      : chr "RKHS"
  .. ..$ Name       : chr "ETA_3"
  .. ..$ tolD       : num 1e-10
  .. ..$ levelsU    : int 576
  .. ..$ df0        : num 5
  .. ..$ R2         : num 0.167
  .. ..$ S0         : num 79.8
  .. ..$ u          : num [1:3646] 0.739 -7.687 -8.54 -3.365 -12.704 ...
  .. ..$ varU       : num 729
  .. ..$ uStar      : num [1:576] -10.1 98 221.5 310.7 -136.8 ...
  .. ..$ NamefileOut: chr "X7/ETA_3_varU.dat"
  .. ..$ SD.u       : num [1:3646] 4.43 4.19 4.7 3.95 4.31 ...
  .. ..$ SD.varU    : num 176
 - attr(*, "class")= chr "BGLR"
NULL
List of 21
 $ y            : num [1:3646] 91.8 39 66.8 33 24.3 ...
 $ a            : NULL
 $ b            : NULL
 $ whichNa      : int [1:1011] 2636 2637 2638 2639 2640 2641 2642 2643 2644 2645 ...
 $ saveAt       : chr "X9/"
 $ nIter        : num 12000
 $ burnIn       : num 2000
 $ thin         : num 5
 $ weights      : num [1:3646] 1 1 1 1 1 1 1 1 1 1 ...
 $ verbose      : logi FALSE
 $ response_type: chr "gaussian"
 $ df0          : num 5
 $ S0           : num 3012
 $ yHat         : num [1:3646] 56.2 30.4 54.6 34.2 20.4 ...
 $ SD.yHat      : num [1:3646] 8.58 8.81 9.18 8.8 8.77 ...
 $ mu           : num 49.3
 $ SD.mu        : num 3.54
 $ varE         : num 525
 $ SD.varE      : num 21.5
 $ fit          :List of 4
  ..$ logLikAtPostMean: num -11787
  ..$ postMeanLogLik  : num -11990
  ..$ pD              : num 406
  ..$ DIC             : num 24386
 $ ETA          :List of 3
  ..$ :List of 15
  .. ..$ V          : num [1:3646, 1:6] 0 0 0 0 0 0 0 0 0 0 ...
  .. .. ..- attr(*, "dimnames")=List of 2
  .. .. .. ..$ : chr [1:3646] "2020-21_11.107-5" "2020-21_12.90-53" "2020-21_12.93-4" "2020-21_14.37-103" ...
  .. .. .. ..$ : NULL
  .. ..$ d          : num [1:6] 1011 918 450 447 435 ...
  .. ..$ model      : chr "RKHS"
  .. ..$ Name       : chr "ETA_1"
  .. ..$ tolD       : num 1e-10
  .. ..$ levelsU    : int 6
  .. ..$ df0        : num 5
  .. ..$ R2         : num 0.167
  .. ..$ S0         : num 2.29
  .. ..$ u          : num [1:3646] -0.0261 -0.0261 -0.0261 -0.0261 -0.0261 ...
  .. ..$ varU       : num 0.77
  .. ..$ uStar      : num [1:6] -0.568 3.765 -1.918 1.14 0.544 ...
  .. ..$ NamefileOut: chr "X9/ETA_1_varU.dat"
  .. ..$ SD.u       : num [1:3646] 0.856 0.856 0.856 0.856 0.856 ...
  .. ..$ SD.varU    : num 0.862
  ..$ :List of 15
  .. ..$ V          : num [1:3646, 1:2737] 0.408 0 0 0 0 ...
  .. .. ..- attr(*, "dimnames")=List of 2
  .. .. .. ..$ : chr [1:3646] "2020-21_11.107-5" "2020-21_12.90-53" "2020-21_12.93-4" "2020-21_14.37-103" ...
  .. .. .. ..$ : chr [1:2737] "11.107-5" "12.90-53" "12.93-4" "13.27-142" ...
  .. ..$ d          : Named num [1:2737] 6 1 3 1 1 1 1 1 2 1 ...
  .. .. ..- attr(*, "names")= chr [1:2737] "11.107-5" "12.90-53" "12.93-4" "13.27-142" ...
  .. ..$ model      : chr "RKHS"
  .. ..$ Name       : chr "ETA_2"
  .. ..$ tolD       : num 1e-10
  .. ..$ levelsU    : int 2737
  .. ..$ df0        : num 5
  .. ..$ R2         : num 0.167
  .. ..$ S0         : num 1043
  .. ..$ u          : num [1:3646] 8.382 1.179 8.882 -0.169 0.577 ...
  .. ..$ varU       : num 73.5
  .. ..$ uStar      : num [1:2737] 20.532 1.179 15.385 -1.322 -0.169 ...
  .. ..$ NamefileOut: chr "X9/ETA_2_varU.dat"
  .. ..$ SD.u       : num [1:3646] 6.61 8.01 7.45 8.02 7.81 ...
  .. ..$ SD.varU    : num 15.5
  ..$ :List of 15
  .. ..$ V          : num [1:3646, 1:576] -0.00189 -0.00645 -0.00703 -0.00832 -0.00916 ...
  .. .. ..- attr(*, "dimnames")=List of 2
  .. .. .. ..$ : chr [1:3646] "2020-21_11.107-5" "2020-21_12.90-53" "2020-21_12.93-4" "2020-21_14.37-103" ...
  .. .. .. ..$ : NULL
  .. ..$ d          : num [1:576] 985 777 402 285 213 ...
  .. ..$ model      : chr "RKHS"
  .. ..$ Name       : chr "ETA_3"
  .. ..$ tolD       : num 1e-10
  .. ..$ levelsU    : int 576
  .. ..$ df0        : num 5
  .. ..$ R2         : num 0.167
  .. ..$ S0         : num 220
  .. ..$ u          : num [1:3646] -1.53 -20.14 -3.58 -14.91 -29.53 ...
  .. ..$ varU       : num 1750
  .. ..$ uStar      : num [1:576] -507 297 698 974 -500 ...
  .. ..$ NamefileOut: chr "X9/ETA_3_varU.dat"
  .. ..$ SD.u       : num [1:3646] 6.77 5.9 6.55 5.54 6.08 ...
  .. ..$ SD.varU    : num 345
 - attr(*, "class")= chr "BGLR"
NULL
List of 21
 $ y            : num [1:3646] 91.8 39 66.8 33 24.3 ...
 $ a            : NULL
 $ b            : NULL
 $ whichNa      : int [1:1011] 2636 2637 2638 2639 2640 2641 2642 2643 2644 2645 ...
 $ saveAt       : chr "X9/"
 $ nIter        : num 12000
 $ burnIn       : num 2000
 $ thin         : num 5
 $ weights      : num [1:3646] 1 1 1 1 1 1 1 1 1 1 ...
 $ verbose      : logi FALSE
 $ response_type: chr "gaussian"
 $ df0          : num 5
 $ S0           : num 3012
 $ yHat         : num [1:3646] 56.2 30.4 54.6 34.2 20.4 ...
 $ SD.yHat      : num [1:3646] 8.58 8.81 9.18 8.8 8.77 ...
 $ mu           : num 49.3
 $ SD.mu        : num 3.54
 $ varE         : num 525
 $ SD.varE      : num 21.5
 $ fit          :List of 4
  ..$ logLikAtPostMean: num -11787
  ..$ postMeanLogLik  : num -11990
  ..$ pD              : num 406
  ..$ DIC             : num 24386
 $ ETA          :List of 3
  ..$ :List of 15
  .. ..$ V          : num [1:3646, 1:6] 0 0 0 0 0 0 0 0 0 0 ...
  .. .. ..- attr(*, "dimnames")=List of 2
  .. .. .. ..$ : chr [1:3646] "2020-21_11.107-5" "2020-21_12.90-53" "2020-21_12.93-4" "2020-21_14.37-103" ...
  .. .. .. ..$ : NULL
  .. ..$ d          : num [1:6] 1011 918 450 447 435 ...
  .. ..$ model      : chr "RKHS"
  .. ..$ Name       : chr "ETA_1"
  .. ..$ tolD       : num 1e-10
  .. ..$ levelsU    : int 6
  .. ..$ df0        : num 5
  .. ..$ R2         : num 0.167
  .. ..$ S0         : num 2.29
  .. ..$ u          : num [1:3646] -0.0261 -0.0261 -0.0261 -0.0261 -0.0261 ...
  .. ..$ varU       : num 0.77
  .. ..$ uStar      : num [1:6] -0.568 3.765 -1.918 1.14 0.544 ...
  .. ..$ NamefileOut: chr "X9/ETA_1_varU.dat"
  .. ..$ SD.u       : num [1:3646] 0.856 0.856 0.856 0.856 0.856 ...
  .. ..$ SD.varU    : num 0.862
  ..$ :List of 15
  .. ..$ V          : num [1:3646, 1:2737] 0.408 0 0 0 0 ...
  .. .. ..- attr(*, "dimnames")=List of 2
  .. .. .. ..$ : chr [1:3646] "2020-21_11.107-5" "2020-21_12.90-53" "2020-21_12.93-4" "2020-21_14.37-103" ...
  .. .. .. ..$ : chr [1:2737] "11.107-5" "12.90-53" "12.93-4" "13.27-142" ...
  .. ..$ d          : Named num [1:2737] 6 1 3 1 1 1 1 1 2 1 ...
  .. .. ..- attr(*, "names")= chr [1:2737] "11.107-5" "12.90-53" "12.93-4" "13.27-142" ...
  .. ..$ model      : chr "RKHS"
  .. ..$ Name       : chr "ETA_2"
  .. ..$ tolD       : num 1e-10
  .. ..$ levelsU    : int 2737
  .. ..$ df0        : num 5
  .. ..$ R2         : num 0.167
  .. ..$ S0         : num 1043
  .. ..$ u          : num [1:3646] 8.382 1.179 8.882 -0.169 0.577 ...
  .. ..$ varU       : num 73.5
  .. ..$ uStar      : num [1:2737] 20.532 1.179 15.385 -1.322 -0.169 ...
  .. ..$ NamefileOut: chr "X9/ETA_2_varU.dat"
  .. ..$ SD.u       : num [1:3646] 6.61 8.01 7.45 8.02 7.81 ...
  .. ..$ SD.varU    : num 15.5
  ..$ :List of 15
  .. ..$ V          : num [1:3646, 1:576] -0.00189 -0.00645 -0.00703 -0.00832 -0.00916 ...
  .. .. ..- attr(*, "dimnames")=List of 2
  .. .. .. ..$ : chr [1:3646] "2020-21_11.107-5" "2020-21_12.90-53" "2020-21_12.93-4" "2020-21_14.37-103" ...
  .. .. .. ..$ : NULL
  .. ..$ d          : num [1:576] 985 777 402 285 213 ...
  .. ..$ model      : chr "RKHS"
  .. ..$ Name       : chr "ETA_3"
  .. ..$ tolD       : num 1e-10
  .. ..$ levelsU    : int 576
  .. ..$ df0        : num 5
  .. ..$ R2         : num 0.167
  .. ..$ S0         : num 220
  .. ..$ u          : num [1:3646] -1.53 -20.14 -3.58 -14.91 -29.53 ...
  .. ..$ varU       : num 1750
  .. ..$ uStar      : num [1:576] -507 297 698 974 -500 ...
  .. ..$ NamefileOut: chr "X9/ETA_3_varU.dat"
  .. ..$ SD.u       : num [1:3646] 6.77 5.9 6.55 5.54 6.08 ...
  .. ..$ SD.varU    : num 345
 - attr(*, "class")= chr "BGLR"
NULL
List of 21
 $ y            : num [1:3646] 91.8 39 66.8 33 24.3 ...
 $ a            : NULL
 $ b            : NULL
 $ whichNa      : int [1:1011] 2636 2637 2638 2639 2640 2641 2642 2643 2644 2645 ...
 $ saveAt       : chr "X9/"
 $ nIter        : num 12000
 $ burnIn       : num 2000
 $ thin         : num 5
 $ weights      : num [1:3646] 1 1 1 1 1 1 1 1 1 1 ...
 $ verbose      : logi FALSE
 $ response_type: chr "gaussian"
 $ df0          : num 5
 $ S0           : num 3012
 $ yHat         : num [1:3646] 56.2 30.4 54.6 34.2 20.4 ...
 $ SD.yHat      : num [1:3646] 8.58 8.81 9.18 8.8 8.77 ...
 $ mu           : num 49.3
 $ SD.mu        : num 3.54
 $ varE         : num 525
 $ SD.varE      : num 21.5
 $ fit          :List of 4
  ..$ logLikAtPostMean: num -11787
  ..$ postMeanLogLik  : num -11990
  ..$ pD              : num 406
  ..$ DIC             : num 24386
 $ ETA          :List of 3
  ..$ :List of 15
  .. ..$ V          : num [1:3646, 1:6] 0 0 0 0 0 0 0 0 0 0 ...
  .. .. ..- attr(*, "dimnames")=List of 2
  .. .. .. ..$ : chr [1:3646] "2020-21_11.107-5" "2020-21_12.90-53" "2020-21_12.93-4" "2020-21_14.37-103" ...
  .. .. .. ..$ : NULL
  .. ..$ d          : num [1:6] 1011 918 450 447 435 ...
  .. ..$ model      : chr "RKHS"
  .. ..$ Name       : chr "ETA_1"
  .. ..$ tolD       : num 1e-10
  .. ..$ levelsU    : int 6
  .. ..$ df0        : num 5
  .. ..$ R2         : num 0.167
  .. ..$ S0         : num 2.29
  .. ..$ u          : num [1:3646] -0.0261 -0.0261 -0.0261 -0.0261 -0.0261 ...
  .. ..$ varU       : num 0.77
  .. ..$ uStar      : num [1:6] -0.568 3.765 -1.918 1.14 0.544 ...
  .. ..$ NamefileOut: chr "X9/ETA_1_varU.dat"
  .. ..$ SD.u       : num [1:3646] 0.856 0.856 0.856 0.856 0.856 ...
  .. ..$ SD.varU    : num 0.862
  ..$ :List of 15
  .. ..$ V          : num [1:3646, 1:2737] 0.408 0 0 0 0 ...
  .. .. ..- attr(*, "dimnames")=List of 2
  .. .. .. ..$ : chr [1:3646] "2020-21_11.107-5" "2020-21_12.90-53" "2020-21_12.93-4" "2020-21_14.37-103" ...
  .. .. .. ..$ : chr [1:2737] "11.107-5" "12.90-53" "12.93-4" "13.27-142" ...
  .. ..$ d          : Named num [1:2737] 6 1 3 1 1 1 1 1 2 1 ...
  .. .. ..- attr(*, "names")= chr [1:2737] "11.107-5" "12.90-53" "12.93-4" "13.27-142" ...
  .. ..$ model      : chr "RKHS"
  .. ..$ Name       : chr "ETA_2"
  .. ..$ tolD       : num 1e-10
  .. ..$ levelsU    : int 2737
  .. ..$ df0        : num 5
  .. ..$ R2         : num 0.167
  .. ..$ S0         : num 1043
  .. ..$ u          : num [1:3646] 8.382 1.179 8.882 -0.169 0.577 ...
  .. ..$ varU       : num 73.5
  .. ..$ uStar      : num [1:2737] 20.532 1.179 15.385 -1.322 -0.169 ...
  .. ..$ NamefileOut: chr "X9/ETA_2_varU.dat"
  .. ..$ SD.u       : num [1:3646] 6.61 8.01 7.45 8.02 7.81 ...
  .. ..$ SD.varU    : num 15.5
  ..$ :List of 15
  .. ..$ V          : num [1:3646, 1:576] -0.00189 -0.00645 -0.00703 -0.00832 -0.00916 ...
  .. .. ..- attr(*, "dimnames")=List of 2
  .. .. .. ..$ : chr [1:3646] "2020-21_11.107-5" "2020-21_12.90-53" "2020-21_12.93-4" "2020-21_14.37-103" ...
  .. .. .. ..$ : NULL
  .. ..$ d          : num [1:576] 985 777 402 285 213 ...
  .. ..$ model      : chr "RKHS"
  .. ..$ Name       : chr "ETA_3"
  .. ..$ tolD       : num 1e-10
  .. ..$ levelsU    : int 576
  .. ..$ df0        : num 5
  .. ..$ R2         : num 0.167
  .. ..$ S0         : num 220
  .. ..$ u          : num [1:3646] -1.53 -20.14 -3.58 -14.91 -29.53 ...
  .. ..$ varU       : num 1750
  .. ..$ uStar      : num [1:576] -507 297 698 974 -500 ...
  .. ..$ NamefileOut: chr "X9/ETA_3_varU.dat"
  .. ..$ SD.u       : num [1:3646] 6.77 5.9 6.55 5.54 6.08 ...
  .. ..$ SD.varU    : num 345
 - attr(*, "class")= chr "BGLR"
NULL
List of 21
 $ y            : num [1:3646] 37 54.4 79 41.2 22.2 ...
 $ a            : NULL
 $ b            : NULL
 $ whichNa      : int [1:1011] 2636 2637 2638 2639 2640 2641 2642 2643 2644 2645 ...
 $ saveAt       : chr "X8/"
 $ nIter        : num 12000
 $ burnIn       : num 2000
 $ thin         : num 5
 $ weights      : num [1:3646] 1 1 1 1 1 1 1 1 1 1 ...
 $ verbose      : logi FALSE
 $ response_type: chr "gaussian"
 $ df0          : num 5
 $ S0           : num 2022
 $ yHat         : num [1:3646] 51.3 33.6 61.4 37.1 25 ...
 $ SD.yHat      : num [1:3646] 7.87 8.29 9.09 8.29 8.33 ...
 $ mu           : num 34.4
 $ SD.mu        : num 3.24
 $ varE         : num 455
 $ SD.varE      : num 21.1
 $ fit          :List of 4
  ..$ logLikAtPostMean: num -11594
  ..$ postMeanLogLik  : num -11802
  ..$ pD              : num 416
  ..$ DIC             : num 24019
 $ ETA          :List of 3
  ..$ :List of 15
  .. ..$ V          : num [1:3646, 1:6] 0 0 0 0 0 0 0 0 0 0 ...
  .. .. ..- attr(*, "dimnames")=List of 2
  .. .. .. ..$ : chr [1:3646] "2020-21_11.107-5" "2020-21_12.90-53" "2020-21_12.93-4" "2020-21_14.37-103" ...
  .. .. .. ..$ : NULL
  .. ..$ d          : num [1:6] 1011 918 450 447 435 ...
  .. ..$ model      : chr "RKHS"
  .. ..$ Name       : chr "ETA_1"
  .. ..$ tolD       : num 1e-10
  .. ..$ levelsU    : int 6
  .. ..$ df0        : num 5
  .. ..$ R2         : num 0.167
  .. ..$ S0         : num 1.53
  .. ..$ u          : num [1:3646] 0.0304 0.0304 0.0304 0.0304 0.0304 ...
  .. ..$ varU       : num 0.482
  .. ..$ uStar      : num [1:6] 0.171 1.956 -0.451 -0.481 -0.635 ...
  .. ..$ NamefileOut: chr "X8/ETA_1_varU.dat"
  .. ..$ SD.u       : num [1:3646] 0.69 0.69 0.69 0.69 0.69 ...
  .. ..$ SD.varU    : num 0.503
  ..$ :List of 15
  .. ..$ V          : num [1:3646, 1:2737] 0.408 0 0 0 0 ...
  .. .. ..- attr(*, "dimnames")=List of 2
  .. .. .. ..$ : chr [1:3646] "2020-21_11.107-5" "2020-21_12.90-53" "2020-21_12.93-4" "2020-21_14.37-103" ...
  .. .. .. ..$ : chr [1:2737] "11.107-5" "12.90-53" "12.93-4" "13.27-142" ...
  .. ..$ d          : Named num [1:2737] 6 1 3 1 1 1 1 1 2 1 ...
  .. .. ..- attr(*, "names")= chr [1:2737] "11.107-5" "12.90-53" "12.93-4" "13.27-142" ...
  .. ..$ model      : chr "RKHS"
  .. ..$ Name       : chr "ETA_2"
  .. ..$ tolD       : num 1e-10
  .. ..$ levelsU    : int 2737
  .. ..$ df0        : num 5
  .. ..$ R2         : num 0.167
  .. ..$ S0         : num 700
  .. ..$ u          : num [1:3646] 2.7144 2.8938 19.0663 0.7986 0.0238 ...
  .. ..$ varU       : num 67.3
  .. ..$ uStar      : num [1:2737] 6.649 2.894 33.024 0.255 0.799 ...
  .. ..$ NamefileOut: chr "X8/ETA_2_varU.dat"
  .. ..$ SD.u       : num [1:3646] 6.12 7.65 7.77 7.66 7.43 ...
  .. ..$ SD.varU    : num 16.9
  ..$ :List of 15
  .. ..$ V          : num [1:3646, 1:576] -0.00189 -0.00645 -0.00703 -0.00832 -0.00916 ...
  .. .. ..- attr(*, "dimnames")=List of 2
  .. .. .. ..$ : chr [1:3646] "2020-21_11.107-5" "2020-21_12.90-53" "2020-21_12.93-4" "2020-21_14.37-103" ...
  .. .. .. ..$ : NULL
  .. ..$ d          : num [1:576] 985 777 402 285 213 ...
  .. ..$ model      : chr "RKHS"
  .. ..$ Name       : chr "ETA_3"
  .. ..$ tolD       : num 1e-10
  .. ..$ levelsU    : int 576
  .. ..$ df0        : num 5
  .. ..$ R2         : num 0.167
  .. ..$ S0         : num 147
  .. ..$ u          : num [1:3646] 14.18 -3.71 7.99 1.91 -9.46 ...
  .. ..$ varU       : num 1424
  .. ..$ uStar      : num [1:576] 134.3 193.6 57.3 570.4 -263.6 ...
  .. ..$ NamefileOut: chr "X8/ETA_3_varU.dat"
  .. ..$ SD.u       : num [1:3646] 6.04 5.43 6.02 4.99 5.53 ...
  .. ..$ SD.varU    : num 322
 - attr(*, "class")= chr "BGLR"
NULL
List of 21
 $ y            : num [1:3646] 37 54.4 79 41.2 22.2 ...
 $ a            : NULL
 $ b            : NULL
 $ whichNa      : int [1:1011] 2636 2637 2638 2639 2640 2641 2642 2643 2644 2645 ...
 $ saveAt       : chr "X8/"
 $ nIter        : num 12000
 $ burnIn       : num 2000
 $ thin         : num 5
 $ weights      : num [1:3646] 1 1 1 1 1 1 1 1 1 1 ...
 $ verbose      : logi FALSE
 $ response_type: chr "gaussian"
 $ df0          : num 5
 $ S0           : num 2022
 $ yHat         : num [1:3646] 51.3 33.6 61.4 37.1 25 ...
 $ SD.yHat      : num [1:3646] 7.87 8.29 9.09 8.29 8.33 ...
 $ mu           : num 34.4
 $ SD.mu        : num 3.24
 $ varE         : num 455
 $ SD.varE      : num 21.1
 $ fit          :List of 4
  ..$ logLikAtPostMean: num -11594
  ..$ postMeanLogLik  : num -11802
  ..$ pD              : num 416
  ..$ DIC             : num 24019
 $ ETA          :List of 3
  ..$ :List of 15
  .. ..$ V          : num [1:3646, 1:6] 0 0 0 0 0 0 0 0 0 0 ...
  .. .. ..- attr(*, "dimnames")=List of 2
  .. .. .. ..$ : chr [1:3646] "2020-21_11.107-5" "2020-21_12.90-53" "2020-21_12.93-4" "2020-21_14.37-103" ...
  .. .. .. ..$ : NULL
  .. ..$ d          : num [1:6] 1011 918 450 447 435 ...
  .. ..$ model      : chr "RKHS"
  .. ..$ Name       : chr "ETA_1"
  .. ..$ tolD       : num 1e-10
  .. ..$ levelsU    : int 6
  .. ..$ df0        : num 5
  .. ..$ R2         : num 0.167
  .. ..$ S0         : num 1.53
  .. ..$ u          : num [1:3646] 0.0304 0.0304 0.0304 0.0304 0.0304 ...
  .. ..$ varU       : num 0.482
  .. ..$ uStar      : num [1:6] 0.171 1.956 -0.451 -0.481 -0.635 ...
  .. ..$ NamefileOut: chr "X8/ETA_1_varU.dat"
  .. ..$ SD.u       : num [1:3646] 0.69 0.69 0.69 0.69 0.69 ...
  .. ..$ SD.varU    : num 0.503
  ..$ :List of 15
  .. ..$ V          : num [1:3646, 1:2737] 0.408 0 0 0 0 ...
  .. .. ..- attr(*, "dimnames")=List of 2
  .. .. .. ..$ : chr [1:3646] "2020-21_11.107-5" "2020-21_12.90-53" "2020-21_12.93-4" "2020-21_14.37-103" ...
  .. .. .. ..$ : chr [1:2737] "11.107-5" "12.90-53" "12.93-4" "13.27-142" ...
  .. ..$ d          : Named num [1:2737] 6 1 3 1 1 1 1 1 2 1 ...
  .. .. ..- attr(*, "names")= chr [1:2737] "11.107-5" "12.90-53" "12.93-4" "13.27-142" ...
  .. ..$ model      : chr "RKHS"
  .. ..$ Name       : chr "ETA_2"
  .. ..$ tolD       : num 1e-10
  .. ..$ levelsU    : int 2737
  .. ..$ df0        : num 5
  .. ..$ R2         : num 0.167
  .. ..$ S0         : num 700
  .. ..$ u          : num [1:3646] 2.7144 2.8938 19.0663 0.7986 0.0238 ...
  .. ..$ varU       : num 67.3
  .. ..$ uStar      : num [1:2737] 6.649 2.894 33.024 0.255 0.799 ...
  .. ..$ NamefileOut: chr "X8/ETA_2_varU.dat"
  .. ..$ SD.u       : num [1:3646] 6.12 7.65 7.77 7.66 7.43 ...
  .. ..$ SD.varU    : num 16.9
  ..$ :List of 15
  .. ..$ V          : num [1:3646, 1:576] -0.00189 -0.00645 -0.00703 -0.00832 -0.00916 ...
  .. .. ..- attr(*, "dimnames")=List of 2
  .. .. .. ..$ : chr [1:3646] "2020-21_11.107-5" "2020-21_12.90-53" "2020-21_12.93-4" "2020-21_14.37-103" ...
  .. .. .. ..$ : NULL
  .. ..$ d          : num [1:576] 985 777 402 285 213 ...
  .. ..$ model      : chr "RKHS"
  .. ..$ Name       : chr "ETA_3"
  .. ..$ tolD       : num 1e-10
  .. ..$ levelsU    : int 576
  .. ..$ df0        : num 5
  .. ..$ R2         : num 0.167
  .. ..$ S0         : num 147
  .. ..$ u          : num [1:3646] 14.18 -3.71 7.99 1.91 -9.46 ...
  .. ..$ varU       : num 1424
  .. ..$ uStar      : num [1:576] 134.3 193.6 57.3 570.4 -263.6 ...
  .. ..$ NamefileOut: chr "X8/ETA_3_varU.dat"
  .. ..$ SD.u       : num [1:3646] 6.04 5.43 6.02 4.99 5.53 ...
  .. ..$ SD.varU    : num 322
 - attr(*, "class")= chr "BGLR"
NULL
List of 21
 $ y            : num [1:3646] 154.538 29.272 69.207 65.857 0.606 ...
 $ a            : NULL
 $ b            : NULL
 $ whichNa      : int [1:1011] 2636 2637 2638 2639 2640 2641 2642 2643 2644 2645 ...
 $ saveAt       : chr "X10/"
 $ nIter        : num 12000
 $ burnIn       : num 2000
 $ thin         : num 5
 $ weights      : num [1:3646] 1 1 1 1 1 1 1 1 1 1 ...
 $ verbose      : logi FALSE
 $ response_type: chr "gaussian"
 $ df0          : num 5
 $ S0           : num 3450
 $ yHat         : num [1:3646] 57.85 33 52.57 33.08 9.58 ...
 $ SD.yHat      : num [1:3646] 8.05 8.25 8.52 8.23 8.5 ...
 $ mu           : num 47.1
 $ SD.mu        : num 3.64
 $ varE         : num 496
 $ SD.varE      : num 17.9
 $ fit          :List of 4
  ..$ logLikAtPostMean: num -11722
  ..$ postMeanLogLik  : num -11914
  ..$ pD              : num 384
  ..$ DIC             : num 24213
 $ ETA          :List of 3
  ..$ :List of 15
  .. ..$ V          : num [1:3646, 1:6] 0 0 0 0 0 0 0 0 0 0 ...
  .. .. ..- attr(*, "dimnames")=List of 2
  .. .. .. ..$ : chr [1:3646] "2020-21_11.107-5" "2020-21_12.90-53" "2020-21_12.93-4" "2020-21_14.37-103" ...
  .. .. .. ..$ : NULL
  .. ..$ d          : num [1:6] 1011 918 450 447 435 ...
  .. ..$ model      : chr "RKHS"
  .. ..$ Name       : chr "ETA_1"
  .. ..$ tolD       : num 1e-10
  .. ..$ levelsU    : int 6
  .. ..$ df0        : num 5
  .. ..$ R2         : num 0.167
  .. ..$ S0         : num 2.62
  .. ..$ u          : num [1:3646] -0.0314 -0.0314 -0.0314 -0.0314 -0.0314 ...
  .. ..$ varU       : num 2.32
  .. ..$ uStar      : num [1:6] -1.947 19.223 -3.157 -1.555 0.656 ...
  .. ..$ NamefileOut: chr "X10/ETA_1_varU.dat"
  .. ..$ SD.u       : num [1:3646] 1.44 1.44 1.44 1.44 1.44 ...
  .. ..$ SD.varU    : num 14.2
  ..$ :List of 15
  .. ..$ V          : num [1:3646, 1:2737] 0.408 0 0 0 0 ...
  .. .. ..- attr(*, "dimnames")=List of 2
  .. .. .. ..$ : chr [1:3646] "2020-21_11.107-5" "2020-21_12.90-53" "2020-21_12.93-4" "2020-21_14.37-103" ...
  .. .. .. ..$ : chr [1:2737] "11.107-5" "12.90-53" "12.93-4" "13.27-142" ...
  .. ..$ d          : Named num [1:2737] 6 1 3 1 1 1 1 1 2 1 ...
  .. .. ..- attr(*, "names")= chr [1:2737] "11.107-5" "12.90-53" "12.93-4" "13.27-142" ...
  .. ..$ model      : chr "RKHS"
  .. ..$ Name       : chr "ETA_2"
  .. ..$ tolD       : num 1e-10
  .. ..$ levelsU    : int 2737
  .. ..$ df0        : num 5
  .. ..$ R2         : num 0.167
  .. ..$ S0         : num 1195
  .. ..$ u          : num [1:3646] 7.603 -0.565 4.663 4.292 -1.118 ...
  .. ..$ varU       : num 62.8
  .. ..$ uStar      : num [1:2737] 18.624 -0.565 8.077 -5.52 4.292 ...
  .. ..$ NamefileOut: chr "X10/ETA_2_varU.dat"
  .. ..$ SD.u       : num [1:3646] 6.17 7.37 6.8 7.49 7.51 ...
  .. ..$ SD.varU    : num 10.2
  ..$ :List of 15
  .. ..$ V          : num [1:3646, 1:576] -0.00189 -0.00645 -0.00703 -0.00832 -0.00916 ...
  .. .. ..- attr(*, "dimnames")=List of 2
  .. .. .. ..$ : chr [1:3646] "2020-21_11.107-5" "2020-21_12.90-53" "2020-21_12.93-4" "2020-21_14.37-103" ...
  .. .. .. ..$ : NULL
  .. ..$ d          : num [1:576] 985 777 402 285 213 ...
  .. ..$ model      : chr "RKHS"
  .. ..$ Name       : chr "ETA_3"
  .. ..$ tolD       : num 1e-10
  .. ..$ levelsU    : int 576
  .. ..$ df0        : num 5
  .. ..$ R2         : num 0.167
  .. ..$ S0         : num 251
  .. ..$ u          : num [1:3646] 3.14 -13.539 0.798 -18.318 -36.408 ...
  .. ..$ varU       : num 1666
  .. ..$ uStar      : num [1:576] -1166 572 730 235 126 ...
  .. ..$ NamefileOut: chr "X10/ETA_3_varU.dat"
  .. ..$ SD.u       : num [1:3646] 6.52 5.85 6.56 5.59 6.19 ...
  .. ..$ SD.varU    : num 361
 - attr(*, "class")= chr "BGLR"
NULL
List of 21
 $ y            : num [1:3646] 37 54.4 79 41.2 22.2 ...
 $ a            : NULL
 $ b            : NULL
 $ whichNa      : int [1:1011] 2636 2637 2638 2639 2640 2641 2642 2643 2644 2645 ...
 $ saveAt       : chr "X8/"
 $ nIter        : num 12000
 $ burnIn       : num 2000
 $ thin         : num 5
 $ weights      : num [1:3646] 1 1 1 1 1 1 1 1 1 1 ...
 $ verbose      : logi FALSE
 $ response_type: chr "gaussian"
 $ df0          : num 5
 $ S0           : num 2022
 $ yHat         : num [1:3646] 51.3 33.6 61.4 37.1 25 ...
 $ SD.yHat      : num [1:3646] 7.87 8.29 9.09 8.29 8.33 ...
 $ mu           : num 34.4
 $ SD.mu        : num 3.24
 $ varE         : num 455
 $ SD.varE      : num 21.1
 $ fit          :List of 4
  ..$ logLikAtPostMean: num -11594
  ..$ postMeanLogLik  : num -11802
  ..$ pD              : num 416
  ..$ DIC             : num 24019
 $ ETA          :List of 3
  ..$ :List of 15
  .. ..$ V          : num [1:3646, 1:6] 0 0 0 0 0 0 0 0 0 0 ...
  .. .. ..- attr(*, "dimnames")=List of 2
  .. .. .. ..$ : chr [1:3646] "2020-21_11.107-5" "2020-21_12.90-53" "2020-21_12.93-4" "2020-21_14.37-103" ...
  .. .. .. ..$ : NULL
  .. ..$ d          : num [1:6] 1011 918 450 447 435 ...
  .. ..$ model      : chr "RKHS"
  .. ..$ Name       : chr "ETA_1"
  .. ..$ tolD       : num 1e-10
  .. ..$ levelsU    : int 6
  .. ..$ df0        : num 5
  .. ..$ R2         : num 0.167
  .. ..$ S0         : num 1.53
  .. ..$ u          : num [1:3646] 0.0304 0.0304 0.0304 0.0304 0.0304 ...
  .. ..$ varU       : num 0.482
  .. ..$ uStar      : num [1:6] 0.171 1.956 -0.451 -0.481 -0.635 ...
  .. ..$ NamefileOut: chr "X8/ETA_1_varU.dat"
  .. ..$ SD.u       : num [1:3646] 0.69 0.69 0.69 0.69 0.69 ...
  .. ..$ SD.varU    : num 0.503
  ..$ :List of 15
  .. ..$ V          : num [1:3646, 1:2737] 0.408 0 0 0 0 ...
  .. .. ..- attr(*, "dimnames")=List of 2
  .. .. .. ..$ : chr [1:3646] "2020-21_11.107-5" "2020-21_12.90-53" "2020-21_12.93-4" "2020-21_14.37-103" ...
  .. .. .. ..$ : chr [1:2737] "11.107-5" "12.90-53" "12.93-4" "13.27-142" ...
  .. ..$ d          : Named num [1:2737] 6 1 3 1 1 1 1 1 2 1 ...
  .. .. ..- attr(*, "names")= chr [1:2737] "11.107-5" "12.90-53" "12.93-4" "13.27-142" ...
  .. ..$ model      : chr "RKHS"
  .. ..$ Name       : chr "ETA_2"
  .. ..$ tolD       : num 1e-10
  .. ..$ levelsU    : int 2737
  .. ..$ df0        : num 5
  .. ..$ R2         : num 0.167
  .. ..$ S0         : num 700
  .. ..$ u          : num [1:3646] 2.7144 2.8938 19.0663 0.7986 0.0238 ...
  .. ..$ varU       : num 67.3
  .. ..$ uStar      : num [1:2737] 6.649 2.894 33.024 0.255 0.799 ...
  .. ..$ NamefileOut: chr "X8/ETA_2_varU.dat"
  .. ..$ SD.u       : num [1:3646] 6.12 7.65 7.77 7.66 7.43 ...
  .. ..$ SD.varU    : num 16.9
  ..$ :List of 15
  .. ..$ V          : num [1:3646, 1:576] -0.00189 -0.00645 -0.00703 -0.00832 -0.00916 ...
  .. .. ..- attr(*, "dimnames")=List of 2
  .. .. .. ..$ : chr [1:3646] "2020-21_11.107-5" "2020-21_12.90-53" "2020-21_12.93-4" "2020-21_14.37-103" ...
  .. .. .. ..$ : NULL
  .. ..$ d          : num [1:576] 985 777 402 285 213 ...
  .. ..$ model      : chr "RKHS"
  .. ..$ Name       : chr "ETA_3"
  .. ..$ tolD       : num 1e-10
  .. ..$ levelsU    : int 576
  .. ..$ df0        : num 5
  .. ..$ R2         : num 0.167
  .. ..$ S0         : num 147
  .. ..$ u          : num [1:3646] 14.18 -3.71 7.99 1.91 -9.46 ...
  .. ..$ varU       : num 1424
  .. ..$ uStar      : num [1:576] 134.3 193.6 57.3 570.4 -263.6 ...
  .. ..$ NamefileOut: chr "X8/ETA_3_varU.dat"
  .. ..$ SD.u       : num [1:3646] 6.04 5.43 6.02 4.99 5.53 ...
  .. ..$ SD.varU    : num 322
 - attr(*, "class")= chr "BGLR"
NULL
List of 21
 $ y            : num [1:3646] 34.557 32 37.708 62.27 0.585 ...
 $ a            : NULL
 $ b            : NULL
 $ whichNa      : int [1:1011] 2636 2637 2638 2639 2640 2641 2642 2643 2644 2645 ...
 $ saveAt       : chr "X7/"
 $ nIter        : num 12000
 $ burnIn       : num 2000
 $ thin         : num 5
 $ weights      : num [1:3646] 1 1 1 1 1 1 1 1 1 1 ...
 $ verbose      : logi FALSE
 $ response_type: chr "gaussian"
 $ df0          : num 5
 $ S0           : num 1094
 $ yHat         : num [1:3646] 32.1 19 24.3 26.6 10.7 ...
 $ SD.yHat      : num [1:3646] 6.15 6.8 6.87 6.84 6.75 ...
 $ mu           : num 24.6
 $ SD.mu        : num 2.6
 $ varE         : num 288
 $ SD.varE      : num 13.7
 $ fit          :List of 4
  ..$ logLikAtPostMean: num -10989
  ..$ postMeanLogLik  : num -11198
  ..$ pD              : num 419
  ..$ DIC             : num 22816
 $ ETA          :List of 3
  ..$ :List of 15
  .. ..$ V          : num [1:3646, 1:6] 0 0 0 0 0 0 0 0 0 0 ...
  .. .. ..- attr(*, "dimnames")=List of 2
  .. .. .. ..$ : chr [1:3646] "2020-21_11.107-5" "2020-21_12.90-53" "2020-21_12.93-4" "2020-21_14.37-103" ...
  .. .. .. ..$ : NULL
  .. ..$ d          : num [1:6] 1011 918 450 447 435 ...
  .. ..$ model      : chr "RKHS"
  .. ..$ Name       : chr "ETA_1"
  .. ..$ tolD       : num 1e-10
  .. ..$ levelsU    : int 6
  .. ..$ df0        : num 5
  .. ..$ R2         : num 0.167
  .. ..$ S0         : num 0.831
  .. ..$ u          : num [1:3646] 0.0019 0.0019 0.0019 0.0019 0.0019 ...
  .. ..$ varU       : num 0.296
  .. ..$ uStar      : num [1:6] 0.29029 2.6112 -0.00839 -1.48962 -0.03967 ...
  .. ..$ NamefileOut: chr "X7/ETA_1_varU.dat"
  .. ..$ SD.u       : num [1:3646] 0.545 0.545 0.545 0.545 0.545 ...
  .. ..$ SD.varU    : num 0.417
  ..$ :List of 15
  .. ..$ V          : num [1:3646, 1:2737] 0.408 0 0 0 0 ...
  .. .. ..- attr(*, "dimnames")=List of 2
  .. .. .. ..$ : chr [1:3646] "2020-21_11.107-5" "2020-21_12.90-53" "2020-21_12.93-4" "2020-21_14.37-103" ...
  .. .. .. ..$ : chr [1:2737] "11.107-5" "12.90-53" "12.93-4" "13.27-142" ...
  .. ..$ d          : Named num [1:2737] 6 1 3 1 1 1 1 1 2 1 ...
  .. .. ..- attr(*, "names")= chr [1:2737] "11.107-5" "12.90-53" "12.93-4" "13.27-142" ...
  .. ..$ model      : chr "RKHS"
  .. ..$ Name       : chr "ETA_2"
  .. ..$ tolD       : num 1e-10
  .. ..$ levelsU    : int 2737
  .. ..$ df0        : num 5
  .. ..$ R2         : num 0.167
  .. ..$ S0         : num 379
  .. ..$ u          : num [1:3646] 6.75 2.11 8.2 5.41 -1.24 ...
  .. ..$ varU       : num 44.6
  .. ..$ uStar      : num [1:2737] 16.52 2.11 14.2 1.73 5.41 ...
  .. ..$ NamefileOut: chr "X7/ETA_2_varU.dat"
  .. ..$ SD.u       : num [1:3646] 4.99 6.29 5.8 6.35 6.19 ...
  .. ..$ SD.varU    : num 11.7
  ..$ :List of 15
  .. ..$ V          : num [1:3646, 1:576] -0.00189 -0.00645 -0.00703 -0.00832 -0.00916 ...
  .. .. ..- attr(*, "dimnames")=List of 2
  .. .. .. ..$ : chr [1:3646] "2020-21_11.107-5" "2020-21_12.90-53" "2020-21_12.93-4" "2020-21_14.37-103" ...
  .. .. .. ..$ : NULL
  .. ..$ d          : num [1:576] 985 777 402 285 213 ...
  .. ..$ model      : chr "RKHS"
  .. ..$ Name       : chr "ETA_3"
  .. ..$ tolD       : num 1e-10
  .. ..$ levelsU    : int 576
  .. ..$ df0        : num 5
  .. ..$ R2         : num 0.167
  .. ..$ S0         : num 79.8
  .. ..$ u          : num [1:3646] 0.739 -7.687 -8.54 -3.365 -12.704 ...
  .. ..$ varU       : num 729
  .. ..$ uStar      : num [1:576] -10.1 98 221.5 310.7 -136.8 ...
  .. ..$ NamefileOut: chr "X7/ETA_3_varU.dat"
  .. ..$ SD.u       : num [1:3646] 4.43 4.19 4.7 3.95 4.31 ...
  .. ..$ SD.varU    : num 176
 - attr(*, "class")= chr "BGLR"
NULL
List of 21
 $ y            : num [1:3646] 154.538 29.272 69.207 65.857 0.606 ...
 $ a            : NULL
 $ b            : NULL
 $ whichNa      : int [1:1011] 2636 2637 2638 2639 2640 2641 2642 2643 2644 2645 ...
 $ saveAt       : chr "X10/"
 $ nIter        : num 12000
 $ burnIn       : num 2000
 $ thin         : num 5
 $ weights      : num [1:3646] 1 1 1 1 1 1 1 1 1 1 ...
 $ verbose      : logi FALSE
 $ response_type: chr "gaussian"
 $ df0          : num 5
 $ S0           : num 3450
 $ yHat         : num [1:3646] 57.85 33 52.57 33.08 9.58 ...
 $ SD.yHat      : num [1:3646] 8.05 8.25 8.52 8.23 8.5 ...
 $ mu           : num 47.1
 $ SD.mu        : num 3.64
 $ varE         : num 496
 $ SD.varE      : num 17.9
 $ fit          :List of 4
  ..$ logLikAtPostMean: num -11722
  ..$ postMeanLogLik  : num -11914
  ..$ pD              : num 384
  ..$ DIC             : num 24213
 $ ETA          :List of 3
  ..$ :List of 15
  .. ..$ V          : num [1:3646, 1:6] 0 0 0 0 0 0 0 0 0 0 ...
  .. .. ..- attr(*, "dimnames")=List of 2
  .. .. .. ..$ : chr [1:3646] "2020-21_11.107-5" "2020-21_12.90-53" "2020-21_12.93-4" "2020-21_14.37-103" ...
  .. .. .. ..$ : NULL
  .. ..$ d          : num [1:6] 1011 918 450 447 435 ...
  .. ..$ model      : chr "RKHS"
  .. ..$ Name       : chr "ETA_1"
  .. ..$ tolD       : num 1e-10
  .. ..$ levelsU    : int 6
  .. ..$ df0        : num 5
  .. ..$ R2         : num 0.167
  .. ..$ S0         : num 2.62
  .. ..$ u          : num [1:3646] -0.0314 -0.0314 -0.0314 -0.0314 -0.0314 ...
  .. ..$ varU       : num 2.32
  .. ..$ uStar      : num [1:6] -1.947 19.223 -3.157 -1.555 0.656 ...
  .. ..$ NamefileOut: chr "X10/ETA_1_varU.dat"
  .. ..$ SD.u       : num [1:3646] 1.44 1.44 1.44 1.44 1.44 ...
  .. ..$ SD.varU    : num 14.2
  ..$ :List of 15
  .. ..$ V          : num [1:3646, 1:2737] 0.408 0 0 0 0 ...
  .. .. ..- attr(*, "dimnames")=List of 2
  .. .. .. ..$ : chr [1:3646] "2020-21_11.107-5" "2020-21_12.90-53" "2020-21_12.93-4" "2020-21_14.37-103" ...
  .. .. .. ..$ : chr [1:2737] "11.107-5" "12.90-53" "12.93-4" "13.27-142" ...
  .. ..$ d          : Named num [1:2737] 6 1 3 1 1 1 1 1 2 1 ...
  .. .. ..- attr(*, "names")= chr [1:2737] "11.107-5" "12.90-53" "12.93-4" "13.27-142" ...
  .. ..$ model      : chr "RKHS"
  .. ..$ Name       : chr "ETA_2"
  .. ..$ tolD       : num 1e-10
  .. ..$ levelsU    : int 2737
  .. ..$ df0        : num 5
  .. ..$ R2         : num 0.167
  .. ..$ S0         : num 1195
  .. ..$ u          : num [1:3646] 7.603 -0.565 4.663 4.292 -1.118 ...
  .. ..$ varU       : num 62.8
  .. ..$ uStar      : num [1:2737] 18.624 -0.565 8.077 -5.52 4.292 ...
  .. ..$ NamefileOut: chr "X10/ETA_2_varU.dat"
  .. ..$ SD.u       : num [1:3646] 6.17 7.37 6.8 7.49 7.51 ...
  .. ..$ SD.varU    : num 10.2
  ..$ :List of 15
  .. ..$ V          : num [1:3646, 1:576] -0.00189 -0.00645 -0.00703 -0.00832 -0.00916 ...
  .. .. ..- attr(*, "dimnames")=List of 2
  .. .. .. ..$ : chr [1:3646] "2020-21_11.107-5" "2020-21_12.90-53" "2020-21_12.93-4" "2020-21_14.37-103" ...
  .. .. .. ..$ : NULL
  .. ..$ d          : num [1:576] 985 777 402 285 213 ...
  .. ..$ model      : chr "RKHS"
  .. ..$ Name       : chr "ETA_3"
  .. ..$ tolD       : num 1e-10
  .. ..$ levelsU    : int 576
  .. ..$ df0        : num 5
  .. ..$ R2         : num 0.167
  .. ..$ S0         : num 251
  .. ..$ u          : num [1:3646] 3.14 -13.539 0.798 -18.318 -36.408 ...
  .. ..$ varU       : num 1666
  .. ..$ uStar      : num [1:576] -1166 572 730 235 126 ...
  .. ..$ NamefileOut: chr "X10/ETA_3_varU.dat"
  .. ..$ SD.u       : num [1:3646] 6.52 5.85 6.56 5.59 6.19 ...
  .. ..$ SD.varU    : num 361
 - attr(*, "class")= chr "BGLR"
NULL
List of 21
 $ y            : num [1:3646] 37 54.4 79 41.2 22.2 ...
 $ a            : NULL
 $ b            : NULL
 $ whichNa      : int [1:1011] 2636 2637 2638 2639 2640 2641 2642 2643 2644 2645 ...
 $ saveAt       : chr "X8/"
 $ nIter        : num 12000
 $ burnIn       : num 2000
 $ thin         : num 5
 $ weights      : num [1:3646] 1 1 1 1 1 1 1 1 1 1 ...
 $ verbose      : logi FALSE
 $ response_type: chr "gaussian"
 $ df0          : num 5
 $ S0           : num 2022
 $ yHat         : num [1:3646] 51.3 33.6 61.4 37.1 25 ...
 $ SD.yHat      : num [1:3646] 7.87 8.29 9.09 8.29 8.33 ...
 $ mu           : num 34.4
 $ SD.mu        : num 3.24
 $ varE         : num 455
 $ SD.varE      : num 21.1
 $ fit          :List of 4
  ..$ logLikAtPostMean: num -11594
  ..$ postMeanLogLik  : num -11802
  ..$ pD              : num 416
  ..$ DIC             : num 24019
 $ ETA          :List of 3
  ..$ :List of 15
  .. ..$ V          : num [1:3646, 1:6] 0 0 0 0 0 0 0 0 0 0 ...
  .. .. ..- attr(*, "dimnames")=List of 2
  .. .. .. ..$ : chr [1:3646] "2020-21_11.107-5" "2020-21_12.90-53" "2020-21_12.93-4" "2020-21_14.37-103" ...
  .. .. .. ..$ : NULL
  .. ..$ d          : num [1:6] 1011 918 450 447 435 ...
  .. ..$ model      : chr "RKHS"
  .. ..$ Name       : chr "ETA_1"
  .. ..$ tolD       : num 1e-10
  .. ..$ levelsU    : int 6
  .. ..$ df0        : num 5
  .. ..$ R2         : num 0.167
  .. ..$ S0         : num 1.53
  .. ..$ u          : num [1:3646] 0.0304 0.0304 0.0304 0.0304 0.0304 ...
  .. ..$ varU       : num 0.482
  .. ..$ uStar      : num [1:6] 0.171 1.956 -0.451 -0.481 -0.635 ...
  .. ..$ NamefileOut: chr "X8/ETA_1_varU.dat"
  .. ..$ SD.u       : num [1:3646] 0.69 0.69 0.69 0.69 0.69 ...
  .. ..$ SD.varU    : num 0.503
  ..$ :List of 15
  .. ..$ V          : num [1:3646, 1:2737] 0.408 0 0 0 0 ...
  .. .. ..- attr(*, "dimnames")=List of 2
  .. .. .. ..$ : chr [1:3646] "2020-21_11.107-5" "2020-21_12.90-53" "2020-21_12.93-4" "2020-21_14.37-103" ...
  .. .. .. ..$ : chr [1:2737] "11.107-5" "12.90-53" "12.93-4" "13.27-142" ...
  .. ..$ d          : Named num [1:2737] 6 1 3 1 1 1 1 1 2 1 ...
  .. .. ..- attr(*, "names")= chr [1:2737] "11.107-5" "12.90-53" "12.93-4" "13.27-142" ...
  .. ..$ model      : chr "RKHS"
  .. ..$ Name       : chr "ETA_2"
  .. ..$ tolD       : num 1e-10
  .. ..$ levelsU    : int 2737
  .. ..$ df0        : num 5
  .. ..$ R2         : num 0.167
  .. ..$ S0         : num 700
  .. ..$ u          : num [1:3646] 2.7144 2.8938 19.0663 0.7986 0.0238 ...
  .. ..$ varU       : num 67.3
  .. ..$ uStar      : num [1:2737] 6.649 2.894 33.024 0.255 0.799 ...
  .. ..$ NamefileOut: chr "X8/ETA_2_varU.dat"
  .. ..$ SD.u       : num [1:3646] 6.12 7.65 7.77 7.66 7.43 ...
  .. ..$ SD.varU    : num 16.9
  ..$ :List of 15
  .. ..$ V          : num [1:3646, 1:576] -0.00189 -0.00645 -0.00703 -0.00832 -0.00916 ...
  .. .. ..- attr(*, "dimnames")=List of 2
  .. .. .. ..$ : chr [1:3646] "2020-21_11.107-5" "2020-21_12.90-53" "2020-21_12.93-4" "2020-21_14.37-103" ...
  .. .. .. ..$ : NULL
  .. ..$ d          : num [1:576] 985 777 402 285 213 ...
  .. ..$ model      : chr "RKHS"
  .. ..$ Name       : chr "ETA_3"
  .. ..$ tolD       : num 1e-10
  .. ..$ levelsU    : int 576
  .. ..$ df0        : num 5
  .. ..$ R2         : num 0.167
  .. ..$ S0         : num 147
  .. ..$ u          : num [1:3646] 14.18 -3.71 7.99 1.91 -9.46 ...
  .. ..$ varU       : num 1424
  .. ..$ uStar      : num [1:576] 134.3 193.6 57.3 570.4 -263.6 ...
  .. ..$ NamefileOut: chr "X8/ETA_3_varU.dat"
  .. ..$ SD.u       : num [1:3646] 6.04 5.43 6.02 4.99 5.53 ...
  .. ..$ SD.varU    : num 322
 - attr(*, "class")= chr "BGLR"
NULL
List of 21
 $ y            : num [1:3646] 154.538 29.272 69.207 65.857 0.606 ...
 $ a            : NULL
 $ b            : NULL
 $ whichNa      : int [1:1011] 2636 2637 2638 2639 2640 2641 2642 2643 2644 2645 ...
 $ saveAt       : chr "X10/"
 $ nIter        : num 12000
 $ burnIn       : num 2000
 $ thin         : num 5
 $ weights      : num [1:3646] 1 1 1 1 1 1 1 1 1 1 ...
 $ verbose      : logi FALSE
 $ response_type: chr "gaussian"
 $ df0          : num 5
 $ S0           : num 3450
 $ yHat         : num [1:3646] 57.85 33 52.57 33.08 9.58 ...
 $ SD.yHat      : num [1:3646] 8.05 8.25 8.52 8.23 8.5 ...
 $ mu           : num 47.1
 $ SD.mu        : num 3.64
 $ varE         : num 496
 $ SD.varE      : num 17.9
 $ fit          :List of 4
  ..$ logLikAtPostMean: num -11722
  ..$ postMeanLogLik  : num -11914
  ..$ pD              : num 384
  ..$ DIC             : num 24213
 $ ETA          :List of 3
  ..$ :List of 15
  .. ..$ V          : num [1:3646, 1:6] 0 0 0 0 0 0 0 0 0 0 ...
  .. .. ..- attr(*, "dimnames")=List of 2
  .. .. .. ..$ : chr [1:3646] "2020-21_11.107-5" "2020-21_12.90-53" "2020-21_12.93-4" "2020-21_14.37-103" ...
  .. .. .. ..$ : NULL
  .. ..$ d          : num [1:6] 1011 918 450 447 435 ...
  .. ..$ model      : chr "RKHS"
  .. ..$ Name       : chr "ETA_1"
  .. ..$ tolD       : num 1e-10
  .. ..$ levelsU    : int 6
  .. ..$ df0        : num 5
  .. ..$ R2         : num 0.167
  .. ..$ S0         : num 2.62
  .. ..$ u          : num [1:3646] -0.0314 -0.0314 -0.0314 -0.0314 -0.0314 ...
  .. ..$ varU       : num 2.32
  .. ..$ uStar      : num [1:6] -1.947 19.223 -3.157 -1.555 0.656 ...
  .. ..$ NamefileOut: chr "X10/ETA_1_varU.dat"
  .. ..$ SD.u       : num [1:3646] 1.44 1.44 1.44 1.44 1.44 ...
  .. ..$ SD.varU    : num 14.2
  ..$ :List of 15
  .. ..$ V          : num [1:3646, 1:2737] 0.408 0 0 0 0 ...
  .. .. ..- attr(*, "dimnames")=List of 2
  .. .. .. ..$ : chr [1:3646] "2020-21_11.107-5" "2020-21_12.90-53" "2020-21_12.93-4" "2020-21_14.37-103" ...
  .. .. .. ..$ : chr [1:2737] "11.107-5" "12.90-53" "12.93-4" "13.27-142" ...
  .. ..$ d          : Named num [1:2737] 6 1 3 1 1 1 1 1 2 1 ...
  .. .. ..- attr(*, "names")= chr [1:2737] "11.107-5" "12.90-53" "12.93-4" "13.27-142" ...
  .. ..$ model      : chr "RKHS"
  .. ..$ Name       : chr "ETA_2"
  .. ..$ tolD       : num 1e-10
  .. ..$ levelsU    : int 2737
  .. ..$ df0        : num 5
  .. ..$ R2         : num 0.167
  .. ..$ S0         : num 1195
  .. ..$ u          : num [1:3646] 7.603 -0.565 4.663 4.292 -1.118 ...
  .. ..$ varU       : num 62.8
  .. ..$ uStar      : num [1:2737] 18.624 -0.565 8.077 -5.52 4.292 ...
  .. ..$ NamefileOut: chr "X10/ETA_2_varU.dat"
  .. ..$ SD.u       : num [1:3646] 6.17 7.37 6.8 7.49 7.51 ...
  .. ..$ SD.varU    : num 10.2
  ..$ :List of 15
  .. ..$ V          : num [1:3646, 1:576] -0.00189 -0.00645 -0.00703 -0.00832 -0.00916 ...
  .. .. ..- attr(*, "dimnames")=List of 2
  .. .. .. ..$ : chr [1:3646] "2020-21_11.107-5" "2020-21_12.90-53" "2020-21_12.93-4" "2020-21_14.37-103" ...
  .. .. .. ..$ : NULL
  .. ..$ d          : num [1:576] 985 777 402 285 213 ...
  .. ..$ model      : chr "RKHS"
  .. ..$ Name       : chr "ETA_3"
  .. ..$ tolD       : num 1e-10
  .. ..$ levelsU    : int 576
  .. ..$ df0        : num 5
  .. ..$ R2         : num 0.167
  .. ..$ S0         : num 251
  .. ..$ u          : num [1:3646] 3.14 -13.539 0.798 -18.318 -36.408 ...
  .. ..$ varU       : num 1666
  .. ..$ uStar      : num [1:576] -1166 572 730 235 126 ...
  .. ..$ NamefileOut: chr "X10/ETA_3_varU.dat"
  .. ..$ SD.u       : num [1:3646] 6.52 5.85 6.56 5.59 6.19 ...
  .. ..$ SD.varU    : num 361
 - attr(*, "class")= chr "BGLR"
NULL
List of 21
 $ y            : num [1:3646] 154.538 29.272 69.207 65.857 0.606 ...
 $ a            : NULL
 $ b            : NULL
 $ whichNa      : int [1:1011] 2636 2637 2638 2639 2640 2641 2642 2643 2644 2645 ...
 $ saveAt       : chr "X10/"
 $ nIter        : num 12000
 $ burnIn       : num 2000
 $ thin         : num 5
 $ weights      : num [1:3646] 1 1 1 1 1 1 1 1 1 1 ...
 $ verbose      : logi FALSE
 $ response_type: chr "gaussian"
 $ df0          : num 5
 $ S0           : num 3450
 $ yHat         : num [1:3646] 57.85 33 52.57 33.08 9.58 ...
 $ SD.yHat      : num [1:3646] 8.05 8.25 8.52 8.23 8.5 ...
 $ mu           : num 47.1
 $ SD.mu        : num 3.64
 $ varE         : num 496
 $ SD.varE      : num 17.9
 $ fit          :List of 4
  ..$ logLikAtPostMean: num -11722
  ..$ postMeanLogLik  : num -11914
  ..$ pD              : num 384
  ..$ DIC             : num 24213
 $ ETA          :List of 3
  ..$ :List of 15
  .. ..$ V          : num [1:3646, 1:6] 0 0 0 0 0 0 0 0 0 0 ...
  .. .. ..- attr(*, "dimnames")=List of 2
  .. .. .. ..$ : chr [1:3646] "2020-21_11.107-5" "2020-21_12.90-53" "2020-21_12.93-4" "2020-21_14.37-103" ...
  .. .. .. ..$ : NULL
  .. ..$ d          : num [1:6] 1011 918 450 447 435 ...
  .. ..$ model      : chr "RKHS"
  .. ..$ Name       : chr "ETA_1"
  .. ..$ tolD       : num 1e-10
  .. ..$ levelsU    : int 6
  .. ..$ df0        : num 5
  .. ..$ R2         : num 0.167
  .. ..$ S0         : num 2.62
  .. ..$ u          : num [1:3646] -0.0314 -0.0314 -0.0314 -0.0314 -0.0314 ...
  .. ..$ varU       : num 2.32
  .. ..$ uStar      : num [1:6] -1.947 19.223 -3.157 -1.555 0.656 ...
  .. ..$ NamefileOut: chr "X10/ETA_1_varU.dat"
  .. ..$ SD.u       : num [1:3646] 1.44 1.44 1.44 1.44 1.44 ...
  .. ..$ SD.varU    : num 14.2
  ..$ :List of 15
  .. ..$ V          : num [1:3646, 1:2737] 0.408 0 0 0 0 ...
  .. .. ..- attr(*, "dimnames")=List of 2
  .. .. .. ..$ : chr [1:3646] "2020-21_11.107-5" "2020-21_12.90-53" "2020-21_12.93-4" "2020-21_14.37-103" ...
  .. .. .. ..$ : chr [1:2737] "11.107-5" "12.90-53" "12.93-4" "13.27-142" ...
  .. ..$ d          : Named num [1:2737] 6 1 3 1 1 1 1 1 2 1 ...
  .. .. ..- attr(*, "names")= chr [1:2737] "11.107-5" "12.90-53" "12.93-4" "13.27-142" ...
  .. ..$ model      : chr "RKHS"
  .. ..$ Name       : chr "ETA_2"
  .. ..$ tolD       : num 1e-10
  .. ..$ levelsU    : int 2737
  .. ..$ df0        : num 5
  .. ..$ R2         : num 0.167
  .. ..$ S0         : num 1195
  .. ..$ u          : num [1:3646] 7.603 -0.565 4.663 4.292 -1.118 ...
  .. ..$ varU       : num 62.8
  .. ..$ uStar      : num [1:2737] 18.624 -0.565 8.077 -5.52 4.292 ...
  .. ..$ NamefileOut: chr "X10/ETA_2_varU.dat"
  .. ..$ SD.u       : num [1:3646] 6.17 7.37 6.8 7.49 7.51 ...
  .. ..$ SD.varU    : num 10.2
  ..$ :List of 15
  .. ..$ V          : num [1:3646, 1:576] -0.00189 -0.00645 -0.00703 -0.00832 -0.00916 ...
  .. .. ..- attr(*, "dimnames")=List of 2
  .. .. .. ..$ : chr [1:3646] "2020-21_11.107-5" "2020-21_12.90-53" "2020-21_12.93-4" "2020-21_14.37-103" ...
  .. .. .. ..$ : NULL
  .. ..$ d          : num [1:576] 985 777 402 285 213 ...
  .. ..$ model      : chr "RKHS"
  .. ..$ Name       : chr "ETA_3"
  .. ..$ tolD       : num 1e-10
  .. ..$ levelsU    : int 576
  .. ..$ df0        : num 5
  .. ..$ R2         : num 0.167
  .. ..$ S0         : num 251
  .. ..$ u          : num [1:3646] 3.14 -13.539 0.798 -18.318 -36.408 ...
  .. ..$ varU       : num 1666
  .. ..$ uStar      : num [1:576] -1166 572 730 235 126 ...
  .. ..$ NamefileOut: chr "X10/ETA_3_varU.dat"
  .. ..$ SD.u       : num [1:3646] 6.52 5.85 6.56 5.59 6.19 ...
  .. ..$ SD.varU    : num 361
 - attr(*, "class")= chr "BGLR"
NULL
List of 21
 $ y            : num [1:3646] 154.538 29.272 69.207 65.857 0.606 ...
 $ a            : NULL
 $ b            : NULL
 $ whichNa      : int [1:1011] 2636 2637 2638 2639 2640 2641 2642 2643 2644 2645 ...
 $ saveAt       : chr "X10/"
 $ nIter        : num 12000
 $ burnIn       : num 2000
 $ thin         : num 5
 $ weights      : num [1:3646] 1 1 1 1 1 1 1 1 1 1 ...
 $ verbose      : logi FALSE
 $ response_type: chr "gaussian"
 $ df0          : num 5
 $ S0           : num 3450
 $ yHat         : num [1:3646] 57.85 33 52.57 33.08 9.58 ...
 $ SD.yHat      : num [1:3646] 8.05 8.25 8.52 8.23 8.5 ...
 $ mu           : num 47.1
 $ SD.mu        : num 3.64
 $ varE         : num 496
 $ SD.varE      : num 17.9
 $ fit          :List of 4
  ..$ logLikAtPostMean: num -11722
  ..$ postMeanLogLik  : num -11914
  ..$ pD              : num 384
  ..$ DIC             : num 24213
 $ ETA          :List of 3
  ..$ :List of 15
  .. ..$ V          : num [1:3646, 1:6] 0 0 0 0 0 0 0 0 0 0 ...
  .. .. ..- attr(*, "dimnames")=List of 2
  .. .. .. ..$ : chr [1:3646] "2020-21_11.107-5" "2020-21_12.90-53" "2020-21_12.93-4" "2020-21_14.37-103" ...
  .. .. .. ..$ : NULL
  .. ..$ d          : num [1:6] 1011 918 450 447 435 ...
  .. ..$ model      : chr "RKHS"
  .. ..$ Name       : chr "ETA_1"
  .. ..$ tolD       : num 1e-10
  .. ..$ levelsU    : int 6
  .. ..$ df0        : num 5
  .. ..$ R2         : num 0.167
  .. ..$ S0         : num 2.62
  .. ..$ u          : num [1:3646] -0.0314 -0.0314 -0.0314 -0.0314 -0.0314 ...
  .. ..$ varU       : num 2.32
  .. ..$ uStar      : num [1:6] -1.947 19.223 -3.157 -1.555 0.656 ...
  .. ..$ NamefileOut: chr "X10/ETA_1_varU.dat"
  .. ..$ SD.u       : num [1:3646] 1.44 1.44 1.44 1.44 1.44 ...
  .. ..$ SD.varU    : num 14.2
  ..$ :List of 15
  .. ..$ V          : num [1:3646, 1:2737] 0.408 0 0 0 0 ...
  .. .. ..- attr(*, "dimnames")=List of 2
  .. .. .. ..$ : chr [1:3646] "2020-21_11.107-5" "2020-21_12.90-53" "2020-21_12.93-4" "2020-21_14.37-103" ...
  .. .. .. ..$ : chr [1:2737] "11.107-5" "12.90-53" "12.93-4" "13.27-142" ...
  .. ..$ d          : Named num [1:2737] 6 1 3 1 1 1 1 1 2 1 ...
  .. .. ..- attr(*, "names")= chr [1:2737] "11.107-5" "12.90-53" "12.93-4" "13.27-142" ...
  .. ..$ model      : chr "RKHS"
  .. ..$ Name       : chr "ETA_2"
  .. ..$ tolD       : num 1e-10
  .. ..$ levelsU    : int 2737
  .. ..$ df0        : num 5
  .. ..$ R2         : num 0.167
  .. ..$ S0         : num 1195
  .. ..$ u          : num [1:3646] 7.603 -0.565 4.663 4.292 -1.118 ...
  .. ..$ varU       : num 62.8
  .. ..$ uStar      : num [1:2737] 18.624 -0.565 8.077 -5.52 4.292 ...
  .. ..$ NamefileOut: chr "X10/ETA_2_varU.dat"
  .. ..$ SD.u       : num [1:3646] 6.17 7.37 6.8 7.49 7.51 ...
  .. ..$ SD.varU    : num 10.2
  ..$ :List of 15
  .. ..$ V          : num [1:3646, 1:576] -0.00189 -0.00645 -0.00703 -0.00832 -0.00916 ...
  .. .. ..- attr(*, "dimnames")=List of 2
  .. .. .. ..$ : chr [1:3646] "2020-21_11.107-5" "2020-21_12.90-53" "2020-21_12.93-4" "2020-21_14.37-103" ...
  .. .. .. ..$ : NULL
  .. ..$ d          : num [1:576] 985 777 402 285 213 ...
  .. ..$ model      : chr "RKHS"
  .. ..$ Name       : chr "ETA_3"
  .. ..$ tolD       : num 1e-10
  .. ..$ levelsU    : int 576
  .. ..$ df0        : num 5
  .. ..$ R2         : num 0.167
  .. ..$ S0         : num 251
  .. ..$ u          : num [1:3646] 3.14 -13.539 0.798 -18.318 -36.408 ...
  .. ..$ varU       : num 1666
  .. ..$ uStar      : num [1:576] -1166 572 730 235 126 ...
  .. ..$ NamefileOut: chr "X10/ETA_3_varU.dat"
  .. ..$ SD.u       : num [1:3646] 6.52 5.85 6.56 5.59 6.19 ...
  .. ..$ SD.varU    : num 361
 - attr(*, "class")= chr "BGLR"
NULL
List of 21
 $ y            : num [1:3646] 0.1023 0.00692 0.09019 0 0 ...
 $ a            : NULL
 $ b            : NULL
 $ whichNa      : int [1:1011] 2636 2637 2638 2639 2640 2641 2642 2643 2644 2645 ...
 $ saveAt       : chr "X1_cum/"
 $ nIter        : num 12000
 $ burnIn       : num 2000
 $ thin         : num 5
 $ weights      : num [1:3646] 1 1 1 1 1 1 1 1 1 1 ...
 $ verbose      : logi FALSE
 $ response_type: chr "gaussian"
 $ df0          : num 5
 $ S0           : num 144
 $ yHat         : num [1:3646] 5.3459 0.1121 -0.4746 0.0628 0.1535 ...
 $ SD.yHat      : num [1:3646] 1.45 2.78 1.77 2.73 2.78 ...
 $ mu           : num 4.28
 $ SD.mu        : num 0.452
 $ varE         : num 9.09
 $ SD.varE      : num 0.575
 $ fit          :List of 4
  ..$ logLikAtPostMean: num -5778
  ..$ postMeanLogLik  : num -6638
  ..$ pD              : num 1720
  ..$ DIC             : num 14996
 $ ETA          :List of 3
  ..$ :List of 15
  .. ..$ V          : num [1:3646, 1:6] 0 0 0 0 0 0 0 0 0 0 ...
  .. .. ..- attr(*, "dimnames")=List of 2
  .. .. .. ..$ : chr [1:3646] "2020-21_11.107-5" "2020-21_12.90-53" "2020-21_12.93-4" "2020-21_14.37-103" ...
  .. .. .. ..$ : NULL
  .. ..$ d          : num [1:6] 1011 918 450 447 435 ...
  .. ..$ model      : chr "RKHS"
  .. ..$ Name       : chr "ETA_1"
  .. ..$ tolD       : num 1e-10
  .. ..$ levelsU    : int 6
  .. ..$ df0        : num 5
  .. ..$ R2         : num 0.167
  .. ..$ S0         : num 0.109
  .. ..$ u          : num [1:3646] -0.0377 -0.0377 -0.0377 -0.0377 -0.0377 ...
  .. ..$ varU       : num 0.0426
  .. ..$ uStar      : num [1:6] 0.0206 -1.6895 0.6473 1.4606 0.7861 ...
  .. ..$ NamefileOut: chr "X1_cum/ETA_1_varU.dat"
  .. ..$ SD.u       : num [1:3646] 0.206 0.206 0.206 0.206 0.206 ...
  .. ..$ SD.varU    : num 0.0829
  ..$ :List of 15
  .. ..$ V          : num [1:3646, 1:2737] 0.408 0 0 0 0 ...
  .. .. ..- attr(*, "dimnames")=List of 2
  .. .. .. ..$ : chr [1:3646] "2020-21_11.107-5" "2020-21_12.90-53" "2020-21_12.93-4" "2020-21_14.37-103" ...
  .. .. .. ..$ : chr [1:2737] "11.107-5" "12.90-53" "12.93-4" "13.27-142" ...
  .. ..$ d          : Named num [1:2737] 6 1 3 1 1 1 1 1 2 1 ...
  .. .. ..- attr(*, "names")= chr [1:2737] "11.107-5" "12.90-53" "12.93-4" "13.27-142" ...
  .. ..$ model      : chr "RKHS"
  .. ..$ Name       : chr "ETA_2"
  .. ..$ tolD       : num 1e-10
  .. ..$ levelsU    : int 2737
  .. ..$ df0        : num 5
  .. ..$ R2         : num 0.167
  .. ..$ S0         : num 49.8
  .. ..$ u          : num [1:3646] 4.729 -0.463 -1.329 -0.265 -0.489 ...
  .. ..$ varU       : num 45.1
  .. ..$ uStar      : num [1:2737] 11.584 -0.463 -2.301 -1.126 -0.265 ...
  .. ..$ NamefileOut: chr "X1_cum/ETA_2_varU.dat"
  .. ..$ SD.u       : num [1:3646] 1.37 2.8 1.76 2.78 2.81 ...
  .. ..$ SD.varU    : num 1.89
  ..$ :List of 15
  .. ..$ V          : num [1:3646, 1:576] -0.00189 -0.00645 -0.00703 -0.00832 -0.00916 ...
  .. .. ..- attr(*, "dimnames")=List of 2
  .. .. .. ..$ : chr [1:3646] "2020-21_11.107-5" "2020-21_12.90-53" "2020-21_12.93-4" "2020-21_14.37-103" ...
  .. .. .. ..$ : NULL
  .. ..$ d          : num [1:576] 985 777 402 285 213 ...
  .. ..$ model      : chr "RKHS"
  .. ..$ Name       : chr "ETA_3"
  .. ..$ tolD       : num 1e-10
  .. ..$ levelsU    : int 576
  .. ..$ df0        : num 5
  .. ..$ R2         : num 0.167
  .. ..$ S0         : num 10.5
  .. ..$ u          : num [1:3646] -3.63 -3.67 -3.39 -3.91 -3.6 ...
  .. ..$ varU       : num 8.53
  .. ..$ uStar      : num [1:576] 90.99 -57.94 99.31 -37.98 -8.82 ...
  .. ..$ NamefileOut: chr "X1_cum/ETA_3_varU.dat"
  .. ..$ SD.u       : num [1:3646] 0.907 0.794 0.906 0.751 0.851 ...
  .. ..$ SD.varU    : num 2.9
 - attr(*, "class")= chr "BGLR"
NULL
List of 21
 $ y            : num [1:3646] 91.8 39 66.8 33 24.3 ...
 $ a            : NULL
 $ b            : NULL
 $ whichNa      : int [1:1011] 2636 2637 2638 2639 2640 2641 2642 2643 2644 2645 ...
 $ saveAt       : chr "X9/"
 $ nIter        : num 12000
 $ burnIn       : num 2000
 $ thin         : num 5
 $ weights      : num [1:3646] 1 1 1 1 1 1 1 1 1 1 ...
 $ verbose      : logi FALSE
 $ response_type: chr "gaussian"
 $ df0          : num 5
 $ S0           : num 3012
 $ yHat         : num [1:3646] 56.2 30.4 54.6 34.2 20.4 ...
 $ SD.yHat      : num [1:3646] 8.58 8.81 9.18 8.8 8.77 ...
 $ mu           : num 49.3
 $ SD.mu        : num 3.54
 $ varE         : num 525
 $ SD.varE      : num 21.5
 $ fit          :List of 4
  ..$ logLikAtPostMean: num -11787
  ..$ postMeanLogLik  : num -11990
  ..$ pD              : num 406
  ..$ DIC             : num 24386
 $ ETA          :List of 3
  ..$ :List of 15
  .. ..$ V          : num [1:3646, 1:6] 0 0 0 0 0 0 0 0 0 0 ...
  .. .. ..- attr(*, "dimnames")=List of 2
  .. .. .. ..$ : chr [1:3646] "2020-21_11.107-5" "2020-21_12.90-53" "2020-21_12.93-4" "2020-21_14.37-103" ...
  .. .. .. ..$ : NULL
  .. ..$ d          : num [1:6] 1011 918 450 447 435 ...
  .. ..$ model      : chr "RKHS"
  .. ..$ Name       : chr "ETA_1"
  .. ..$ tolD       : num 1e-10
  .. ..$ levelsU    : int 6
  .. ..$ df0        : num 5
  .. ..$ R2         : num 0.167
  .. ..$ S0         : num 2.29
  .. ..$ u          : num [1:3646] -0.0261 -0.0261 -0.0261 -0.0261 -0.0261 ...
  .. ..$ varU       : num 0.77
  .. ..$ uStar      : num [1:6] -0.568 3.765 -1.918 1.14 0.544 ...
  .. ..$ NamefileOut: chr "X9/ETA_1_varU.dat"
  .. ..$ SD.u       : num [1:3646] 0.856 0.856 0.856 0.856 0.856 ...
  .. ..$ SD.varU    : num 0.862
  ..$ :List of 15
  .. ..$ V          : num [1:3646, 1:2737] 0.408 0 0 0 0 ...
  .. .. ..- attr(*, "dimnames")=List of 2
  .. .. .. ..$ : chr [1:3646] "2020-21_11.107-5" "2020-21_12.90-53" "2020-21_12.93-4" "2020-21_14.37-103" ...
  .. .. .. ..$ : chr [1:2737] "11.107-5" "12.90-53" "12.93-4" "13.27-142" ...
  .. ..$ d          : Named num [1:2737] 6 1 3 1 1 1 1 1 2 1 ...
  .. .. ..- attr(*, "names")= chr [1:2737] "11.107-5" "12.90-53" "12.93-4" "13.27-142" ...
  .. ..$ model      : chr "RKHS"
  .. ..$ Name       : chr "ETA_2"
  .. ..$ tolD       : num 1e-10
  .. ..$ levelsU    : int 2737
  .. ..$ df0        : num 5
  .. ..$ R2         : num 0.167
  .. ..$ S0         : num 1043
  .. ..$ u          : num [1:3646] 8.382 1.179 8.882 -0.169 0.577 ...
  .. ..$ varU       : num 73.5
  .. ..$ uStar      : num [1:2737] 20.532 1.179 15.385 -1.322 -0.169 ...
  .. ..$ NamefileOut: chr "X9/ETA_2_varU.dat"
  .. ..$ SD.u       : num [1:3646] 6.61 8.01 7.45 8.02 7.81 ...
  .. ..$ SD.varU    : num 15.5
  ..$ :List of 15
  .. ..$ V          : num [1:3646, 1:576] -0.00189 -0.00645 -0.00703 -0.00832 -0.00916 ...
  .. .. ..- attr(*, "dimnames")=List of 2
  .. .. .. ..$ : chr [1:3646] "2020-21_11.107-5" "2020-21_12.90-53" "2020-21_12.93-4" "2020-21_14.37-103" ...
  .. .. .. ..$ : NULL
  .. ..$ d          : num [1:576] 985 777 402 285 213 ...
  .. ..$ model      : chr "RKHS"
  .. ..$ Name       : chr "ETA_3"
  .. ..$ tolD       : num 1e-10
  .. ..$ levelsU    : int 576
  .. ..$ df0        : num 5
  .. ..$ R2         : num 0.167
  .. ..$ S0         : num 220
  .. ..$ u          : num [1:3646] -1.53 -20.14 -3.58 -14.91 -29.53 ...
  .. ..$ varU       : num 1750
  .. ..$ uStar      : num [1:576] -507 297 698 974 -500 ...
  .. ..$ NamefileOut: chr "X9/ETA_3_varU.dat"
  .. ..$ SD.u       : num [1:3646] 6.77 5.9 6.55 5.54 6.08 ...
  .. ..$ SD.varU    : num 345
 - attr(*, "class")= chr "BGLR"
NULL
List of 21
 $ y            : num [1:3646] 91.8 39 66.8 33 24.3 ...
 $ a            : NULL
 $ b            : NULL
 $ whichNa      : int [1:1011] 2636 2637 2638 2639 2640 2641 2642 2643 2644 2645 ...
 $ saveAt       : chr "X9/"
 $ nIter        : num 12000
 $ burnIn       : num 2000
 $ thin         : num 5
 $ weights      : num [1:3646] 1 1 1 1 1 1 1 1 1 1 ...
 $ verbose      : logi FALSE
 $ response_type: chr "gaussian"
 $ df0          : num 5
 $ S0           : num 3012
 $ yHat         : num [1:3646] 56.2 30.4 54.6 34.2 20.4 ...
 $ SD.yHat      : num [1:3646] 8.58 8.81 9.18 8.8 8.77 ...
 $ mu           : num 49.3
 $ SD.mu        : num 3.54
 $ varE         : num 525
 $ SD.varE      : num 21.5
 $ fit          :List of 4
  ..$ logLikAtPostMean: num -11787
  ..$ postMeanLogLik  : num -11990
  ..$ pD              : num 406
  ..$ DIC             : num 24386
 $ ETA          :List of 3
  ..$ :List of 15
  .. ..$ V          : num [1:3646, 1:6] 0 0 0 0 0 0 0 0 0 0 ...
  .. .. ..- attr(*, "dimnames")=List of 2
  .. .. .. ..$ : chr [1:3646] "2020-21_11.107-5" "2020-21_12.90-53" "2020-21_12.93-4" "2020-21_14.37-103" ...
  .. .. .. ..$ : NULL
  .. ..$ d          : num [1:6] 1011 918 450 447 435 ...
  .. ..$ model      : chr "RKHS"
  .. ..$ Name       : chr "ETA_1"
  .. ..$ tolD       : num 1e-10
  .. ..$ levelsU    : int 6
  .. ..$ df0        : num 5
  .. ..$ R2         : num 0.167
  .. ..$ S0         : num 2.29
  .. ..$ u          : num [1:3646] -0.0261 -0.0261 -0.0261 -0.0261 -0.0261 ...
  .. ..$ varU       : num 0.77
  .. ..$ uStar      : num [1:6] -0.568 3.765 -1.918 1.14 0.544 ...
  .. ..$ NamefileOut: chr "X9/ETA_1_varU.dat"
  .. ..$ SD.u       : num [1:3646] 0.856 0.856 0.856 0.856 0.856 ...
  .. ..$ SD.varU    : num 0.862
  ..$ :List of 15
  .. ..$ V          : num [1:3646, 1:2737] 0.408 0 0 0 0 ...
  .. .. ..- attr(*, "dimnames")=List of 2
  .. .. .. ..$ : chr [1:3646] "2020-21_11.107-5" "2020-21_12.90-53" "2020-21_12.93-4" "2020-21_14.37-103" ...
  .. .. .. ..$ : chr [1:2737] "11.107-5" "12.90-53" "12.93-4" "13.27-142" ...
  .. ..$ d          : Named num [1:2737] 6 1 3 1 1 1 1 1 2 1 ...
  .. .. ..- attr(*, "names")= chr [1:2737] "11.107-5" "12.90-53" "12.93-4" "13.27-142" ...
  .. ..$ model      : chr "RKHS"
  .. ..$ Name       : chr "ETA_2"
  .. ..$ tolD       : num 1e-10
  .. ..$ levelsU    : int 2737
  .. ..$ df0        : num 5
  .. ..$ R2         : num 0.167
  .. ..$ S0         : num 1043
  .. ..$ u          : num [1:3646] 8.382 1.179 8.882 -0.169 0.577 ...
  .. ..$ varU       : num 73.5
  .. ..$ uStar      : num [1:2737] 20.532 1.179 15.385 -1.322 -0.169 ...
  .. ..$ NamefileOut: chr "X9/ETA_2_varU.dat"
  .. ..$ SD.u       : num [1:3646] 6.61 8.01 7.45 8.02 7.81 ...
  .. ..$ SD.varU    : num 15.5
  ..$ :List of 15
  .. ..$ V          : num [1:3646, 1:576] -0.00189 -0.00645 -0.00703 -0.00832 -0.00916 ...
  .. .. ..- attr(*, "dimnames")=List of 2
  .. .. .. ..$ : chr [1:3646] "2020-21_11.107-5" "2020-21_12.90-53" "2020-21_12.93-4" "2020-21_14.37-103" ...
  .. .. .. ..$ : NULL
  .. ..$ d          : num [1:576] 985 777 402 285 213 ...
  .. ..$ model      : chr "RKHS"
  .. ..$ Name       : chr "ETA_3"
  .. ..$ tolD       : num 1e-10
  .. ..$ levelsU    : int 576
  .. ..$ df0        : num 5
  .. ..$ R2         : num 0.167
  .. ..$ S0         : num 220
  .. ..$ u          : num [1:3646] -1.53 -20.14 -3.58 -14.91 -29.53 ...
  .. ..$ varU       : num 1750
  .. ..$ uStar      : num [1:576] -507 297 698 974 -500 ...
  .. ..$ NamefileOut: chr "X9/ETA_3_varU.dat"
  .. ..$ SD.u       : num [1:3646] 6.77 5.9 6.55 5.54 6.08 ...
  .. ..$ SD.varU    : num 345
 - attr(*, "class")= chr "BGLR"
NULL
List of 21
 $ y            : num [1:3646] 91.8 39 66.8 33 24.3 ...
 $ a            : NULL
 $ b            : NULL
 $ whichNa      : int [1:1011] 2636 2637 2638 2639 2640 2641 2642 2643 2644 2645 ...
 $ saveAt       : chr "X9/"
 $ nIter        : num 12000
 $ burnIn       : num 2000
 $ thin         : num 5
 $ weights      : num [1:3646] 1 1 1 1 1 1 1 1 1 1 ...
 $ verbose      : logi FALSE
 $ response_type: chr "gaussian"
 $ df0          : num 5
 $ S0           : num 3012
 $ yHat         : num [1:3646] 56.2 30.4 54.6 34.2 20.4 ...
 $ SD.yHat      : num [1:3646] 8.58 8.81 9.18 8.8 8.77 ...
 $ mu           : num 49.3
 $ SD.mu        : num 3.54
 $ varE         : num 525
 $ SD.varE      : num 21.5
 $ fit          :List of 4
  ..$ logLikAtPostMean: num -11787
  ..$ postMeanLogLik  : num -11990
  ..$ pD              : num 406
  ..$ DIC             : num 24386
 $ ETA          :List of 3
  ..$ :List of 15
  .. ..$ V          : num [1:3646, 1:6] 0 0 0 0 0 0 0 0 0 0 ...
  .. .. ..- attr(*, "dimnames")=List of 2
  .. .. .. ..$ : chr [1:3646] "2020-21_11.107-5" "2020-21_12.90-53" "2020-21_12.93-4" "2020-21_14.37-103" ...
  .. .. .. ..$ : NULL
  .. ..$ d          : num [1:6] 1011 918 450 447 435 ...
  .. ..$ model      : chr "RKHS"
  .. ..$ Name       : chr "ETA_1"
  .. ..$ tolD       : num 1e-10
  .. ..$ levelsU    : int 6
  .. ..$ df0        : num 5
  .. ..$ R2         : num 0.167
  .. ..$ S0         : num 2.29
  .. ..$ u          : num [1:3646] -0.0261 -0.0261 -0.0261 -0.0261 -0.0261 ...
  .. ..$ varU       : num 0.77
  .. ..$ uStar      : num [1:6] -0.568 3.765 -1.918 1.14 0.544 ...
  .. ..$ NamefileOut: chr "X9/ETA_1_varU.dat"
  .. ..$ SD.u       : num [1:3646] 0.856 0.856 0.856 0.856 0.856 ...
  .. ..$ SD.varU    : num 0.862
  ..$ :List of 15
  .. ..$ V          : num [1:3646, 1:2737] 0.408 0 0 0 0 ...
  .. .. ..- attr(*, "dimnames")=List of 2
  .. .. .. ..$ : chr [1:3646] "2020-21_11.107-5" "2020-21_12.90-53" "2020-21_12.93-4" "2020-21_14.37-103" ...
  .. .. .. ..$ : chr [1:2737] "11.107-5" "12.90-53" "12.93-4" "13.27-142" ...
  .. ..$ d          : Named num [1:2737] 6 1 3 1 1 1 1 1 2 1 ...
  .. .. ..- attr(*, "names")= chr [1:2737] "11.107-5" "12.90-53" "12.93-4" "13.27-142" ...
  .. ..$ model      : chr "RKHS"
  .. ..$ Name       : chr "ETA_2"
  .. ..$ tolD       : num 1e-10
  .. ..$ levelsU    : int 2737
  .. ..$ df0        : num 5
  .. ..$ R2         : num 0.167
  .. ..$ S0         : num 1043
  .. ..$ u          : num [1:3646] 8.382 1.179 8.882 -0.169 0.577 ...
  .. ..$ varU       : num 73.5
  .. ..$ uStar      : num [1:2737] 20.532 1.179 15.385 -1.322 -0.169 ...
  .. ..$ NamefileOut: chr "X9/ETA_2_varU.dat"
  .. ..$ SD.u       : num [1:3646] 6.61 8.01 7.45 8.02 7.81 ...
  .. ..$ SD.varU    : num 15.5
  ..$ :List of 15
  .. ..$ V          : num [1:3646, 1:576] -0.00189 -0.00645 -0.00703 -0.00832 -0.00916 ...
  .. .. ..- attr(*, "dimnames")=List of 2
  .. .. .. ..$ : chr [1:3646] "2020-21_11.107-5" "2020-21_12.90-53" "2020-21_12.93-4" "2020-21_14.37-103" ...
  .. .. .. ..$ : NULL
  .. ..$ d          : num [1:576] 985 777 402 285 213 ...
  .. ..$ model      : chr "RKHS"
  .. ..$ Name       : chr "ETA_3"
  .. ..$ tolD       : num 1e-10
  .. ..$ levelsU    : int 576
  .. ..$ df0        : num 5
  .. ..$ R2         : num 0.167
  .. ..$ S0         : num 220
  .. ..$ u          : num [1:3646] -1.53 -20.14 -3.58 -14.91 -29.53 ...
  .. ..$ varU       : num 1750
  .. ..$ uStar      : num [1:576] -507 297 698 974 -500 ...
  .. ..$ NamefileOut: chr "X9/ETA_3_varU.dat"
  .. ..$ SD.u       : num [1:3646] 6.77 5.9 6.55 5.54 6.08 ...
  .. ..$ SD.varU    : num 345
 - attr(*, "class")= chr "BGLR"
NULL
List of 21
 $ y            : num [1:3646] 0.1023 0.00692 0.09019 0 0 ...
 $ a            : NULL
 $ b            : NULL
 $ whichNa      : int [1:1011] 2636 2637 2638 2639 2640 2641 2642 2643 2644 2645 ...
 $ saveAt       : chr "X1_cum/"
 $ nIter        : num 12000
 $ burnIn       : num 2000
 $ thin         : num 5
 $ weights      : num [1:3646] 1 1 1 1 1 1 1 1 1 1 ...
 $ verbose      : logi FALSE
 $ response_type: chr "gaussian"
 $ df0          : num 5
 $ S0           : num 144
 $ yHat         : num [1:3646] 5.3459 0.1121 -0.4746 0.0628 0.1535 ...
 $ SD.yHat      : num [1:3646] 1.45 2.78 1.77 2.73 2.78 ...
 $ mu           : num 4.28
 $ SD.mu        : num 0.452
 $ varE         : num 9.09
 $ SD.varE      : num 0.575
 $ fit          :List of 4
  ..$ logLikAtPostMean: num -5778
  ..$ postMeanLogLik  : num -6638
  ..$ pD              : num 1720
  ..$ DIC             : num 14996
 $ ETA          :List of 3
  ..$ :List of 15
  .. ..$ V          : num [1:3646, 1:6] 0 0 0 0 0 0 0 0 0 0 ...
  .. .. ..- attr(*, "dimnames")=List of 2
  .. .. .. ..$ : chr [1:3646] "2020-21_11.107-5" "2020-21_12.90-53" "2020-21_12.93-4" "2020-21_14.37-103" ...
  .. .. .. ..$ : NULL
  .. ..$ d          : num [1:6] 1011 918 450 447 435 ...
  .. ..$ model      : chr "RKHS"
  .. ..$ Name       : chr "ETA_1"
  .. ..$ tolD       : num 1e-10
  .. ..$ levelsU    : int 6
  .. ..$ df0        : num 5
  .. ..$ R2         : num 0.167
  .. ..$ S0         : num 0.109
  .. ..$ u          : num [1:3646] -0.0377 -0.0377 -0.0377 -0.0377 -0.0377 ...
  .. ..$ varU       : num 0.0426
  .. ..$ uStar      : num [1:6] 0.0206 -1.6895 0.6473 1.4606 0.7861 ...
  .. ..$ NamefileOut: chr "X1_cum/ETA_1_varU.dat"
  .. ..$ SD.u       : num [1:3646] 0.206 0.206 0.206 0.206 0.206 ...
  .. ..$ SD.varU    : num 0.0829
  ..$ :List of 15
  .. ..$ V          : num [1:3646, 1:2737] 0.408 0 0 0 0 ...
  .. .. ..- attr(*, "dimnames")=List of 2
  .. .. .. ..$ : chr [1:3646] "2020-21_11.107-5" "2020-21_12.90-53" "2020-21_12.93-4" "2020-21_14.37-103" ...
  .. .. .. ..$ : chr [1:2737] "11.107-5" "12.90-53" "12.93-4" "13.27-142" ...
  .. ..$ d          : Named num [1:2737] 6 1 3 1 1 1 1 1 2 1 ...
  .. .. ..- attr(*, "names")= chr [1:2737] "11.107-5" "12.90-53" "12.93-4" "13.27-142" ...
  .. ..$ model      : chr "RKHS"
  .. ..$ Name       : chr "ETA_2"
  .. ..$ tolD       : num 1e-10
  .. ..$ levelsU    : int 2737
  .. ..$ df0        : num 5
  .. ..$ R2         : num 0.167
  .. ..$ S0         : num 49.8
  .. ..$ u          : num [1:3646] 4.729 -0.463 -1.329 -0.265 -0.489 ...
  .. ..$ varU       : num 45.1
  .. ..$ uStar      : num [1:2737] 11.584 -0.463 -2.301 -1.126 -0.265 ...
  .. ..$ NamefileOut: chr "X1_cum/ETA_2_varU.dat"
  .. ..$ SD.u       : num [1:3646] 1.37 2.8 1.76 2.78 2.81 ...
  .. ..$ SD.varU    : num 1.89
  ..$ :List of 15
  .. ..$ V          : num [1:3646, 1:576] -0.00189 -0.00645 -0.00703 -0.00832 -0.00916 ...
  .. .. ..- attr(*, "dimnames")=List of 2
  .. .. .. ..$ : chr [1:3646] "2020-21_11.107-5" "2020-21_12.90-53" "2020-21_12.93-4" "2020-21_14.37-103" ...
  .. .. .. ..$ : NULL
  .. ..$ d          : num [1:576] 985 777 402 285 213 ...
  .. ..$ model      : chr "RKHS"
  .. ..$ Name       : chr "ETA_3"
  .. ..$ tolD       : num 1e-10
  .. ..$ levelsU    : int 576
  .. ..$ df0        : num 5
  .. ..$ R2         : num 0.167
  .. ..$ S0         : num 10.5
  .. ..$ u          : num [1:3646] -3.63 -3.67 -3.39 -3.91 -3.6 ...
  .. ..$ varU       : num 8.53
  .. ..$ uStar      : num [1:576] 90.99 -57.94 99.31 -37.98 -8.82 ...
  .. ..$ NamefileOut: chr "X1_cum/ETA_3_varU.dat"
  .. ..$ SD.u       : num [1:3646] 0.907 0.794 0.906 0.751 0.851 ...
  .. ..$ SD.varU    : num 2.9
 - attr(*, "class")= chr "BGLR"
NULL
List of 21
 $ y            : num [1:3646] 37 54.4 79 41.2 22.2 ...
 $ a            : NULL
 $ b            : NULL
 $ whichNa      : int [1:1011] 2636 2637 2638 2639 2640 2641 2642 2643 2644 2645 ...
 $ saveAt       : chr "X8/"
 $ nIter        : num 12000
 $ burnIn       : num 2000
 $ thin         : num 5
 $ weights      : num [1:3646] 1 1 1 1 1 1 1 1 1 1 ...
 $ verbose      : logi FALSE
 $ response_type: chr "gaussian"
 $ df0          : num 5
 $ S0           : num 2022
 $ yHat         : num [1:3646] 51.3 33.6 61.4 37.1 25 ...
 $ SD.yHat      : num [1:3646] 7.87 8.29 9.09 8.29 8.33 ...
 $ mu           : num 34.4
 $ SD.mu        : num 3.24
 $ varE         : num 455
 $ SD.varE      : num 21.1
 $ fit          :List of 4
  ..$ logLikAtPostMean: num -11594
  ..$ postMeanLogLik  : num -11802
  ..$ pD              : num 416
  ..$ DIC             : num 24019
 $ ETA          :List of 3
  ..$ :List of 15
  .. ..$ V          : num [1:3646, 1:6] 0 0 0 0 0 0 0 0 0 0 ...
  .. .. ..- attr(*, "dimnames")=List of 2
  .. .. .. ..$ : chr [1:3646] "2020-21_11.107-5" "2020-21_12.90-53" "2020-21_12.93-4" "2020-21_14.37-103" ...
  .. .. .. ..$ : NULL
  .. ..$ d          : num [1:6] 1011 918 450 447 435 ...
  .. ..$ model      : chr "RKHS"
  .. ..$ Name       : chr "ETA_1"
  .. ..$ tolD       : num 1e-10
  .. ..$ levelsU    : int 6
  .. ..$ df0        : num 5
  .. ..$ R2         : num 0.167
  .. ..$ S0         : num 1.53
  .. ..$ u          : num [1:3646] 0.0304 0.0304 0.0304 0.0304 0.0304 ...
  .. ..$ varU       : num 0.482
  .. ..$ uStar      : num [1:6] 0.171 1.956 -0.451 -0.481 -0.635 ...
  .. ..$ NamefileOut: chr "X8/ETA_1_varU.dat"
  .. ..$ SD.u       : num [1:3646] 0.69 0.69 0.69 0.69 0.69 ...
  .. ..$ SD.varU    : num 0.503
  ..$ :List of 15
  .. ..$ V          : num [1:3646, 1:2737] 0.408 0 0 0 0 ...
  .. .. ..- attr(*, "dimnames")=List of 2
  .. .. .. ..$ : chr [1:3646] "2020-21_11.107-5" "2020-21_12.90-53" "2020-21_12.93-4" "2020-21_14.37-103" ...
  .. .. .. ..$ : chr [1:2737] "11.107-5" "12.90-53" "12.93-4" "13.27-142" ...
  .. ..$ d          : Named num [1:2737] 6 1 3 1 1 1 1 1 2 1 ...
  .. .. ..- attr(*, "names")= chr [1:2737] "11.107-5" "12.90-53" "12.93-4" "13.27-142" ...
  .. ..$ model      : chr "RKHS"
  .. ..$ Name       : chr "ETA_2"
  .. ..$ tolD       : num 1e-10
  .. ..$ levelsU    : int 2737
  .. ..$ df0        : num 5
  .. ..$ R2         : num 0.167
  .. ..$ S0         : num 700
  .. ..$ u          : num [1:3646] 2.7144 2.8938 19.0663 0.7986 0.0238 ...
  .. ..$ varU       : num 67.3
  .. ..$ uStar      : num [1:2737] 6.649 2.894 33.024 0.255 0.799 ...
  .. ..$ NamefileOut: chr "X8/ETA_2_varU.dat"
  .. ..$ SD.u       : num [1:3646] 6.12 7.65 7.77 7.66 7.43 ...
  .. ..$ SD.varU    : num 16.9
  ..$ :List of 15
  .. ..$ V          : num [1:3646, 1:576] -0.00189 -0.00645 -0.00703 -0.00832 -0.00916 ...
  .. .. ..- attr(*, "dimnames")=List of 2
  .. .. .. ..$ : chr [1:3646] "2020-21_11.107-5" "2020-21_12.90-53" "2020-21_12.93-4" "2020-21_14.37-103" ...
  .. .. .. ..$ : NULL
  .. ..$ d          : num [1:576] 985 777 402 285 213 ...
  .. ..$ model      : chr "RKHS"
  .. ..$ Name       : chr "ETA_3"
  .. ..$ tolD       : num 1e-10
  .. ..$ levelsU    : int 576
  .. ..$ df0        : num 5
  .. ..$ R2         : num 0.167
  .. ..$ S0         : num 147
  .. ..$ u          : num [1:3646] 14.18 -3.71 7.99 1.91 -9.46 ...
  .. ..$ varU       : num 1424
  .. ..$ uStar      : num [1:576] 134.3 193.6 57.3 570.4 -263.6 ...
  .. ..$ NamefileOut: chr "X8/ETA_3_varU.dat"
  .. ..$ SD.u       : num [1:3646] 6.04 5.43 6.02 4.99 5.53 ...
  .. ..$ SD.varU    : num 322
 - attr(*, "class")= chr "BGLR"
NULL
List of 21
 $ y            : num [1:3646] 91.8 39 66.8 33 24.3 ...
 $ a            : NULL
 $ b            : NULL
 $ whichNa      : int [1:1011] 2636 2637 2638 2639 2640 2641 2642 2643 2644 2645 ...
 $ saveAt       : chr "X9/"
 $ nIter        : num 12000
 $ burnIn       : num 2000
 $ thin         : num 5
 $ weights      : num [1:3646] 1 1 1 1 1 1 1 1 1 1 ...
 $ verbose      : logi FALSE
 $ response_type: chr "gaussian"
 $ df0          : num 5
 $ S0           : num 3012
 $ yHat         : num [1:3646] 56.2 30.4 54.6 34.2 20.4 ...
 $ SD.yHat      : num [1:3646] 8.58 8.81 9.18 8.8 8.77 ...
 $ mu           : num 49.3
 $ SD.mu        : num 3.54
 $ varE         : num 525
 $ SD.varE      : num 21.5
 $ fit          :List of 4
  ..$ logLikAtPostMean: num -11787
  ..$ postMeanLogLik  : num -11990
  ..$ pD              : num 406
  ..$ DIC             : num 24386
 $ ETA          :List of 3
  ..$ :List of 15
  .. ..$ V          : num [1:3646, 1:6] 0 0 0 0 0 0 0 0 0 0 ...
  .. .. ..- attr(*, "dimnames")=List of 2
  .. .. .. ..$ : chr [1:3646] "2020-21_11.107-5" "2020-21_12.90-53" "2020-21_12.93-4" "2020-21_14.37-103" ...
  .. .. .. ..$ : NULL
  .. ..$ d          : num [1:6] 1011 918 450 447 435 ...
  .. ..$ model      : chr "RKHS"
  .. ..$ Name       : chr "ETA_1"
  .. ..$ tolD       : num 1e-10
  .. ..$ levelsU    : int 6
  .. ..$ df0        : num 5
  .. ..$ R2         : num 0.167
  .. ..$ S0         : num 2.29
  .. ..$ u          : num [1:3646] -0.0261 -0.0261 -0.0261 -0.0261 -0.0261 ...
  .. ..$ varU       : num 0.77
  .. ..$ uStar      : num [1:6] -0.568 3.765 -1.918 1.14 0.544 ...
  .. ..$ NamefileOut: chr "X9/ETA_1_varU.dat"
  .. ..$ SD.u       : num [1:3646] 0.856 0.856 0.856 0.856 0.856 ...
  .. ..$ SD.varU    : num 0.862
  ..$ :List of 15
  .. ..$ V          : num [1:3646, 1:2737] 0.408 0 0 0 0 ...
  .. .. ..- attr(*, "dimnames")=List of 2
  .. .. .. ..$ : chr [1:3646] "2020-21_11.107-5" "2020-21_12.90-53" "2020-21_12.93-4" "2020-21_14.37-103" ...
  .. .. .. ..$ : chr [1:2737] "11.107-5" "12.90-53" "12.93-4" "13.27-142" ...
  .. ..$ d          : Named num [1:2737] 6 1 3 1 1 1 1 1 2 1 ...
  .. .. ..- attr(*, "names")= chr [1:2737] "11.107-5" "12.90-53" "12.93-4" "13.27-142" ...
  .. ..$ model      : chr "RKHS"
  .. ..$ Name       : chr "ETA_2"
  .. ..$ tolD       : num 1e-10
  .. ..$ levelsU    : int 2737
  .. ..$ df0        : num 5
  .. ..$ R2         : num 0.167
  .. ..$ S0         : num 1043
  .. ..$ u          : num [1:3646] 8.382 1.179 8.882 -0.169 0.577 ...
  .. ..$ varU       : num 73.5
  .. ..$ uStar      : num [1:2737] 20.532 1.179 15.385 -1.322 -0.169 ...
  .. ..$ NamefileOut: chr "X9/ETA_2_varU.dat"
  .. ..$ SD.u       : num [1:3646] 6.61 8.01 7.45 8.02 7.81 ...
  .. ..$ SD.varU    : num 15.5
  ..$ :List of 15
  .. ..$ V          : num [1:3646, 1:576] -0.00189 -0.00645 -0.00703 -0.00832 -0.00916 ...
  .. .. ..- attr(*, "dimnames")=List of 2
  .. .. .. ..$ : chr [1:3646] "2020-21_11.107-5" "2020-21_12.90-53" "2020-21_12.93-4" "2020-21_14.37-103" ...
  .. .. .. ..$ : NULL
  .. ..$ d          : num [1:576] 985 777 402 285 213 ...
  .. ..$ model      : chr "RKHS"
  .. ..$ Name       : chr "ETA_3"
  .. ..$ tolD       : num 1e-10
  .. ..$ levelsU    : int 576
  .. ..$ df0        : num 5
  .. ..$ R2         : num 0.167
  .. ..$ S0         : num 220
  .. ..$ u          : num [1:3646] -1.53 -20.14 -3.58 -14.91 -29.53 ...
  .. ..$ varU       : num 1750
  .. ..$ uStar      : num [1:576] -507 297 698 974 -500 ...
  .. ..$ NamefileOut: chr "X9/ETA_3_varU.dat"
  .. ..$ SD.u       : num [1:3646] 6.77 5.9 6.55 5.54 6.08 ...
  .. ..$ SD.varU    : num 345
 - attr(*, "class")= chr "BGLR"
NULL
List of 21
 $ y            : num [1:3646] 0.1023 0.00692 0.09019 0 0 ...
 $ a            : NULL
 $ b            : NULL
 $ whichNa      : int [1:1011] 2636 2637 2638 2639 2640 2641 2642 2643 2644 2645 ...
 $ saveAt       : chr "X1_cum/"
 $ nIter        : num 12000
 $ burnIn       : num 2000
 $ thin         : num 5
 $ weights      : num [1:3646] 1 1 1 1 1 1 1 1 1 1 ...
 $ verbose      : logi FALSE
 $ response_type: chr "gaussian"
 $ df0          : num 5
 $ S0           : num 144
 $ yHat         : num [1:3646] 5.3459 0.1121 -0.4746 0.0628 0.1535 ...
 $ SD.yHat      : num [1:3646] 1.45 2.78 1.77 2.73 2.78 ...
 $ mu           : num 4.28
 $ SD.mu        : num 0.452
 $ varE         : num 9.09
 $ SD.varE      : num 0.575
 $ fit          :List of 4
  ..$ logLikAtPostMean: num -5778
  ..$ postMeanLogLik  : num -6638
  ..$ pD              : num 1720
  ..$ DIC             : num 14996
 $ ETA          :List of 3
  ..$ :List of 15
  .. ..$ V          : num [1:3646, 1:6] 0 0 0 0 0 0 0 0 0 0 ...
  .. .. ..- attr(*, "dimnames")=List of 2
  .. .. .. ..$ : chr [1:3646] "2020-21_11.107-5" "2020-21_12.90-53" "2020-21_12.93-4" "2020-21_14.37-103" ...
  .. .. .. ..$ : NULL
  .. ..$ d          : num [1:6] 1011 918 450 447 435 ...
  .. ..$ model      : chr "RKHS"
  .. ..$ Name       : chr "ETA_1"
  .. ..$ tolD       : num 1e-10
  .. ..$ levelsU    : int 6
  .. ..$ df0        : num 5
  .. ..$ R2         : num 0.167
  .. ..$ S0         : num 0.109
  .. ..$ u          : num [1:3646] -0.0377 -0.0377 -0.0377 -0.0377 -0.0377 ...
  .. ..$ varU       : num 0.0426
  .. ..$ uStar      : num [1:6] 0.0206 -1.6895 0.6473 1.4606 0.7861 ...
  .. ..$ NamefileOut: chr "X1_cum/ETA_1_varU.dat"
  .. ..$ SD.u       : num [1:3646] 0.206 0.206 0.206 0.206 0.206 ...
  .. ..$ SD.varU    : num 0.0829
  ..$ :List of 15
  .. ..$ V          : num [1:3646, 1:2737] 0.408 0 0 0 0 ...
  .. .. ..- attr(*, "dimnames")=List of 2
  .. .. .. ..$ : chr [1:3646] "2020-21_11.107-5" "2020-21_12.90-53" "2020-21_12.93-4" "2020-21_14.37-103" ...
  .. .. .. ..$ : chr [1:2737] "11.107-5" "12.90-53" "12.93-4" "13.27-142" ...
  .. ..$ d          : Named num [1:2737] 6 1 3 1 1 1 1 1 2 1 ...
  .. .. ..- attr(*, "names")= chr [1:2737] "11.107-5" "12.90-53" "12.93-4" "13.27-142" ...
  .. ..$ model      : chr "RKHS"
  .. ..$ Name       : chr "ETA_2"
  .. ..$ tolD       : num 1e-10
  .. ..$ levelsU    : int 2737
  .. ..$ df0        : num 5
  .. ..$ R2         : num 0.167
  .. ..$ S0         : num 49.8
  .. ..$ u          : num [1:3646] 4.729 -0.463 -1.329 -0.265 -0.489 ...
  .. ..$ varU       : num 45.1
  .. ..$ uStar      : num [1:2737] 11.584 -0.463 -2.301 -1.126 -0.265 ...
  .. ..$ NamefileOut: chr "X1_cum/ETA_2_varU.dat"
  .. ..$ SD.u       : num [1:3646] 1.37 2.8 1.76 2.78 2.81 ...
  .. ..$ SD.varU    : num 1.89
  ..$ :List of 15
  .. ..$ V          : num [1:3646, 1:576] -0.00189 -0.00645 -0.00703 -0.00832 -0.00916 ...
  .. .. ..- attr(*, "dimnames")=List of 2
  .. .. .. ..$ : chr [1:3646] "2020-21_11.107-5" "2020-21_12.90-53" "2020-21_12.93-4" "2020-21_14.37-103" ...
  .. .. .. ..$ : NULL
  .. ..$ d          : num [1:576] 985 777 402 285 213 ...
  .. ..$ model      : chr "RKHS"
  .. ..$ Name       : chr "ETA_3"
  .. ..$ tolD       : num 1e-10
  .. ..$ levelsU    : int 576
  .. ..$ df0        : num 5
  .. ..$ R2         : num 0.167
  .. ..$ S0         : num 10.5
  .. ..$ u          : num [1:3646] -3.63 -3.67 -3.39 -3.91 -3.6 ...
  .. ..$ varU       : num 8.53
  .. ..$ uStar      : num [1:576] 90.99 -57.94 99.31 -37.98 -8.82 ...
  .. ..$ NamefileOut: chr "X1_cum/ETA_3_varU.dat"
  .. ..$ SD.u       : num [1:3646] 0.907 0.794 0.906 0.751 0.851 ...
  .. ..$ SD.varU    : num 2.9
 - attr(*, "class")= chr "BGLR"
NULL
List of 21
 $ y            : num [1:3646] 0.1023 0.00692 0.09019 0 0 ...
 $ a            : NULL
 $ b            : NULL
 $ whichNa      : int [1:1011] 2636 2637 2638 2639 2640 2641 2642 2643 2644 2645 ...
 $ saveAt       : chr "X1_cum/"
 $ nIter        : num 12000
 $ burnIn       : num 2000
 $ thin         : num 5
 $ weights      : num [1:3646] 1 1 1 1 1 1 1 1 1 1 ...
 $ verbose      : logi FALSE
 $ response_type: chr "gaussian"
 $ df0          : num 5
 $ S0           : num 144
 $ yHat         : num [1:3646] 5.3459 0.1121 -0.4746 0.0628 0.1535 ...
 $ SD.yHat      : num [1:3646] 1.45 2.78 1.77 2.73 2.78 ...
 $ mu           : num 4.28
 $ SD.mu        : num 0.452
 $ varE         : num 9.09
 $ SD.varE      : num 0.575
 $ fit          :List of 4
  ..$ logLikAtPostMean: num -5778
  ..$ postMeanLogLik  : num -6638
  ..$ pD              : num 1720
  ..$ DIC             : num 14996
 $ ETA          :List of 3
  ..$ :List of 15
  .. ..$ V          : num [1:3646, 1:6] 0 0 0 0 0 0 0 0 0 0 ...
  .. .. ..- attr(*, "dimnames")=List of 2
  .. .. .. ..$ : chr [1:3646] "2020-21_11.107-5" "2020-21_12.90-53" "2020-21_12.93-4" "2020-21_14.37-103" ...
  .. .. .. ..$ : NULL
  .. ..$ d          : num [1:6] 1011 918 450 447 435 ...
  .. ..$ model      : chr "RKHS"
  .. ..$ Name       : chr "ETA_1"
  .. ..$ tolD       : num 1e-10
  .. ..$ levelsU    : int 6
  .. ..$ df0        : num 5
  .. ..$ R2         : num 0.167
  .. ..$ S0         : num 0.109
  .. ..$ u          : num [1:3646] -0.0377 -0.0377 -0.0377 -0.0377 -0.0377 ...
  .. ..$ varU       : num 0.0426
  .. ..$ uStar      : num [1:6] 0.0206 -1.6895 0.6473 1.4606 0.7861 ...
  .. ..$ NamefileOut: chr "X1_cum/ETA_1_varU.dat"
  .. ..$ SD.u       : num [1:3646] 0.206 0.206 0.206 0.206 0.206 ...
  .. ..$ SD.varU    : num 0.0829
  ..$ :List of 15
  .. ..$ V          : num [1:3646, 1:2737] 0.408 0 0 0 0 ...
  .. .. ..- attr(*, "dimnames")=List of 2
  .. .. .. ..$ : chr [1:3646] "2020-21_11.107-5" "2020-21_12.90-53" "2020-21_12.93-4" "2020-21_14.37-103" ...
  .. .. .. ..$ : chr [1:2737] "11.107-5" "12.90-53" "12.93-4" "13.27-142" ...
  .. ..$ d          : Named num [1:2737] 6 1 3 1 1 1 1 1 2 1 ...
  .. .. ..- attr(*, "names")= chr [1:2737] "11.107-5" "12.90-53" "12.93-4" "13.27-142" ...
  .. ..$ model      : chr "RKHS"
  .. ..$ Name       : chr "ETA_2"
  .. ..$ tolD       : num 1e-10
  .. ..$ levelsU    : int 2737
  .. ..$ df0        : num 5
  .. ..$ R2         : num 0.167
  .. ..$ S0         : num 49.8
  .. ..$ u          : num [1:3646] 4.729 -0.463 -1.329 -0.265 -0.489 ...
  .. ..$ varU       : num 45.1
  .. ..$ uStar      : num [1:2737] 11.584 -0.463 -2.301 -1.126 -0.265 ...
  .. ..$ NamefileOut: chr "X1_cum/ETA_2_varU.dat"
  .. ..$ SD.u       : num [1:3646] 1.37 2.8 1.76 2.78 2.81 ...
  .. ..$ SD.varU    : num 1.89
  ..$ :List of 15
  .. ..$ V          : num [1:3646, 1:576] -0.00189 -0.00645 -0.00703 -0.00832 -0.00916 ...
  .. .. ..- attr(*, "dimnames")=List of 2
  .. .. .. ..$ : chr [1:3646] "2020-21_11.107-5" "2020-21_12.90-53" "2020-21_12.93-4" "2020-21_14.37-103" ...
  .. .. .. ..$ : NULL
  .. ..$ d          : num [1:576] 985 777 402 285 213 ...
  .. ..$ model      : chr "RKHS"
  .. ..$ Name       : chr "ETA_3"
  .. ..$ tolD       : num 1e-10
  .. ..$ levelsU    : int 576
  .. ..$ df0        : num 5
  .. ..$ R2         : num 0.167
  .. ..$ S0         : num 10.5
  .. ..$ u          : num [1:3646] -3.63 -3.67 -3.39 -3.91 -3.6 ...
  .. ..$ varU       : num 8.53
  .. ..$ uStar      : num [1:576] 90.99 -57.94 99.31 -37.98 -8.82 ...
  .. ..$ NamefileOut: chr "X1_cum/ETA_3_varU.dat"
  .. ..$ SD.u       : num [1:3646] 0.907 0.794 0.906 0.751 0.851 ...
  .. ..$ SD.varU    : num 2.9
 - attr(*, "class")= chr "BGLR"
NULL
List of 21
 $ y            : num [1:3646] 0.1023 5.6562 0.0967 4.7282 3.2936 ...
 $ a            : NULL
 $ b            : NULL
 $ whichNa      : int [1:1011] 2636 2637 2638 2639 2640 2641 2642 2643 2644 2645 ...
 $ saveAt       : chr "X2_cum/"
 $ nIter        : num 12000
 $ burnIn       : num 2000
 $ thin         : num 5
 $ weights      : num [1:3646] 1 1 1 1 1 1 1 1 1 1 ...
 $ verbose      : logi FALSE
 $ response_type: chr "gaussian"
 $ df0          : num 5
 $ S0           : num 845
 $ yHat         : num [1:3646] 14.06 5.25 4.05 4.33 3.29 ...
 $ SD.yHat      : num [1:3646] 3.73 6.35 4.35 6.23 6.22 ...
 $ mu           : num 15.7
 $ SD.mu        : num 1.28
 $ varE         : num 51.2
 $ SD.varE      : num 3.48
 $ fit          :List of 4
  ..$ logLikAtPostMean: num -8095
  ..$ postMeanLogLik  : num -8916
  ..$ pD              : num 1641
  ..$ DIC             : num 19473
 $ ETA          :List of 3
  ..$ :List of 15
  .. ..$ V          : num [1:3646, 1:6] 0 0 0 0 0 0 0 0 0 0 ...
  .. .. ..- attr(*, "dimnames")=List of 2
  .. .. .. ..$ : chr [1:3646] "2020-21_11.107-5" "2020-21_12.90-53" "2020-21_12.93-4" "2020-21_14.37-103" ...
  .. .. .. ..$ : NULL
  .. ..$ d          : num [1:6] 1011 918 450 447 435 ...
  .. ..$ model      : chr "RKHS"
  .. ..$ Name       : chr "ETA_1"
  .. ..$ tolD       : num 1e-10
  .. ..$ levelsU    : int 6
  .. ..$ df0        : num 5
  .. ..$ R2         : num 0.167
  .. ..$ S0         : num 0.642
  .. ..$ u          : num [1:3646] -0.117 -0.117 -0.117 -0.117 -0.117 ...
  .. ..$ varU       : num 0.253
  .. ..$ uStar      : num [1:6] -0.514 -2.734 0.667 0.893 2.447 ...
  .. ..$ NamefileOut: chr "X2_cum/ETA_1_varU.dat"
  .. ..$ SD.u       : num [1:3646] 0.503 0.503 0.503 0.503 0.503 ...
  .. ..$ SD.varU    : num 0.383
  ..$ :List of 15
  .. ..$ V          : num [1:3646, 1:2737] 0.408 0 0 0 0 ...
  .. .. ..- attr(*, "dimnames")=List of 2
  .. .. .. ..$ : chr [1:3646] "2020-21_11.107-5" "2020-21_12.90-53" "2020-21_12.93-4" "2020-21_14.37-103" ...
  .. .. .. ..$ : chr [1:2737] "11.107-5" "12.90-53" "12.93-4" "13.27-142" ...
  .. ..$ d          : Named num [1:2737] 6 1 3 1 1 1 1 1 2 1 ...
  .. .. ..- attr(*, "names")= chr [1:2737] "11.107-5" "12.90-53" "12.93-4" "13.27-142" ...
  .. ..$ model      : chr "RKHS"
  .. ..$ Name       : chr "ETA_2"
  .. ..$ tolD       : num 1e-10
  .. ..$ levelsU    : int 2737
  .. ..$ df0        : num 5
  .. ..$ R2         : num 0.167
  .. ..$ S0         : num 293
  .. ..$ u          : num [1:3646] 8.88 0.966 1.512 1.069 0.651 ...
  .. ..$ varU       : num 176
  .. ..$ uStar      : num [1:2737] 21.75 0.966 2.62 10.813 1.069 ...
  .. ..$ NamefileOut: chr "X2_cum/ETA_2_varU.dat"
  .. ..$ SD.u       : num [1:3646] 3.45 6.38 4.23 6.4 6.44 ...
  .. ..$ SD.varU    : num 8.66
  ..$ :List of 15
  .. ..$ V          : num [1:3646, 1:576] -0.00189 -0.00645 -0.00703 -0.00832 -0.00916 ...
  .. .. ..- attr(*, "dimnames")=List of 2
  .. .. .. ..$ : chr [1:3646] "2020-21_11.107-5" "2020-21_12.90-53" "2020-21_12.93-4" "2020-21_14.37-103" ...
  .. .. .. ..$ : NULL
  .. ..$ d          : num [1:576] 985 777 402 285 213 ...
  .. ..$ model      : chr "RKHS"
  .. ..$ Name       : chr "ETA_3"
  .. ..$ tolD       : num 1e-10
  .. ..$ levelsU    : int 576
  .. ..$ df0        : num 5
  .. ..$ R2         : num 0.167
  .. ..$ S0         : num 61.6
  .. ..$ u          : num [1:3646] -10.4 -11.3 -13 -12.3 -12.9 ...
  .. ..$ varU       : num 162
  .. ..$ uStar      : num [1:576] 429.2 -160.01 286.09 -113.57 -0.57 ...
  .. ..$ NamefileOut: chr "X2_cum/ETA_3_varU.dat"
  .. ..$ SD.u       : num [1:3646] 2.54 2.18 2.62 2.14 2.4 ...
  .. ..$ SD.varU    : num 48.5
 - attr(*, "class")= chr "BGLR"
NULL
List of 21
 $ y            : num [1:3646] 0.1023 0.00692 0.09019 0 0 ...
 $ a            : NULL
 $ b            : NULL
 $ whichNa      : int [1:1011] 2636 2637 2638 2639 2640 2641 2642 2643 2644 2645 ...
 $ saveAt       : chr "X1_cum/"
 $ nIter        : num 12000
 $ burnIn       : num 2000
 $ thin         : num 5
 $ weights      : num [1:3646] 1 1 1 1 1 1 1 1 1 1 ...
 $ verbose      : logi FALSE
 $ response_type: chr "gaussian"
 $ df0          : num 5
 $ S0           : num 144
 $ yHat         : num [1:3646] 5.3459 0.1121 -0.4746 0.0628 0.1535 ...
 $ SD.yHat      : num [1:3646] 1.45 2.78 1.77 2.73 2.78 ...
 $ mu           : num 4.28
 $ SD.mu        : num 0.452
 $ varE         : num 9.09
 $ SD.varE      : num 0.575
 $ fit          :List of 4
  ..$ logLikAtPostMean: num -5778
  ..$ postMeanLogLik  : num -6638
  ..$ pD              : num 1720
  ..$ DIC             : num 14996
 $ ETA          :List of 3
  ..$ :List of 15
  .. ..$ V          : num [1:3646, 1:6] 0 0 0 0 0 0 0 0 0 0 ...
  .. .. ..- attr(*, "dimnames")=List of 2
  .. .. .. ..$ : chr [1:3646] "2020-21_11.107-5" "2020-21_12.90-53" "2020-21_12.93-4" "2020-21_14.37-103" ...
  .. .. .. ..$ : NULL
  .. ..$ d          : num [1:6] 1011 918 450 447 435 ...
  .. ..$ model      : chr "RKHS"
  .. ..$ Name       : chr "ETA_1"
  .. ..$ tolD       : num 1e-10
  .. ..$ levelsU    : int 6
  .. ..$ df0        : num 5
  .. ..$ R2         : num 0.167
  .. ..$ S0         : num 0.109
  .. ..$ u          : num [1:3646] -0.0377 -0.0377 -0.0377 -0.0377 -0.0377 ...
  .. ..$ varU       : num 0.0426
  .. ..$ uStar      : num [1:6] 0.0206 -1.6895 0.6473 1.4606 0.7861 ...
  .. ..$ NamefileOut: chr "X1_cum/ETA_1_varU.dat"
  .. ..$ SD.u       : num [1:3646] 0.206 0.206 0.206 0.206 0.206 ...
  .. ..$ SD.varU    : num 0.0829
  ..$ :List of 15
  .. ..$ V          : num [1:3646, 1:2737] 0.408 0 0 0 0 ...
  .. .. ..- attr(*, "dimnames")=List of 2
  .. .. .. ..$ : chr [1:3646] "2020-21_11.107-5" "2020-21_12.90-53" "2020-21_12.93-4" "2020-21_14.37-103" ...
  .. .. .. ..$ : chr [1:2737] "11.107-5" "12.90-53" "12.93-4" "13.27-142" ...
  .. ..$ d          : Named num [1:2737] 6 1 3 1 1 1 1 1 2 1 ...
  .. .. ..- attr(*, "names")= chr [1:2737] "11.107-5" "12.90-53" "12.93-4" "13.27-142" ...
  .. ..$ model      : chr "RKHS"
  .. ..$ Name       : chr "ETA_2"
  .. ..$ tolD       : num 1e-10
  .. ..$ levelsU    : int 2737
  .. ..$ df0        : num 5
  .. ..$ R2         : num 0.167
  .. ..$ S0         : num 49.8
  .. ..$ u          : num [1:3646] 4.729 -0.463 -1.329 -0.265 -0.489 ...
  .. ..$ varU       : num 45.1
  .. ..$ uStar      : num [1:2737] 11.584 -0.463 -2.301 -1.126 -0.265 ...
  .. ..$ NamefileOut: chr "X1_cum/ETA_2_varU.dat"
  .. ..$ SD.u       : num [1:3646] 1.37 2.8 1.76 2.78 2.81 ...
  .. ..$ SD.varU    : num 1.89
  ..$ :List of 15
  .. ..$ V          : num [1:3646, 1:576] -0.00189 -0.00645 -0.00703 -0.00832 -0.00916 ...
  .. .. ..- attr(*, "dimnames")=List of 2
  .. .. .. ..$ : chr [1:3646] "2020-21_11.107-5" "2020-21_12.90-53" "2020-21_12.93-4" "2020-21_14.37-103" ...
  .. .. .. ..$ : NULL
  .. ..$ d          : num [1:576] 985 777 402 285 213 ...
  .. ..$ model      : chr "RKHS"
  .. ..$ Name       : chr "ETA_3"
  .. ..$ tolD       : num 1e-10
  .. ..$ levelsU    : int 576
  .. ..$ df0        : num 5
  .. ..$ R2         : num 0.167
  .. ..$ S0         : num 10.5
  .. ..$ u          : num [1:3646] -3.63 -3.67 -3.39 -3.91 -3.6 ...
  .. ..$ varU       : num 8.53
  .. ..$ uStar      : num [1:576] 90.99 -57.94 99.31 -37.98 -8.82 ...
  .. ..$ NamefileOut: chr "X1_cum/ETA_3_varU.dat"
  .. ..$ SD.u       : num [1:3646] 0.907 0.794 0.906 0.751 0.851 ...
  .. ..$ SD.varU    : num 2.9
 - attr(*, "class")= chr "BGLR"
NULL
List of 21
 $ y            : num [1:3646] 154.538 29.272 69.207 65.857 0.606 ...
 $ a            : NULL
 $ b            : NULL
 $ whichNa      : int [1:1011] 2636 2637 2638 2639 2640 2641 2642 2643 2644 2645 ...
 $ saveAt       : chr "X10/"
 $ nIter        : num 12000
 $ burnIn       : num 2000
 $ thin         : num 5
 $ weights      : num [1:3646] 1 1 1 1 1 1 1 1 1 1 ...
 $ verbose      : logi FALSE
 $ response_type: chr "gaussian"
 $ df0          : num 5
 $ S0           : num 3450
 $ yHat         : num [1:3646] 57.85 33 52.57 33.08 9.58 ...
 $ SD.yHat      : num [1:3646] 8.05 8.25 8.52 8.23 8.5 ...
 $ mu           : num 47.1
 $ SD.mu        : num 3.64
 $ varE         : num 496
 $ SD.varE      : num 17.9
 $ fit          :List of 4
  ..$ logLikAtPostMean: num -11722
  ..$ postMeanLogLik  : num -11914
  ..$ pD              : num 384
  ..$ DIC             : num 24213
 $ ETA          :List of 3
  ..$ :List of 15
  .. ..$ V          : num [1:3646, 1:6] 0 0 0 0 0 0 0 0 0 0 ...
  .. .. ..- attr(*, "dimnames")=List of 2
  .. .. .. ..$ : chr [1:3646] "2020-21_11.107-5" "2020-21_12.90-53" "2020-21_12.93-4" "2020-21_14.37-103" ...
  .. .. .. ..$ : NULL
  .. ..$ d          : num [1:6] 1011 918 450 447 435 ...
  .. ..$ model      : chr "RKHS"
  .. ..$ Name       : chr "ETA_1"
  .. ..$ tolD       : num 1e-10
  .. ..$ levelsU    : int 6
  .. ..$ df0        : num 5
  .. ..$ R2         : num 0.167
  .. ..$ S0         : num 2.62
  .. ..$ u          : num [1:3646] -0.0314 -0.0314 -0.0314 -0.0314 -0.0314 ...
  .. ..$ varU       : num 2.32
  .. ..$ uStar      : num [1:6] -1.947 19.223 -3.157 -1.555 0.656 ...
  .. ..$ NamefileOut: chr "X10/ETA_1_varU.dat"
  .. ..$ SD.u       : num [1:3646] 1.44 1.44 1.44 1.44 1.44 ...
  .. ..$ SD.varU    : num 14.2
  ..$ :List of 15
  .. ..$ V          : num [1:3646, 1:2737] 0.408 0 0 0 0 ...
  .. .. ..- attr(*, "dimnames")=List of 2
  .. .. .. ..$ : chr [1:3646] "2020-21_11.107-5" "2020-21_12.90-53" "2020-21_12.93-4" "2020-21_14.37-103" ...
  .. .. .. ..$ : chr [1:2737] "11.107-5" "12.90-53" "12.93-4" "13.27-142" ...
  .. ..$ d          : Named num [1:2737] 6 1 3 1 1 1 1 1 2 1 ...
  .. .. ..- attr(*, "names")= chr [1:2737] "11.107-5" "12.90-53" "12.93-4" "13.27-142" ...
  .. ..$ model      : chr "RKHS"
  .. ..$ Name       : chr "ETA_2"
  .. ..$ tolD       : num 1e-10
  .. ..$ levelsU    : int 2737
  .. ..$ df0        : num 5
  .. ..$ R2         : num 0.167
  .. ..$ S0         : num 1195
  .. ..$ u          : num [1:3646] 7.603 -0.565 4.663 4.292 -1.118 ...
  .. ..$ varU       : num 62.8
  .. ..$ uStar      : num [1:2737] 18.624 -0.565 8.077 -5.52 4.292 ...
  .. ..$ NamefileOut: chr "X10/ETA_2_varU.dat"
  .. ..$ SD.u       : num [1:3646] 6.17 7.37 6.8 7.49 7.51 ...
  .. ..$ SD.varU    : num 10.2
  ..$ :List of 15
  .. ..$ V          : num [1:3646, 1:576] -0.00189 -0.00645 -0.00703 -0.00832 -0.00916 ...
  .. .. ..- attr(*, "dimnames")=List of 2
  .. .. .. ..$ : chr [1:3646] "2020-21_11.107-5" "2020-21_12.90-53" "2020-21_12.93-4" "2020-21_14.37-103" ...
  .. .. .. ..$ : NULL
  .. ..$ d          : num [1:576] 985 777 402 285 213 ...
  .. ..$ model      : chr "RKHS"
  .. ..$ Name       : chr "ETA_3"
  .. ..$ tolD       : num 1e-10
  .. ..$ levelsU    : int 576
  .. ..$ df0        : num 5
  .. ..$ R2         : num 0.167
  .. ..$ S0         : num 251
  .. ..$ u          : num [1:3646] 3.14 -13.539 0.798 -18.318 -36.408 ...
  .. ..$ varU       : num 1666
  .. ..$ uStar      : num [1:576] -1166 572 730 235 126 ...
  .. ..$ NamefileOut: chr "X10/ETA_3_varU.dat"
  .. ..$ SD.u       : num [1:3646] 6.52 5.85 6.56 5.59 6.19 ...
  .. ..$ SD.varU    : num 361
 - attr(*, "class")= chr "BGLR"
NULL
List of 21
 $ y            : num [1:3646] 154.538 29.272 69.207 65.857 0.606 ...
 $ a            : NULL
 $ b            : NULL
 $ whichNa      : int [1:1011] 2636 2637 2638 2639 2640 2641 2642 2643 2644 2645 ...
 $ saveAt       : chr "X10/"
 $ nIter        : num 12000
 $ burnIn       : num 2000
 $ thin         : num 5
 $ weights      : num [1:3646] 1 1 1 1 1 1 1 1 1 1 ...
 $ verbose      : logi FALSE
 $ response_type: chr "gaussian"
 $ df0          : num 5
 $ S0           : num 3450
 $ yHat         : num [1:3646] 57.85 33 52.57 33.08 9.58 ...
 $ SD.yHat      : num [1:3646] 8.05 8.25 8.52 8.23 8.5 ...
 $ mu           : num 47.1
 $ SD.mu        : num 3.64
 $ varE         : num 496
 $ SD.varE      : num 17.9
 $ fit          :List of 4
  ..$ logLikAtPostMean: num -11722
  ..$ postMeanLogLik  : num -11914
  ..$ pD              : num 384
  ..$ DIC             : num 24213
 $ ETA          :List of 3
  ..$ :List of 15
  .. ..$ V          : num [1:3646, 1:6] 0 0 0 0 0 0 0 0 0 0 ...
  .. .. ..- attr(*, "dimnames")=List of 2
  .. .. .. ..$ : chr [1:3646] "2020-21_11.107-5" "2020-21_12.90-53" "2020-21_12.93-4" "2020-21_14.37-103" ...
  .. .. .. ..$ : NULL
  .. ..$ d          : num [1:6] 1011 918 450 447 435 ...
  .. ..$ model      : chr "RKHS"
  .. ..$ Name       : chr "ETA_1"
  .. ..$ tolD       : num 1e-10
  .. ..$ levelsU    : int 6
  .. ..$ df0        : num 5
  .. ..$ R2         : num 0.167
  .. ..$ S0         : num 2.62
  .. ..$ u          : num [1:3646] -0.0314 -0.0314 -0.0314 -0.0314 -0.0314 ...
  .. ..$ varU       : num 2.32
  .. ..$ uStar      : num [1:6] -1.947 19.223 -3.157 -1.555 0.656 ...
  .. ..$ NamefileOut: chr "X10/ETA_1_varU.dat"
  .. ..$ SD.u       : num [1:3646] 1.44 1.44 1.44 1.44 1.44 ...
  .. ..$ SD.varU    : num 14.2
  ..$ :List of 15
  .. ..$ V          : num [1:3646, 1:2737] 0.408 0 0 0 0 ...
  .. .. ..- attr(*, "dimnames")=List of 2
  .. .. .. ..$ : chr [1:3646] "2020-21_11.107-5" "2020-21_12.90-53" "2020-21_12.93-4" "2020-21_14.37-103" ...
  .. .. .. ..$ : chr [1:2737] "11.107-5" "12.90-53" "12.93-4" "13.27-142" ...
  .. ..$ d          : Named num [1:2737] 6 1 3 1 1 1 1 1 2 1 ...
  .. .. ..- attr(*, "names")= chr [1:2737] "11.107-5" "12.90-53" "12.93-4" "13.27-142" ...
  .. ..$ model      : chr "RKHS"
  .. ..$ Name       : chr "ETA_2"
  .. ..$ tolD       : num 1e-10
  .. ..$ levelsU    : int 2737
  .. ..$ df0        : num 5
  .. ..$ R2         : num 0.167
  .. ..$ S0         : num 1195
  .. ..$ u          : num [1:3646] 7.603 -0.565 4.663 4.292 -1.118 ...
  .. ..$ varU       : num 62.8
  .. ..$ uStar      : num [1:2737] 18.624 -0.565 8.077 -5.52 4.292 ...
  .. ..$ NamefileOut: chr "X10/ETA_2_varU.dat"
  .. ..$ SD.u       : num [1:3646] 6.17 7.37 6.8 7.49 7.51 ...
  .. ..$ SD.varU    : num 10.2
  ..$ :List of 15
  .. ..$ V          : num [1:3646, 1:576] -0.00189 -0.00645 -0.00703 -0.00832 -0.00916 ...
  .. .. ..- attr(*, "dimnames")=List of 2
  .. .. .. ..$ : chr [1:3646] "2020-21_11.107-5" "2020-21_12.90-53" "2020-21_12.93-4" "2020-21_14.37-103" ...
  .. .. .. ..$ : NULL
  .. ..$ d          : num [1:576] 985 777 402 285 213 ...
  .. ..$ model      : chr "RKHS"
  .. ..$ Name       : chr "ETA_3"
  .. ..$ tolD       : num 1e-10
  .. ..$ levelsU    : int 576
  .. ..$ df0        : num 5
  .. ..$ R2         : num 0.167
  .. ..$ S0         : num 251
  .. ..$ u          : num [1:3646] 3.14 -13.539 0.798 -18.318 -36.408 ...
  .. ..$ varU       : num 1666
  .. ..$ uStar      : num [1:576] -1166 572 730 235 126 ...
  .. ..$ NamefileOut: chr "X10/ETA_3_varU.dat"
  .. ..$ SD.u       : num [1:3646] 6.52 5.85 6.56 5.59 6.19 ...
  .. ..$ SD.varU    : num 361
 - attr(*, "class")= chr "BGLR"
NULL
List of 21
 $ y            : num [1:3646] 0.1023 5.6562 0.0967 4.7282 3.2936 ...
 $ a            : NULL
 $ b            : NULL
 $ whichNa      : int [1:1011] 2636 2637 2638 2639 2640 2641 2642 2643 2644 2645 ...
 $ saveAt       : chr "X2_cum/"
 $ nIter        : num 12000
 $ burnIn       : num 2000
 $ thin         : num 5
 $ weights      : num [1:3646] 1 1 1 1 1 1 1 1 1 1 ...
 $ verbose      : logi FALSE
 $ response_type: chr "gaussian"
 $ df0          : num 5
 $ S0           : num 845
 $ yHat         : num [1:3646] 14.06 5.25 4.05 4.33 3.29 ...
 $ SD.yHat      : num [1:3646] 3.73 6.35 4.35 6.23 6.22 ...
 $ mu           : num 15.7
 $ SD.mu        : num 1.28
 $ varE         : num 51.2
 $ SD.varE      : num 3.48
 $ fit          :List of 4
  ..$ logLikAtPostMean: num -8095
  ..$ postMeanLogLik  : num -8916
  ..$ pD              : num 1641
  ..$ DIC             : num 19473
 $ ETA          :List of 3
  ..$ :List of 15
  .. ..$ V          : num [1:3646, 1:6] 0 0 0 0 0 0 0 0 0 0 ...
  .. .. ..- attr(*, "dimnames")=List of 2
  .. .. .. ..$ : chr [1:3646] "2020-21_11.107-5" "2020-21_12.90-53" "2020-21_12.93-4" "2020-21_14.37-103" ...
  .. .. .. ..$ : NULL
  .. ..$ d          : num [1:6] 1011 918 450 447 435 ...
  .. ..$ model      : chr "RKHS"
  .. ..$ Name       : chr "ETA_1"
  .. ..$ tolD       : num 1e-10
  .. ..$ levelsU    : int 6
  .. ..$ df0        : num 5
  .. ..$ R2         : num 0.167
  .. ..$ S0         : num 0.642
  .. ..$ u          : num [1:3646] -0.117 -0.117 -0.117 -0.117 -0.117 ...
  .. ..$ varU       : num 0.253
  .. ..$ uStar      : num [1:6] -0.514 -2.734 0.667 0.893 2.447 ...
  .. ..$ NamefileOut: chr "X2_cum/ETA_1_varU.dat"
  .. ..$ SD.u       : num [1:3646] 0.503 0.503 0.503 0.503 0.503 ...
  .. ..$ SD.varU    : num 0.383
  ..$ :List of 15
  .. ..$ V          : num [1:3646, 1:2737] 0.408 0 0 0 0 ...
  .. .. ..- attr(*, "dimnames")=List of 2
  .. .. .. ..$ : chr [1:3646] "2020-21_11.107-5" "2020-21_12.90-53" "2020-21_12.93-4" "2020-21_14.37-103" ...
  .. .. .. ..$ : chr [1:2737] "11.107-5" "12.90-53" "12.93-4" "13.27-142" ...
  .. ..$ d          : Named num [1:2737] 6 1 3 1 1 1 1 1 2 1 ...
  .. .. ..- attr(*, "names")= chr [1:2737] "11.107-5" "12.90-53" "12.93-4" "13.27-142" ...
  .. ..$ model      : chr "RKHS"
  .. ..$ Name       : chr "ETA_2"
  .. ..$ tolD       : num 1e-10
  .. ..$ levelsU    : int 2737
  .. ..$ df0        : num 5
  .. ..$ R2         : num 0.167
  .. ..$ S0         : num 293
  .. ..$ u          : num [1:3646] 8.88 0.966 1.512 1.069 0.651 ...
  .. ..$ varU       : num 176
  .. ..$ uStar      : num [1:2737] 21.75 0.966 2.62 10.813 1.069 ...
  .. ..$ NamefileOut: chr "X2_cum/ETA_2_varU.dat"
  .. ..$ SD.u       : num [1:3646] 3.45 6.38 4.23 6.4 6.44 ...
  .. ..$ SD.varU    : num 8.66
  ..$ :List of 15
  .. ..$ V          : num [1:3646, 1:576] -0.00189 -0.00645 -0.00703 -0.00832 -0.00916 ...
  .. .. ..- attr(*, "dimnames")=List of 2
  .. .. .. ..$ : chr [1:3646] "2020-21_11.107-5" "2020-21_12.90-53" "2020-21_12.93-4" "2020-21_14.37-103" ...
  .. .. .. ..$ : NULL
  .. ..$ d          : num [1:576] 985 777 402 285 213 ...
  .. ..$ model      : chr "RKHS"
  .. ..$ Name       : chr "ETA_3"
  .. ..$ tolD       : num 1e-10
  .. ..$ levelsU    : int 576
  .. ..$ df0        : num 5
  .. ..$ R2         : num 0.167
  .. ..$ S0         : num 61.6
  .. ..$ u          : num [1:3646] -10.4 -11.3 -13 -12.3 -12.9 ...
  .. ..$ varU       : num 162
  .. ..$ uStar      : num [1:576] 429.2 -160.01 286.09 -113.57 -0.57 ...
  .. ..$ NamefileOut: chr "X2_cum/ETA_3_varU.dat"
  .. ..$ SD.u       : num [1:3646] 2.54 2.18 2.62 2.14 2.4 ...
  .. ..$ SD.varU    : num 48.5
 - attr(*, "class")= chr "BGLR"
NULL
List of 21
 $ y            : num [1:3646] 154.538 29.272 69.207 65.857 0.606 ...
 $ a            : NULL
 $ b            : NULL
 $ whichNa      : int [1:1011] 2636 2637 2638 2639 2640 2641 2642 2643 2644 2645 ...
 $ saveAt       : chr "X10/"
 $ nIter        : num 12000
 $ burnIn       : num 2000
 $ thin         : num 5
 $ weights      : num [1:3646] 1 1 1 1 1 1 1 1 1 1 ...
 $ verbose      : logi FALSE
 $ response_type: chr "gaussian"
 $ df0          : num 5
 $ S0           : num 3450
 $ yHat         : num [1:3646] 57.85 33 52.57 33.08 9.58 ...
 $ SD.yHat      : num [1:3646] 8.05 8.25 8.52 8.23 8.5 ...
 $ mu           : num 47.1
 $ SD.mu        : num 3.64
 $ varE         : num 496
 $ SD.varE      : num 17.9
 $ fit          :List of 4
  ..$ logLikAtPostMean: num -11722
  ..$ postMeanLogLik  : num -11914
  ..$ pD              : num 384
  ..$ DIC             : num 24213
 $ ETA          :List of 3
  ..$ :List of 15
  .. ..$ V          : num [1:3646, 1:6] 0 0 0 0 0 0 0 0 0 0 ...
  .. .. ..- attr(*, "dimnames")=List of 2
  .. .. .. ..$ : chr [1:3646] "2020-21_11.107-5" "2020-21_12.90-53" "2020-21_12.93-4" "2020-21_14.37-103" ...
  .. .. .. ..$ : NULL
  .. ..$ d          : num [1:6] 1011 918 450 447 435 ...
  .. ..$ model      : chr "RKHS"
  .. ..$ Name       : chr "ETA_1"
  .. ..$ tolD       : num 1e-10
  .. ..$ levelsU    : int 6
  .. ..$ df0        : num 5
  .. ..$ R2         : num 0.167
  .. ..$ S0         : num 2.62
  .. ..$ u          : num [1:3646] -0.0314 -0.0314 -0.0314 -0.0314 -0.0314 ...
  .. ..$ varU       : num 2.32
  .. ..$ uStar      : num [1:6] -1.947 19.223 -3.157 -1.555 0.656 ...
  .. ..$ NamefileOut: chr "X10/ETA_1_varU.dat"
  .. ..$ SD.u       : num [1:3646] 1.44 1.44 1.44 1.44 1.44 ...
  .. ..$ SD.varU    : num 14.2
  ..$ :List of 15
  .. ..$ V          : num [1:3646, 1:2737] 0.408 0 0 0 0 ...
  .. .. ..- attr(*, "dimnames")=List of 2
  .. .. .. ..$ : chr [1:3646] "2020-21_11.107-5" "2020-21_12.90-53" "2020-21_12.93-4" "2020-21_14.37-103" ...
  .. .. .. ..$ : chr [1:2737] "11.107-5" "12.90-53" "12.93-4" "13.27-142" ...
  .. ..$ d          : Named num [1:2737] 6 1 3 1 1 1 1 1 2 1 ...
  .. .. ..- attr(*, "names")= chr [1:2737] "11.107-5" "12.90-53" "12.93-4" "13.27-142" ...
  .. ..$ model      : chr "RKHS"
  .. ..$ Name       : chr "ETA_2"
  .. ..$ tolD       : num 1e-10
  .. ..$ levelsU    : int 2737
  .. ..$ df0        : num 5
  .. ..$ R2         : num 0.167
  .. ..$ S0         : num 1195
  .. ..$ u          : num [1:3646] 7.603 -0.565 4.663 4.292 -1.118 ...
  .. ..$ varU       : num 62.8
  .. ..$ uStar      : num [1:2737] 18.624 -0.565 8.077 -5.52 4.292 ...
  .. ..$ NamefileOut: chr "X10/ETA_2_varU.dat"
  .. ..$ SD.u       : num [1:3646] 6.17 7.37 6.8 7.49 7.51 ...
  .. ..$ SD.varU    : num 10.2
  ..$ :List of 15
  .. ..$ V          : num [1:3646, 1:576] -0.00189 -0.00645 -0.00703 -0.00832 -0.00916 ...
  .. .. ..- attr(*, "dimnames")=List of 2
  .. .. .. ..$ : chr [1:3646] "2020-21_11.107-5" "2020-21_12.90-53" "2020-21_12.93-4" "2020-21_14.37-103" ...
  .. .. .. ..$ : NULL
  .. ..$ d          : num [1:576] 985 777 402 285 213 ...
  .. ..$ model      : chr "RKHS"
  .. ..$ Name       : chr "ETA_3"
  .. ..$ tolD       : num 1e-10
  .. ..$ levelsU    : int 576
  .. ..$ df0        : num 5
  .. ..$ R2         : num 0.167
  .. ..$ S0         : num 251
  .. ..$ u          : num [1:3646] 3.14 -13.539 0.798 -18.318 -36.408 ...
  .. ..$ varU       : num 1666
  .. ..$ uStar      : num [1:576] -1166 572 730 235 126 ...
  .. ..$ NamefileOut: chr "X10/ETA_3_varU.dat"
  .. ..$ SD.u       : num [1:3646] 6.52 5.85 6.56 5.59 6.19 ...
  .. ..$ SD.varU    : num 361
 - attr(*, "class")= chr "BGLR"
NULL
List of 21
 $ y            : num [1:3646] 154.538 29.272 69.207 65.857 0.606 ...
 $ a            : NULL
 $ b            : NULL
 $ whichNa      : int [1:1011] 2636 2637 2638 2639 2640 2641 2642 2643 2644 2645 ...
 $ saveAt       : chr "X10/"
 $ nIter        : num 12000
 $ burnIn       : num 2000
 $ thin         : num 5
 $ weights      : num [1:3646] 1 1 1 1 1 1 1 1 1 1 ...
 $ verbose      : logi FALSE
 $ response_type: chr "gaussian"
 $ df0          : num 5
 $ S0           : num 3450
 $ yHat         : num [1:3646] 57.85 33 52.57 33.08 9.58 ...
 $ SD.yHat      : num [1:3646] 8.05 8.25 8.52 8.23 8.5 ...
 $ mu           : num 47.1
 $ SD.mu        : num 3.64
 $ varE         : num 496
 $ SD.varE      : num 17.9
 $ fit          :List of 4
  ..$ logLikAtPostMean: num -11722
  ..$ postMeanLogLik  : num -11914
  ..$ pD              : num 384
  ..$ DIC             : num 24213
 $ ETA          :List of 3
  ..$ :List of 15
  .. ..$ V          : num [1:3646, 1:6] 0 0 0 0 0 0 0 0 0 0 ...
  .. .. ..- attr(*, "dimnames")=List of 2
  .. .. .. ..$ : chr [1:3646] "2020-21_11.107-5" "2020-21_12.90-53" "2020-21_12.93-4" "2020-21_14.37-103" ...
  .. .. .. ..$ : NULL
  .. ..$ d          : num [1:6] 1011 918 450 447 435 ...
  .. ..$ model      : chr "RKHS"
  .. ..$ Name       : chr "ETA_1"
  .. ..$ tolD       : num 1e-10
  .. ..$ levelsU    : int 6
  .. ..$ df0        : num 5
  .. ..$ R2         : num 0.167
  .. ..$ S0         : num 2.62
  .. ..$ u          : num [1:3646] -0.0314 -0.0314 -0.0314 -0.0314 -0.0314 ...
  .. ..$ varU       : num 2.32
  .. ..$ uStar      : num [1:6] -1.947 19.223 -3.157 -1.555 0.656 ...
  .. ..$ NamefileOut: chr "X10/ETA_1_varU.dat"
  .. ..$ SD.u       : num [1:3646] 1.44 1.44 1.44 1.44 1.44 ...
  .. ..$ SD.varU    : num 14.2
  ..$ :List of 15
  .. ..$ V          : num [1:3646, 1:2737] 0.408 0 0 0 0 ...
  .. .. ..- attr(*, "dimnames")=List of 2
  .. .. .. ..$ : chr [1:3646] "2020-21_11.107-5" "2020-21_12.90-53" "2020-21_12.93-4" "2020-21_14.37-103" ...
  .. .. .. ..$ : chr [1:2737] "11.107-5" "12.90-53" "12.93-4" "13.27-142" ...
  .. ..$ d          : Named num [1:2737] 6 1 3 1 1 1 1 1 2 1 ...
  .. .. ..- attr(*, "names")= chr [1:2737] "11.107-5" "12.90-53" "12.93-4" "13.27-142" ...
  .. ..$ model      : chr "RKHS"
  .. ..$ Name       : chr "ETA_2"
  .. ..$ tolD       : num 1e-10
  .. ..$ levelsU    : int 2737
  .. ..$ df0        : num 5
  .. ..$ R2         : num 0.167
  .. ..$ S0         : num 1195
  .. ..$ u          : num [1:3646] 7.603 -0.565 4.663 4.292 -1.118 ...
  .. ..$ varU       : num 62.8
  .. ..$ uStar      : num [1:2737] 18.624 -0.565 8.077 -5.52 4.292 ...
  .. ..$ NamefileOut: chr "X10/ETA_2_varU.dat"
  .. ..$ SD.u       : num [1:3646] 6.17 7.37 6.8 7.49 7.51 ...
  .. ..$ SD.varU    : num 10.2
  ..$ :List of 15
  .. ..$ V          : num [1:3646, 1:576] -0.00189 -0.00645 -0.00703 -0.00832 -0.00916 ...
  .. .. ..- attr(*, "dimnames")=List of 2
  .. .. .. ..$ : chr [1:3646] "2020-21_11.107-5" "2020-21_12.90-53" "2020-21_12.93-4" "2020-21_14.37-103" ...
  .. .. .. ..$ : NULL
  .. ..$ d          : num [1:576] 985 777 402 285 213 ...
  .. ..$ model      : chr "RKHS"
  .. ..$ Name       : chr "ETA_3"
  .. ..$ tolD       : num 1e-10
  .. ..$ levelsU    : int 576
  .. ..$ df0        : num 5
  .. ..$ R2         : num 0.167
  .. ..$ S0         : num 251
  .. ..$ u          : num [1:3646] 3.14 -13.539 0.798 -18.318 -36.408 ...
  .. ..$ varU       : num 1666
  .. ..$ uStar      : num [1:576] -1166 572 730 235 126 ...
  .. ..$ NamefileOut: chr "X10/ETA_3_varU.dat"
  .. ..$ SD.u       : num [1:3646] 6.52 5.85 6.56 5.59 6.19 ...
  .. ..$ SD.varU    : num 361
 - attr(*, "class")= chr "BGLR"
NULL
List of 21
 $ y            : num [1:3646] 91.8 39 66.8 33 24.3 ...
 $ a            : NULL
 $ b            : NULL
 $ whichNa      : int [1:1011] 2636 2637 2638 2639 2640 2641 2642 2643 2644 2645 ...
 $ saveAt       : chr "X9/"
 $ nIter        : num 12000
 $ burnIn       : num 2000
 $ thin         : num 5
 $ weights      : num [1:3646] 1 1 1 1 1 1 1 1 1 1 ...
 $ verbose      : logi FALSE
 $ response_type: chr "gaussian"
 $ df0          : num 5
 $ S0           : num 3012
 $ yHat         : num [1:3646] 56.2 30.4 54.6 34.2 20.4 ...
 $ SD.yHat      : num [1:3646] 8.58 8.81 9.18 8.8 8.77 ...
 $ mu           : num 49.3
 $ SD.mu        : num 3.54
 $ varE         : num 525
 $ SD.varE      : num 21.5
 $ fit          :List of 4
  ..$ logLikAtPostMean: num -11787
  ..$ postMeanLogLik  : num -11990
  ..$ pD              : num 406
  ..$ DIC             : num 24386
 $ ETA          :List of 3
  ..$ :List of 15
  .. ..$ V          : num [1:3646, 1:6] 0 0 0 0 0 0 0 0 0 0 ...
  .. .. ..- attr(*, "dimnames")=List of 2
  .. .. .. ..$ : chr [1:3646] "2020-21_11.107-5" "2020-21_12.90-53" "2020-21_12.93-4" "2020-21_14.37-103" ...
  .. .. .. ..$ : NULL
  .. ..$ d          : num [1:6] 1011 918 450 447 435 ...
  .. ..$ model      : chr "RKHS"
  .. ..$ Name       : chr "ETA_1"
  .. ..$ tolD       : num 1e-10
  .. ..$ levelsU    : int 6
  .. ..$ df0        : num 5
  .. ..$ R2         : num 0.167
  .. ..$ S0         : num 2.29
  .. ..$ u          : num [1:3646] -0.0261 -0.0261 -0.0261 -0.0261 -0.0261 ...
  .. ..$ varU       : num 0.77
  .. ..$ uStar      : num [1:6] -0.568 3.765 -1.918 1.14 0.544 ...
  .. ..$ NamefileOut: chr "X9/ETA_1_varU.dat"
  .. ..$ SD.u       : num [1:3646] 0.856 0.856 0.856 0.856 0.856 ...
  .. ..$ SD.varU    : num 0.862
  ..$ :List of 15
  .. ..$ V          : num [1:3646, 1:2737] 0.408 0 0 0 0 ...
  .. .. ..- attr(*, "dimnames")=List of 2
  .. .. .. ..$ : chr [1:3646] "2020-21_11.107-5" "2020-21_12.90-53" "2020-21_12.93-4" "2020-21_14.37-103" ...
  .. .. .. ..$ : chr [1:2737] "11.107-5" "12.90-53" "12.93-4" "13.27-142" ...
  .. ..$ d          : Named num [1:2737] 6 1 3 1 1 1 1 1 2 1 ...
  .. .. ..- attr(*, "names")= chr [1:2737] "11.107-5" "12.90-53" "12.93-4" "13.27-142" ...
  .. ..$ model      : chr "RKHS"
  .. ..$ Name       : chr "ETA_2"
  .. ..$ tolD       : num 1e-10
  .. ..$ levelsU    : int 2737
  .. ..$ df0        : num 5
  .. ..$ R2         : num 0.167
  .. ..$ S0         : num 1043
  .. ..$ u          : num [1:3646] 8.382 1.179 8.882 -0.169 0.577 ...
  .. ..$ varU       : num 73.5
  .. ..$ uStar      : num [1:2737] 20.532 1.179 15.385 -1.322 -0.169 ...
  .. ..$ NamefileOut: chr "X9/ETA_2_varU.dat"
  .. ..$ SD.u       : num [1:3646] 6.61 8.01 7.45 8.02 7.81 ...
  .. ..$ SD.varU    : num 15.5
  ..$ :List of 15
  .. ..$ V          : num [1:3646, 1:576] -0.00189 -0.00645 -0.00703 -0.00832 -0.00916 ...
  .. .. ..- attr(*, "dimnames")=List of 2
  .. .. .. ..$ : chr [1:3646] "2020-21_11.107-5" "2020-21_12.90-53" "2020-21_12.93-4" "2020-21_14.37-103" ...
  .. .. .. ..$ : NULL
  .. ..$ d          : num [1:576] 985 777 402 285 213 ...
  .. ..$ model      : chr "RKHS"
  .. ..$ Name       : chr "ETA_3"
  .. ..$ tolD       : num 1e-10
  .. ..$ levelsU    : int 576
  .. ..$ df0        : num 5
  .. ..$ R2         : num 0.167
  .. ..$ S0         : num 220
  .. ..$ u          : num [1:3646] -1.53 -20.14 -3.58 -14.91 -29.53 ...
  .. ..$ varU       : num 1750
  .. ..$ uStar      : num [1:576] -507 297 698 974 -500 ...
  .. ..$ NamefileOut: chr "X9/ETA_3_varU.dat"
  .. ..$ SD.u       : num [1:3646] 6.77 5.9 6.55 5.54 6.08 ...
  .. ..$ SD.varU    : num 345
 - attr(*, "class")= chr "BGLR"
NULL
List of 21
 $ y            : num [1:3646] 0.1023 5.6562 0.0967 4.7282 3.2936 ...
 $ a            : NULL
 $ b            : NULL
 $ whichNa      : int [1:1011] 2636 2637 2638 2639 2640 2641 2642 2643 2644 2645 ...
 $ saveAt       : chr "X2_cum/"
 $ nIter        : num 12000
 $ burnIn       : num 2000
 $ thin         : num 5
 $ weights      : num [1:3646] 1 1 1 1 1 1 1 1 1 1 ...
 $ verbose      : logi FALSE
 $ response_type: chr "gaussian"
 $ df0          : num 5
 $ S0           : num 845
 $ yHat         : num [1:3646] 14.06 5.25 4.05 4.33 3.29 ...
 $ SD.yHat      : num [1:3646] 3.73 6.35 4.35 6.23 6.22 ...
 $ mu           : num 15.7
 $ SD.mu        : num 1.28
 $ varE         : num 51.2
 $ SD.varE      : num 3.48
 $ fit          :List of 4
  ..$ logLikAtPostMean: num -8095
  ..$ postMeanLogLik  : num -8916
  ..$ pD              : num 1641
  ..$ DIC             : num 19473
 $ ETA          :List of 3
  ..$ :List of 15
  .. ..$ V          : num [1:3646, 1:6] 0 0 0 0 0 0 0 0 0 0 ...
  .. .. ..- attr(*, "dimnames")=List of 2
  .. .. .. ..$ : chr [1:3646] "2020-21_11.107-5" "2020-21_12.90-53" "2020-21_12.93-4" "2020-21_14.37-103" ...
  .. .. .. ..$ : NULL
  .. ..$ d          : num [1:6] 1011 918 450 447 435 ...
  .. ..$ model      : chr "RKHS"
  .. ..$ Name       : chr "ETA_1"
  .. ..$ tolD       : num 1e-10
  .. ..$ levelsU    : int 6
  .. ..$ df0        : num 5
  .. ..$ R2         : num 0.167
  .. ..$ S0         : num 0.642
  .. ..$ u          : num [1:3646] -0.117 -0.117 -0.117 -0.117 -0.117 ...
  .. ..$ varU       : num 0.253
  .. ..$ uStar      : num [1:6] -0.514 -2.734 0.667 0.893 2.447 ...
  .. ..$ NamefileOut: chr "X2_cum/ETA_1_varU.dat"
  .. ..$ SD.u       : num [1:3646] 0.503 0.503 0.503 0.503 0.503 ...
  .. ..$ SD.varU    : num 0.383
  ..$ :List of 15
  .. ..$ V          : num [1:3646, 1:2737] 0.408 0 0 0 0 ...
  .. .. ..- attr(*, "dimnames")=List of 2
  .. .. .. ..$ : chr [1:3646] "2020-21_11.107-5" "2020-21_12.90-53" "2020-21_12.93-4" "2020-21_14.37-103" ...
  .. .. .. ..$ : chr [1:2737] "11.107-5" "12.90-53" "12.93-4" "13.27-142" ...
  .. ..$ d          : Named num [1:2737] 6 1 3 1 1 1 1 1 2 1 ...
  .. .. ..- attr(*, "names")= chr [1:2737] "11.107-5" "12.90-53" "12.93-4" "13.27-142" ...
  .. ..$ model      : chr "RKHS"
  .. ..$ Name       : chr "ETA_2"
  .. ..$ tolD       : num 1e-10
  .. ..$ levelsU    : int 2737
  .. ..$ df0        : num 5
  .. ..$ R2         : num 0.167
  .. ..$ S0         : num 293
  .. ..$ u          : num [1:3646] 8.88 0.966 1.512 1.069 0.651 ...
  .. ..$ varU       : num 176
  .. ..$ uStar      : num [1:2737] 21.75 0.966 2.62 10.813 1.069 ...
  .. ..$ NamefileOut: chr "X2_cum/ETA_2_varU.dat"
  .. ..$ SD.u       : num [1:3646] 3.45 6.38 4.23 6.4 6.44 ...
  .. ..$ SD.varU    : num 8.66
  ..$ :List of 15
  .. ..$ V          : num [1:3646, 1:576] -0.00189 -0.00645 -0.00703 -0.00832 -0.00916 ...
  .. .. ..- attr(*, "dimnames")=List of 2
  .. .. .. ..$ : chr [1:3646] "2020-21_11.107-5" "2020-21_12.90-53" "2020-21_12.93-4" "2020-21_14.37-103" ...
  .. .. .. ..$ : NULL
  .. ..$ d          : num [1:576] 985 777 402 285 213 ...
  .. ..$ model      : chr "RKHS"
  .. ..$ Name       : chr "ETA_3"
  .. ..$ tolD       : num 1e-10
  .. ..$ levelsU    : int 576
  .. ..$ df0        : num 5
  .. ..$ R2         : num 0.167
  .. ..$ S0         : num 61.6
  .. ..$ u          : num [1:3646] -10.4 -11.3 -13 -12.3 -12.9 ...
  .. ..$ varU       : num 162
  .. ..$ uStar      : num [1:576] 429.2 -160.01 286.09 -113.57 -0.57 ...
  .. ..$ NamefileOut: chr "X2_cum/ETA_3_varU.dat"
  .. ..$ SD.u       : num [1:3646] 2.54 2.18 2.62 2.14 2.4 ...
  .. ..$ SD.varU    : num 48.5
 - attr(*, "class")= chr "BGLR"
NULL
List of 21
 $ y            : num [1:3646] 0.488 5.656 0.158 4.728 11.634 ...
 $ a            : NULL
 $ b            : NULL
 $ whichNa      : int [1:1011] 2636 2637 2638 2639 2640 2641 2642 2643 2644 2645 ...
 $ saveAt       : chr "X3_cum/"
 $ nIter        : num 12000
 $ burnIn       : num 2000
 $ thin         : num 5
 $ weights      : num [1:3646] 1 1 1 1 1 1 1 1 1 1 ...
 $ verbose      : logi FALSE
 $ response_type: chr "gaussian"
 $ df0          : num 5
 $ S0           : num 1647
 $ yHat         : num [1:3646] 26.65 7.57 10.08 6.31 9.68 ...
 $ SD.yHat      : num [1:3646] 6.6 9.63 7.42 9.62 9.72 ...
 $ mu           : num 30.3
 $ SD.mu        : num 2.72
 $ varE         : num 180
 $ SD.varE      : num 14.2
 $ fit          :List of 4
  ..$ logLikAtPostMean: num -9991
  ..$ postMeanLogLik  : num -10572
  ..$ pD              : num 1162
  ..$ DIC             : num 22307
 $ ETA          :List of 3
  ..$ :List of 15
  .. ..$ V          : num [1:3646, 1:6] 0 0 0 0 0 0 0 0 0 0 ...
  .. .. ..- attr(*, "dimnames")=List of 2
  .. .. .. ..$ : chr [1:3646] "2020-21_11.107-5" "2020-21_12.90-53" "2020-21_12.93-4" "2020-21_14.37-103" ...
  .. .. .. ..$ : NULL
  .. ..$ d          : num [1:6] 1011 918 450 447 435 ...
  .. ..$ model      : chr "RKHS"
  .. ..$ Name       : chr "ETA_1"
  .. ..$ tolD       : num 1e-10
  .. ..$ levelsU    : int 6
  .. ..$ df0        : num 5
  .. ..$ R2         : num 0.167
  .. ..$ S0         : num 1.25
  .. ..$ u          : num [1:3646] -0.153 -0.153 -0.153 -0.153 -0.153 ...
  .. ..$ varU       : num 0.459
  .. ..$ uStar      : num [1:6] -0.144 -3.541 -0.681 -0.615 3.197 ...
  .. ..$ NamefileOut: chr "X3_cum/ETA_1_varU.dat"
  .. ..$ SD.u       : num [1:3646] 0.679 0.679 0.679 0.679 0.679 ...
  .. ..$ SD.varU    : num 0.543
  ..$ :List of 15
  .. ..$ V          : num [1:3646, 1:2737] 0.408 0 0 0 0 ...
  .. .. ..- attr(*, "dimnames")=List of 2
  .. .. .. ..$ : chr [1:3646] "2020-21_11.107-5" "2020-21_12.90-53" "2020-21_12.93-4" "2020-21_14.37-103" ...
  .. .. .. ..$ : chr [1:2737] "11.107-5" "12.90-53" "12.93-4" "13.27-142" ...
  .. ..$ d          : Named num [1:2737] 6 1 3 1 1 1 1 1 2 1 ...
  .. .. ..- attr(*, "names")= chr [1:2737] "11.107-5" "12.90-53" "12.93-4" "13.27-142" ...
  .. ..$ model      : chr "RKHS"
  .. ..$ Name       : chr "ETA_2"
  .. ..$ tolD       : num 1e-10
  .. ..$ levelsU    : int 2737
  .. ..$ df0        : num 5
  .. ..$ R2         : num 0.167
  .. ..$ S0         : num 570
  .. ..$ u          : num [1:3646] 6.16 -1.63 4.31 -1.78 1.57 ...
  .. ..$ varU       : num 183
  .. ..$ uStar      : num [1:2737] 15.1 -1.63 7.46 16.3 -1.78 ...
  .. ..$ NamefileOut: chr "X3_cum/ETA_2_varU.dat"
  .. ..$ SD.u       : num [1:3646] 5.63 9.6 6.85 9.55 9.65 ...
  .. ..$ SD.varU    : num 19.7
  ..$ :List of 15
  .. ..$ V          : num [1:3646, 1:576] -0.00189 -0.00645 -0.00703 -0.00832 -0.00916 ...
  .. .. ..- attr(*, "dimnames")=List of 2
  .. .. .. ..$ : chr [1:3646] "2020-21_11.107-5" "2020-21_12.90-53" "2020-21_12.93-4" "2020-21_14.37-103" ...
  .. .. .. ..$ : NULL
  .. ..$ d          : num [1:576] 985 777 402 285 213 ...
  .. ..$ model      : chr "RKHS"
  .. ..$ Name       : chr "ETA_3"
  .. ..$ tolD       : num 1e-10
  .. ..$ levelsU    : int 576
  .. ..$ df0        : num 5
  .. ..$ R2         : num 0.167
  .. ..$ S0         : num 120
  .. ..$ u          : num [1:3646] -9.67 -20.97 -24.39 -22.07 -22.05 ...
  .. ..$ varU       : num 861
  .. ..$ uStar      : num [1:576] 580.5 -138.1 505.1 -131.7 50.4 ...
  .. ..$ NamefileOut: chr "X3_cum/ETA_3_varU.dat"
  .. ..$ SD.u       : num [1:3646] 4.77 4.43 4.75 4.16 4.61 ...
  .. ..$ SD.varU    : num 174
 - attr(*, "class")= chr "BGLR"
NULL
List of 21
 $ y            : num [1:3646] 0.1023 5.6562 0.0967 4.7282 3.2936 ...
 $ a            : NULL
 $ b            : NULL
 $ whichNa      : int [1:1011] 2636 2637 2638 2639 2640 2641 2642 2643 2644 2645 ...
 $ saveAt       : chr "X2_cum/"
 $ nIter        : num 12000
 $ burnIn       : num 2000
 $ thin         : num 5
 $ weights      : num [1:3646] 1 1 1 1 1 1 1 1 1 1 ...
 $ verbose      : logi FALSE
 $ response_type: chr "gaussian"
 $ df0          : num 5
 $ S0           : num 845
 $ yHat         : num [1:3646] 14.06 5.25 4.05 4.33 3.29 ...
 $ SD.yHat      : num [1:3646] 3.73 6.35 4.35 6.23 6.22 ...
 $ mu           : num 15.7
 $ SD.mu        : num 1.28
 $ varE         : num 51.2
 $ SD.varE      : num 3.48
 $ fit          :List of 4
  ..$ logLikAtPostMean: num -8095
  ..$ postMeanLogLik  : num -8916
  ..$ pD              : num 1641
  ..$ DIC             : num 19473
 $ ETA          :List of 3
  ..$ :List of 15
  .. ..$ V          : num [1:3646, 1:6] 0 0 0 0 0 0 0 0 0 0 ...
  .. .. ..- attr(*, "dimnames")=List of 2
  .. .. .. ..$ : chr [1:3646] "2020-21_11.107-5" "2020-21_12.90-53" "2020-21_12.93-4" "2020-21_14.37-103" ...
  .. .. .. ..$ : NULL
  .. ..$ d          : num [1:6] 1011 918 450 447 435 ...
  .. ..$ model      : chr "RKHS"
  .. ..$ Name       : chr "ETA_1"
  .. ..$ tolD       : num 1e-10
  .. ..$ levelsU    : int 6
  .. ..$ df0        : num 5
  .. ..$ R2         : num 0.167
  .. ..$ S0         : num 0.642
  .. ..$ u          : num [1:3646] -0.117 -0.117 -0.117 -0.117 -0.117 ...
  .. ..$ varU       : num 0.253
  .. ..$ uStar      : num [1:6] -0.514 -2.734 0.667 0.893 2.447 ...
  .. ..$ NamefileOut: chr "X2_cum/ETA_1_varU.dat"
  .. ..$ SD.u       : num [1:3646] 0.503 0.503 0.503 0.503 0.503 ...
  .. ..$ SD.varU    : num 0.383
  ..$ :List of 15
  .. ..$ V          : num [1:3646, 1:2737] 0.408 0 0 0 0 ...
  .. .. ..- attr(*, "dimnames")=List of 2
  .. .. .. ..$ : chr [1:3646] "2020-21_11.107-5" "2020-21_12.90-53" "2020-21_12.93-4" "2020-21_14.37-103" ...
  .. .. .. ..$ : chr [1:2737] "11.107-5" "12.90-53" "12.93-4" "13.27-142" ...
  .. ..$ d          : Named num [1:2737] 6 1 3 1 1 1 1 1 2 1 ...
  .. .. ..- attr(*, "names")= chr [1:2737] "11.107-5" "12.90-53" "12.93-4" "13.27-142" ...
  .. ..$ model      : chr "RKHS"
  .. ..$ Name       : chr "ETA_2"
  .. ..$ tolD       : num 1e-10
  .. ..$ levelsU    : int 2737
  .. ..$ df0        : num 5
  .. ..$ R2         : num 0.167
  .. ..$ S0         : num 293
  .. ..$ u          : num [1:3646] 8.88 0.966 1.512 1.069 0.651 ...
  .. ..$ varU       : num 176
  .. ..$ uStar      : num [1:2737] 21.75 0.966 2.62 10.813 1.069 ...
  .. ..$ NamefileOut: chr "X2_cum/ETA_2_varU.dat"
  .. ..$ SD.u       : num [1:3646] 3.45 6.38 4.23 6.4 6.44 ...
  .. ..$ SD.varU    : num 8.66
  ..$ :List of 15
  .. ..$ V          : num [1:3646, 1:576] -0.00189 -0.00645 -0.00703 -0.00832 -0.00916 ...
  .. .. ..- attr(*, "dimnames")=List of 2
  .. .. .. ..$ : chr [1:3646] "2020-21_11.107-5" "2020-21_12.90-53" "2020-21_12.93-4" "2020-21_14.37-103" ...
  .. .. .. ..$ : NULL
  .. ..$ d          : num [1:576] 985 777 402 285 213 ...
  .. ..$ model      : chr "RKHS"
  .. ..$ Name       : chr "ETA_3"
  .. ..$ tolD       : num 1e-10
  .. ..$ levelsU    : int 576
  .. ..$ df0        : num 5
  .. ..$ R2         : num 0.167
  .. ..$ S0         : num 61.6
  .. ..$ u          : num [1:3646] -10.4 -11.3 -13 -12.3 -12.9 ...
  .. ..$ varU       : num 162
  .. ..$ uStar      : num [1:576] 429.2 -160.01 286.09 -113.57 -0.57 ...
  .. ..$ NamefileOut: chr "X2_cum/ETA_3_varU.dat"
  .. ..$ SD.u       : num [1:3646] 2.54 2.18 2.62 2.14 2.4 ...
  .. ..$ SD.varU    : num 48.5
 - attr(*, "class")= chr "BGLR"
NULL
List of 21
 $ y            : num [1:3646] 0.1023 5.6562 0.0967 4.7282 3.2936 ...
 $ a            : NULL
 $ b            : NULL
 $ whichNa      : int [1:1011] 2636 2637 2638 2639 2640 2641 2642 2643 2644 2645 ...
 $ saveAt       : chr "X2_cum/"
 $ nIter        : num 12000
 $ burnIn       : num 2000
 $ thin         : num 5
 $ weights      : num [1:3646] 1 1 1 1 1 1 1 1 1 1 ...
 $ verbose      : logi FALSE
 $ response_type: chr "gaussian"
 $ df0          : num 5
 $ S0           : num 845
 $ yHat         : num [1:3646] 14.06 5.25 4.05 4.33 3.29 ...
 $ SD.yHat      : num [1:3646] 3.73 6.35 4.35 6.23 6.22 ...
 $ mu           : num 15.7
 $ SD.mu        : num 1.28
 $ varE         : num 51.2
 $ SD.varE      : num 3.48
 $ fit          :List of 4
  ..$ logLikAtPostMean: num -8095
  ..$ postMeanLogLik  : num -8916
  ..$ pD              : num 1641
  ..$ DIC             : num 19473
 $ ETA          :List of 3
  ..$ :List of 15
  .. ..$ V          : num [1:3646, 1:6] 0 0 0 0 0 0 0 0 0 0 ...
  .. .. ..- attr(*, "dimnames")=List of 2
  .. .. .. ..$ : chr [1:3646] "2020-21_11.107-5" "2020-21_12.90-53" "2020-21_12.93-4" "2020-21_14.37-103" ...
  .. .. .. ..$ : NULL
  .. ..$ d          : num [1:6] 1011 918 450 447 435 ...
  .. ..$ model      : chr "RKHS"
  .. ..$ Name       : chr "ETA_1"
  .. ..$ tolD       : num 1e-10
  .. ..$ levelsU    : int 6
  .. ..$ df0        : num 5
  .. ..$ R2         : num 0.167
  .. ..$ S0         : num 0.642
  .. ..$ u          : num [1:3646] -0.117 -0.117 -0.117 -0.117 -0.117 ...
  .. ..$ varU       : num 0.253
  .. ..$ uStar      : num [1:6] -0.514 -2.734 0.667 0.893 2.447 ...
  .. ..$ NamefileOut: chr "X2_cum/ETA_1_varU.dat"
  .. ..$ SD.u       : num [1:3646] 0.503 0.503 0.503 0.503 0.503 ...
  .. ..$ SD.varU    : num 0.383
  ..$ :List of 15
  .. ..$ V          : num [1:3646, 1:2737] 0.408 0 0 0 0 ...
  .. .. ..- attr(*, "dimnames")=List of 2
  .. .. .. ..$ : chr [1:3646] "2020-21_11.107-5" "2020-21_12.90-53" "2020-21_12.93-4" "2020-21_14.37-103" ...
  .. .. .. ..$ : chr [1:2737] "11.107-5" "12.90-53" "12.93-4" "13.27-142" ...
  .. ..$ d          : Named num [1:2737] 6 1 3 1 1 1 1 1 2 1 ...
  .. .. ..- attr(*, "names")= chr [1:2737] "11.107-5" "12.90-53" "12.93-4" "13.27-142" ...
  .. ..$ model      : chr "RKHS"
  .. ..$ Name       : chr "ETA_2"
  .. ..$ tolD       : num 1e-10
  .. ..$ levelsU    : int 2737
  .. ..$ df0        : num 5
  .. ..$ R2         : num 0.167
  .. ..$ S0         : num 293
  .. ..$ u          : num [1:3646] 8.88 0.966 1.512 1.069 0.651 ...
  .. ..$ varU       : num 176
  .. ..$ uStar      : num [1:2737] 21.75 0.966 2.62 10.813 1.069 ...
  .. ..$ NamefileOut: chr "X2_cum/ETA_2_varU.dat"
  .. ..$ SD.u       : num [1:3646] 3.45 6.38 4.23 6.4 6.44 ...
  .. ..$ SD.varU    : num 8.66
  ..$ :List of 15
  .. ..$ V          : num [1:3646, 1:576] -0.00189 -0.00645 -0.00703 -0.00832 -0.00916 ...
  .. .. ..- attr(*, "dimnames")=List of 2
  .. .. .. ..$ : chr [1:3646] "2020-21_11.107-5" "2020-21_12.90-53" "2020-21_12.93-4" "2020-21_14.37-103" ...
  .. .. .. ..$ : NULL
  .. ..$ d          : num [1:576] 985 777 402 285 213 ...
  .. ..$ model      : chr "RKHS"
  .. ..$ Name       : chr "ETA_3"
  .. ..$ tolD       : num 1e-10
  .. ..$ levelsU    : int 576
  .. ..$ df0        : num 5
  .. ..$ R2         : num 0.167
  .. ..$ S0         : num 61.6
  .. ..$ u          : num [1:3646] -10.4 -11.3 -13 -12.3 -12.9 ...
  .. ..$ varU       : num 162
  .. ..$ uStar      : num [1:576] 429.2 -160.01 286.09 -113.57 -0.57 ...
  .. ..$ NamefileOut: chr "X2_cum/ETA_3_varU.dat"
  .. ..$ SD.u       : num [1:3646] 2.54 2.18 2.62 2.14 2.4 ...
  .. ..$ SD.varU    : num 48.5
 - attr(*, "class")= chr "BGLR"
NULL
List of 21
 $ y            : num [1:3646] 0.1023 0.00692 0.09019 0 0 ...
 $ a            : NULL
 $ b            : NULL
 $ whichNa      : int [1:1011] 2636 2637 2638 2639 2640 2641 2642 2643 2644 2645 ...
 $ saveAt       : chr "X1_cum/"
 $ nIter        : num 12000
 $ burnIn       : num 2000
 $ thin         : num 5
 $ weights      : num [1:3646] 1 1 1 1 1 1 1 1 1 1 ...
 $ verbose      : logi FALSE
 $ response_type: chr "gaussian"
 $ df0          : num 5
 $ S0           : num 144
 $ yHat         : num [1:3646] 5.3459 0.1121 -0.4746 0.0628 0.1535 ...
 $ SD.yHat      : num [1:3646] 1.45 2.78 1.77 2.73 2.78 ...
 $ mu           : num 4.28
 $ SD.mu        : num 0.452
 $ varE         : num 9.09
 $ SD.varE      : num 0.575
 $ fit          :List of 4
  ..$ logLikAtPostMean: num -5778
  ..$ postMeanLogLik  : num -6638
  ..$ pD              : num 1720
  ..$ DIC             : num 14996
 $ ETA          :List of 3
  ..$ :List of 15
  .. ..$ V          : num [1:3646, 1:6] 0 0 0 0 0 0 0 0 0 0 ...
  .. .. ..- attr(*, "dimnames")=List of 2
  .. .. .. ..$ : chr [1:3646] "2020-21_11.107-5" "2020-21_12.90-53" "2020-21_12.93-4" "2020-21_14.37-103" ...
  .. .. .. ..$ : NULL
  .. ..$ d          : num [1:6] 1011 918 450 447 435 ...
  .. ..$ model      : chr "RKHS"
  .. ..$ Name       : chr "ETA_1"
  .. ..$ tolD       : num 1e-10
  .. ..$ levelsU    : int 6
  .. ..$ df0        : num 5
  .. ..$ R2         : num 0.167
  .. ..$ S0         : num 0.109
  .. ..$ u          : num [1:3646] -0.0377 -0.0377 -0.0377 -0.0377 -0.0377 ...
  .. ..$ varU       : num 0.0426
  .. ..$ uStar      : num [1:6] 0.0206 -1.6895 0.6473 1.4606 0.7861 ...
  .. ..$ NamefileOut: chr "X1_cum/ETA_1_varU.dat"
  .. ..$ SD.u       : num [1:3646] 0.206 0.206 0.206 0.206 0.206 ...
  .. ..$ SD.varU    : num 0.0829
  ..$ :List of 15
  .. ..$ V          : num [1:3646, 1:2737] 0.408 0 0 0 0 ...
  .. .. ..- attr(*, "dimnames")=List of 2
  .. .. .. ..$ : chr [1:3646] "2020-21_11.107-5" "2020-21_12.90-53" "2020-21_12.93-4" "2020-21_14.37-103" ...
  .. .. .. ..$ : chr [1:2737] "11.107-5" "12.90-53" "12.93-4" "13.27-142" ...
  .. ..$ d          : Named num [1:2737] 6 1 3 1 1 1 1 1 2 1 ...
  .. .. ..- attr(*, "names")= chr [1:2737] "11.107-5" "12.90-53" "12.93-4" "13.27-142" ...
  .. ..$ model      : chr "RKHS"
  .. ..$ Name       : chr "ETA_2"
  .. ..$ tolD       : num 1e-10
  .. ..$ levelsU    : int 2737
  .. ..$ df0        : num 5
  .. ..$ R2         : num 0.167
  .. ..$ S0         : num 49.8
  .. ..$ u          : num [1:3646] 4.729 -0.463 -1.329 -0.265 -0.489 ...
  .. ..$ varU       : num 45.1
  .. ..$ uStar      : num [1:2737] 11.584 -0.463 -2.301 -1.126 -0.265 ...
  .. ..$ NamefileOut: chr "X1_cum/ETA_2_varU.dat"
  .. ..$ SD.u       : num [1:3646] 1.37 2.8 1.76 2.78 2.81 ...
  .. ..$ SD.varU    : num 1.89
  ..$ :List of 15
  .. ..$ V          : num [1:3646, 1:576] -0.00189 -0.00645 -0.00703 -0.00832 -0.00916 ...
  .. .. ..- attr(*, "dimnames")=List of 2
  .. .. .. ..$ : chr [1:3646] "2020-21_11.107-5" "2020-21_12.90-53" "2020-21_12.93-4" "2020-21_14.37-103" ...
  .. .. .. ..$ : NULL
  .. ..$ d          : num [1:576] 985 777 402 285 213 ...
  .. ..$ model      : chr "RKHS"
  .. ..$ Name       : chr "ETA_3"
  .. ..$ tolD       : num 1e-10
  .. ..$ levelsU    : int 576
  .. ..$ df0        : num 5
  .. ..$ R2         : num 0.167
  .. ..$ S0         : num 10.5
  .. ..$ u          : num [1:3646] -3.63 -3.67 -3.39 -3.91 -3.6 ...
  .. ..$ varU       : num 8.53
  .. ..$ uStar      : num [1:576] 90.99 -57.94 99.31 -37.98 -8.82 ...
  .. ..$ NamefileOut: chr "X1_cum/ETA_3_varU.dat"
  .. ..$ SD.u       : num [1:3646] 0.907 0.794 0.906 0.751 0.851 ...
  .. ..$ SD.varU    : num 2.9
 - attr(*, "class")= chr "BGLR"
NULL
List of 21
 $ y            : num [1:3646] 0.1023 0.00692 0.09019 0 0 ...
 $ a            : NULL
 $ b            : NULL
 $ whichNa      : int [1:1011] 2636 2637 2638 2639 2640 2641 2642 2643 2644 2645 ...
 $ saveAt       : chr "X1_cum/"
 $ nIter        : num 12000
 $ burnIn       : num 2000
 $ thin         : num 5
 $ weights      : num [1:3646] 1 1 1 1 1 1 1 1 1 1 ...
 $ verbose      : logi FALSE
 $ response_type: chr "gaussian"
 $ df0          : num 5
 $ S0           : num 144
 $ yHat         : num [1:3646] 5.3459 0.1121 -0.4746 0.0628 0.1535 ...
 $ SD.yHat      : num [1:3646] 1.45 2.78 1.77 2.73 2.78 ...
 $ mu           : num 4.28
 $ SD.mu        : num 0.452
 $ varE         : num 9.09
 $ SD.varE      : num 0.575
 $ fit          :List of 4
  ..$ logLikAtPostMean: num -5778
  ..$ postMeanLogLik  : num -6638
  ..$ pD              : num 1720
  ..$ DIC             : num 14996
 $ ETA          :List of 3
  ..$ :List of 15
  .. ..$ V          : num [1:3646, 1:6] 0 0 0 0 0 0 0 0 0 0 ...
  .. .. ..- attr(*, "dimnames")=List of 2
  .. .. .. ..$ : chr [1:3646] "2020-21_11.107-5" "2020-21_12.90-53" "2020-21_12.93-4" "2020-21_14.37-103" ...
  .. .. .. ..$ : NULL
  .. ..$ d          : num [1:6] 1011 918 450 447 435 ...
  .. ..$ model      : chr "RKHS"
  .. ..$ Name       : chr "ETA_1"
  .. ..$ tolD       : num 1e-10
  .. ..$ levelsU    : int 6
  .. ..$ df0        : num 5
  .. ..$ R2         : num 0.167
  .. ..$ S0         : num 0.109
  .. ..$ u          : num [1:3646] -0.0377 -0.0377 -0.0377 -0.0377 -0.0377 ...
  .. ..$ varU       : num 0.0426
  .. ..$ uStar      : num [1:6] 0.0206 -1.6895 0.6473 1.4606 0.7861 ...
  .. ..$ NamefileOut: chr "X1_cum/ETA_1_varU.dat"
  .. ..$ SD.u       : num [1:3646] 0.206 0.206 0.206 0.206 0.206 ...
  .. ..$ SD.varU    : num 0.0829
  ..$ :List of 15
  .. ..$ V          : num [1:3646, 1:2737] 0.408 0 0 0 0 ...
  .. .. ..- attr(*, "dimnames")=List of 2
  .. .. .. ..$ : chr [1:3646] "2020-21_11.107-5" "2020-21_12.90-53" "2020-21_12.93-4" "2020-21_14.37-103" ...
  .. .. .. ..$ : chr [1:2737] "11.107-5" "12.90-53" "12.93-4" "13.27-142" ...
  .. ..$ d          : Named num [1:2737] 6 1 3 1 1 1 1 1 2 1 ...
  .. .. ..- attr(*, "names")= chr [1:2737] "11.107-5" "12.90-53" "12.93-4" "13.27-142" ...
  .. ..$ model      : chr "RKHS"
  .. ..$ Name       : chr "ETA_2"
  .. ..$ tolD       : num 1e-10
  .. ..$ levelsU    : int 2737
  .. ..$ df0        : num 5
  .. ..$ R2         : num 0.167
  .. ..$ S0         : num 49.8
  .. ..$ u          : num [1:3646] 4.729 -0.463 -1.329 -0.265 -0.489 ...
  .. ..$ varU       : num 45.1
  .. ..$ uStar      : num [1:2737] 11.584 -0.463 -2.301 -1.126 -0.265 ...
  .. ..$ NamefileOut: chr "X1_cum/ETA_2_varU.dat"
  .. ..$ SD.u       : num [1:3646] 1.37 2.8 1.76 2.78 2.81 ...
  .. ..$ SD.varU    : num 1.89
  ..$ :List of 15
  .. ..$ V          : num [1:3646, 1:576] -0.00189 -0.00645 -0.00703 -0.00832 -0.00916 ...
  .. .. ..- attr(*, "dimnames")=List of 2
  .. .. .. ..$ : chr [1:3646] "2020-21_11.107-5" "2020-21_12.90-53" "2020-21_12.93-4" "2020-21_14.37-103" ...
  .. .. .. ..$ : NULL
  .. ..$ d          : num [1:576] 985 777 402 285 213 ...
  .. ..$ model      : chr "RKHS"
  .. ..$ Name       : chr "ETA_3"
  .. ..$ tolD       : num 1e-10
  .. ..$ levelsU    : int 576
  .. ..$ df0        : num 5
  .. ..$ R2         : num 0.167
  .. ..$ S0         : num 10.5
  .. ..$ u          : num [1:3646] -3.63 -3.67 -3.39 -3.91 -3.6 ...
  .. ..$ varU       : num 8.53
  .. ..$ uStar      : num [1:576] 90.99 -57.94 99.31 -37.98 -8.82 ...
  .. ..$ NamefileOut: chr "X1_cum/ETA_3_varU.dat"
  .. ..$ SD.u       : num [1:3646] 0.907 0.794 0.906 0.751 0.851 ...
  .. ..$ SD.varU    : num 2.9
 - attr(*, "class")= chr "BGLR"
NULL
List of 21
 $ y            : num [1:3646] 0.488 5.656 0.158 4.728 11.634 ...
 $ a            : NULL
 $ b            : NULL
 $ whichNa      : int [1:1011] 2636 2637 2638 2639 2640 2641 2642 2643 2644 2645 ...
 $ saveAt       : chr "X3_cum/"
 $ nIter        : num 12000
 $ burnIn       : num 2000
 $ thin         : num 5
 $ weights      : num [1:3646] 1 1 1 1 1 1 1 1 1 1 ...
 $ verbose      : logi FALSE
 $ response_type: chr "gaussian"
 $ df0          : num 5
 $ S0           : num 1647
 $ yHat         : num [1:3646] 26.65 7.57 10.08 6.31 9.68 ...
 $ SD.yHat      : num [1:3646] 6.6 9.63 7.42 9.62 9.72 ...
 $ mu           : num 30.3
 $ SD.mu        : num 2.72
 $ varE         : num 180
 $ SD.varE      : num 14.2
 $ fit          :List of 4
  ..$ logLikAtPostMean: num -9991
  ..$ postMeanLogLik  : num -10572
  ..$ pD              : num 1162
  ..$ DIC             : num 22307
 $ ETA          :List of 3
  ..$ :List of 15
  .. ..$ V          : num [1:3646, 1:6] 0 0 0 0 0 0 0 0 0 0 ...
  .. .. ..- attr(*, "dimnames")=List of 2
  .. .. .. ..$ : chr [1:3646] "2020-21_11.107-5" "2020-21_12.90-53" "2020-21_12.93-4" "2020-21_14.37-103" ...
  .. .. .. ..$ : NULL
  .. ..$ d          : num [1:6] 1011 918 450 447 435 ...
  .. ..$ model      : chr "RKHS"
  .. ..$ Name       : chr "ETA_1"
  .. ..$ tolD       : num 1e-10
  .. ..$ levelsU    : int 6
  .. ..$ df0        : num 5
  .. ..$ R2         : num 0.167
  .. ..$ S0         : num 1.25
  .. ..$ u          : num [1:3646] -0.153 -0.153 -0.153 -0.153 -0.153 ...
  .. ..$ varU       : num 0.459
  .. ..$ uStar      : num [1:6] -0.144 -3.541 -0.681 -0.615 3.197 ...
  .. ..$ NamefileOut: chr "X3_cum/ETA_1_varU.dat"
  .. ..$ SD.u       : num [1:3646] 0.679 0.679 0.679 0.679 0.679 ...
  .. ..$ SD.varU    : num 0.543
  ..$ :List of 15
  .. ..$ V          : num [1:3646, 1:2737] 0.408 0 0 0 0 ...
  .. .. ..- attr(*, "dimnames")=List of 2
  .. .. .. ..$ : chr [1:3646] "2020-21_11.107-5" "2020-21_12.90-53" "2020-21_12.93-4" "2020-21_14.37-103" ...
  .. .. .. ..$ : chr [1:2737] "11.107-5" "12.90-53" "12.93-4" "13.27-142" ...
  .. ..$ d          : Named num [1:2737] 6 1 3 1 1 1 1 1 2 1 ...
  .. .. ..- attr(*, "names")= chr [1:2737] "11.107-5" "12.90-53" "12.93-4" "13.27-142" ...
  .. ..$ model      : chr "RKHS"
  .. ..$ Name       : chr "ETA_2"
  .. ..$ tolD       : num 1e-10
  .. ..$ levelsU    : int 2737
  .. ..$ df0        : num 5
  .. ..$ R2         : num 0.167
  .. ..$ S0         : num 570
  .. ..$ u          : num [1:3646] 6.16 -1.63 4.31 -1.78 1.57 ...
  .. ..$ varU       : num 183
  .. ..$ uStar      : num [1:2737] 15.1 -1.63 7.46 16.3 -1.78 ...
  .. ..$ NamefileOut: chr "X3_cum/ETA_2_varU.dat"
  .. ..$ SD.u       : num [1:3646] 5.63 9.6 6.85 9.55 9.65 ...
  .. ..$ SD.varU    : num 19.7
  ..$ :List of 15
  .. ..$ V          : num [1:3646, 1:576] -0.00189 -0.00645 -0.00703 -0.00832 -0.00916 ...
  .. .. ..- attr(*, "dimnames")=List of 2
  .. .. .. ..$ : chr [1:3646] "2020-21_11.107-5" "2020-21_12.90-53" "2020-21_12.93-4" "2020-21_14.37-103" ...
  .. .. .. ..$ : NULL
  .. ..$ d          : num [1:576] 985 777 402 285 213 ...
  .. ..$ model      : chr "RKHS"
  .. ..$ Name       : chr "ETA_3"
  .. ..$ tolD       : num 1e-10
  .. ..$ levelsU    : int 576
  .. ..$ df0        : num 5
  .. ..$ R2         : num 0.167
  .. ..$ S0         : num 120
  .. ..$ u          : num [1:3646] -9.67 -20.97 -24.39 -22.07 -22.05 ...
  .. ..$ varU       : num 861
  .. ..$ uStar      : num [1:576] 580.5 -138.1 505.1 -131.7 50.4 ...
  .. ..$ NamefileOut: chr "X3_cum/ETA_3_varU.dat"
  .. ..$ SD.u       : num [1:3646] 4.77 4.43 4.75 4.16 4.61 ...
  .. ..$ SD.varU    : num 174
 - attr(*, "class")= chr "BGLR"
NULL
List of 21
 $ y            : num [1:3646] 0.1023 0.00692 0.09019 0 0 ...
 $ a            : NULL
 $ b            : NULL
 $ whichNa      : int [1:1011] 2636 2637 2638 2639 2640 2641 2642 2643 2644 2645 ...
 $ saveAt       : chr "X1_cum/"
 $ nIter        : num 12000
 $ burnIn       : num 2000
 $ thin         : num 5
 $ weights      : num [1:3646] 1 1 1 1 1 1 1 1 1 1 ...
 $ verbose      : logi FALSE
 $ response_type: chr "gaussian"
 $ df0          : num 5
 $ S0           : num 144
 $ yHat         : num [1:3646] 5.3459 0.1121 -0.4746 0.0628 0.1535 ...
 $ SD.yHat      : num [1:3646] 1.45 2.78 1.77 2.73 2.78 ...
 $ mu           : num 4.28
 $ SD.mu        : num 0.452
 $ varE         : num 9.09
 $ SD.varE      : num 0.575
 $ fit          :List of 4
  ..$ logLikAtPostMean: num -5778
  ..$ postMeanLogLik  : num -6638
  ..$ pD              : num 1720
  ..$ DIC             : num 14996
 $ ETA          :List of 3
  ..$ :List of 15
  .. ..$ V          : num [1:3646, 1:6] 0 0 0 0 0 0 0 0 0 0 ...
  .. .. ..- attr(*, "dimnames")=List of 2
  .. .. .. ..$ : chr [1:3646] "2020-21_11.107-5" "2020-21_12.90-53" "2020-21_12.93-4" "2020-21_14.37-103" ...
  .. .. .. ..$ : NULL
  .. ..$ d          : num [1:6] 1011 918 450 447 435 ...
  .. ..$ model      : chr "RKHS"
  .. ..$ Name       : chr "ETA_1"
  .. ..$ tolD       : num 1e-10
  .. ..$ levelsU    : int 6
  .. ..$ df0        : num 5
  .. ..$ R2         : num 0.167
  .. ..$ S0         : num 0.109
  .. ..$ u          : num [1:3646] -0.0377 -0.0377 -0.0377 -0.0377 -0.0377 ...
  .. ..$ varU       : num 0.0426
  .. ..$ uStar      : num [1:6] 0.0206 -1.6895 0.6473 1.4606 0.7861 ...
  .. ..$ NamefileOut: chr "X1_cum/ETA_1_varU.dat"
  .. ..$ SD.u       : num [1:3646] 0.206 0.206 0.206 0.206 0.206 ...
  .. ..$ SD.varU    : num 0.0829
  ..$ :List of 15
  .. ..$ V          : num [1:3646, 1:2737] 0.408 0 0 0 0 ...
  .. .. ..- attr(*, "dimnames")=List of 2
  .. .. .. ..$ : chr [1:3646] "2020-21_11.107-5" "2020-21_12.90-53" "2020-21_12.93-4" "2020-21_14.37-103" ...
  .. .. .. ..$ : chr [1:2737] "11.107-5" "12.90-53" "12.93-4" "13.27-142" ...
  .. ..$ d          : Named num [1:2737] 6 1 3 1 1 1 1 1 2 1 ...
  .. .. ..- attr(*, "names")= chr [1:2737] "11.107-5" "12.90-53" "12.93-4" "13.27-142" ...
  .. ..$ model      : chr "RKHS"
  .. ..$ Name       : chr "ETA_2"
  .. ..$ tolD       : num 1e-10
  .. ..$ levelsU    : int 2737
  .. ..$ df0        : num 5
  .. ..$ R2         : num 0.167
  .. ..$ S0         : num 49.8
  .. ..$ u          : num [1:3646] 4.729 -0.463 -1.329 -0.265 -0.489 ...
  .. ..$ varU       : num 45.1
  .. ..$ uStar      : num [1:2737] 11.584 -0.463 -2.301 -1.126 -0.265 ...
  .. ..$ NamefileOut: chr "X1_cum/ETA_2_varU.dat"
  .. ..$ SD.u       : num [1:3646] 1.37 2.8 1.76 2.78 2.81 ...
  .. ..$ SD.varU    : num 1.89
  ..$ :List of 15
  .. ..$ V          : num [1:3646, 1:576] -0.00189 -0.00645 -0.00703 -0.00832 -0.00916 ...
  .. .. ..- attr(*, "dimnames")=List of 2
  .. .. .. ..$ : chr [1:3646] "2020-21_11.107-5" "2020-21_12.90-53" "2020-21_12.93-4" "2020-21_14.37-103" ...
  .. .. .. ..$ : NULL
  .. ..$ d          : num [1:576] 985 777 402 285 213 ...
  .. ..$ model      : chr "RKHS"
  .. ..$ Name       : chr "ETA_3"
  .. ..$ tolD       : num 1e-10
  .. ..$ levelsU    : int 576
  .. ..$ df0        : num 5
  .. ..$ R2         : num 0.167
  .. ..$ S0         : num 10.5
  .. ..$ u          : num [1:3646] -3.63 -3.67 -3.39 -3.91 -3.6 ...
  .. ..$ varU       : num 8.53
  .. ..$ uStar      : num [1:576] 90.99 -57.94 99.31 -37.98 -8.82 ...
  .. ..$ NamefileOut: chr "X1_cum/ETA_3_varU.dat"
  .. ..$ SD.u       : num [1:3646] 0.907 0.794 0.906 0.751 0.851 ...
  .. ..$ SD.varU    : num 2.9
 - attr(*, "class")= chr "BGLR"
NULL
List of 21
 $ y            : num [1:3646] 0.1023 0.00692 0.09019 0 0 ...
 $ a            : NULL
 $ b            : NULL
 $ whichNa      : int [1:1011] 2636 2637 2638 2639 2640 2641 2642 2643 2644 2645 ...
 $ saveAt       : chr "X1_cum/"
 $ nIter        : num 12000
 $ burnIn       : num 2000
 $ thin         : num 5
 $ weights      : num [1:3646] 1 1 1 1 1 1 1 1 1 1 ...
 $ verbose      : logi FALSE
 $ response_type: chr "gaussian"
 $ df0          : num 5
 $ S0           : num 144
 $ yHat         : num [1:3646] 5.3459 0.1121 -0.4746 0.0628 0.1535 ...
 $ SD.yHat      : num [1:3646] 1.45 2.78 1.77 2.73 2.78 ...
 $ mu           : num 4.28
 $ SD.mu        : num 0.452
 $ varE         : num 9.09
 $ SD.varE      : num 0.575
 $ fit          :List of 4
  ..$ logLikAtPostMean: num -5778
  ..$ postMeanLogLik  : num -6638
  ..$ pD              : num 1720
  ..$ DIC             : num 14996
 $ ETA          :List of 3
  ..$ :List of 15
  .. ..$ V          : num [1:3646, 1:6] 0 0 0 0 0 0 0 0 0 0 ...
  .. .. ..- attr(*, "dimnames")=List of 2
  .. .. .. ..$ : chr [1:3646] "2020-21_11.107-5" "2020-21_12.90-53" "2020-21_12.93-4" "2020-21_14.37-103" ...
  .. .. .. ..$ : NULL
  .. ..$ d          : num [1:6] 1011 918 450 447 435 ...
  .. ..$ model      : chr "RKHS"
  .. ..$ Name       : chr "ETA_1"
  .. ..$ tolD       : num 1e-10
  .. ..$ levelsU    : int 6
  .. ..$ df0        : num 5
  .. ..$ R2         : num 0.167
  .. ..$ S0         : num 0.109
  .. ..$ u          : num [1:3646] -0.0377 -0.0377 -0.0377 -0.0377 -0.0377 ...
  .. ..$ varU       : num 0.0426
  .. ..$ uStar      : num [1:6] 0.0206 -1.6895 0.6473 1.4606 0.7861 ...
  .. ..$ NamefileOut: chr "X1_cum/ETA_1_varU.dat"
  .. ..$ SD.u       : num [1:3646] 0.206 0.206 0.206 0.206 0.206 ...
  .. ..$ SD.varU    : num 0.0829
  ..$ :List of 15
  .. ..$ V          : num [1:3646, 1:2737] 0.408 0 0 0 0 ...
  .. .. ..- attr(*, "dimnames")=List of 2
  .. .. .. ..$ : chr [1:3646] "2020-21_11.107-5" "2020-21_12.90-53" "2020-21_12.93-4" "2020-21_14.37-103" ...
  .. .. .. ..$ : chr [1:2737] "11.107-5" "12.90-53" "12.93-4" "13.27-142" ...
  .. ..$ d          : Named num [1:2737] 6 1 3 1 1 1 1 1 2 1 ...
  .. .. ..- attr(*, "names")= chr [1:2737] "11.107-5" "12.90-53" "12.93-4" "13.27-142" ...
  .. ..$ model      : chr "RKHS"
  .. ..$ Name       : chr "ETA_2"
  .. ..$ tolD       : num 1e-10
  .. ..$ levelsU    : int 2737
  .. ..$ df0        : num 5
  .. ..$ R2         : num 0.167
  .. ..$ S0         : num 49.8
  .. ..$ u          : num [1:3646] 4.729 -0.463 -1.329 -0.265 -0.489 ...
  .. ..$ varU       : num 45.1
  .. ..$ uStar      : num [1:2737] 11.584 -0.463 -2.301 -1.126 -0.265 ...
  .. ..$ NamefileOut: chr "X1_cum/ETA_2_varU.dat"
  .. ..$ SD.u       : num [1:3646] 1.37 2.8 1.76 2.78 2.81 ...
  .. ..$ SD.varU    : num 1.89
  ..$ :List of 15
  .. ..$ V          : num [1:3646, 1:576] -0.00189 -0.00645 -0.00703 -0.00832 -0.00916 ...
  .. .. ..- attr(*, "dimnames")=List of 2
  .. .. .. ..$ : chr [1:3646] "2020-21_11.107-5" "2020-21_12.90-53" "2020-21_12.93-4" "2020-21_14.37-103" ...
  .. .. .. ..$ : NULL
  .. ..$ d          : num [1:576] 985 777 402 285 213 ...
  .. ..$ model      : chr "RKHS"
  .. ..$ Name       : chr "ETA_3"
  .. ..$ tolD       : num 1e-10
  .. ..$ levelsU    : int 576
  .. ..$ df0        : num 5
  .. ..$ R2         : num 0.167
  .. ..$ S0         : num 10.5
  .. ..$ u          : num [1:3646] -3.63 -3.67 -3.39 -3.91 -3.6 ...
  .. ..$ varU       : num 8.53
  .. ..$ uStar      : num [1:576] 90.99 -57.94 99.31 -37.98 -8.82 ...
  .. ..$ NamefileOut: chr "X1_cum/ETA_3_varU.dat"
  .. ..$ SD.u       : num [1:3646] 0.907 0.794 0.906 0.751 0.851 ...
  .. ..$ SD.varU    : num 2.9
 - attr(*, "class")= chr "BGLR"
NULL
List of 21
 $ y            : num [1:3646] 0.488 17.358 0.481 7.03 16.172 ...
 $ a            : NULL
 $ b            : NULL
 $ whichNa      : int [1:1011] 2636 2637 2638 2639 2640 2641 2642 2643 2644 2645 ...
 $ saveAt       : chr "X4_cum/"
 $ nIter        : num 12000
 $ burnIn       : num 2000
 $ thin         : num 5
 $ weights      : num [1:3646] 1 1 1 1 1 1 1 1 1 1 ...
 $ verbose      : logi FALSE
 $ response_type: chr "gaussian"
 $ df0          : num 5
 $ S0           : num 2535
 $ yHat         : num [1:3646] 31.8 17.5 16 12.6 17.5 ...
 $ SD.yHat      : num [1:3646] 7.9 11.47 9.38 11.13 11.9 ...
 $ mu           : num 42.8
 $ SD.mu        : num 3.02
 $ varE         : num 262
 $ SD.varE      : num 19.1
 $ fit          :List of 4
  ..$ logLikAtPostMean: num -10488
  ..$ postMeanLogLik  : num -11068
  ..$ pD              : num 1158
  ..$ DIC             : num 23293
 $ ETA          :List of 3
  ..$ :List of 15
  .. ..$ V          : num [1:3646, 1:6] 0 0 0 0 0 0 0 0 0 0 ...
  .. .. ..- attr(*, "dimnames")=List of 2
  .. .. .. ..$ : chr [1:3646] "2020-21_11.107-5" "2020-21_12.90-53" "2020-21_12.93-4" "2020-21_14.37-103" ...
  .. .. .. ..$ : NULL
  .. ..$ d          : num [1:6] 1011 918 450 447 435 ...
  .. ..$ model      : chr "RKHS"
  .. ..$ Name       : chr "ETA_1"
  .. ..$ tolD       : num 1e-10
  .. ..$ levelsU    : int 6
  .. ..$ df0        : num 5
  .. ..$ R2         : num 0.167
  .. ..$ S0         : num 1.92
  .. ..$ u          : num [1:3646] -0.264 -0.264 -0.264 -0.264 -0.264 ...
  .. ..$ varU       : num 0.752
  .. ..$ uStar      : num [1:6] -0.333 -6.224 -0.857 0.979 5.507 ...
  .. ..$ NamefileOut: chr "X4_cum/ETA_1_varU.dat"
  .. ..$ SD.u       : num [1:3646] 0.984 0.984 0.984 0.984 0.984 ...
  .. ..$ SD.varU    : num 1.32
  ..$ :List of 15
  .. ..$ V          : num [1:3646, 1:2737] 0.408 0 0 0 0 ...
  .. .. ..- attr(*, "dimnames")=List of 2
  .. .. .. ..$ : chr [1:3646] "2020-21_11.107-5" "2020-21_12.90-53" "2020-21_12.93-4" "2020-21_14.37-103" ...
  .. .. .. ..$ : chr [1:2737] "11.107-5" "12.90-53" "12.93-4" "13.27-142" ...
  .. ..$ d          : Named num [1:2737] 6 1 3 1 1 1 1 1 2 1 ...
  .. .. ..- attr(*, "names")= chr [1:2737] "11.107-5" "12.90-53" "12.93-4" "13.27-142" ...
  .. ..$ model      : chr "RKHS"
  .. ..$ Name       : chr "ETA_2"
  .. ..$ tolD       : num 1e-10
  .. ..$ levelsU    : int 2737
  .. ..$ df0        : num 5
  .. ..$ R2         : num 0.167
  .. ..$ S0         : num 878
  .. ..$ u          : num [1:3646] 3.826 -0.138 7.941 -5.32 -1.123 ...
  .. ..$ varU       : num 253
  .. ..$ uStar      : num [1:2737] 9.371 -0.138 13.754 16.516 -5.32 ...
  .. ..$ NamefileOut: chr "X4_cum/ETA_2_varU.dat"
  .. ..$ SD.u       : num [1:3646] 6.8 11.4 8.7 11.1 12 ...
  .. ..$ SD.varU    : num 25.7
  ..$ :List of 15
  .. ..$ V          : num [1:3646, 1:576] -0.00189 -0.00645 -0.00703 -0.00832 -0.00916 ...
  .. .. ..- attr(*, "dimnames")=List of 2
  .. .. .. ..$ : chr [1:3646] "2020-21_11.107-5" "2020-21_12.90-53" "2020-21_12.93-4" "2020-21_14.37-103" ...
  .. .. .. ..$ : NULL
  .. ..$ d          : num [1:576] 985 777 402 285 213 ...
  .. ..$ model      : chr "RKHS"
  .. ..$ Name       : chr "ETA_3"
  .. ..$ tolD       : num 1e-10
  .. ..$ levelsU    : int 576
  .. ..$ df0        : num 5
  .. ..$ R2         : num 0.167
  .. ..$ S0         : num 185
  .. ..$ u          : num [1:3646] -14.6 -24.9 -34.5 -24.6 -23.9 ...
  .. ..$ varU       : num 1989
  .. ..$ uStar      : num [1:576] 805.98 -165.45 579.61 8.17 -31.2 ...
  .. ..$ NamefileOut: chr "X4_cum/ETA_3_varU.dat"
  .. ..$ SD.u       : num [1:3646] 5.97 5.3 6.07 5.19 5.49 ...
  .. ..$ SD.varU    : num 378
 - attr(*, "class")= chr "BGLR"
NULL
List of 21
 $ y            : num [1:3646] 0.488 5.656 0.158 4.728 11.634 ...
 $ a            : NULL
 $ b            : NULL
 $ whichNa      : int [1:1011] 2636 2637 2638 2639 2640 2641 2642 2643 2644 2645 ...
 $ saveAt       : chr "X3_cum/"
 $ nIter        : num 12000
 $ burnIn       : num 2000
 $ thin         : num 5
 $ weights      : num [1:3646] 1 1 1 1 1 1 1 1 1 1 ...
 $ verbose      : logi FALSE
 $ response_type: chr "gaussian"
 $ df0          : num 5
 $ S0           : num 1647
 $ yHat         : num [1:3646] 26.65 7.57 10.08 6.31 9.68 ...
 $ SD.yHat      : num [1:3646] 6.6 9.63 7.42 9.62 9.72 ...
 $ mu           : num 30.3
 $ SD.mu        : num 2.72
 $ varE         : num 180
 $ SD.varE      : num 14.2
 $ fit          :List of 4
  ..$ logLikAtPostMean: num -9991
  ..$ postMeanLogLik  : num -10572
  ..$ pD              : num 1162
  ..$ DIC             : num 22307
 $ ETA          :List of 3
  ..$ :List of 15
  .. ..$ V          : num [1:3646, 1:6] 0 0 0 0 0 0 0 0 0 0 ...
  .. .. ..- attr(*, "dimnames")=List of 2
  .. .. .. ..$ : chr [1:3646] "2020-21_11.107-5" "2020-21_12.90-53" "2020-21_12.93-4" "2020-21_14.37-103" ...
  .. .. .. ..$ : NULL
  .. ..$ d          : num [1:6] 1011 918 450 447 435 ...
  .. ..$ model      : chr "RKHS"
  .. ..$ Name       : chr "ETA_1"
  .. ..$ tolD       : num 1e-10
  .. ..$ levelsU    : int 6
  .. ..$ df0        : num 5
  .. ..$ R2         : num 0.167
  .. ..$ S0         : num 1.25
  .. ..$ u          : num [1:3646] -0.153 -0.153 -0.153 -0.153 -0.153 ...
  .. ..$ varU       : num 0.459
  .. ..$ uStar      : num [1:6] -0.144 -3.541 -0.681 -0.615 3.197 ...
  .. ..$ NamefileOut: chr "X3_cum/ETA_1_varU.dat"
  .. ..$ SD.u       : num [1:3646] 0.679 0.679 0.679 0.679 0.679 ...
  .. ..$ SD.varU    : num 0.543
  ..$ :List of 15
  .. ..$ V          : num [1:3646, 1:2737] 0.408 0 0 0 0 ...
  .. .. ..- attr(*, "dimnames")=List of 2
  .. .. .. ..$ : chr [1:3646] "2020-21_11.107-5" "2020-21_12.90-53" "2020-21_12.93-4" "2020-21_14.37-103" ...
  .. .. .. ..$ : chr [1:2737] "11.107-5" "12.90-53" "12.93-4" "13.27-142" ...
  .. ..$ d          : Named num [1:2737] 6 1 3 1 1 1 1 1 2 1 ...
  .. .. ..- attr(*, "names")= chr [1:2737] "11.107-5" "12.90-53" "12.93-4" "13.27-142" ...
  .. ..$ model      : chr "RKHS"
  .. ..$ Name       : chr "ETA_2"
  .. ..$ tolD       : num 1e-10
  .. ..$ levelsU    : int 2737
  .. ..$ df0        : num 5
  .. ..$ R2         : num 0.167
  .. ..$ S0         : num 570
  .. ..$ u          : num [1:3646] 6.16 -1.63 4.31 -1.78 1.57 ...
  .. ..$ varU       : num 183
  .. ..$ uStar      : num [1:2737] 15.1 -1.63 7.46 16.3 -1.78 ...
  .. ..$ NamefileOut: chr "X3_cum/ETA_2_varU.dat"
  .. ..$ SD.u       : num [1:3646] 5.63 9.6 6.85 9.55 9.65 ...
  .. ..$ SD.varU    : num 19.7
  ..$ :List of 15
  .. ..$ V          : num [1:3646, 1:576] -0.00189 -0.00645 -0.00703 -0.00832 -0.00916 ...
  .. .. ..- attr(*, "dimnames")=List of 2
  .. .. .. ..$ : chr [1:3646] "2020-21_11.107-5" "2020-21_12.90-53" "2020-21_12.93-4" "2020-21_14.37-103" ...
  .. .. .. ..$ : NULL
  .. ..$ d          : num [1:576] 985 777 402 285 213 ...
  .. ..$ model      : chr "RKHS"
  .. ..$ Name       : chr "ETA_3"
  .. ..$ tolD       : num 1e-10
  .. ..$ levelsU    : int 576
  .. ..$ df0        : num 5
  .. ..$ R2         : num 0.167
  .. ..$ S0         : num 120
  .. ..$ u          : num [1:3646] -9.67 -20.97 -24.39 -22.07 -22.05 ...
  .. ..$ varU       : num 861
  .. ..$ uStar      : num [1:576] 580.5 -138.1 505.1 -131.7 50.4 ...
  .. ..$ NamefileOut: chr "X3_cum/ETA_3_varU.dat"
  .. ..$ SD.u       : num [1:3646] 4.77 4.43 4.75 4.16 4.61 ...
  .. ..$ SD.varU    : num 174
 - attr(*, "class")= chr "BGLR"
NULL
List of 21
 $ y            : num [1:3646] 0.488 5.656 0.158 4.728 11.634 ...
 $ a            : NULL
 $ b            : NULL
 $ whichNa      : int [1:1011] 2636 2637 2638 2639 2640 2641 2642 2643 2644 2645 ...
 $ saveAt       : chr "X3_cum/"
 $ nIter        : num 12000
 $ burnIn       : num 2000
 $ thin         : num 5
 $ weights      : num [1:3646] 1 1 1 1 1 1 1 1 1 1 ...
 $ verbose      : logi FALSE
 $ response_type: chr "gaussian"
 $ df0          : num 5
 $ S0           : num 1647
 $ yHat         : num [1:3646] 26.65 7.57 10.08 6.31 9.68 ...
 $ SD.yHat      : num [1:3646] 6.6 9.63 7.42 9.62 9.72 ...
 $ mu           : num 30.3
 $ SD.mu        : num 2.72
 $ varE         : num 180
 $ SD.varE      : num 14.2
 $ fit          :List of 4
  ..$ logLikAtPostMean: num -9991
  ..$ postMeanLogLik  : num -10572
  ..$ pD              : num 1162
  ..$ DIC             : num 22307
 $ ETA          :List of 3
  ..$ :List of 15
  .. ..$ V          : num [1:3646, 1:6] 0 0 0 0 0 0 0 0 0 0 ...
  .. .. ..- attr(*, "dimnames")=List of 2
  .. .. .. ..$ : chr [1:3646] "2020-21_11.107-5" "2020-21_12.90-53" "2020-21_12.93-4" "2020-21_14.37-103" ...
  .. .. .. ..$ : NULL
  .. ..$ d          : num [1:6] 1011 918 450 447 435 ...
  .. ..$ model      : chr "RKHS"
  .. ..$ Name       : chr "ETA_1"
  .. ..$ tolD       : num 1e-10
  .. ..$ levelsU    : int 6
  .. ..$ df0        : num 5
  .. ..$ R2         : num 0.167
  .. ..$ S0         : num 1.25
  .. ..$ u          : num [1:3646] -0.153 -0.153 -0.153 -0.153 -0.153 ...
  .. ..$ varU       : num 0.459
  .. ..$ uStar      : num [1:6] -0.144 -3.541 -0.681 -0.615 3.197 ...
  .. ..$ NamefileOut: chr "X3_cum/ETA_1_varU.dat"
  .. ..$ SD.u       : num [1:3646] 0.679 0.679 0.679 0.679 0.679 ...
  .. ..$ SD.varU    : num 0.543
  ..$ :List of 15
  .. ..$ V          : num [1:3646, 1:2737] 0.408 0 0 0 0 ...
  .. .. ..- attr(*, "dimnames")=List of 2
  .. .. .. ..$ : chr [1:3646] "2020-21_11.107-5" "2020-21_12.90-53" "2020-21_12.93-4" "2020-21_14.37-103" ...
  .. .. .. ..$ : chr [1:2737] "11.107-5" "12.90-53" "12.93-4" "13.27-142" ...
  .. ..$ d          : Named num [1:2737] 6 1 3 1 1 1 1 1 2 1 ...
  .. .. ..- attr(*, "names")= chr [1:2737] "11.107-5" "12.90-53" "12.93-4" "13.27-142" ...
  .. ..$ model      : chr "RKHS"
  .. ..$ Name       : chr "ETA_2"
  .. ..$ tolD       : num 1e-10
  .. ..$ levelsU    : int 2737
  .. ..$ df0        : num 5
  .. ..$ R2         : num 0.167
  .. ..$ S0         : num 570
  .. ..$ u          : num [1:3646] 6.16 -1.63 4.31 -1.78 1.57 ...
  .. ..$ varU       : num 183
  .. ..$ uStar      : num [1:2737] 15.1 -1.63 7.46 16.3 -1.78 ...
  .. ..$ NamefileOut: chr "X3_cum/ETA_2_varU.dat"
  .. ..$ SD.u       : num [1:3646] 5.63 9.6 6.85 9.55 9.65 ...
  .. ..$ SD.varU    : num 19.7
  ..$ :List of 15
  .. ..$ V          : num [1:3646, 1:576] -0.00189 -0.00645 -0.00703 -0.00832 -0.00916 ...
  .. .. ..- attr(*, "dimnames")=List of 2
  .. .. .. ..$ : chr [1:3646] "2020-21_11.107-5" "2020-21_12.90-53" "2020-21_12.93-4" "2020-21_14.37-103" ...
  .. .. .. ..$ : NULL
  .. ..$ d          : num [1:576] 985 777 402 285 213 ...
  .. ..$ model      : chr "RKHS"
  .. ..$ Name       : chr "ETA_3"
  .. ..$ tolD       : num 1e-10
  .. ..$ levelsU    : int 576
  .. ..$ df0        : num 5
  .. ..$ R2         : num 0.167
  .. ..$ S0         : num 120
  .. ..$ u          : num [1:3646] -9.67 -20.97 -24.39 -22.07 -22.05 ...
  .. ..$ varU       : num 861
  .. ..$ uStar      : num [1:576] 580.5 -138.1 505.1 -131.7 50.4 ...
  .. ..$ NamefileOut: chr "X3_cum/ETA_3_varU.dat"
  .. ..$ SD.u       : num [1:3646] 4.77 4.43 4.75 4.16 4.61 ...
  .. ..$ SD.varU    : num 174
 - attr(*, "class")= chr "BGLR"
NULL
List of 21
 $ y            : num [1:3646] 154.538 29.272 69.207 65.857 0.606 ...
 $ a            : NULL
 $ b            : NULL
 $ whichNa      : int [1:1011] 2636 2637 2638 2639 2640 2641 2642 2643 2644 2645 ...
 $ saveAt       : chr "X10/"
 $ nIter        : num 12000
 $ burnIn       : num 2000
 $ thin         : num 5
 $ weights      : num [1:3646] 1 1 1 1 1 1 1 1 1 1 ...
 $ verbose      : logi FALSE
 $ response_type: chr "gaussian"
 $ df0          : num 5
 $ S0           : num 3450
 $ yHat         : num [1:3646] 57.85 33 52.57 33.08 9.58 ...
 $ SD.yHat      : num [1:3646] 8.05 8.25 8.52 8.23 8.5 ...
 $ mu           : num 47.1
 $ SD.mu        : num 3.64
 $ varE         : num 496
 $ SD.varE      : num 17.9
 $ fit          :List of 4
  ..$ logLikAtPostMean: num -11722
  ..$ postMeanLogLik  : num -11914
  ..$ pD              : num 384
  ..$ DIC             : num 24213
 $ ETA          :List of 3
  ..$ :List of 15
  .. ..$ V          : num [1:3646, 1:6] 0 0 0 0 0 0 0 0 0 0 ...
  .. .. ..- attr(*, "dimnames")=List of 2
  .. .. .. ..$ : chr [1:3646] "2020-21_11.107-5" "2020-21_12.90-53" "2020-21_12.93-4" "2020-21_14.37-103" ...
  .. .. .. ..$ : NULL
  .. ..$ d          : num [1:6] 1011 918 450 447 435 ...
  .. ..$ model      : chr "RKHS"
  .. ..$ Name       : chr "ETA_1"
  .. ..$ tolD       : num 1e-10
  .. ..$ levelsU    : int 6
  .. ..$ df0        : num 5
  .. ..$ R2         : num 0.167
  .. ..$ S0         : num 2.62
  .. ..$ u          : num [1:3646] -0.0314 -0.0314 -0.0314 -0.0314 -0.0314 ...
  .. ..$ varU       : num 2.32
  .. ..$ uStar      : num [1:6] -1.947 19.223 -3.157 -1.555 0.656 ...
  .. ..$ NamefileOut: chr "X10/ETA_1_varU.dat"
  .. ..$ SD.u       : num [1:3646] 1.44 1.44 1.44 1.44 1.44 ...
  .. ..$ SD.varU    : num 14.2
  ..$ :List of 15
  .. ..$ V          : num [1:3646, 1:2737] 0.408 0 0 0 0 ...
  .. .. ..- attr(*, "dimnames")=List of 2
  .. .. .. ..$ : chr [1:3646] "2020-21_11.107-5" "2020-21_12.90-53" "2020-21_12.93-4" "2020-21_14.37-103" ...
  .. .. .. ..$ : chr [1:2737] "11.107-5" "12.90-53" "12.93-4" "13.27-142" ...
  .. ..$ d          : Named num [1:2737] 6 1 3 1 1 1 1 1 2 1 ...
  .. .. ..- attr(*, "names")= chr [1:2737] "11.107-5" "12.90-53" "12.93-4" "13.27-142" ...
  .. ..$ model      : chr "RKHS"
  .. ..$ Name       : chr "ETA_2"
  .. ..$ tolD       : num 1e-10
  .. ..$ levelsU    : int 2737
  .. ..$ df0        : num 5
  .. ..$ R2         : num 0.167
  .. ..$ S0         : num 1195
  .. ..$ u          : num [1:3646] 7.603 -0.565 4.663 4.292 -1.118 ...
  .. ..$ varU       : num 62.8
  .. ..$ uStar      : num [1:2737] 18.624 -0.565 8.077 -5.52 4.292 ...
  .. ..$ NamefileOut: chr "X10/ETA_2_varU.dat"
  .. ..$ SD.u       : num [1:3646] 6.17 7.37 6.8 7.49 7.51 ...
  .. ..$ SD.varU    : num 10.2
  ..$ :List of 15
  .. ..$ V          : num [1:3646, 1:576] -0.00189 -0.00645 -0.00703 -0.00832 -0.00916 ...
  .. .. ..- attr(*, "dimnames")=List of 2
  .. .. .. ..$ : chr [1:3646] "2020-21_11.107-5" "2020-21_12.90-53" "2020-21_12.93-4" "2020-21_14.37-103" ...
  .. .. .. ..$ : NULL
  .. ..$ d          : num [1:576] 985 777 402 285 213 ...
  .. ..$ model      : chr "RKHS"
  .. ..$ Name       : chr "ETA_3"
  .. ..$ tolD       : num 1e-10
  .. ..$ levelsU    : int 576
  .. ..$ df0        : num 5
  .. ..$ R2         : num 0.167
  .. ..$ S0         : num 251
  .. ..$ u          : num [1:3646] 3.14 -13.539 0.798 -18.318 -36.408 ...
  .. ..$ varU       : num 1666
  .. ..$ uStar      : num [1:576] -1166 572 730 235 126 ...
  .. ..$ NamefileOut: chr "X10/ETA_3_varU.dat"
  .. ..$ SD.u       : num [1:3646] 6.52 5.85 6.56 5.59 6.19 ...
  .. ..$ SD.varU    : num 361
 - attr(*, "class")= chr "BGLR"
NULL
List of 21
 $ y            : num [1:3646] 0.488 5.656 0.158 4.728 11.634 ...
 $ a            : NULL
 $ b            : NULL
 $ whichNa      : int [1:1011] 2636 2637 2638 2639 2640 2641 2642 2643 2644 2645 ...
 $ saveAt       : chr "X3_cum/"
 $ nIter        : num 12000
 $ burnIn       : num 2000
 $ thin         : num 5
 $ weights      : num [1:3646] 1 1 1 1 1 1 1 1 1 1 ...
 $ verbose      : logi FALSE
 $ response_type: chr "gaussian"
 $ df0          : num 5
 $ S0           : num 1647
 $ yHat         : num [1:3646] 26.65 7.57 10.08 6.31 9.68 ...
 $ SD.yHat      : num [1:3646] 6.6 9.63 7.42 9.62 9.72 ...
 $ mu           : num 30.3
 $ SD.mu        : num 2.72
 $ varE         : num 180
 $ SD.varE      : num 14.2
 $ fit          :List of 4
  ..$ logLikAtPostMean: num -9991
  ..$ postMeanLogLik  : num -10572
  ..$ pD              : num 1162
  ..$ DIC             : num 22307
 $ ETA          :List of 3
  ..$ :List of 15
  .. ..$ V          : num [1:3646, 1:6] 0 0 0 0 0 0 0 0 0 0 ...
  .. .. ..- attr(*, "dimnames")=List of 2
  .. .. .. ..$ : chr [1:3646] "2020-21_11.107-5" "2020-21_12.90-53" "2020-21_12.93-4" "2020-21_14.37-103" ...
  .. .. .. ..$ : NULL
  .. ..$ d          : num [1:6] 1011 918 450 447 435 ...
  .. ..$ model      : chr "RKHS"
  .. ..$ Name       : chr "ETA_1"
  .. ..$ tolD       : num 1e-10
  .. ..$ levelsU    : int 6
  .. ..$ df0        : num 5
  .. ..$ R2         : num 0.167
  .. ..$ S0         : num 1.25
  .. ..$ u          : num [1:3646] -0.153 -0.153 -0.153 -0.153 -0.153 ...
  .. ..$ varU       : num 0.459
  .. ..$ uStar      : num [1:6] -0.144 -3.541 -0.681 -0.615 3.197 ...
  .. ..$ NamefileOut: chr "X3_cum/ETA_1_varU.dat"
  .. ..$ SD.u       : num [1:3646] 0.679 0.679 0.679 0.679 0.679 ...
  .. ..$ SD.varU    : num 0.543
  ..$ :List of 15
  .. ..$ V          : num [1:3646, 1:2737] 0.408 0 0 0 0 ...
  .. .. ..- attr(*, "dimnames")=List of 2
  .. .. .. ..$ : chr [1:3646] "2020-21_11.107-5" "2020-21_12.90-53" "2020-21_12.93-4" "2020-21_14.37-103" ...
  .. .. .. ..$ : chr [1:2737] "11.107-5" "12.90-53" "12.93-4" "13.27-142" ...
  .. ..$ d          : Named num [1:2737] 6 1 3 1 1 1 1 1 2 1 ...
  .. .. ..- attr(*, "names")= chr [1:2737] "11.107-5" "12.90-53" "12.93-4" "13.27-142" ...
  .. ..$ model      : chr "RKHS"
  .. ..$ Name       : chr "ETA_2"
  .. ..$ tolD       : num 1e-10
  .. ..$ levelsU    : int 2737
  .. ..$ df0        : num 5
  .. ..$ R2         : num 0.167
  .. ..$ S0         : num 570
  .. ..$ u          : num [1:3646] 6.16 -1.63 4.31 -1.78 1.57 ...
  .. ..$ varU       : num 183
  .. ..$ uStar      : num [1:2737] 15.1 -1.63 7.46 16.3 -1.78 ...
  .. ..$ NamefileOut: chr "X3_cum/ETA_2_varU.dat"
  .. ..$ SD.u       : num [1:3646] 5.63 9.6 6.85 9.55 9.65 ...
  .. ..$ SD.varU    : num 19.7
  ..$ :List of 15
  .. ..$ V          : num [1:3646, 1:576] -0.00189 -0.00645 -0.00703 -0.00832 -0.00916 ...
  .. .. ..- attr(*, "dimnames")=List of 2
  .. .. .. ..$ : chr [1:3646] "2020-21_11.107-5" "2020-21_12.90-53" "2020-21_12.93-4" "2020-21_14.37-103" ...
  .. .. .. ..$ : NULL
  .. ..$ d          : num [1:576] 985 777 402 285 213 ...
  .. ..$ model      : chr "RKHS"
  .. ..$ Name       : chr "ETA_3"
  .. ..$ tolD       : num 1e-10
  .. ..$ levelsU    : int 576
  .. ..$ df0        : num 5
  .. ..$ R2         : num 0.167
  .. ..$ S0         : num 120
  .. ..$ u          : num [1:3646] -9.67 -20.97 -24.39 -22.07 -22.05 ...
  .. ..$ varU       : num 861
  .. ..$ uStar      : num [1:576] 580.5 -138.1 505.1 -131.7 50.4 ...
  .. ..$ NamefileOut: chr "X3_cum/ETA_3_varU.dat"
  .. ..$ SD.u       : num [1:3646] 4.77 4.43 4.75 4.16 4.61 ...
  .. ..$ SD.varU    : num 174
 - attr(*, "class")= chr "BGLR"
NULL
List of 21
 $ y            : num [1:3646] 0.1023 5.6562 0.0967 4.7282 3.2936 ...
 $ a            : NULL
 $ b            : NULL
 $ whichNa      : int [1:1011] 2636 2637 2638 2639 2640 2641 2642 2643 2644 2645 ...
 $ saveAt       : chr "X2_cum/"
 $ nIter        : num 12000
 $ burnIn       : num 2000
 $ thin         : num 5
 $ weights      : num [1:3646] 1 1 1 1 1 1 1 1 1 1 ...
 $ verbose      : logi FALSE
 $ response_type: chr "gaussian"
 $ df0          : num 5
 $ S0           : num 845
 $ yHat         : num [1:3646] 14.06 5.25 4.05 4.33 3.29 ...
 $ SD.yHat      : num [1:3646] 3.73 6.35 4.35 6.23 6.22 ...
 $ mu           : num 15.7
 $ SD.mu        : num 1.28
 $ varE         : num 51.2
 $ SD.varE      : num 3.48
 $ fit          :List of 4
  ..$ logLikAtPostMean: num -8095
  ..$ postMeanLogLik  : num -8916
  ..$ pD              : num 1641
  ..$ DIC             : num 19473
 $ ETA          :List of 3
  ..$ :List of 15
  .. ..$ V          : num [1:3646, 1:6] 0 0 0 0 0 0 0 0 0 0 ...
  .. .. ..- attr(*, "dimnames")=List of 2
  .. .. .. ..$ : chr [1:3646] "2020-21_11.107-5" "2020-21_12.90-53" "2020-21_12.93-4" "2020-21_14.37-103" ...
  .. .. .. ..$ : NULL
  .. ..$ d          : num [1:6] 1011 918 450 447 435 ...
  .. ..$ model      : chr "RKHS"
  .. ..$ Name       : chr "ETA_1"
  .. ..$ tolD       : num 1e-10
  .. ..$ levelsU    : int 6
  .. ..$ df0        : num 5
  .. ..$ R2         : num 0.167
  .. ..$ S0         : num 0.642
  .. ..$ u          : num [1:3646] -0.117 -0.117 -0.117 -0.117 -0.117 ...
  .. ..$ varU       : num 0.253
  .. ..$ uStar      : num [1:6] -0.514 -2.734 0.667 0.893 2.447 ...
  .. ..$ NamefileOut: chr "X2_cum/ETA_1_varU.dat"
  .. ..$ SD.u       : num [1:3646] 0.503 0.503 0.503 0.503 0.503 ...
  .. ..$ SD.varU    : num 0.383
  ..$ :List of 15
  .. ..$ V          : num [1:3646, 1:2737] 0.408 0 0 0 0 ...
  .. .. ..- attr(*, "dimnames")=List of 2
  .. .. .. ..$ : chr [1:3646] "2020-21_11.107-5" "2020-21_12.90-53" "2020-21_12.93-4" "2020-21_14.37-103" ...
  .. .. .. ..$ : chr [1:2737] "11.107-5" "12.90-53" "12.93-4" "13.27-142" ...
  .. ..$ d          : Named num [1:2737] 6 1 3 1 1 1 1 1 2 1 ...
  .. .. ..- attr(*, "names")= chr [1:2737] "11.107-5" "12.90-53" "12.93-4" "13.27-142" ...
  .. ..$ model      : chr "RKHS"
  .. ..$ Name       : chr "ETA_2"
  .. ..$ tolD       : num 1e-10
  .. ..$ levelsU    : int 2737
  .. ..$ df0        : num 5
  .. ..$ R2         : num 0.167
  .. ..$ S0         : num 293
  .. ..$ u          : num [1:3646] 8.88 0.966 1.512 1.069 0.651 ...
  .. ..$ varU       : num 176
  .. ..$ uStar      : num [1:2737] 21.75 0.966 2.62 10.813 1.069 ...
  .. ..$ NamefileOut: chr "X2_cum/ETA_2_varU.dat"
  .. ..$ SD.u       : num [1:3646] 3.45 6.38 4.23 6.4 6.44 ...
  .. ..$ SD.varU    : num 8.66
  ..$ :List of 15
  .. ..$ V          : num [1:3646, 1:576] -0.00189 -0.00645 -0.00703 -0.00832 -0.00916 ...
  .. .. ..- attr(*, "dimnames")=List of 2
  .. .. .. ..$ : chr [1:3646] "2020-21_11.107-5" "2020-21_12.90-53" "2020-21_12.93-4" "2020-21_14.37-103" ...
  .. .. .. ..$ : NULL
  .. ..$ d          : num [1:576] 985 777 402 285 213 ...
  .. ..$ model      : chr "RKHS"
  .. ..$ Name       : chr "ETA_3"
  .. ..$ tolD       : num 1e-10
  .. ..$ levelsU    : int 576
  .. ..$ df0        : num 5
  .. ..$ R2         : num 0.167
  .. ..$ S0         : num 61.6
  .. ..$ u          : num [1:3646] -10.4 -11.3 -13 -12.3 -12.9 ...
  .. ..$ varU       : num 162
  .. ..$ uStar      : num [1:576] 429.2 -160.01 286.09 -113.57 -0.57 ...
  .. ..$ NamefileOut: chr "X2_cum/ETA_3_varU.dat"
  .. ..$ SD.u       : num [1:3646] 2.54 2.18 2.62 2.14 2.4 ...
  .. ..$ SD.varU    : num 48.5
 - attr(*, "class")= chr "BGLR"
NULL
List of 21
 $ y            : num [1:3646] 0.488 17.358 0.481 7.03 16.172 ...
 $ a            : NULL
 $ b            : NULL
 $ whichNa      : int [1:1011] 2636 2637 2638 2639 2640 2641 2642 2643 2644 2645 ...
 $ saveAt       : chr "X4_cum/"
 $ nIter        : num 12000
 $ burnIn       : num 2000
 $ thin         : num 5
 $ weights      : num [1:3646] 1 1 1 1 1 1 1 1 1 1 ...
 $ verbose      : logi FALSE
 $ response_type: chr "gaussian"
 $ df0          : num 5
 $ S0           : num 2535
 $ yHat         : num [1:3646] 31.8 17.5 16 12.6 17.5 ...
 $ SD.yHat      : num [1:3646] 7.9 11.47 9.38 11.13 11.9 ...
 $ mu           : num 42.8
 $ SD.mu        : num 3.02
 $ varE         : num 262
 $ SD.varE      : num 19.1
 $ fit          :List of 4
  ..$ logLikAtPostMean: num -10488
  ..$ postMeanLogLik  : num -11068
  ..$ pD              : num 1158
  ..$ DIC             : num 23293
 $ ETA          :List of 3
  ..$ :List of 15
  .. ..$ V          : num [1:3646, 1:6] 0 0 0 0 0 0 0 0 0 0 ...
  .. .. ..- attr(*, "dimnames")=List of 2
  .. .. .. ..$ : chr [1:3646] "2020-21_11.107-5" "2020-21_12.90-53" "2020-21_12.93-4" "2020-21_14.37-103" ...
  .. .. .. ..$ : NULL
  .. ..$ d          : num [1:6] 1011 918 450 447 435 ...
  .. ..$ model      : chr "RKHS"
  .. ..$ Name       : chr "ETA_1"
  .. ..$ tolD       : num 1e-10
  .. ..$ levelsU    : int 6
  .. ..$ df0        : num 5
  .. ..$ R2         : num 0.167
  .. ..$ S0         : num 1.92
  .. ..$ u          : num [1:3646] -0.264 -0.264 -0.264 -0.264 -0.264 ...
  .. ..$ varU       : num 0.752
  .. ..$ uStar      : num [1:6] -0.333 -6.224 -0.857 0.979 5.507 ...
  .. ..$ NamefileOut: chr "X4_cum/ETA_1_varU.dat"
  .. ..$ SD.u       : num [1:3646] 0.984 0.984 0.984 0.984 0.984 ...
  .. ..$ SD.varU    : num 1.32
  ..$ :List of 15
  .. ..$ V          : num [1:3646, 1:2737] 0.408 0 0 0 0 ...
  .. .. ..- attr(*, "dimnames")=List of 2
  .. .. .. ..$ : chr [1:3646] "2020-21_11.107-5" "2020-21_12.90-53" "2020-21_12.93-4" "2020-21_14.37-103" ...
  .. .. .. ..$ : chr [1:2737] "11.107-5" "12.90-53" "12.93-4" "13.27-142" ...
  .. ..$ d          : Named num [1:2737] 6 1 3 1 1 1 1 1 2 1 ...
  .. .. ..- attr(*, "names")= chr [1:2737] "11.107-5" "12.90-53" "12.93-4" "13.27-142" ...
  .. ..$ model      : chr "RKHS"
  .. ..$ Name       : chr "ETA_2"
  .. ..$ tolD       : num 1e-10
  .. ..$ levelsU    : int 2737
  .. ..$ df0        : num 5
  .. ..$ R2         : num 0.167
  .. ..$ S0         : num 878
  .. ..$ u          : num [1:3646] 3.826 -0.138 7.941 -5.32 -1.123 ...
  .. ..$ varU       : num 253
  .. ..$ uStar      : num [1:2737] 9.371 -0.138 13.754 16.516 -5.32 ...
  .. ..$ NamefileOut: chr "X4_cum/ETA_2_varU.dat"
  .. ..$ SD.u       : num [1:3646] 6.8 11.4 8.7 11.1 12 ...
  .. ..$ SD.varU    : num 25.7
  ..$ :List of 15
  .. ..$ V          : num [1:3646, 1:576] -0.00189 -0.00645 -0.00703 -0.00832 -0.00916 ...
  .. .. ..- attr(*, "dimnames")=List of 2
  .. .. .. ..$ : chr [1:3646] "2020-21_11.107-5" "2020-21_12.90-53" "2020-21_12.93-4" "2020-21_14.37-103" ...
  .. .. .. ..$ : NULL
  .. ..$ d          : num [1:576] 985 777 402 285 213 ...
  .. ..$ model      : chr "RKHS"
  .. ..$ Name       : chr "ETA_3"
  .. ..$ tolD       : num 1e-10
  .. ..$ levelsU    : int 576
  .. ..$ df0        : num 5
  .. ..$ R2         : num 0.167
  .. ..$ S0         : num 185
  .. ..$ u          : num [1:3646] -14.6 -24.9 -34.5 -24.6 -23.9 ...
  .. ..$ varU       : num 1989
  .. ..$ uStar      : num [1:576] 805.98 -165.45 579.61 8.17 -31.2 ...
  .. ..$ NamefileOut: chr "X4_cum/ETA_3_varU.dat"
  .. ..$ SD.u       : num [1:3646] 5.97 5.3 6.07 5.19 5.49 ...
  .. ..$ SD.varU    : num 378
 - attr(*, "class")= chr "BGLR"
NULL
List of 21
 $ y            : num [1:3646] 0.1023 5.6562 0.0967 4.7282 3.2936 ...
 $ a            : NULL
 $ b            : NULL
 $ whichNa      : int [1:1011] 2636 2637 2638 2639 2640 2641 2642 2643 2644 2645 ...
 $ saveAt       : chr "X2_cum/"
 $ nIter        : num 12000
 $ burnIn       : num 2000
 $ thin         : num 5
 $ weights      : num [1:3646] 1 1 1 1 1 1 1 1 1 1 ...
 $ verbose      : logi FALSE
 $ response_type: chr "gaussian"
 $ df0          : num 5
 $ S0           : num 845
 $ yHat         : num [1:3646] 14.06 5.25 4.05 4.33 3.29 ...
 $ SD.yHat      : num [1:3646] 3.73 6.35 4.35 6.23 6.22 ...
 $ mu           : num 15.7
 $ SD.mu        : num 1.28
 $ varE         : num 51.2
 $ SD.varE      : num 3.48
 $ fit          :List of 4
  ..$ logLikAtPostMean: num -8095
  ..$ postMeanLogLik  : num -8916
  ..$ pD              : num 1641
  ..$ DIC             : num 19473
 $ ETA          :List of 3
  ..$ :List of 15
  .. ..$ V          : num [1:3646, 1:6] 0 0 0 0 0 0 0 0 0 0 ...
  .. .. ..- attr(*, "dimnames")=List of 2
  .. .. .. ..$ : chr [1:3646] "2020-21_11.107-5" "2020-21_12.90-53" "2020-21_12.93-4" "2020-21_14.37-103" ...
  .. .. .. ..$ : NULL
  .. ..$ d          : num [1:6] 1011 918 450 447 435 ...
  .. ..$ model      : chr "RKHS"
  .. ..$ Name       : chr "ETA_1"
  .. ..$ tolD       : num 1e-10
  .. ..$ levelsU    : int 6
  .. ..$ df0        : num 5
  .. ..$ R2         : num 0.167
  .. ..$ S0         : num 0.642
  .. ..$ u          : num [1:3646] -0.117 -0.117 -0.117 -0.117 -0.117 ...
  .. ..$ varU       : num 0.253
  .. ..$ uStar      : num [1:6] -0.514 -2.734 0.667 0.893 2.447 ...
  .. ..$ NamefileOut: chr "X2_cum/ETA_1_varU.dat"
  .. ..$ SD.u       : num [1:3646] 0.503 0.503 0.503 0.503 0.503 ...
  .. ..$ SD.varU    : num 0.383
  ..$ :List of 15
  .. ..$ V          : num [1:3646, 1:2737] 0.408 0 0 0 0 ...
  .. .. ..- attr(*, "dimnames")=List of 2
  .. .. .. ..$ : chr [1:3646] "2020-21_11.107-5" "2020-21_12.90-53" "2020-21_12.93-4" "2020-21_14.37-103" ...
  .. .. .. ..$ : chr [1:2737] "11.107-5" "12.90-53" "12.93-4" "13.27-142" ...
  .. ..$ d          : Named num [1:2737] 6 1 3 1 1 1 1 1 2 1 ...
  .. .. ..- attr(*, "names")= chr [1:2737] "11.107-5" "12.90-53" "12.93-4" "13.27-142" ...
  .. ..$ model      : chr "RKHS"
  .. ..$ Name       : chr "ETA_2"
  .. ..$ tolD       : num 1e-10
  .. ..$ levelsU    : int 2737
  .. ..$ df0        : num 5
  .. ..$ R2         : num 0.167
  .. ..$ S0         : num 293
  .. ..$ u          : num [1:3646] 8.88 0.966 1.512 1.069 0.651 ...
  .. ..$ varU       : num 176
  .. ..$ uStar      : num [1:2737] 21.75 0.966 2.62 10.813 1.069 ...
  .. ..$ NamefileOut: chr "X2_cum/ETA_2_varU.dat"
  .. ..$ SD.u       : num [1:3646] 3.45 6.38 4.23 6.4 6.44 ...
  .. ..$ SD.varU    : num 8.66
  ..$ :List of 15
  .. ..$ V          : num [1:3646, 1:576] -0.00189 -0.00645 -0.00703 -0.00832 -0.00916 ...
  .. .. ..- attr(*, "dimnames")=List of 2
  .. .. .. ..$ : chr [1:3646] "2020-21_11.107-5" "2020-21_12.90-53" "2020-21_12.93-4" "2020-21_14.37-103" ...
  .. .. .. ..$ : NULL
  .. ..$ d          : num [1:576] 985 777 402 285 213 ...
  .. ..$ model      : chr "RKHS"
  .. ..$ Name       : chr "ETA_3"
  .. ..$ tolD       : num 1e-10
  .. ..$ levelsU    : int 576
  .. ..$ df0        : num 5
  .. ..$ R2         : num 0.167
  .. ..$ S0         : num 61.6
  .. ..$ u          : num [1:3646] -10.4 -11.3 -13 -12.3 -12.9 ...
  .. ..$ varU       : num 162
  .. ..$ uStar      : num [1:576] 429.2 -160.01 286.09 -113.57 -0.57 ...
  .. ..$ NamefileOut: chr "X2_cum/ETA_3_varU.dat"
  .. ..$ SD.u       : num [1:3646] 2.54 2.18 2.62 2.14 2.4 ...
  .. ..$ SD.varU    : num 48.5
 - attr(*, "class")= chr "BGLR"
NULL
List of 21
 $ y            : num [1:3646] 0.1023 5.6562 0.0967 4.7282 3.2936 ...
 $ a            : NULL
 $ b            : NULL
 $ whichNa      : int [1:1011] 2636 2637 2638 2639 2640 2641 2642 2643 2644 2645 ...
 $ saveAt       : chr "X2_cum/"
 $ nIter        : num 12000
 $ burnIn       : num 2000
 $ thin         : num 5
 $ weights      : num [1:3646] 1 1 1 1 1 1 1 1 1 1 ...
 $ verbose      : logi FALSE
 $ response_type: chr "gaussian"
 $ df0          : num 5
 $ S0           : num 845
 $ yHat         : num [1:3646] 14.06 5.25 4.05 4.33 3.29 ...
 $ SD.yHat      : num [1:3646] 3.73 6.35 4.35 6.23 6.22 ...
 $ mu           : num 15.7
 $ SD.mu        : num 1.28
 $ varE         : num 51.2
 $ SD.varE      : num 3.48
 $ fit          :List of 4
  ..$ logLikAtPostMean: num -8095
  ..$ postMeanLogLik  : num -8916
  ..$ pD              : num 1641
  ..$ DIC             : num 19473
 $ ETA          :List of 3
  ..$ :List of 15
  .. ..$ V          : num [1:3646, 1:6] 0 0 0 0 0 0 0 0 0 0 ...
  .. .. ..- attr(*, "dimnames")=List of 2
  .. .. .. ..$ : chr [1:3646] "2020-21_11.107-5" "2020-21_12.90-53" "2020-21_12.93-4" "2020-21_14.37-103" ...
  .. .. .. ..$ : NULL
  .. ..$ d          : num [1:6] 1011 918 450 447 435 ...
  .. ..$ model      : chr "RKHS"
  .. ..$ Name       : chr "ETA_1"
  .. ..$ tolD       : num 1e-10
  .. ..$ levelsU    : int 6
  .. ..$ df0        : num 5
  .. ..$ R2         : num 0.167
  .. ..$ S0         : num 0.642
  .. ..$ u          : num [1:3646] -0.117 -0.117 -0.117 -0.117 -0.117 ...
  .. ..$ varU       : num 0.253
  .. ..$ uStar      : num [1:6] -0.514 -2.734 0.667 0.893 2.447 ...
  .. ..$ NamefileOut: chr "X2_cum/ETA_1_varU.dat"
  .. ..$ SD.u       : num [1:3646] 0.503 0.503 0.503 0.503 0.503 ...
  .. ..$ SD.varU    : num 0.383
  ..$ :List of 15
  .. ..$ V          : num [1:3646, 1:2737] 0.408 0 0 0 0 ...
  .. .. ..- attr(*, "dimnames")=List of 2
  .. .. .. ..$ : chr [1:3646] "2020-21_11.107-5" "2020-21_12.90-53" "2020-21_12.93-4" "2020-21_14.37-103" ...
  .. .. .. ..$ : chr [1:2737] "11.107-5" "12.90-53" "12.93-4" "13.27-142" ...
  .. ..$ d          : Named num [1:2737] 6 1 3 1 1 1 1 1 2 1 ...
  .. .. ..- attr(*, "names")= chr [1:2737] "11.107-5" "12.90-53" "12.93-4" "13.27-142" ...
  .. ..$ model      : chr "RKHS"
  .. ..$ Name       : chr "ETA_2"
  .. ..$ tolD       : num 1e-10
  .. ..$ levelsU    : int 2737
  .. ..$ df0        : num 5
  .. ..$ R2         : num 0.167
  .. ..$ S0         : num 293
  .. ..$ u          : num [1:3646] 8.88 0.966 1.512 1.069 0.651 ...
  .. ..$ varU       : num 176
  .. ..$ uStar      : num [1:2737] 21.75 0.966 2.62 10.813 1.069 ...
  .. ..$ NamefileOut: chr "X2_cum/ETA_2_varU.dat"
  .. ..$ SD.u       : num [1:3646] 3.45 6.38 4.23 6.4 6.44 ...
  .. ..$ SD.varU    : num 8.66
  ..$ :List of 15
  .. ..$ V          : num [1:3646, 1:576] -0.00189 -0.00645 -0.00703 -0.00832 -0.00916 ...
  .. .. ..- attr(*, "dimnames")=List of 2
  .. .. .. ..$ : chr [1:3646] "2020-21_11.107-5" "2020-21_12.90-53" "2020-21_12.93-4" "2020-21_14.37-103" ...
  .. .. .. ..$ : NULL
  .. ..$ d          : num [1:576] 985 777 402 285 213 ...
  .. ..$ model      : chr "RKHS"
  .. ..$ Name       : chr "ETA_3"
  .. ..$ tolD       : num 1e-10
  .. ..$ levelsU    : int 576
  .. ..$ df0        : num 5
  .. ..$ R2         : num 0.167
  .. ..$ S0         : num 61.6
  .. ..$ u          : num [1:3646] -10.4 -11.3 -13 -12.3 -12.9 ...
  .. ..$ varU       : num 162
  .. ..$ uStar      : num [1:576] 429.2 -160.01 286.09 -113.57 -0.57 ...
  .. ..$ NamefileOut: chr "X2_cum/ETA_3_varU.dat"
  .. ..$ SD.u       : num [1:3646] 2.54 2.18 2.62 2.14 2.4 ...
  .. ..$ SD.varU    : num 48.5
 - attr(*, "class")= chr "BGLR"
NULL
List of 21
 $ y            : num [1:3646] 0.1023 5.6562 0.0967 4.7282 3.2936 ...
 $ a            : NULL
 $ b            : NULL
 $ whichNa      : int [1:1011] 2636 2637 2638 2639 2640 2641 2642 2643 2644 2645 ...
 $ saveAt       : chr "X2_cum/"
 $ nIter        : num 12000
 $ burnIn       : num 2000
 $ thin         : num 5
 $ weights      : num [1:3646] 1 1 1 1 1 1 1 1 1 1 ...
 $ verbose      : logi FALSE
 $ response_type: chr "gaussian"
 $ df0          : num 5
 $ S0           : num 845
 $ yHat         : num [1:3646] 14.06 5.25 4.05 4.33 3.29 ...
 $ SD.yHat      : num [1:3646] 3.73 6.35 4.35 6.23 6.22 ...
 $ mu           : num 15.7
 $ SD.mu        : num 1.28
 $ varE         : num 51.2
 $ SD.varE      : num 3.48
 $ fit          :List of 4
  ..$ logLikAtPostMean: num -8095
  ..$ postMeanLogLik  : num -8916
  ..$ pD              : num 1641
  ..$ DIC             : num 19473
 $ ETA          :List of 3
  ..$ :List of 15
  .. ..$ V          : num [1:3646, 1:6] 0 0 0 0 0 0 0 0 0 0 ...
  .. .. ..- attr(*, "dimnames")=List of 2
  .. .. .. ..$ : chr [1:3646] "2020-21_11.107-5" "2020-21_12.90-53" "2020-21_12.93-4" "2020-21_14.37-103" ...
  .. .. .. ..$ : NULL
  .. ..$ d          : num [1:6] 1011 918 450 447 435 ...
  .. ..$ model      : chr "RKHS"
  .. ..$ Name       : chr "ETA_1"
  .. ..$ tolD       : num 1e-10
  .. ..$ levelsU    : int 6
  .. ..$ df0        : num 5
  .. ..$ R2         : num 0.167
  .. ..$ S0         : num 0.642
  .. ..$ u          : num [1:3646] -0.117 -0.117 -0.117 -0.117 -0.117 ...
  .. ..$ varU       : num 0.253
  .. ..$ uStar      : num [1:6] -0.514 -2.734 0.667 0.893 2.447 ...
  .. ..$ NamefileOut: chr "X2_cum/ETA_1_varU.dat"
  .. ..$ SD.u       : num [1:3646] 0.503 0.503 0.503 0.503 0.503 ...
  .. ..$ SD.varU    : num 0.383
  ..$ :List of 15
  .. ..$ V          : num [1:3646, 1:2737] 0.408 0 0 0 0 ...
  .. .. ..- attr(*, "dimnames")=List of 2
  .. .. .. ..$ : chr [1:3646] "2020-21_11.107-5" "2020-21_12.90-53" "2020-21_12.93-4" "2020-21_14.37-103" ...
  .. .. .. ..$ : chr [1:2737] "11.107-5" "12.90-53" "12.93-4" "13.27-142" ...
  .. ..$ d          : Named num [1:2737] 6 1 3 1 1 1 1 1 2 1 ...
  .. .. ..- attr(*, "names")= chr [1:2737] "11.107-5" "12.90-53" "12.93-4" "13.27-142" ...
  .. ..$ model      : chr "RKHS"
  .. ..$ Name       : chr "ETA_2"
  .. ..$ tolD       : num 1e-10
  .. ..$ levelsU    : int 2737
  .. ..$ df0        : num 5
  .. ..$ R2         : num 0.167
  .. ..$ S0         : num 293
  .. ..$ u          : num [1:3646] 8.88 0.966 1.512 1.069 0.651 ...
  .. ..$ varU       : num 176
  .. ..$ uStar      : num [1:2737] 21.75 0.966 2.62 10.813 1.069 ...
  .. ..$ NamefileOut: chr "X2_cum/ETA_2_varU.dat"
  .. ..$ SD.u       : num [1:3646] 3.45 6.38 4.23 6.4 6.44 ...
  .. ..$ SD.varU    : num 8.66
  ..$ :List of 15
  .. ..$ V          : num [1:3646, 1:576] -0.00189 -0.00645 -0.00703 -0.00832 -0.00916 ...
  .. .. ..- attr(*, "dimnames")=List of 2
  .. .. .. ..$ : chr [1:3646] "2020-21_11.107-5" "2020-21_12.90-53" "2020-21_12.93-4" "2020-21_14.37-103" ...
  .. .. .. ..$ : NULL
  .. ..$ d          : num [1:576] 985 777 402 285 213 ...
  .. ..$ model      : chr "RKHS"
  .. ..$ Name       : chr "ETA_3"
  .. ..$ tolD       : num 1e-10
  .. ..$ levelsU    : int 576
  .. ..$ df0        : num 5
  .. ..$ R2         : num 0.167
  .. ..$ S0         : num 61.6
  .. ..$ u          : num [1:3646] -10.4 -11.3 -13 -12.3 -12.9 ...
  .. ..$ varU       : num 162
  .. ..$ uStar      : num [1:576] 429.2 -160.01 286.09 -113.57 -0.57 ...
  .. ..$ NamefileOut: chr "X2_cum/ETA_3_varU.dat"
  .. ..$ SD.u       : num [1:3646] 2.54 2.18 2.62 2.14 2.4 ...
  .. ..$ SD.varU    : num 48.5
 - attr(*, "class")= chr "BGLR"
NULL
List of 21
 $ y            : num [1:3646] 4.216 23.801 0.481 30.098 28.348 ...
 $ a            : NULL
 $ b            : NULL
 $ whichNa      : int [1:1011] 2636 2637 2638 2639 2640 2641 2642 2643 2644 2645 ...
 $ saveAt       : chr "X5_cum/"
 $ nIter        : num 12000
 $ burnIn       : num 2000
 $ thin         : num 5
 $ weights      : num [1:3646] 1 1 1 1 1 1 1 1 1 1 ...
 $ verbose      : logi FALSE
 $ response_type: chr "gaussian"
 $ df0          : num 5
 $ S0           : num 3616
 $ yHat         : num [1:3646] 41.5 27.3 17.1 32.8 29.1 ...
 $ SD.yHat      : num [1:3646] 9.89 13.64 11.14 13.53 13.62 ...
 $ mu           : num 55.8
 $ SD.mu        : num 3.7
 $ varE         : num 409
 $ SD.varE      : num 28.8
 $ fit          :List of 4
  ..$ logLikAtPostMean: num -11133
  ..$ postMeanLogLik  : num -11659
  ..$ pD              : num 1053
  ..$ DIC             : num 24371
 $ ETA          :List of 3
  ..$ :List of 15
  .. ..$ V          : num [1:3646, 1:6] 0 0 0 0 0 0 0 0 0 0 ...
  .. .. ..- attr(*, "dimnames")=List of 2
  .. .. .. ..$ : chr [1:3646] "2020-21_11.107-5" "2020-21_12.90-53" "2020-21_12.93-4" "2020-21_14.37-103" ...
  .. .. .. ..$ : NULL
  .. ..$ d          : num [1:6] 1011 918 450 447 435 ...
  .. ..$ model      : chr "RKHS"
  .. ..$ Name       : chr "ETA_1"
  .. ..$ tolD       : num 1e-10
  .. ..$ levelsU    : int 6
  .. ..$ df0        : num 5
  .. ..$ R2         : num 0.167
  .. ..$ S0         : num 2.74
  .. ..$ u          : num [1:3646] -0.166 -0.166 -0.166 -0.166 -0.166 ...
  .. ..$ varU       : num 0.907
  .. ..$ uStar      : num [1:6] -1.822 -6.471 -2.243 0.573 3.461 ...
  .. ..$ NamefileOut: chr "X5_cum/ETA_1_varU.dat"
  .. ..$ SD.u       : num [1:3646] 0.927 0.927 0.927 0.927 0.927 ...
  .. ..$ SD.varU    : num 1.16
  ..$ :List of 15
  .. ..$ V          : num [1:3646, 1:2737] 0.408 0 0 0 0 ...
  .. .. ..- attr(*, "dimnames")=List of 2
  .. .. .. ..$ : chr [1:3646] "2020-21_11.107-5" "2020-21_12.90-53" "2020-21_12.93-4" "2020-21_14.37-103" ...
  .. .. .. ..$ : chr [1:2737] "11.107-5" "12.90-53" "12.93-4" "13.27-142" ...
  .. ..$ d          : Named num [1:2737] 6 1 3 1 1 1 1 1 2 1 ...
  .. .. ..- attr(*, "names")= chr [1:2737] "11.107-5" "12.90-53" "12.93-4" "13.27-142" ...
  .. ..$ model      : chr "RKHS"
  .. ..$ Name       : chr "ETA_2"
  .. ..$ tolD       : num 1e-10
  .. ..$ levelsU    : int 2737
  .. ..$ df0        : num 5
  .. ..$ R2         : num 0.167
  .. ..$ S0         : num 1252
  .. ..$ u          : num [1:3646] 5.72 -3.11 3.18 -1.11 -1.33 ...
  .. ..$ varU       : num 313
  .. ..$ uStar      : num [1:2737] 14.02 -3.11 5.5 20.91 -1.11 ...
  .. ..$ NamefileOut: chr "X5_cum/ETA_2_varU.dat"
  .. ..$ SD.u       : num [1:3646] 8.55 13.55 10.11 13.58 13.39 ...
  .. ..$ SD.varU    : num 36
  ..$ :List of 15
  .. ..$ V          : num [1:3646, 1:576] -0.00189 -0.00645 -0.00703 -0.00832 -0.00916 ...
  .. .. ..- attr(*, "dimnames")=List of 2
  .. .. .. ..$ : chr [1:3646] "2020-21_11.107-5" "2020-21_12.90-53" "2020-21_12.93-4" "2020-21_14.37-103" ...
  .. .. .. ..$ : NULL
  .. ..$ d          : num [1:576] 985 777 402 285 213 ...
  .. ..$ model      : chr "RKHS"
  .. ..$ Name       : chr "ETA_3"
  .. ..$ tolD       : num 1e-10
  .. ..$ levelsU    : int 576
  .. ..$ df0        : num 5
  .. ..$ R2         : num 0.167
  .. ..$ S0         : num 264
  .. ..$ u          : num [1:3646] -19.9 -25.2 -41.7 -21.7 -25.2 ...
  .. ..$ varU       : num 3155
  .. ..$ uStar      : num [1:576] 953 -166 610 244 -126 ...
  .. ..$ NamefileOut: chr "X5_cum/ETA_3_varU.dat"
  .. ..$ SD.u       : num [1:3646] 7.15 6.28 7.28 6.08 6.65 ...
  .. ..$ SD.varU    : num 607
 - attr(*, "class")= chr "BGLR"
NULL
List of 21
 $ y            : num [1:3646] 0.488 17.358 0.481 7.03 16.172 ...
 $ a            : NULL
 $ b            : NULL
 $ whichNa      : int [1:1011] 2636 2637 2638 2639 2640 2641 2642 2643 2644 2645 ...
 $ saveAt       : chr "X4_cum/"
 $ nIter        : num 12000
 $ burnIn       : num 2000
 $ thin         : num 5
 $ weights      : num [1:3646] 1 1 1 1 1 1 1 1 1 1 ...
 $ verbose      : logi FALSE
 $ response_type: chr "gaussian"
 $ df0          : num 5
 $ S0           : num 2535
 $ yHat         : num [1:3646] 31.8 17.5 16 12.6 17.5 ...
 $ SD.yHat      : num [1:3646] 7.9 11.47 9.38 11.13 11.9 ...
 $ mu           : num 42.8
 $ SD.mu        : num 3.02
 $ varE         : num 262
 $ SD.varE      : num 19.1
 $ fit          :List of 4
  ..$ logLikAtPostMean: num -10488
  ..$ postMeanLogLik  : num -11068
  ..$ pD              : num 1158
  ..$ DIC             : num 23293
 $ ETA          :List of 3
  ..$ :List of 15
  .. ..$ V          : num [1:3646, 1:6] 0 0 0 0 0 0 0 0 0 0 ...
  .. .. ..- attr(*, "dimnames")=List of 2
  .. .. .. ..$ : chr [1:3646] "2020-21_11.107-5" "2020-21_12.90-53" "2020-21_12.93-4" "2020-21_14.37-103" ...
  .. .. .. ..$ : NULL
  .. ..$ d          : num [1:6] 1011 918 450 447 435 ...
  .. ..$ model      : chr "RKHS"
  .. ..$ Name       : chr "ETA_1"
  .. ..$ tolD       : num 1e-10
  .. ..$ levelsU    : int 6
  .. ..$ df0        : num 5
  .. ..$ R2         : num 0.167
  .. ..$ S0         : num 1.92
  .. ..$ u          : num [1:3646] -0.264 -0.264 -0.264 -0.264 -0.264 ...
  .. ..$ varU       : num 0.752
  .. ..$ uStar      : num [1:6] -0.333 -6.224 -0.857 0.979 5.507 ...
  .. ..$ NamefileOut: chr "X4_cum/ETA_1_varU.dat"
  .. ..$ SD.u       : num [1:3646] 0.984 0.984 0.984 0.984 0.984 ...
  .. ..$ SD.varU    : num 1.32
  ..$ :List of 15
  .. ..$ V          : num [1:3646, 1:2737] 0.408 0 0 0 0 ...
  .. .. ..- attr(*, "dimnames")=List of 2
  .. .. .. ..$ : chr [1:3646] "2020-21_11.107-5" "2020-21_12.90-53" "2020-21_12.93-4" "2020-21_14.37-103" ...
  .. .. .. ..$ : chr [1:2737] "11.107-5" "12.90-53" "12.93-4" "13.27-142" ...
  .. ..$ d          : Named num [1:2737] 6 1 3 1 1 1 1 1 2 1 ...
  .. .. ..- attr(*, "names")= chr [1:2737] "11.107-5" "12.90-53" "12.93-4" "13.27-142" ...
  .. ..$ model      : chr "RKHS"
  .. ..$ Name       : chr "ETA_2"
  .. ..$ tolD       : num 1e-10
  .. ..$ levelsU    : int 2737
  .. ..$ df0        : num 5
  .. ..$ R2         : num 0.167
  .. ..$ S0         : num 878
  .. ..$ u          : num [1:3646] 3.826 -0.138 7.941 -5.32 -1.123 ...
  .. ..$ varU       : num 253
  .. ..$ uStar      : num [1:2737] 9.371 -0.138 13.754 16.516 -5.32 ...
  .. ..$ NamefileOut: chr "X4_cum/ETA_2_varU.dat"
  .. ..$ SD.u       : num [1:3646] 6.8 11.4 8.7 11.1 12 ...
  .. ..$ SD.varU    : num 25.7
  ..$ :List of 15
  .. ..$ V          : num [1:3646, 1:576] -0.00189 -0.00645 -0.00703 -0.00832 -0.00916 ...
  .. .. ..- attr(*, "dimnames")=List of 2
  .. .. .. ..$ : chr [1:3646] "2020-21_11.107-5" "2020-21_12.90-53" "2020-21_12.93-4" "2020-21_14.37-103" ...
  .. .. .. ..$ : NULL
  .. ..$ d          : num [1:576] 985 777 402 285 213 ...
  .. ..$ model      : chr "RKHS"
  .. ..$ Name       : chr "ETA_3"
  .. ..$ tolD       : num 1e-10
  .. ..$ levelsU    : int 576
  .. ..$ df0        : num 5
  .. ..$ R2         : num 0.167
  .. ..$ S0         : num 185
  .. ..$ u          : num [1:3646] -14.6 -24.9 -34.5 -24.6 -23.9 ...
  .. ..$ varU       : num 1989
  .. ..$ uStar      : num [1:576] 805.98 -165.45 579.61 8.17 -31.2 ...
  .. ..$ NamefileOut: chr "X4_cum/ETA_3_varU.dat"
  .. ..$ SD.u       : num [1:3646] 5.97 5.3 6.07 5.19 5.49 ...
  .. ..$ SD.varU    : num 378
 - attr(*, "class")= chr "BGLR"
NULL
List of 21
 $ y            : num [1:3646] 0.488 17.358 0.481 7.03 16.172 ...
 $ a            : NULL
 $ b            : NULL
 $ whichNa      : int [1:1011] 2636 2637 2638 2639 2640 2641 2642 2643 2644 2645 ...
 $ saveAt       : chr "X4_cum/"
 $ nIter        : num 12000
 $ burnIn       : num 2000
 $ thin         : num 5
 $ weights      : num [1:3646] 1 1 1 1 1 1 1 1 1 1 ...
 $ verbose      : logi FALSE
 $ response_type: chr "gaussian"
 $ df0          : num 5
 $ S0           : num 2535
 $ yHat         : num [1:3646] 31.8 17.5 16 12.6 17.5 ...
 $ SD.yHat      : num [1:3646] 7.9 11.47 9.38 11.13 11.9 ...
 $ mu           : num 42.8
 $ SD.mu        : num 3.02
 $ varE         : num 262
 $ SD.varE      : num 19.1
 $ fit          :List of 4
  ..$ logLikAtPostMean: num -10488
  ..$ postMeanLogLik  : num -11068
  ..$ pD              : num 1158
  ..$ DIC             : num 23293
 $ ETA          :List of 3
  ..$ :List of 15
  .. ..$ V          : num [1:3646, 1:6] 0 0 0 0 0 0 0 0 0 0 ...
  .. .. ..- attr(*, "dimnames")=List of 2
  .. .. .. ..$ : chr [1:3646] "2020-21_11.107-5" "2020-21_12.90-53" "2020-21_12.93-4" "2020-21_14.37-103" ...
  .. .. .. ..$ : NULL
  .. ..$ d          : num [1:6] 1011 918 450 447 435 ...
  .. ..$ model      : chr "RKHS"
  .. ..$ Name       : chr "ETA_1"
  .. ..$ tolD       : num 1e-10
  .. ..$ levelsU    : int 6
  .. ..$ df0        : num 5
  .. ..$ R2         : num 0.167
  .. ..$ S0         : num 1.92
  .. ..$ u          : num [1:3646] -0.264 -0.264 -0.264 -0.264 -0.264 ...
  .. ..$ varU       : num 0.752
  .. ..$ uStar      : num [1:6] -0.333 -6.224 -0.857 0.979 5.507 ...
  .. ..$ NamefileOut: chr "X4_cum/ETA_1_varU.dat"
  .. ..$ SD.u       : num [1:3646] 0.984 0.984 0.984 0.984 0.984 ...
  .. ..$ SD.varU    : num 1.32
  ..$ :List of 15
  .. ..$ V          : num [1:3646, 1:2737] 0.408 0 0 0 0 ...
  .. .. ..- attr(*, "dimnames")=List of 2
  .. .. .. ..$ : chr [1:3646] "2020-21_11.107-5" "2020-21_12.90-53" "2020-21_12.93-4" "2020-21_14.37-103" ...
  .. .. .. ..$ : chr [1:2737] "11.107-5" "12.90-53" "12.93-4" "13.27-142" ...
  .. ..$ d          : Named num [1:2737] 6 1 3 1 1 1 1 1 2 1 ...
  .. .. ..- attr(*, "names")= chr [1:2737] "11.107-5" "12.90-53" "12.93-4" "13.27-142" ...
  .. ..$ model      : chr "RKHS"
  .. ..$ Name       : chr "ETA_2"
  .. ..$ tolD       : num 1e-10
  .. ..$ levelsU    : int 2737
  .. ..$ df0        : num 5
  .. ..$ R2         : num 0.167
  .. ..$ S0         : num 878
  .. ..$ u          : num [1:3646] 3.826 -0.138 7.941 -5.32 -1.123 ...
  .. ..$ varU       : num 253
  .. ..$ uStar      : num [1:2737] 9.371 -0.138 13.754 16.516 -5.32 ...
  .. ..$ NamefileOut: chr "X4_cum/ETA_2_varU.dat"
  .. ..$ SD.u       : num [1:3646] 6.8 11.4 8.7 11.1 12 ...
  .. ..$ SD.varU    : num 25.7
  ..$ :List of 15
  .. ..$ V          : num [1:3646, 1:576] -0.00189 -0.00645 -0.00703 -0.00832 -0.00916 ...
  .. .. ..- attr(*, "dimnames")=List of 2
  .. .. .. ..$ : chr [1:3646] "2020-21_11.107-5" "2020-21_12.90-53" "2020-21_12.93-4" "2020-21_14.37-103" ...
  .. .. .. ..$ : NULL
  .. ..$ d          : num [1:576] 985 777 402 285 213 ...
  .. ..$ model      : chr "RKHS"
  .. ..$ Name       : chr "ETA_3"
  .. ..$ tolD       : num 1e-10
  .. ..$ levelsU    : int 576
  .. ..$ df0        : num 5
  .. ..$ R2         : num 0.167
  .. ..$ S0         : num 185
  .. ..$ u          : num [1:3646] -14.6 -24.9 -34.5 -24.6 -23.9 ...
  .. ..$ varU       : num 1989
  .. ..$ uStar      : num [1:576] 805.98 -165.45 579.61 8.17 -31.2 ...
  .. ..$ NamefileOut: chr "X4_cum/ETA_3_varU.dat"
  .. ..$ SD.u       : num [1:3646] 5.97 5.3 6.07 5.19 5.49 ...
  .. ..$ SD.varU    : num 378
 - attr(*, "class")= chr "BGLR"
NULL
List of 21
 $ y            : num [1:3646] 0.488 17.358 0.481 7.03 16.172 ...
 $ a            : NULL
 $ b            : NULL
 $ whichNa      : int [1:1011] 2636 2637 2638 2639 2640 2641 2642 2643 2644 2645 ...
 $ saveAt       : chr "X4_cum/"
 $ nIter        : num 12000
 $ burnIn       : num 2000
 $ thin         : num 5
 $ weights      : num [1:3646] 1 1 1 1 1 1 1 1 1 1 ...
 $ verbose      : logi FALSE
 $ response_type: chr "gaussian"
 $ df0          : num 5
 $ S0           : num 2535
 $ yHat         : num [1:3646] 31.8 17.5 16 12.6 17.5 ...
 $ SD.yHat      : num [1:3646] 7.9 11.47 9.38 11.13 11.9 ...
 $ mu           : num 42.8
 $ SD.mu        : num 3.02
 $ varE         : num 262
 $ SD.varE      : num 19.1
 $ fit          :List of 4
  ..$ logLikAtPostMean: num -10488
  ..$ postMeanLogLik  : num -11068
  ..$ pD              : num 1158
  ..$ DIC             : num 23293
 $ ETA          :List of 3
  ..$ :List of 15
  .. ..$ V          : num [1:3646, 1:6] 0 0 0 0 0 0 0 0 0 0 ...
  .. .. ..- attr(*, "dimnames")=List of 2
  .. .. .. ..$ : chr [1:3646] "2020-21_11.107-5" "2020-21_12.90-53" "2020-21_12.93-4" "2020-21_14.37-103" ...
  .. .. .. ..$ : NULL
  .. ..$ d          : num [1:6] 1011 918 450 447 435 ...
  .. ..$ model      : chr "RKHS"
  .. ..$ Name       : chr "ETA_1"
  .. ..$ tolD       : num 1e-10
  .. ..$ levelsU    : int 6
  .. ..$ df0        : num 5
  .. ..$ R2         : num 0.167
  .. ..$ S0         : num 1.92
  .. ..$ u          : num [1:3646] -0.264 -0.264 -0.264 -0.264 -0.264 ...
  .. ..$ varU       : num 0.752
  .. ..$ uStar      : num [1:6] -0.333 -6.224 -0.857 0.979 5.507 ...
  .. ..$ NamefileOut: chr "X4_cum/ETA_1_varU.dat"
  .. ..$ SD.u       : num [1:3646] 0.984 0.984 0.984 0.984 0.984 ...
  .. ..$ SD.varU    : num 1.32
  ..$ :List of 15
  .. ..$ V          : num [1:3646, 1:2737] 0.408 0 0 0 0 ...
  .. .. ..- attr(*, "dimnames")=List of 2
  .. .. .. ..$ : chr [1:3646] "2020-21_11.107-5" "2020-21_12.90-53" "2020-21_12.93-4" "2020-21_14.37-103" ...
  .. .. .. ..$ : chr [1:2737] "11.107-5" "12.90-53" "12.93-4" "13.27-142" ...
  .. ..$ d          : Named num [1:2737] 6 1 3 1 1 1 1 1 2 1 ...
  .. .. ..- attr(*, "names")= chr [1:2737] "11.107-5" "12.90-53" "12.93-4" "13.27-142" ...
  .. ..$ model      : chr "RKHS"
  .. ..$ Name       : chr "ETA_2"
  .. ..$ tolD       : num 1e-10
  .. ..$ levelsU    : int 2737
  .. ..$ df0        : num 5
  .. ..$ R2         : num 0.167
  .. ..$ S0         : num 878
  .. ..$ u          : num [1:3646] 3.826 -0.138 7.941 -5.32 -1.123 ...
  .. ..$ varU       : num 253
  .. ..$ uStar      : num [1:2737] 9.371 -0.138 13.754 16.516 -5.32 ...
  .. ..$ NamefileOut: chr "X4_cum/ETA_2_varU.dat"
  .. ..$ SD.u       : num [1:3646] 6.8 11.4 8.7 11.1 12 ...
  .. ..$ SD.varU    : num 25.7
  ..$ :List of 15
  .. ..$ V          : num [1:3646, 1:576] -0.00189 -0.00645 -0.00703 -0.00832 -0.00916 ...
  .. .. ..- attr(*, "dimnames")=List of 2
  .. .. .. ..$ : chr [1:3646] "2020-21_11.107-5" "2020-21_12.90-53" "2020-21_12.93-4" "2020-21_14.37-103" ...
  .. .. .. ..$ : NULL
  .. ..$ d          : num [1:576] 985 777 402 285 213 ...
  .. ..$ model      : chr "RKHS"
  .. ..$ Name       : chr "ETA_3"
  .. ..$ tolD       : num 1e-10
  .. ..$ levelsU    : int 576
  .. ..$ df0        : num 5
  .. ..$ R2         : num 0.167
  .. ..$ S0         : num 185
  .. ..$ u          : num [1:3646] -14.6 -24.9 -34.5 -24.6 -23.9 ...
  .. ..$ varU       : num 1989
  .. ..$ uStar      : num [1:576] 805.98 -165.45 579.61 8.17 -31.2 ...
  .. ..$ NamefileOut: chr "X4_cum/ETA_3_varU.dat"
  .. ..$ SD.u       : num [1:3646] 5.97 5.3 6.07 5.19 5.49 ...
  .. ..$ SD.varU    : num 378
 - attr(*, "class")= chr "BGLR"
NULL
List of 21
 $ y            : num [1:3646] 4.216 23.801 0.481 30.098 28.348 ...
 $ a            : NULL
 $ b            : NULL
 $ whichNa      : int [1:1011] 2636 2637 2638 2639 2640 2641 2642 2643 2644 2645 ...
 $ saveAt       : chr "X5_cum/"
 $ nIter        : num 12000
 $ burnIn       : num 2000
 $ thin         : num 5
 $ weights      : num [1:3646] 1 1 1 1 1 1 1 1 1 1 ...
 $ verbose      : logi FALSE
 $ response_type: chr "gaussian"
 $ df0          : num 5
 $ S0           : num 3616
 $ yHat         : num [1:3646] 41.5 27.3 17.1 32.8 29.1 ...
 $ SD.yHat      : num [1:3646] 9.89 13.64 11.14 13.53 13.62 ...
 $ mu           : num 55.8
 $ SD.mu        : num 3.7
 $ varE         : num 409
 $ SD.varE      : num 28.8
 $ fit          :List of 4
  ..$ logLikAtPostMean: num -11133
  ..$ postMeanLogLik  : num -11659
  ..$ pD              : num 1053
  ..$ DIC             : num 24371
 $ ETA          :List of 3
  ..$ :List of 15
  .. ..$ V          : num [1:3646, 1:6] 0 0 0 0 0 0 0 0 0 0 ...
  .. .. ..- attr(*, "dimnames")=List of 2
  .. .. .. ..$ : chr [1:3646] "2020-21_11.107-5" "2020-21_12.90-53" "2020-21_12.93-4" "2020-21_14.37-103" ...
  .. .. .. ..$ : NULL
  .. ..$ d          : num [1:6] 1011 918 450 447 435 ...
  .. ..$ model      : chr "RKHS"
  .. ..$ Name       : chr "ETA_1"
  .. ..$ tolD       : num 1e-10
  .. ..$ levelsU    : int 6
  .. ..$ df0        : num 5
  .. ..$ R2         : num 0.167
  .. ..$ S0         : num 2.74
  .. ..$ u          : num [1:3646] -0.166 -0.166 -0.166 -0.166 -0.166 ...
  .. ..$ varU       : num 0.907
  .. ..$ uStar      : num [1:6] -1.822 -6.471 -2.243 0.573 3.461 ...
  .. ..$ NamefileOut: chr "X5_cum/ETA_1_varU.dat"
  .. ..$ SD.u       : num [1:3646] 0.927 0.927 0.927 0.927 0.927 ...
  .. ..$ SD.varU    : num 1.16
  ..$ :List of 15
  .. ..$ V          : num [1:3646, 1:2737] 0.408 0 0 0 0 ...
  .. .. ..- attr(*, "dimnames")=List of 2
  .. .. .. ..$ : chr [1:3646] "2020-21_11.107-5" "2020-21_12.90-53" "2020-21_12.93-4" "2020-21_14.37-103" ...
  .. .. .. ..$ : chr [1:2737] "11.107-5" "12.90-53" "12.93-4" "13.27-142" ...
  .. ..$ d          : Named num [1:2737] 6 1 3 1 1 1 1 1 2 1 ...
  .. .. ..- attr(*, "names")= chr [1:2737] "11.107-5" "12.90-53" "12.93-4" "13.27-142" ...
  .. ..$ model      : chr "RKHS"
  .. ..$ Name       : chr "ETA_2"
  .. ..$ tolD       : num 1e-10
  .. ..$ levelsU    : int 2737
  .. ..$ df0        : num 5
  .. ..$ R2         : num 0.167
  .. ..$ S0         : num 1252
  .. ..$ u          : num [1:3646] 5.72 -3.11 3.18 -1.11 -1.33 ...
  .. ..$ varU       : num 313
  .. ..$ uStar      : num [1:2737] 14.02 -3.11 5.5 20.91 -1.11 ...
  .. ..$ NamefileOut: chr "X5_cum/ETA_2_varU.dat"
  .. ..$ SD.u       : num [1:3646] 8.55 13.55 10.11 13.58 13.39 ...
  .. ..$ SD.varU    : num 36
  ..$ :List of 15
  .. ..$ V          : num [1:3646, 1:576] -0.00189 -0.00645 -0.00703 -0.00832 -0.00916 ...
  .. .. ..- attr(*, "dimnames")=List of 2
  .. .. .. ..$ : chr [1:3646] "2020-21_11.107-5" "2020-21_12.90-53" "2020-21_12.93-4" "2020-21_14.37-103" ...
  .. .. .. ..$ : NULL
  .. ..$ d          : num [1:576] 985 777 402 285 213 ...
  .. ..$ model      : chr "RKHS"
  .. ..$ Name       : chr "ETA_3"
  .. ..$ tolD       : num 1e-10
  .. ..$ levelsU    : int 576
  .. ..$ df0        : num 5
  .. ..$ R2         : num 0.167
  .. ..$ S0         : num 264
  .. ..$ u          : num [1:3646] -19.9 -25.2 -41.7 -21.7 -25.2 ...
  .. ..$ varU       : num 3155
  .. ..$ uStar      : num [1:576] 953 -166 610 244 -126 ...
  .. ..$ NamefileOut: chr "X5_cum/ETA_3_varU.dat"
  .. ..$ SD.u       : num [1:3646] 7.15 6.28 7.28 6.08 6.65 ...
  .. ..$ SD.varU    : num 607
 - attr(*, "class")= chr "BGLR"
NULL
List of 21
 $ y            : num [1:3646] 0.488 5.656 0.158 4.728 11.634 ...
 $ a            : NULL
 $ b            : NULL
 $ whichNa      : int [1:1011] 2636 2637 2638 2639 2640 2641 2642 2643 2644 2645 ...
 $ saveAt       : chr "X3_cum/"
 $ nIter        : num 12000
 $ burnIn       : num 2000
 $ thin         : num 5
 $ weights      : num [1:3646] 1 1 1 1 1 1 1 1 1 1 ...
 $ verbose      : logi FALSE
 $ response_type: chr "gaussian"
 $ df0          : num 5
 $ S0           : num 1647
 $ yHat         : num [1:3646] 26.65 7.57 10.08 6.31 9.68 ...
 $ SD.yHat      : num [1:3646] 6.6 9.63 7.42 9.62 9.72 ...
 $ mu           : num 30.3
 $ SD.mu        : num 2.72
 $ varE         : num 180
 $ SD.varE      : num 14.2
 $ fit          :List of 4
  ..$ logLikAtPostMean: num -9991
  ..$ postMeanLogLik  : num -10572
  ..$ pD              : num 1162
  ..$ DIC             : num 22307
 $ ETA          :List of 3
  ..$ :List of 15
  .. ..$ V          : num [1:3646, 1:6] 0 0 0 0 0 0 0 0 0 0 ...
  .. .. ..- attr(*, "dimnames")=List of 2
  .. .. .. ..$ : chr [1:3646] "2020-21_11.107-5" "2020-21_12.90-53" "2020-21_12.93-4" "2020-21_14.37-103" ...
  .. .. .. ..$ : NULL
  .. ..$ d          : num [1:6] 1011 918 450 447 435 ...
  .. ..$ model      : chr "RKHS"
  .. ..$ Name       : chr "ETA_1"
  .. ..$ tolD       : num 1e-10
  .. ..$ levelsU    : int 6
  .. ..$ df0        : num 5
  .. ..$ R2         : num 0.167
  .. ..$ S0         : num 1.25
  .. ..$ u          : num [1:3646] -0.153 -0.153 -0.153 -0.153 -0.153 ...
  .. ..$ varU       : num 0.459
  .. ..$ uStar      : num [1:6] -0.144 -3.541 -0.681 -0.615 3.197 ...
  .. ..$ NamefileOut: chr "X3_cum/ETA_1_varU.dat"
  .. ..$ SD.u       : num [1:3646] 0.679 0.679 0.679 0.679 0.679 ...
  .. ..$ SD.varU    : num 0.543
  ..$ :List of 15
  .. ..$ V          : num [1:3646, 1:2737] 0.408 0 0 0 0 ...
  .. .. ..- attr(*, "dimnames")=List of 2
  .. .. .. ..$ : chr [1:3646] "2020-21_11.107-5" "2020-21_12.90-53" "2020-21_12.93-4" "2020-21_14.37-103" ...
  .. .. .. ..$ : chr [1:2737] "11.107-5" "12.90-53" "12.93-4" "13.27-142" ...
  .. ..$ d          : Named num [1:2737] 6 1 3 1 1 1 1 1 2 1 ...
  .. .. ..- attr(*, "names")= chr [1:2737] "11.107-5" "12.90-53" "12.93-4" "13.27-142" ...
  .. ..$ model      : chr "RKHS"
  .. ..$ Name       : chr "ETA_2"
  .. ..$ tolD       : num 1e-10
  .. ..$ levelsU    : int 2737
  .. ..$ df0        : num 5
  .. ..$ R2         : num 0.167
  .. ..$ S0         : num 570
  .. ..$ u          : num [1:3646] 6.16 -1.63 4.31 -1.78 1.57 ...
  .. ..$ varU       : num 183
  .. ..$ uStar      : num [1:2737] 15.1 -1.63 7.46 16.3 -1.78 ...
  .. ..$ NamefileOut: chr "X3_cum/ETA_2_varU.dat"
  .. ..$ SD.u       : num [1:3646] 5.63 9.6 6.85 9.55 9.65 ...
  .. ..$ SD.varU    : num 19.7
  ..$ :List of 15
  .. ..$ V          : num [1:3646, 1:576] -0.00189 -0.00645 -0.00703 -0.00832 -0.00916 ...
  .. .. ..- attr(*, "dimnames")=List of 2
  .. .. .. ..$ : chr [1:3646] "2020-21_11.107-5" "2020-21_12.90-53" "2020-21_12.93-4" "2020-21_14.37-103" ...
  .. .. .. ..$ : NULL
  .. ..$ d          : num [1:576] 985 777 402 285 213 ...
  .. ..$ model      : chr "RKHS"
  .. ..$ Name       : chr "ETA_3"
  .. ..$ tolD       : num 1e-10
  .. ..$ levelsU    : int 576
  .. ..$ df0        : num 5
  .. ..$ R2         : num 0.167
  .. ..$ S0         : num 120
  .. ..$ u          : num [1:3646] -9.67 -20.97 -24.39 -22.07 -22.05 ...
  .. ..$ varU       : num 861
  .. ..$ uStar      : num [1:576] 580.5 -138.1 505.1 -131.7 50.4 ...
  .. ..$ NamefileOut: chr "X3_cum/ETA_3_varU.dat"
  .. ..$ SD.u       : num [1:3646] 4.77 4.43 4.75 4.16 4.61 ...
  .. ..$ SD.varU    : num 174
 - attr(*, "class")= chr "BGLR"
NULL
List of 21
 $ y            : num [1:3646] 0.1023 0.00692 0.09019 0 0 ...
 $ a            : NULL
 $ b            : NULL
 $ whichNa      : int [1:1011] 2636 2637 2638 2639 2640 2641 2642 2643 2644 2645 ...
 $ saveAt       : chr "X1_cum/"
 $ nIter        : num 12000
 $ burnIn       : num 2000
 $ thin         : num 5
 $ weights      : num [1:3646] 1 1 1 1 1 1 1 1 1 1 ...
 $ verbose      : logi FALSE
 $ response_type: chr "gaussian"
 $ df0          : num 5
 $ S0           : num 144
 $ yHat         : num [1:3646] 5.3459 0.1121 -0.4746 0.0628 0.1535 ...
 $ SD.yHat      : num [1:3646] 1.45 2.78 1.77 2.73 2.78 ...
 $ mu           : num 4.28
 $ SD.mu        : num 0.452
 $ varE         : num 9.09
 $ SD.varE      : num 0.575
 $ fit          :List of 4
  ..$ logLikAtPostMean: num -5778
  ..$ postMeanLogLik  : num -6638
  ..$ pD              : num 1720
  ..$ DIC             : num 14996
 $ ETA          :List of 3
  ..$ :List of 15
  .. ..$ V          : num [1:3646, 1:6] 0 0 0 0 0 0 0 0 0 0 ...
  .. .. ..- attr(*, "dimnames")=List of 2
  .. .. .. ..$ : chr [1:3646] "2020-21_11.107-5" "2020-21_12.90-53" "2020-21_12.93-4" "2020-21_14.37-103" ...
  .. .. .. ..$ : NULL
  .. ..$ d          : num [1:6] 1011 918 450 447 435 ...
  .. ..$ model      : chr "RKHS"
  .. ..$ Name       : chr "ETA_1"
  .. ..$ tolD       : num 1e-10
  .. ..$ levelsU    : int 6
  .. ..$ df0        : num 5
  .. ..$ R2         : num 0.167
  .. ..$ S0         : num 0.109
  .. ..$ u          : num [1:3646] -0.0377 -0.0377 -0.0377 -0.0377 -0.0377 ...
  .. ..$ varU       : num 0.0426
  .. ..$ uStar      : num [1:6] 0.0206 -1.6895 0.6473 1.4606 0.7861 ...
  .. ..$ NamefileOut: chr "X1_cum/ETA_1_varU.dat"
  .. ..$ SD.u       : num [1:3646] 0.206 0.206 0.206 0.206 0.206 ...
  .. ..$ SD.varU    : num 0.0829
  ..$ :List of 15
  .. ..$ V          : num [1:3646, 1:2737] 0.408 0 0 0 0 ...
  .. .. ..- attr(*, "dimnames")=List of 2
  .. .. .. ..$ : chr [1:3646] "2020-21_11.107-5" "2020-21_12.90-53" "2020-21_12.93-4" "2020-21_14.37-103" ...
  .. .. .. ..$ : chr [1:2737] "11.107-5" "12.90-53" "12.93-4" "13.27-142" ...
  .. ..$ d          : Named num [1:2737] 6 1 3 1 1 1 1 1 2 1 ...
  .. .. ..- attr(*, "names")= chr [1:2737] "11.107-5" "12.90-53" "12.93-4" "13.27-142" ...
  .. ..$ model      : chr "RKHS"
  .. ..$ Name       : chr "ETA_2"
  .. ..$ tolD       : num 1e-10
  .. ..$ levelsU    : int 2737
  .. ..$ df0        : num 5
  .. ..$ R2         : num 0.167
  .. ..$ S0         : num 49.8
  .. ..$ u          : num [1:3646] 4.729 -0.463 -1.329 -0.265 -0.489 ...
  .. ..$ varU       : num 45.1
  .. ..$ uStar      : num [1:2737] 11.584 -0.463 -2.301 -1.126 -0.265 ...
  .. ..$ NamefileOut: chr "X1_cum/ETA_2_varU.dat"
  .. ..$ SD.u       : num [1:3646] 1.37 2.8 1.76 2.78 2.81 ...
  .. ..$ SD.varU    : num 1.89
  ..$ :List of 15
  .. ..$ V          : num [1:3646, 1:576] -0.00189 -0.00645 -0.00703 -0.00832 -0.00916 ...
  .. .. ..- attr(*, "dimnames")=List of 2
  .. .. .. ..$ : chr [1:3646] "2020-21_11.107-5" "2020-21_12.90-53" "2020-21_12.93-4" "2020-21_14.37-103" ...
  .. .. .. ..$ : NULL
  .. ..$ d          : num [1:576] 985 777 402 285 213 ...
  .. ..$ model      : chr "RKHS"
  .. ..$ Name       : chr "ETA_3"
  .. ..$ tolD       : num 1e-10
  .. ..$ levelsU    : int 576
  .. ..$ df0        : num 5
  .. ..$ R2         : num 0.167
  .. ..$ S0         : num 10.5
  .. ..$ u          : num [1:3646] -3.63 -3.67 -3.39 -3.91 -3.6 ...
  .. ..$ varU       : num 8.53
  .. ..$ uStar      : num [1:576] 90.99 -57.94 99.31 -37.98 -8.82 ...
  .. ..$ NamefileOut: chr "X1_cum/ETA_3_varU.dat"
  .. ..$ SD.u       : num [1:3646] 0.907 0.794 0.906 0.751 0.851 ...
  .. ..$ SD.varU    : num 2.9
 - attr(*, "class")= chr "BGLR"
NULL
List of 21
 $ y            : num [1:3646] 0.488 5.656 0.158 4.728 11.634 ...
 $ a            : NULL
 $ b            : NULL
 $ whichNa      : int [1:1011] 2636 2637 2638 2639 2640 2641 2642 2643 2644 2645 ...
 $ saveAt       : chr "X3_cum/"
 $ nIter        : num 12000
 $ burnIn       : num 2000
 $ thin         : num 5
 $ weights      : num [1:3646] 1 1 1 1 1 1 1 1 1 1 ...
 $ verbose      : logi FALSE
 $ response_type: chr "gaussian"
 $ df0          : num 5
 $ S0           : num 1647
 $ yHat         : num [1:3646] 26.65 7.57 10.08 6.31 9.68 ...
 $ SD.yHat      : num [1:3646] 6.6 9.63 7.42 9.62 9.72 ...
 $ mu           : num 30.3
 $ SD.mu        : num 2.72
 $ varE         : num 180
 $ SD.varE      : num 14.2
 $ fit          :List of 4
  ..$ logLikAtPostMean: num -9991
  ..$ postMeanLogLik  : num -10572
  ..$ pD              : num 1162
  ..$ DIC             : num 22307
 $ ETA          :List of 3
  ..$ :List of 15
  .. ..$ V          : num [1:3646, 1:6] 0 0 0 0 0 0 0 0 0 0 ...
  .. .. ..- attr(*, "dimnames")=List of 2
  .. .. .. ..$ : chr [1:3646] "2020-21_11.107-5" "2020-21_12.90-53" "2020-21_12.93-4" "2020-21_14.37-103" ...
  .. .. .. ..$ : NULL
  .. ..$ d          : num [1:6] 1011 918 450 447 435 ...
  .. ..$ model      : chr "RKHS"
  .. ..$ Name       : chr "ETA_1"
  .. ..$ tolD       : num 1e-10
  .. ..$ levelsU    : int 6
  .. ..$ df0        : num 5
  .. ..$ R2         : num 0.167
  .. ..$ S0         : num 1.25
  .. ..$ u          : num [1:3646] -0.153 -0.153 -0.153 -0.153 -0.153 ...
  .. ..$ varU       : num 0.459
  .. ..$ uStar      : num [1:6] -0.144 -3.541 -0.681 -0.615 3.197 ...
  .. ..$ NamefileOut: chr "X3_cum/ETA_1_varU.dat"
  .. ..$ SD.u       : num [1:3646] 0.679 0.679 0.679 0.679 0.679 ...
  .. ..$ SD.varU    : num 0.543
  ..$ :List of 15
  .. ..$ V          : num [1:3646, 1:2737] 0.408 0 0 0 0 ...
  .. .. ..- attr(*, "dimnames")=List of 2
  .. .. .. ..$ : chr [1:3646] "2020-21_11.107-5" "2020-21_12.90-53" "2020-21_12.93-4" "2020-21_14.37-103" ...
  .. .. .. ..$ : chr [1:2737] "11.107-5" "12.90-53" "12.93-4" "13.27-142" ...
  .. ..$ d          : Named num [1:2737] 6 1 3 1 1 1 1 1 2 1 ...
  .. .. ..- attr(*, "names")= chr [1:2737] "11.107-5" "12.90-53" "12.93-4" "13.27-142" ...
  .. ..$ model      : chr "RKHS"
  .. ..$ Name       : chr "ETA_2"
  .. ..$ tolD       : num 1e-10
  .. ..$ levelsU    : int 2737
  .. ..$ df0        : num 5
  .. ..$ R2         : num 0.167
  .. ..$ S0         : num 570
  .. ..$ u          : num [1:3646] 6.16 -1.63 4.31 -1.78 1.57 ...
  .. ..$ varU       : num 183
  .. ..$ uStar      : num [1:2737] 15.1 -1.63 7.46 16.3 -1.78 ...
  .. ..$ NamefileOut: chr "X3_cum/ETA_2_varU.dat"
  .. ..$ SD.u       : num [1:3646] 5.63 9.6 6.85 9.55 9.65 ...
  .. ..$ SD.varU    : num 19.7
  ..$ :List of 15
  .. ..$ V          : num [1:3646, 1:576] -0.00189 -0.00645 -0.00703 -0.00832 -0.00916 ...
  .. .. ..- attr(*, "dimnames")=List of 2
  .. .. .. ..$ : chr [1:3646] "2020-21_11.107-5" "2020-21_12.90-53" "2020-21_12.93-4" "2020-21_14.37-103" ...
  .. .. .. ..$ : NULL
  .. ..$ d          : num [1:576] 985 777 402 285 213 ...
  .. ..$ model      : chr "RKHS"
  .. ..$ Name       : chr "ETA_3"
  .. ..$ tolD       : num 1e-10
  .. ..$ levelsU    : int 576
  .. ..$ df0        : num 5
  .. ..$ R2         : num 0.167
  .. ..$ S0         : num 120
  .. ..$ u          : num [1:3646] -9.67 -20.97 -24.39 -22.07 -22.05 ...
  .. ..$ varU       : num 861
  .. ..$ uStar      : num [1:576] 580.5 -138.1 505.1 -131.7 50.4 ...
  .. ..$ NamefileOut: chr "X3_cum/ETA_3_varU.dat"
  .. ..$ SD.u       : num [1:3646] 4.77 4.43 4.75 4.16 4.61 ...
  .. ..$ SD.varU    : num 174
 - attr(*, "class")= chr "BGLR"
NULL
List of 21
 $ y            : num [1:3646] 0.488 5.656 0.158 4.728 11.634 ...
 $ a            : NULL
 $ b            : NULL
 $ whichNa      : int [1:1011] 2636 2637 2638 2639 2640 2641 2642 2643 2644 2645 ...
 $ saveAt       : chr "X3_cum/"
 $ nIter        : num 12000
 $ burnIn       : num 2000
 $ thin         : num 5
 $ weights      : num [1:3646] 1 1 1 1 1 1 1 1 1 1 ...
 $ verbose      : logi FALSE
 $ response_type: chr "gaussian"
 $ df0          : num 5
 $ S0           : num 1647
 $ yHat         : num [1:3646] 26.65 7.57 10.08 6.31 9.68 ...
 $ SD.yHat      : num [1:3646] 6.6 9.63 7.42 9.62 9.72 ...
 $ mu           : num 30.3
 $ SD.mu        : num 2.72
 $ varE         : num 180
 $ SD.varE      : num 14.2
 $ fit          :List of 4
  ..$ logLikAtPostMean: num -9991
  ..$ postMeanLogLik  : num -10572
  ..$ pD              : num 1162
  ..$ DIC             : num 22307
 $ ETA          :List of 3
  ..$ :List of 15
  .. ..$ V          : num [1:3646, 1:6] 0 0 0 0 0 0 0 0 0 0 ...
  .. .. ..- attr(*, "dimnames")=List of 2
  .. .. .. ..$ : chr [1:3646] "2020-21_11.107-5" "2020-21_12.90-53" "2020-21_12.93-4" "2020-21_14.37-103" ...
  .. .. .. ..$ : NULL
  .. ..$ d          : num [1:6] 1011 918 450 447 435 ...
  .. ..$ model      : chr "RKHS"
  .. ..$ Name       : chr "ETA_1"
  .. ..$ tolD       : num 1e-10
  .. ..$ levelsU    : int 6
  .. ..$ df0        : num 5
  .. ..$ R2         : num 0.167
  .. ..$ S0         : num 1.25
  .. ..$ u          : num [1:3646] -0.153 -0.153 -0.153 -0.153 -0.153 ...
  .. ..$ varU       : num 0.459
  .. ..$ uStar      : num [1:6] -0.144 -3.541 -0.681 -0.615 3.197 ...
  .. ..$ NamefileOut: chr "X3_cum/ETA_1_varU.dat"
  .. ..$ SD.u       : num [1:3646] 0.679 0.679 0.679 0.679 0.679 ...
  .. ..$ SD.varU    : num 0.543
  ..$ :List of 15
  .. ..$ V          : num [1:3646, 1:2737] 0.408 0 0 0 0 ...
  .. .. ..- attr(*, "dimnames")=List of 2
  .. .. .. ..$ : chr [1:3646] "2020-21_11.107-5" "2020-21_12.90-53" "2020-21_12.93-4" "2020-21_14.37-103" ...
  .. .. .. ..$ : chr [1:2737] "11.107-5" "12.90-53" "12.93-4" "13.27-142" ...
  .. ..$ d          : Named num [1:2737] 6 1 3 1 1 1 1 1 2 1 ...
  .. .. ..- attr(*, "names")= chr [1:2737] "11.107-5" "12.90-53" "12.93-4" "13.27-142" ...
  .. ..$ model      : chr "RKHS"
  .. ..$ Name       : chr "ETA_2"
  .. ..$ tolD       : num 1e-10
  .. ..$ levelsU    : int 2737
  .. ..$ df0        : num 5
  .. ..$ R2         : num 0.167
  .. ..$ S0         : num 570
  .. ..$ u          : num [1:3646] 6.16 -1.63 4.31 -1.78 1.57 ...
  .. ..$ varU       : num 183
  .. ..$ uStar      : num [1:2737] 15.1 -1.63 7.46 16.3 -1.78 ...
  .. ..$ NamefileOut: chr "X3_cum/ETA_2_varU.dat"
  .. ..$ SD.u       : num [1:3646] 5.63 9.6 6.85 9.55 9.65 ...
  .. ..$ SD.varU    : num 19.7
  ..$ :List of 15
  .. ..$ V          : num [1:3646, 1:576] -0.00189 -0.00645 -0.00703 -0.00832 -0.00916 ...
  .. .. ..- attr(*, "dimnames")=List of 2
  .. .. .. ..$ : chr [1:3646] "2020-21_11.107-5" "2020-21_12.90-53" "2020-21_12.93-4" "2020-21_14.37-103" ...
  .. .. .. ..$ : NULL
  .. ..$ d          : num [1:576] 985 777 402 285 213 ...
  .. ..$ model      : chr "RKHS"
  .. ..$ Name       : chr "ETA_3"
  .. ..$ tolD       : num 1e-10
  .. ..$ levelsU    : int 576
  .. ..$ df0        : num 5
  .. ..$ R2         : num 0.167
  .. ..$ S0         : num 120
  .. ..$ u          : num [1:3646] -9.67 -20.97 -24.39 -22.07 -22.05 ...
  .. ..$ varU       : num 861
  .. ..$ uStar      : num [1:576] 580.5 -138.1 505.1 -131.7 50.4 ...
  .. ..$ NamefileOut: chr "X3_cum/ETA_3_varU.dat"
  .. ..$ SD.u       : num [1:3646] 4.77 4.43 4.75 4.16 4.61 ...
  .. ..$ SD.varU    : num 174
 - attr(*, "class")= chr "BGLR"
NULL
List of 21
 $ y            : num [1:3646] 4.893 32.395 0.616 30.098 31.883 ...
 $ a            : NULL
 $ b            : NULL
 $ whichNa      : int [1:1011] 2636 2637 2638 2639 2640 2641 2642 2643 2644 2645 ...
 $ saveAt       : chr "X6_cum/"
 $ nIter        : num 12000
 $ burnIn       : num 2000
 $ thin         : num 5
 $ weights      : num [1:3646] 1 1 1 1 1 1 1 1 1 1 ...
 $ verbose      : logi FALSE
 $ response_type: chr "gaussian"
 $ df0          : num 5
 $ S0           : num 5038
 $ yHat         : num [1:3646] 56.9 36.6 33.1 41.1 34.5 ...
 $ SD.yHat      : num [1:3646] 11.6 16.6 13.7 16.5 16.7 ...
 $ mu           : num 74.7
 $ SD.mu        : num 5.18
 $ varE         : num 616
 $ SD.varE      : num 40.2
 $ fit          :List of 4
  ..$ logLikAtPostMean: num -11686
  ..$ postMeanLogLik  : num -12197
  ..$ pD              : num 1021
  ..$ DIC             : num 25415
 $ ETA          :List of 3
  ..$ :List of 15
  .. ..$ V          : num [1:3646, 1:6] 0 0 0 0 0 0 0 0 0 0 ...
  .. .. ..- attr(*, "dimnames")=List of 2
  .. .. .. ..$ : chr [1:3646] "2020-21_11.107-5" "2020-21_12.90-53" "2020-21_12.93-4" "2020-21_14.37-103" ...
  .. .. .. ..$ : NULL
  .. ..$ d          : num [1:6] 1011 918 450 447 435 ...
  .. ..$ model      : chr "RKHS"
  .. ..$ Name       : chr "ETA_1"
  .. ..$ tolD       : num 1e-10
  .. ..$ levelsU    : int 6
  .. ..$ df0        : num 5
  .. ..$ R2         : num 0.167
  .. ..$ S0         : num 3.82
  .. ..$ u          : num [1:3646] -0.197 -0.197 -0.197 -0.197 -0.197 ...
  .. ..$ varU       : num 1.31
  .. ..$ uStar      : num [1:6] 0.0591 -4.367 -4.2251 -0.3213 4.1077 ...
  .. ..$ NamefileOut: chr "X6_cum/ETA_1_varU.dat"
  .. ..$ SD.u       : num [1:3646] 1.15 1.15 1.15 1.15 1.15 ...
  .. ..$ SD.varU    : num 1.35
  ..$ :List of 15
  .. ..$ V          : num [1:3646, 1:2737] 0.408 0 0 0 0 ...
  .. .. ..- attr(*, "dimnames")=List of 2
  .. .. .. ..$ : chr [1:3646] "2020-21_11.107-5" "2020-21_12.90-53" "2020-21_12.93-4" "2020-21_14.37-103" ...
  .. .. .. ..$ : chr [1:2737] "11.107-5" "12.90-53" "12.93-4" "13.27-142" ...
  .. ..$ d          : Named num [1:2737] 6 1 3 1 1 1 1 1 2 1 ...
  .. .. ..- attr(*, "names")= chr [1:2737] "11.107-5" "12.90-53" "12.93-4" "13.27-142" ...
  .. ..$ model      : chr "RKHS"
  .. ..$ Name       : chr "ETA_2"
  .. ..$ tolD       : num 1e-10
  .. ..$ levelsU    : int 2737
  .. ..$ df0        : num 5
  .. ..$ R2         : num 0.167
  .. ..$ S0         : num 1745
  .. ..$ u          : num [1:3646] 9.2 -1.71 8.12 -8.06 -2.28 ...
  .. ..$ varU       : num 448
  .. ..$ uStar      : num [1:2737] 22.55 -1.71 14.07 23.86 -8.06 ...
  .. ..$ NamefileOut: chr "X6_cum/ETA_2_varU.dat"
  .. ..$ SD.u       : num [1:3646] 9.92 16.27 12.79 16.41 16.34 ...
  .. ..$ SD.varU    : num 49.4
  ..$ :List of 15
  .. ..$ V          : num [1:3646, 1:576] -0.00189 -0.00645 -0.00703 -0.00832 -0.00916 ...
  .. .. ..- attr(*, "dimnames")=List of 2
  .. .. .. ..$ : chr [1:3646] "2020-21_11.107-5" "2020-21_12.90-53" "2020-21_12.93-4" "2020-21_14.37-103" ...
  .. .. .. ..$ : NULL
  .. ..$ d          : num [1:576] 985 777 402 285 213 ...
  .. ..$ model      : chr "RKHS"
  .. ..$ Name       : chr "ETA_3"
  .. ..$ tolD       : num 1e-10
  .. ..$ levelsU    : int 576
  .. ..$ df0        : num 5
  .. ..$ R2         : num 0.167
  .. ..$ S0         : num 367
  .. ..$ u          : num [1:3646] -26.9 -36.2 -49.5 -25.4 -37.8 ...
  .. ..$ varU       : num 3799
  .. ..$ uStar      : num [1:576] 983 -137 930 360 -284 ...
  .. ..$ NamefileOut: chr "X6_cum/ETA_3_varU.dat"
  .. ..$ SD.u       : num [1:3646] 8.97 8.18 9.15 7.99 8.4 ...
  .. ..$ SD.varU    : num 740
 - attr(*, "class")= chr "BGLR"
NULL
List of 21
 $ y            : num [1:3646] 0.488 5.656 0.158 4.728 11.634 ...
 $ a            : NULL
 $ b            : NULL
 $ whichNa      : int [1:1011] 2636 2637 2638 2639 2640 2641 2642 2643 2644 2645 ...
 $ saveAt       : chr "X3_cum/"
 $ nIter        : num 12000
 $ burnIn       : num 2000
 $ thin         : num 5
 $ weights      : num [1:3646] 1 1 1 1 1 1 1 1 1 1 ...
 $ verbose      : logi FALSE
 $ response_type: chr "gaussian"
 $ df0          : num 5
 $ S0           : num 1647
 $ yHat         : num [1:3646] 26.65 7.57 10.08 6.31 9.68 ...
 $ SD.yHat      : num [1:3646] 6.6 9.63 7.42 9.62 9.72 ...
 $ mu           : num 30.3
 $ SD.mu        : num 2.72
 $ varE         : num 180
 $ SD.varE      : num 14.2
 $ fit          :List of 4
  ..$ logLikAtPostMean: num -9991
  ..$ postMeanLogLik  : num -10572
  ..$ pD              : num 1162
  ..$ DIC             : num 22307
 $ ETA          :List of 3
  ..$ :List of 15
  .. ..$ V          : num [1:3646, 1:6] 0 0 0 0 0 0 0 0 0 0 ...
  .. .. ..- attr(*, "dimnames")=List of 2
  .. .. .. ..$ : chr [1:3646] "2020-21_11.107-5" "2020-21_12.90-53" "2020-21_12.93-4" "2020-21_14.37-103" ...
  .. .. .. ..$ : NULL
  .. ..$ d          : num [1:6] 1011 918 450 447 435 ...
  .. ..$ model      : chr "RKHS"
  .. ..$ Name       : chr "ETA_1"
  .. ..$ tolD       : num 1e-10
  .. ..$ levelsU    : int 6
  .. ..$ df0        : num 5
  .. ..$ R2         : num 0.167
  .. ..$ S0         : num 1.25
  .. ..$ u          : num [1:3646] -0.153 -0.153 -0.153 -0.153 -0.153 ...
  .. ..$ varU       : num 0.459
  .. ..$ uStar      : num [1:6] -0.144 -3.541 -0.681 -0.615 3.197 ...
  .. ..$ NamefileOut: chr "X3_cum/ETA_1_varU.dat"
  .. ..$ SD.u       : num [1:3646] 0.679 0.679 0.679 0.679 0.679 ...
  .. ..$ SD.varU    : num 0.543
  ..$ :List of 15
  .. ..$ V          : num [1:3646, 1:2737] 0.408 0 0 0 0 ...
  .. .. ..- attr(*, "dimnames")=List of 2
  .. .. .. ..$ : chr [1:3646] "2020-21_11.107-5" "2020-21_12.90-53" "2020-21_12.93-4" "2020-21_14.37-103" ...
  .. .. .. ..$ : chr [1:2737] "11.107-5" "12.90-53" "12.93-4" "13.27-142" ...
  .. ..$ d          : Named num [1:2737] 6 1 3 1 1 1 1 1 2 1 ...
  .. .. ..- attr(*, "names")= chr [1:2737] "11.107-5" "12.90-53" "12.93-4" "13.27-142" ...
  .. ..$ model      : chr "RKHS"
  .. ..$ Name       : chr "ETA_2"
  .. ..$ tolD       : num 1e-10
  .. ..$ levelsU    : int 2737
  .. ..$ df0        : num 5
  .. ..$ R2         : num 0.167
  .. ..$ S0         : num 570
  .. ..$ u          : num [1:3646] 6.16 -1.63 4.31 -1.78 1.57 ...
  .. ..$ varU       : num 183
  .. ..$ uStar      : num [1:2737] 15.1 -1.63 7.46 16.3 -1.78 ...
  .. ..$ NamefileOut: chr "X3_cum/ETA_2_varU.dat"
  .. ..$ SD.u       : num [1:3646] 5.63 9.6 6.85 9.55 9.65 ...
  .. ..$ SD.varU    : num 19.7
  ..$ :List of 15
  .. ..$ V          : num [1:3646, 1:576] -0.00189 -0.00645 -0.00703 -0.00832 -0.00916 ...
  .. .. ..- attr(*, "dimnames")=List of 2
  .. .. .. ..$ : chr [1:3646] "2020-21_11.107-5" "2020-21_12.90-53" "2020-21_12.93-4" "2020-21_14.37-103" ...
  .. .. .. ..$ : NULL
  .. ..$ d          : num [1:576] 985 777 402 285 213 ...
  .. ..$ model      : chr "RKHS"
  .. ..$ Name       : chr "ETA_3"
  .. ..$ tolD       : num 1e-10
  .. ..$ levelsU    : int 576
  .. ..$ df0        : num 5
  .. ..$ R2         : num 0.167
  .. ..$ S0         : num 120
  .. ..$ u          : num [1:3646] -9.67 -20.97 -24.39 -22.07 -22.05 ...
  .. ..$ varU       : num 861
  .. ..$ uStar      : num [1:576] 580.5 -138.1 505.1 -131.7 50.4 ...
  .. ..$ NamefileOut: chr "X3_cum/ETA_3_varU.dat"
  .. ..$ SD.u       : num [1:3646] 4.77 4.43 4.75 4.16 4.61 ...
  .. ..$ SD.varU    : num 174
 - attr(*, "class")= chr "BGLR"
NULL
List of 21
 $ y            : num [1:3646] 4.216 23.801 0.481 30.098 28.348 ...
 $ a            : NULL
 $ b            : NULL
 $ whichNa      : int [1:1011] 2636 2637 2638 2639 2640 2641 2642 2643 2644 2645 ...
 $ saveAt       : chr "X5_cum/"
 $ nIter        : num 12000
 $ burnIn       : num 2000
 $ thin         : num 5
 $ weights      : num [1:3646] 1 1 1 1 1 1 1 1 1 1 ...
 $ verbose      : logi FALSE
 $ response_type: chr "gaussian"
 $ df0          : num 5
 $ S0           : num 3616
 $ yHat         : num [1:3646] 41.5 27.3 17.1 32.8 29.1 ...
 $ SD.yHat      : num [1:3646] 9.89 13.64 11.14 13.53 13.62 ...
 $ mu           : num 55.8
 $ SD.mu        : num 3.7
 $ varE         : num 409
 $ SD.varE      : num 28.8
 $ fit          :List of 4
  ..$ logLikAtPostMean: num -11133
  ..$ postMeanLogLik  : num -11659
  ..$ pD              : num 1053
  ..$ DIC             : num 24371
 $ ETA          :List of 3
  ..$ :List of 15
  .. ..$ V          : num [1:3646, 1:6] 0 0 0 0 0 0 0 0 0 0 ...
  .. .. ..- attr(*, "dimnames")=List of 2
  .. .. .. ..$ : chr [1:3646] "2020-21_11.107-5" "2020-21_12.90-53" "2020-21_12.93-4" "2020-21_14.37-103" ...
  .. .. .. ..$ : NULL
  .. ..$ d          : num [1:6] 1011 918 450 447 435 ...
  .. ..$ model      : chr "RKHS"
  .. ..$ Name       : chr "ETA_1"
  .. ..$ tolD       : num 1e-10
  .. ..$ levelsU    : int 6
  .. ..$ df0        : num 5
  .. ..$ R2         : num 0.167
  .. ..$ S0         : num 2.74
  .. ..$ u          : num [1:3646] -0.166 -0.166 -0.166 -0.166 -0.166 ...
  .. ..$ varU       : num 0.907
  .. ..$ uStar      : num [1:6] -1.822 -6.471 -2.243 0.573 3.461 ...
  .. ..$ NamefileOut: chr "X5_cum/ETA_1_varU.dat"
  .. ..$ SD.u       : num [1:3646] 0.927 0.927 0.927 0.927 0.927 ...
  .. ..$ SD.varU    : num 1.16
  ..$ :List of 15
  .. ..$ V          : num [1:3646, 1:2737] 0.408 0 0 0 0 ...
  .. .. ..- attr(*, "dimnames")=List of 2
  .. .. .. ..$ : chr [1:3646] "2020-21_11.107-5" "2020-21_12.90-53" "2020-21_12.93-4" "2020-21_14.37-103" ...
  .. .. .. ..$ : chr [1:2737] "11.107-5" "12.90-53" "12.93-4" "13.27-142" ...
  .. ..$ d          : Named num [1:2737] 6 1 3 1 1 1 1 1 2 1 ...
  .. .. ..- attr(*, "names")= chr [1:2737] "11.107-5" "12.90-53" "12.93-4" "13.27-142" ...
  .. ..$ model      : chr "RKHS"
  .. ..$ Name       : chr "ETA_2"
  .. ..$ tolD       : num 1e-10
  .. ..$ levelsU    : int 2737
  .. ..$ df0        : num 5
  .. ..$ R2         : num 0.167
  .. ..$ S0         : num 1252
  .. ..$ u          : num [1:3646] 5.72 -3.11 3.18 -1.11 -1.33 ...
  .. ..$ varU       : num 313
  .. ..$ uStar      : num [1:2737] 14.02 -3.11 5.5 20.91 -1.11 ...
  .. ..$ NamefileOut: chr "X5_cum/ETA_2_varU.dat"
  .. ..$ SD.u       : num [1:3646] 8.55 13.55 10.11 13.58 13.39 ...
  .. ..$ SD.varU    : num 36
  ..$ :List of 15
  .. ..$ V          : num [1:3646, 1:576] -0.00189 -0.00645 -0.00703 -0.00832 -0.00916 ...
  .. .. ..- attr(*, "dimnames")=List of 2
  .. .. .. ..$ : chr [1:3646] "2020-21_11.107-5" "2020-21_12.90-53" "2020-21_12.93-4" "2020-21_14.37-103" ...
  .. .. .. ..$ : NULL
  .. ..$ d          : num [1:576] 985 777 402 285 213 ...
  .. ..$ model      : chr "RKHS"
  .. ..$ Name       : chr "ETA_3"
  .. ..$ tolD       : num 1e-10
  .. ..$ levelsU    : int 576
  .. ..$ df0        : num 5
  .. ..$ R2         : num 0.167
  .. ..$ S0         : num 264
  .. ..$ u          : num [1:3646] -19.9 -25.2 -41.7 -21.7 -25.2 ...
  .. ..$ varU       : num 3155
  .. ..$ uStar      : num [1:576] 953 -166 610 244 -126 ...
  .. ..$ NamefileOut: chr "X5_cum/ETA_3_varU.dat"
  .. ..$ SD.u       : num [1:3646] 7.15 6.28 7.28 6.08 6.65 ...
  .. ..$ SD.varU    : num 607
 - attr(*, "class")= chr "BGLR"
NULL
List of 21
 $ y            : num [1:3646] 4.216 23.801 0.481 30.098 28.348 ...
 $ a            : NULL
 $ b            : NULL
 $ whichNa      : int [1:1011] 2636 2637 2638 2639 2640 2641 2642 2643 2644 2645 ...
 $ saveAt       : chr "X5_cum/"
 $ nIter        : num 12000
 $ burnIn       : num 2000
 $ thin         : num 5
 $ weights      : num [1:3646] 1 1 1 1 1 1 1 1 1 1 ...
 $ verbose      : logi FALSE
 $ response_type: chr "gaussian"
 $ df0          : num 5
 $ S0           : num 3616
 $ yHat         : num [1:3646] 41.5 27.3 17.1 32.8 29.1 ...
 $ SD.yHat      : num [1:3646] 9.89 13.64 11.14 13.53 13.62 ...
 $ mu           : num 55.8
 $ SD.mu        : num 3.7
 $ varE         : num 409
 $ SD.varE      : num 28.8
 $ fit          :List of 4
  ..$ logLikAtPostMean: num -11133
  ..$ postMeanLogLik  : num -11659
  ..$ pD              : num 1053
  ..$ DIC             : num 24371
 $ ETA          :List of 3
  ..$ :List of 15
  .. ..$ V          : num [1:3646, 1:6] 0 0 0 0 0 0 0 0 0 0 ...
  .. .. ..- attr(*, "dimnames")=List of 2
  .. .. .. ..$ : chr [1:3646] "2020-21_11.107-5" "2020-21_12.90-53" "2020-21_12.93-4" "2020-21_14.37-103" ...
  .. .. .. ..$ : NULL
  .. ..$ d          : num [1:6] 1011 918 450 447 435 ...
  .. ..$ model      : chr "RKHS"
  .. ..$ Name       : chr "ETA_1"
  .. ..$ tolD       : num 1e-10
  .. ..$ levelsU    : int 6
  .. ..$ df0        : num 5
  .. ..$ R2         : num 0.167
  .. ..$ S0         : num 2.74
  .. ..$ u          : num [1:3646] -0.166 -0.166 -0.166 -0.166 -0.166 ...
  .. ..$ varU       : num 0.907
  .. ..$ uStar      : num [1:6] -1.822 -6.471 -2.243 0.573 3.461 ...
  .. ..$ NamefileOut: chr "X5_cum/ETA_1_varU.dat"
  .. ..$ SD.u       : num [1:3646] 0.927 0.927 0.927 0.927 0.927 ...
  .. ..$ SD.varU    : num 1.16
  ..$ :List of 15
  .. ..$ V          : num [1:3646, 1:2737] 0.408 0 0 0 0 ...
  .. .. ..- attr(*, "dimnames")=List of 2
  .. .. .. ..$ : chr [1:3646] "2020-21_11.107-5" "2020-21_12.90-53" "2020-21_12.93-4" "2020-21_14.37-103" ...
  .. .. .. ..$ : chr [1:2737] "11.107-5" "12.90-53" "12.93-4" "13.27-142" ...
  .. ..$ d          : Named num [1:2737] 6 1 3 1 1 1 1 1 2 1 ...
  .. .. ..- attr(*, "names")= chr [1:2737] "11.107-5" "12.90-53" "12.93-4" "13.27-142" ...
  .. ..$ model      : chr "RKHS"
  .. ..$ Name       : chr "ETA_2"
  .. ..$ tolD       : num 1e-10
  .. ..$ levelsU    : int 2737
  .. ..$ df0        : num 5
  .. ..$ R2         : num 0.167
  .. ..$ S0         : num 1252
  .. ..$ u          : num [1:3646] 5.72 -3.11 3.18 -1.11 -1.33 ...
  .. ..$ varU       : num 313
  .. ..$ uStar      : num [1:2737] 14.02 -3.11 5.5 20.91 -1.11 ...
  .. ..$ NamefileOut: chr "X5_cum/ETA_2_varU.dat"
  .. ..$ SD.u       : num [1:3646] 8.55 13.55 10.11 13.58 13.39 ...
  .. ..$ SD.varU    : num 36
  ..$ :List of 15
  .. ..$ V          : num [1:3646, 1:576] -0.00189 -0.00645 -0.00703 -0.00832 -0.00916 ...
  .. .. ..- attr(*, "dimnames")=List of 2
  .. .. .. ..$ : chr [1:3646] "2020-21_11.107-5" "2020-21_12.90-53" "2020-21_12.93-4" "2020-21_14.37-103" ...
  .. .. .. ..$ : NULL
  .. ..$ d          : num [1:576] 985 777 402 285 213 ...
  .. ..$ model      : chr "RKHS"
  .. ..$ Name       : chr "ETA_3"
  .. ..$ tolD       : num 1e-10
  .. ..$ levelsU    : int 576
  .. ..$ df0        : num 5
  .. ..$ R2         : num 0.167
  .. ..$ S0         : num 264
  .. ..$ u          : num [1:3646] -19.9 -25.2 -41.7 -21.7 -25.2 ...
  .. ..$ varU       : num 3155
  .. ..$ uStar      : num [1:576] 953 -166 610 244 -126 ...
  .. ..$ NamefileOut: chr "X5_cum/ETA_3_varU.dat"
  .. ..$ SD.u       : num [1:3646] 7.15 6.28 7.28 6.08 6.65 ...
  .. ..$ SD.varU    : num 607
 - attr(*, "class")= chr "BGLR"
NULL
List of 21
 $ y            : num [1:3646] 4.893 32.395 0.616 30.098 31.883 ...
 $ a            : NULL
 $ b            : NULL
 $ whichNa      : int [1:1011] 2636 2637 2638 2639 2640 2641 2642 2643 2644 2645 ...
 $ saveAt       : chr "X6_cum/"
 $ nIter        : num 12000
 $ burnIn       : num 2000
 $ thin         : num 5
 $ weights      : num [1:3646] 1 1 1 1 1 1 1 1 1 1 ...
 $ verbose      : logi FALSE
 $ response_type: chr "gaussian"
 $ df0          : num 5
 $ S0           : num 5038
 $ yHat         : num [1:3646] 56.9 36.6 33.1 41.1 34.5 ...
 $ SD.yHat      : num [1:3646] 11.6 16.6 13.7 16.5 16.7 ...
 $ mu           : num 74.7
 $ SD.mu        : num 5.18
 $ varE         : num 616
 $ SD.varE      : num 40.2
 $ fit          :List of 4
  ..$ logLikAtPostMean: num -11686
  ..$ postMeanLogLik  : num -12197
  ..$ pD              : num 1021
  ..$ DIC             : num 25415
 $ ETA          :List of 3
  ..$ :List of 15
  .. ..$ V          : num [1:3646, 1:6] 0 0 0 0 0 0 0 0 0 0 ...
  .. .. ..- attr(*, "dimnames")=List of 2
  .. .. .. ..$ : chr [1:3646] "2020-21_11.107-5" "2020-21_12.90-53" "2020-21_12.93-4" "2020-21_14.37-103" ...
  .. .. .. ..$ : NULL
  .. ..$ d          : num [1:6] 1011 918 450 447 435 ...
  .. ..$ model      : chr "RKHS"
  .. ..$ Name       : chr "ETA_1"
  .. ..$ tolD       : num 1e-10
  .. ..$ levelsU    : int 6
  .. ..$ df0        : num 5
  .. ..$ R2         : num 0.167
  .. ..$ S0         : num 3.82
  .. ..$ u          : num [1:3646] -0.197 -0.197 -0.197 -0.197 -0.197 ...
  .. ..$ varU       : num 1.31
  .. ..$ uStar      : num [1:6] 0.0591 -4.367 -4.2251 -0.3213 4.1077 ...
  .. ..$ NamefileOut: chr "X6_cum/ETA_1_varU.dat"
  .. ..$ SD.u       : num [1:3646] 1.15 1.15 1.15 1.15 1.15 ...
  .. ..$ SD.varU    : num 1.35
  ..$ :List of 15
  .. ..$ V          : num [1:3646, 1:2737] 0.408 0 0 0 0 ...
  .. .. ..- attr(*, "dimnames")=List of 2
  .. .. .. ..$ : chr [1:3646] "2020-21_11.107-5" "2020-21_12.90-53" "2020-21_12.93-4" "2020-21_14.37-103" ...
  .. .. .. ..$ : chr [1:2737] "11.107-5" "12.90-53" "12.93-4" "13.27-142" ...
  .. ..$ d          : Named num [1:2737] 6 1 3 1 1 1 1 1 2 1 ...
  .. .. ..- attr(*, "names")= chr [1:2737] "11.107-5" "12.90-53" "12.93-4" "13.27-142" ...
  .. ..$ model      : chr "RKHS"
  .. ..$ Name       : chr "ETA_2"
  .. ..$ tolD       : num 1e-10
  .. ..$ levelsU    : int 2737
  .. ..$ df0        : num 5
  .. ..$ R2         : num 0.167
  .. ..$ S0         : num 1745
  .. ..$ u          : num [1:3646] 9.2 -1.71 8.12 -8.06 -2.28 ...
  .. ..$ varU       : num 448
  .. ..$ uStar      : num [1:2737] 22.55 -1.71 14.07 23.86 -8.06 ...
  .. ..$ NamefileOut: chr "X6_cum/ETA_2_varU.dat"
  .. ..$ SD.u       : num [1:3646] 9.92 16.27 12.79 16.41 16.34 ...
  .. ..$ SD.varU    : num 49.4
  ..$ :List of 15
  .. ..$ V          : num [1:3646, 1:576] -0.00189 -0.00645 -0.00703 -0.00832 -0.00916 ...
  .. .. ..- attr(*, "dimnames")=List of 2
  .. .. .. ..$ : chr [1:3646] "2020-21_11.107-5" "2020-21_12.90-53" "2020-21_12.93-4" "2020-21_14.37-103" ...
  .. .. .. ..$ : NULL
  .. ..$ d          : num [1:576] 985 777 402 285 213 ...
  .. ..$ model      : chr "RKHS"
  .. ..$ Name       : chr "ETA_3"
  .. ..$ tolD       : num 1e-10
  .. ..$ levelsU    : int 576
  .. ..$ df0        : num 5
  .. ..$ R2         : num 0.167
  .. ..$ S0         : num 367
  .. ..$ u          : num [1:3646] -26.9 -36.2 -49.5 -25.4 -37.8 ...
  .. ..$ varU       : num 3799
  .. ..$ uStar      : num [1:576] 983 -137 930 360 -284 ...
  .. ..$ NamefileOut: chr "X6_cum/ETA_3_varU.dat"
  .. ..$ SD.u       : num [1:3646] 8.97 8.18 9.15 7.99 8.4 ...
  .. ..$ SD.varU    : num 740
 - attr(*, "class")= chr "BGLR"
NULL
List of 21
 $ y            : num [1:3646] 4.216 23.801 0.481 30.098 28.348 ...
 $ a            : NULL
 $ b            : NULL
 $ whichNa      : int [1:1011] 2636 2637 2638 2639 2640 2641 2642 2643 2644 2645 ...
 $ saveAt       : chr "X5_cum/"
 $ nIter        : num 12000
 $ burnIn       : num 2000
 $ thin         : num 5
 $ weights      : num [1:3646] 1 1 1 1 1 1 1 1 1 1 ...
 $ verbose      : logi FALSE
 $ response_type: chr "gaussian"
 $ df0          : num 5
 $ S0           : num 3616
 $ yHat         : num [1:3646] 41.5 27.3 17.1 32.8 29.1 ...
 $ SD.yHat      : num [1:3646] 9.89 13.64 11.14 13.53 13.62 ...
 $ mu           : num 55.8
 $ SD.mu        : num 3.7
 $ varE         : num 409
 $ SD.varE      : num 28.8
 $ fit          :List of 4
  ..$ logLikAtPostMean: num -11133
  ..$ postMeanLogLik  : num -11659
  ..$ pD              : num 1053
  ..$ DIC             : num 24371
 $ ETA          :List of 3
  ..$ :List of 15
  .. ..$ V          : num [1:3646, 1:6] 0 0 0 0 0 0 0 0 0 0 ...
  .. .. ..- attr(*, "dimnames")=List of 2
  .. .. .. ..$ : chr [1:3646] "2020-21_11.107-5" "2020-21_12.90-53" "2020-21_12.93-4" "2020-21_14.37-103" ...
  .. .. .. ..$ : NULL
  .. ..$ d          : num [1:6] 1011 918 450 447 435 ...
  .. ..$ model      : chr "RKHS"
  .. ..$ Name       : chr "ETA_1"
  .. ..$ tolD       : num 1e-10
  .. ..$ levelsU    : int 6
  .. ..$ df0        : num 5
  .. ..$ R2         : num 0.167
  .. ..$ S0         : num 2.74
  .. ..$ u          : num [1:3646] -0.166 -0.166 -0.166 -0.166 -0.166 ...
  .. ..$ varU       : num 0.907
  .. ..$ uStar      : num [1:6] -1.822 -6.471 -2.243 0.573 3.461 ...
  .. ..$ NamefileOut: chr "X5_cum/ETA_1_varU.dat"
  .. ..$ SD.u       : num [1:3646] 0.927 0.927 0.927 0.927 0.927 ...
  .. ..$ SD.varU    : num 1.16
  ..$ :List of 15
  .. ..$ V          : num [1:3646, 1:2737] 0.408 0 0 0 0 ...
  .. .. ..- attr(*, "dimnames")=List of 2
  .. .. .. ..$ : chr [1:3646] "2020-21_11.107-5" "2020-21_12.90-53" "2020-21_12.93-4" "2020-21_14.37-103" ...
  .. .. .. ..$ : chr [1:2737] "11.107-5" "12.90-53" "12.93-4" "13.27-142" ...
  .. ..$ d          : Named num [1:2737] 6 1 3 1 1 1 1 1 2 1 ...
  .. .. ..- attr(*, "names")= chr [1:2737] "11.107-5" "12.90-53" "12.93-4" "13.27-142" ...
  .. ..$ model      : chr "RKHS"
  .. ..$ Name       : chr "ETA_2"
  .. ..$ tolD       : num 1e-10
  .. ..$ levelsU    : int 2737
  .. ..$ df0        : num 5
  .. ..$ R2         : num 0.167
  .. ..$ S0         : num 1252
  .. ..$ u          : num [1:3646] 5.72 -3.11 3.18 -1.11 -1.33 ...
  .. ..$ varU       : num 313
  .. ..$ uStar      : num [1:2737] 14.02 -3.11 5.5 20.91 -1.11 ...
  .. ..$ NamefileOut: chr "X5_cum/ETA_2_varU.dat"
  .. ..$ SD.u       : num [1:3646] 8.55 13.55 10.11 13.58 13.39 ...
  .. ..$ SD.varU    : num 36
  ..$ :List of 15
  .. ..$ V          : num [1:3646, 1:576] -0.00189 -0.00645 -0.00703 -0.00832 -0.00916 ...
  .. .. ..- attr(*, "dimnames")=List of 2
  .. .. .. ..$ : chr [1:3646] "2020-21_11.107-5" "2020-21_12.90-53" "2020-21_12.93-4" "2020-21_14.37-103" ...
  .. .. .. ..$ : NULL
  .. ..$ d          : num [1:576] 985 777 402 285 213 ...
  .. ..$ model      : chr "RKHS"
  .. ..$ Name       : chr "ETA_3"
  .. ..$ tolD       : num 1e-10
  .. ..$ levelsU    : int 576
  .. ..$ df0        : num 5
  .. ..$ R2         : num 0.167
  .. ..$ S0         : num 264
  .. ..$ u          : num [1:3646] -19.9 -25.2 -41.7 -21.7 -25.2 ...
  .. ..$ varU       : num 3155
  .. ..$ uStar      : num [1:576] 953 -166 610 244 -126 ...
  .. ..$ NamefileOut: chr "X5_cum/ETA_3_varU.dat"
  .. ..$ SD.u       : num [1:3646] 7.15 6.28 7.28 6.08 6.65 ...
  .. ..$ SD.varU    : num 607
 - attr(*, "class")= chr "BGLR"
NULL
List of 21
 $ y            : num [1:3646] 0.488 17.358 0.481 7.03 16.172 ...
 $ a            : NULL
 $ b            : NULL
 $ whichNa      : int [1:1011] 2636 2637 2638 2639 2640 2641 2642 2643 2644 2645 ...
 $ saveAt       : chr "X4_cum/"
 $ nIter        : num 12000
 $ burnIn       : num 2000
 $ thin         : num 5
 $ weights      : num [1:3646] 1 1 1 1 1 1 1 1 1 1 ...
 $ verbose      : logi FALSE
 $ response_type: chr "gaussian"
 $ df0          : num 5
 $ S0           : num 2535
 $ yHat         : num [1:3646] 31.8 17.5 16 12.6 17.5 ...
 $ SD.yHat      : num [1:3646] 7.9 11.47 9.38 11.13 11.9 ...
 $ mu           : num 42.8
 $ SD.mu        : num 3.02
 $ varE         : num 262
 $ SD.varE      : num 19.1
 $ fit          :List of 4
  ..$ logLikAtPostMean: num -10488
  ..$ postMeanLogLik  : num -11068
  ..$ pD              : num 1158
  ..$ DIC             : num 23293
 $ ETA          :List of 3
  ..$ :List of 15
  .. ..$ V          : num [1:3646, 1:6] 0 0 0 0 0 0 0 0 0 0 ...
  .. .. ..- attr(*, "dimnames")=List of 2
  .. .. .. ..$ : chr [1:3646] "2020-21_11.107-5" "2020-21_12.90-53" "2020-21_12.93-4" "2020-21_14.37-103" ...
  .. .. .. ..$ : NULL
  .. ..$ d          : num [1:6] 1011 918 450 447 435 ...
  .. ..$ model      : chr "RKHS"
  .. ..$ Name       : chr "ETA_1"
  .. ..$ tolD       : num 1e-10
  .. ..$ levelsU    : int 6
  .. ..$ df0        : num 5
  .. ..$ R2         : num 0.167
  .. ..$ S0         : num 1.92
  .. ..$ u          : num [1:3646] -0.264 -0.264 -0.264 -0.264 -0.264 ...
  .. ..$ varU       : num 0.752
  .. ..$ uStar      : num [1:6] -0.333 -6.224 -0.857 0.979 5.507 ...
  .. ..$ NamefileOut: chr "X4_cum/ETA_1_varU.dat"
  .. ..$ SD.u       : num [1:3646] 0.984 0.984 0.984 0.984 0.984 ...
  .. ..$ SD.varU    : num 1.32
  ..$ :List of 15
  .. ..$ V          : num [1:3646, 1:2737] 0.408 0 0 0 0 ...
  .. .. ..- attr(*, "dimnames")=List of 2
  .. .. .. ..$ : chr [1:3646] "2020-21_11.107-5" "2020-21_12.90-53" "2020-21_12.93-4" "2020-21_14.37-103" ...
  .. .. .. ..$ : chr [1:2737] "11.107-5" "12.90-53" "12.93-4" "13.27-142" ...
  .. ..$ d          : Named num [1:2737] 6 1 3 1 1 1 1 1 2 1 ...
  .. .. ..- attr(*, "names")= chr [1:2737] "11.107-5" "12.90-53" "12.93-4" "13.27-142" ...
  .. ..$ model      : chr "RKHS"
  .. ..$ Name       : chr "ETA_2"
  .. ..$ tolD       : num 1e-10
  .. ..$ levelsU    : int 2737
  .. ..$ df0        : num 5
  .. ..$ R2         : num 0.167
  .. ..$ S0         : num 878
  .. ..$ u          : num [1:3646] 3.826 -0.138 7.941 -5.32 -1.123 ...
  .. ..$ varU       : num 253
  .. ..$ uStar      : num [1:2737] 9.371 -0.138 13.754 16.516 -5.32 ...
  .. ..$ NamefileOut: chr "X4_cum/ETA_2_varU.dat"
  .. ..$ SD.u       : num [1:3646] 6.8 11.4 8.7 11.1 12 ...
  .. ..$ SD.varU    : num 25.7
  ..$ :List of 15
  .. ..$ V          : num [1:3646, 1:576] -0.00189 -0.00645 -0.00703 -0.00832 -0.00916 ...
  .. .. ..- attr(*, "dimnames")=List of 2
  .. .. .. ..$ : chr [1:3646] "2020-21_11.107-5" "2020-21_12.90-53" "2020-21_12.93-4" "2020-21_14.37-103" ...
  .. .. .. ..$ : NULL
  .. ..$ d          : num [1:576] 985 777 402 285 213 ...
  .. ..$ model      : chr "RKHS"
  .. ..$ Name       : chr "ETA_3"
  .. ..$ tolD       : num 1e-10
  .. ..$ levelsU    : int 576
  .. ..$ df0        : num 5
  .. ..$ R2         : num 0.167
  .. ..$ S0         : num 185
  .. ..$ u          : num [1:3646] -14.6 -24.9 -34.5 -24.6 -23.9 ...
  .. ..$ varU       : num 1989
  .. ..$ uStar      : num [1:576] 805.98 -165.45 579.61 8.17 -31.2 ...
  .. ..$ NamefileOut: chr "X4_cum/ETA_3_varU.dat"
  .. ..$ SD.u       : num [1:3646] 5.97 5.3 6.07 5.19 5.49 ...
  .. ..$ SD.varU    : num 378
 - attr(*, "class")= chr "BGLR"
NULL
List of 21
 $ y            : num [1:3646] 39.5 64.4 38.3 92.4 32.5 ...
 $ a            : NULL
 $ b            : NULL
 $ whichNa      : int [1:1011] 2636 2637 2638 2639 2640 2641 2642 2643 2644 2645 ...
 $ saveAt       : chr "X7_cum/"
 $ nIter        : num 12000
 $ burnIn       : num 2000
 $ thin         : num 5
 $ weights      : num [1:3646] 1 1 1 1 1 1 1 1 1 1 ...
 $ verbose      : logi FALSE
 $ response_type: chr "gaussian"
 $ df0          : num 5
 $ S0           : num 7275
 $ yHat         : num [1:3646] 93.4 59.1 64.7 79.9 41.4 ...
 $ SD.yHat      : num [1:3646] 14.4 20.2 16.4 19.2 20.5 ...
 $ mu           : num 97.3
 $ SD.mu        : num 6.14
 $ varE         : num 918
 $ SD.varE      : num 60.8
 $ fit          :List of 4
  ..$ logLikAtPostMean: num -12213
  ..$ postMeanLogLik  : num -12722
  ..$ pD              : num 1017
  ..$ DIC             : num 26461
 $ ETA          :List of 3
  ..$ :List of 15
  .. ..$ V          : num [1:3646, 1:6] 0 0 0 0 0 0 0 0 0 0 ...
  .. .. ..- attr(*, "dimnames")=List of 2
  .. .. .. ..$ : chr [1:3646] "2020-21_11.107-5" "2020-21_12.90-53" "2020-21_12.93-4" "2020-21_14.37-103" ...
  .. .. .. ..$ : NULL
  .. ..$ d          : num [1:6] 1011 918 450 447 435 ...
  .. ..$ model      : chr "RKHS"
  .. ..$ Name       : chr "ETA_1"
  .. ..$ tolD       : num 1e-10
  .. ..$ levelsU    : int 6
  .. ..$ df0        : num 5
  .. ..$ R2         : num 0.167
  .. ..$ S0         : num 5.52
  .. ..$ u          : num [1:3646] -0.146 -0.146 -0.146 -0.146 -0.146 ...
  .. ..$ varU       : num 1.88
  .. ..$ uStar      : num [1:6] -0.924 -0.749 -2.821 -1.17 3.052 ...
  .. ..$ NamefileOut: chr "X7_cum/ETA_1_varU.dat"
  .. ..$ SD.u       : num [1:3646] 1.38 1.38 1.38 1.38 1.38 ...
  .. ..$ SD.varU    : num 2.25
  ..$ :List of 15
  .. ..$ V          : num [1:3646, 1:2737] 0.408 0 0 0 0 ...
  .. .. ..- attr(*, "dimnames")=List of 2
  .. .. .. ..$ : chr [1:3646] "2020-21_11.107-5" "2020-21_12.90-53" "2020-21_12.93-4" "2020-21_14.37-103" ...
  .. .. .. ..$ : chr [1:2737] "11.107-5" "12.90-53" "12.93-4" "13.27-142" ...
  .. ..$ d          : Named num [1:2737] 6 1 3 1 1 1 1 1 2 1 ...
  .. .. ..- attr(*, "names")= chr [1:2737] "11.107-5" "12.90-53" "12.93-4" "13.27-142" ...
  .. ..$ model      : chr "RKHS"
  .. ..$ Name       : chr "ETA_2"
  .. ..$ tolD       : num 1e-10
  .. ..$ levelsU    : int 2737
  .. ..$ df0        : num 5
  .. ..$ R2         : num 0.167
  .. ..$ S0         : num 2519
  .. ..$ u          : num [1:3646] 22.63 3.04 26.36 8.74 -7.39 ...
  .. ..$ varU       : num 664
  .. ..$ uStar      : num [1:2737] 55.44 3.04 45.65 29.08 8.74 ...
  .. ..$ NamefileOut: chr "X7_cum/ETA_2_varU.dat"
  .. ..$ SD.u       : num [1:3646] 12.5 20.1 15 19.5 20.5 ...
  .. ..$ SD.varU    : num 74.2
  ..$ :List of 15
  .. ..$ V          : num [1:3646, 1:576] -0.00189 -0.00645 -0.00703 -0.00832 -0.00916 ...
  .. .. ..- attr(*, "dimnames")=List of 2
  .. .. .. ..$ : chr [1:3646] "2020-21_11.107-5" "2020-21_12.90-53" "2020-21_12.93-4" "2020-21_14.37-103" ...
  .. .. .. ..$ : NULL
  .. ..$ d          : num [1:576] 985 777 402 285 213 ...
  .. ..$ model      : chr "RKHS"
  .. ..$ Name       : chr "ETA_3"
  .. ..$ tolD       : num 1e-10
  .. ..$ levelsU    : int 576
  .. ..$ df0        : num 5
  .. ..$ R2         : num 0.167
  .. ..$ S0         : num 530
  .. ..$ u          : num [1:3646] -26.4 -41.1 -58.8 -25.9 -48.3 ...
  .. ..$ varU       : num 5447
  .. ..$ uStar      : num [1:576] 1025.3 -30.7 989.3 684.3 -306.3 ...
  .. ..$ NamefileOut: chr "X7_cum/ETA_3_varU.dat"
  .. ..$ SD.u       : num [1:3646] 10.83 10 11.04 9.36 10.2 ...
  .. ..$ SD.varU    : num 999
 - attr(*, "class")= chr "BGLR"
NULL
List of 21
 $ y            : num [1:3646] 0.488 17.358 0.481 7.03 16.172 ...
 $ a            : NULL
 $ b            : NULL
 $ whichNa      : int [1:1011] 2636 2637 2638 2639 2640 2641 2642 2643 2644 2645 ...
 $ saveAt       : chr "X4_cum/"
 $ nIter        : num 12000
 $ burnIn       : num 2000
 $ thin         : num 5
 $ weights      : num [1:3646] 1 1 1 1 1 1 1 1 1 1 ...
 $ verbose      : logi FALSE
 $ response_type: chr "gaussian"
 $ df0          : num 5
 $ S0           : num 2535
 $ yHat         : num [1:3646] 31.8 17.5 16 12.6 17.5 ...
 $ SD.yHat      : num [1:3646] 7.9 11.47 9.38 11.13 11.9 ...
 $ mu           : num 42.8
 $ SD.mu        : num 3.02
 $ varE         : num 262
 $ SD.varE      : num 19.1
 $ fit          :List of 4
  ..$ logLikAtPostMean: num -10488
  ..$ postMeanLogLik  : num -11068
  ..$ pD              : num 1158
  ..$ DIC             : num 23293
 $ ETA          :List of 3
  ..$ :List of 15
  .. ..$ V          : num [1:3646, 1:6] 0 0 0 0 0 0 0 0 0 0 ...
  .. .. ..- attr(*, "dimnames")=List of 2
  .. .. .. ..$ : chr [1:3646] "2020-21_11.107-5" "2020-21_12.90-53" "2020-21_12.93-4" "2020-21_14.37-103" ...
  .. .. .. ..$ : NULL
  .. ..$ d          : num [1:6] 1011 918 450 447 435 ...
  .. ..$ model      : chr "RKHS"
  .. ..$ Name       : chr "ETA_1"
  .. ..$ tolD       : num 1e-10
  .. ..$ levelsU    : int 6
  .. ..$ df0        : num 5
  .. ..$ R2         : num 0.167
  .. ..$ S0         : num 1.92
  .. ..$ u          : num [1:3646] -0.264 -0.264 -0.264 -0.264 -0.264 ...
  .. ..$ varU       : num 0.752
  .. ..$ uStar      : num [1:6] -0.333 -6.224 -0.857 0.979 5.507 ...
  .. ..$ NamefileOut: chr "X4_cum/ETA_1_varU.dat"
  .. ..$ SD.u       : num [1:3646] 0.984 0.984 0.984 0.984 0.984 ...
  .. ..$ SD.varU    : num 1.32
  ..$ :List of 15
  .. ..$ V          : num [1:3646, 1:2737] 0.408 0 0 0 0 ...
  .. .. ..- attr(*, "dimnames")=List of 2
  .. .. .. ..$ : chr [1:3646] "2020-21_11.107-5" "2020-21_12.90-53" "2020-21_12.93-4" "2020-21_14.37-103" ...
  .. .. .. ..$ : chr [1:2737] "11.107-5" "12.90-53" "12.93-4" "13.27-142" ...
  .. ..$ d          : Named num [1:2737] 6 1 3 1 1 1 1 1 2 1 ...
  .. .. ..- attr(*, "names")= chr [1:2737] "11.107-5" "12.90-53" "12.93-4" "13.27-142" ...
  .. ..$ model      : chr "RKHS"
  .. ..$ Name       : chr "ETA_2"
  .. ..$ tolD       : num 1e-10
  .. ..$ levelsU    : int 2737
  .. ..$ df0        : num 5
  .. ..$ R2         : num 0.167
  .. ..$ S0         : num 878
  .. ..$ u          : num [1:3646] 3.826 -0.138 7.941 -5.32 -1.123 ...
  .. ..$ varU       : num 253
  .. ..$ uStar      : num [1:2737] 9.371 -0.138 13.754 16.516 -5.32 ...
  .. ..$ NamefileOut: chr "X4_cum/ETA_2_varU.dat"
  .. ..$ SD.u       : num [1:3646] 6.8 11.4 8.7 11.1 12 ...
  .. ..$ SD.varU    : num 25.7
  ..$ :List of 15
  .. ..$ V          : num [1:3646, 1:576] -0.00189 -0.00645 -0.00703 -0.00832 -0.00916 ...
  .. .. ..- attr(*, "dimnames")=List of 2
  .. .. .. ..$ : chr [1:3646] "2020-21_11.107-5" "2020-21_12.90-53" "2020-21_12.93-4" "2020-21_14.37-103" ...
  .. .. .. ..$ : NULL
  .. ..$ d          : num [1:576] 985 777 402 285 213 ...
  .. ..$ model      : chr "RKHS"
  .. ..$ Name       : chr "ETA_3"
  .. ..$ tolD       : num 1e-10
  .. ..$ levelsU    : int 576
  .. ..$ df0        : num 5
  .. ..$ R2         : num 0.167
  .. ..$ S0         : num 185
  .. ..$ u          : num [1:3646] -14.6 -24.9 -34.5 -24.6 -23.9 ...
  .. ..$ varU       : num 1989
  .. ..$ uStar      : num [1:576] 805.98 -165.45 579.61 8.17 -31.2 ...
  .. ..$ NamefileOut: chr "X4_cum/ETA_3_varU.dat"
  .. ..$ SD.u       : num [1:3646] 5.97 5.3 6.07 5.19 5.49 ...
  .. ..$ SD.varU    : num 378
 - attr(*, "class")= chr "BGLR"
NULL
List of 21
 $ y            : num [1:3646] 0.1023 5.6562 0.0967 4.7282 3.2936 ...
 $ a            : NULL
 $ b            : NULL
 $ whichNa      : int [1:1011] 2636 2637 2638 2639 2640 2641 2642 2643 2644 2645 ...
 $ saveAt       : chr "X2_cum/"
 $ nIter        : num 12000
 $ burnIn       : num 2000
 $ thin         : num 5
 $ weights      : num [1:3646] 1 1 1 1 1 1 1 1 1 1 ...
 $ verbose      : logi FALSE
 $ response_type: chr "gaussian"
 $ df0          : num 5
 $ S0           : num 845
 $ yHat         : num [1:3646] 14.06 5.25 4.05 4.33 3.29 ...
 $ SD.yHat      : num [1:3646] 3.73 6.35 4.35 6.23 6.22 ...
 $ mu           : num 15.7
 $ SD.mu        : num 1.28
 $ varE         : num 51.2
 $ SD.varE      : num 3.48
 $ fit          :List of 4
  ..$ logLikAtPostMean: num -8095
  ..$ postMeanLogLik  : num -8916
  ..$ pD              : num 1641
  ..$ DIC             : num 19473
 $ ETA          :List of 3
  ..$ :List of 15
  .. ..$ V          : num [1:3646, 1:6] 0 0 0 0 0 0 0 0 0 0 ...
  .. .. ..- attr(*, "dimnames")=List of 2
  .. .. .. ..$ : chr [1:3646] "2020-21_11.107-5" "2020-21_12.90-53" "2020-21_12.93-4" "2020-21_14.37-103" ...
  .. .. .. ..$ : NULL
  .. ..$ d          : num [1:6] 1011 918 450 447 435 ...
  .. ..$ model      : chr "RKHS"
  .. ..$ Name       : chr "ETA_1"
  .. ..$ tolD       : num 1e-10
  .. ..$ levelsU    : int 6
  .. ..$ df0        : num 5
  .. ..$ R2         : num 0.167
  .. ..$ S0         : num 0.642
  .. ..$ u          : num [1:3646] -0.117 -0.117 -0.117 -0.117 -0.117 ...
  .. ..$ varU       : num 0.253
  .. ..$ uStar      : num [1:6] -0.514 -2.734 0.667 0.893 2.447 ...
  .. ..$ NamefileOut: chr "X2_cum/ETA_1_varU.dat"
  .. ..$ SD.u       : num [1:3646] 0.503 0.503 0.503 0.503 0.503 ...
  .. ..$ SD.varU    : num 0.383
  ..$ :List of 15
  .. ..$ V          : num [1:3646, 1:2737] 0.408 0 0 0 0 ...
  .. .. ..- attr(*, "dimnames")=List of 2
  .. .. .. ..$ : chr [1:3646] "2020-21_11.107-5" "2020-21_12.90-53" "2020-21_12.93-4" "2020-21_14.37-103" ...
  .. .. .. ..$ : chr [1:2737] "11.107-5" "12.90-53" "12.93-4" "13.27-142" ...
  .. ..$ d          : Named num [1:2737] 6 1 3 1 1 1 1 1 2 1 ...
  .. .. ..- attr(*, "names")= chr [1:2737] "11.107-5" "12.90-53" "12.93-4" "13.27-142" ...
  .. ..$ model      : chr "RKHS"
  .. ..$ Name       : chr "ETA_2"
  .. ..$ tolD       : num 1e-10
  .. ..$ levelsU    : int 2737
  .. ..$ df0        : num 5
  .. ..$ R2         : num 0.167
  .. ..$ S0         : num 293
  .. ..$ u          : num [1:3646] 8.88 0.966 1.512 1.069 0.651 ...
  .. ..$ varU       : num 176
  .. ..$ uStar      : num [1:2737] 21.75 0.966 2.62 10.813 1.069 ...
  .. ..$ NamefileOut: chr "X2_cum/ETA_2_varU.dat"
  .. ..$ SD.u       : num [1:3646] 3.45 6.38 4.23 6.4 6.44 ...
  .. ..$ SD.varU    : num 8.66
  ..$ :List of 15
  .. ..$ V          : num [1:3646, 1:576] -0.00189 -0.00645 -0.00703 -0.00832 -0.00916 ...
  .. .. ..- attr(*, "dimnames")=List of 2
  .. .. .. ..$ : chr [1:3646] "2020-21_11.107-5" "2020-21_12.90-53" "2020-21_12.93-4" "2020-21_14.37-103" ...
  .. .. .. ..$ : NULL
  .. ..$ d          : num [1:576] 985 777 402 285 213 ...
  .. ..$ model      : chr "RKHS"
  .. ..$ Name       : chr "ETA_3"
  .. ..$ tolD       : num 1e-10
  .. ..$ levelsU    : int 576
  .. ..$ df0        : num 5
  .. ..$ R2         : num 0.167
  .. ..$ S0         : num 61.6
  .. ..$ u          : num [1:3646] -10.4 -11.3 -13 -12.3 -12.9 ...
  .. ..$ varU       : num 162
  .. ..$ uStar      : num [1:576] 429.2 -160.01 286.09 -113.57 -0.57 ...
  .. ..$ NamefileOut: chr "X2_cum/ETA_3_varU.dat"
  .. ..$ SD.u       : num [1:3646] 2.54 2.18 2.62 2.14 2.4 ...
  .. ..$ SD.varU    : num 48.5
 - attr(*, "class")= chr "BGLR"
NULL
List of 21
 $ y            : num [1:3646] 0.488 17.358 0.481 7.03 16.172 ...
 $ a            : NULL
 $ b            : NULL
 $ whichNa      : int [1:1011] 2636 2637 2638 2639 2640 2641 2642 2643 2644 2645 ...
 $ saveAt       : chr "X4_cum/"
 $ nIter        : num 12000
 $ burnIn       : num 2000
 $ thin         : num 5
 $ weights      : num [1:3646] 1 1 1 1 1 1 1 1 1 1 ...
 $ verbose      : logi FALSE
 $ response_type: chr "gaussian"
 $ df0          : num 5
 $ S0           : num 2535
 $ yHat         : num [1:3646] 31.8 17.5 16 12.6 17.5 ...
 $ SD.yHat      : num [1:3646] 7.9 11.47 9.38 11.13 11.9 ...
 $ mu           : num 42.8
 $ SD.mu        : num 3.02
 $ varE         : num 262
 $ SD.varE      : num 19.1
 $ fit          :List of 4
  ..$ logLikAtPostMean: num -10488
  ..$ postMeanLogLik  : num -11068
  ..$ pD              : num 1158
  ..$ DIC             : num 23293
 $ ETA          :List of 3
  ..$ :List of 15
  .. ..$ V          : num [1:3646, 1:6] 0 0 0 0 0 0 0 0 0 0 ...
  .. .. ..- attr(*, "dimnames")=List of 2
  .. .. .. ..$ : chr [1:3646] "2020-21_11.107-5" "2020-21_12.90-53" "2020-21_12.93-4" "2020-21_14.37-103" ...
  .. .. .. ..$ : NULL
  .. ..$ d          : num [1:6] 1011 918 450 447 435 ...
  .. ..$ model      : chr "RKHS"
  .. ..$ Name       : chr "ETA_1"
  .. ..$ tolD       : num 1e-10
  .. ..$ levelsU    : int 6
  .. ..$ df0        : num 5
  .. ..$ R2         : num 0.167
  .. ..$ S0         : num 1.92
  .. ..$ u          : num [1:3646] -0.264 -0.264 -0.264 -0.264 -0.264 ...
  .. ..$ varU       : num 0.752
  .. ..$ uStar      : num [1:6] -0.333 -6.224 -0.857 0.979 5.507 ...
  .. ..$ NamefileOut: chr "X4_cum/ETA_1_varU.dat"
  .. ..$ SD.u       : num [1:3646] 0.984 0.984 0.984 0.984 0.984 ...
  .. ..$ SD.varU    : num 1.32
  ..$ :List of 15
  .. ..$ V          : num [1:3646, 1:2737] 0.408 0 0 0 0 ...
  .. .. ..- attr(*, "dimnames")=List of 2
  .. .. .. ..$ : chr [1:3646] "2020-21_11.107-5" "2020-21_12.90-53" "2020-21_12.93-4" "2020-21_14.37-103" ...
  .. .. .. ..$ : chr [1:2737] "11.107-5" "12.90-53" "12.93-4" "13.27-142" ...
  .. ..$ d          : Named num [1:2737] 6 1 3 1 1 1 1 1 2 1 ...
  .. .. ..- attr(*, "names")= chr [1:2737] "11.107-5" "12.90-53" "12.93-4" "13.27-142" ...
  .. ..$ model      : chr "RKHS"
  .. ..$ Name       : chr "ETA_2"
  .. ..$ tolD       : num 1e-10
  .. ..$ levelsU    : int 2737
  .. ..$ df0        : num 5
  .. ..$ R2         : num 0.167
  .. ..$ S0         : num 878
  .. ..$ u          : num [1:3646] 3.826 -0.138 7.941 -5.32 -1.123 ...
  .. ..$ varU       : num 253
  .. ..$ uStar      : num [1:2737] 9.371 -0.138 13.754 16.516 -5.32 ...
  .. ..$ NamefileOut: chr "X4_cum/ETA_2_varU.dat"
  .. ..$ SD.u       : num [1:3646] 6.8 11.4 8.7 11.1 12 ...
  .. ..$ SD.varU    : num 25.7
  ..$ :List of 15
  .. ..$ V          : num [1:3646, 1:576] -0.00189 -0.00645 -0.00703 -0.00832 -0.00916 ...
  .. .. ..- attr(*, "dimnames")=List of 2
  .. .. .. ..$ : chr [1:3646] "2020-21_11.107-5" "2020-21_12.90-53" "2020-21_12.93-4" "2020-21_14.37-103" ...
  .. .. .. ..$ : NULL
  .. ..$ d          : num [1:576] 985 777 402 285 213 ...
  .. ..$ model      : chr "RKHS"
  .. ..$ Name       : chr "ETA_3"
  .. ..$ tolD       : num 1e-10
  .. ..$ levelsU    : int 576
  .. ..$ df0        : num 5
  .. ..$ R2         : num 0.167
  .. ..$ S0         : num 185
  .. ..$ u          : num [1:3646] -14.6 -24.9 -34.5 -24.6 -23.9 ...
  .. ..$ varU       : num 1989
  .. ..$ uStar      : num [1:576] 805.98 -165.45 579.61 8.17 -31.2 ...
  .. ..$ NamefileOut: chr "X4_cum/ETA_3_varU.dat"
  .. ..$ SD.u       : num [1:3646] 5.97 5.3 6.07 5.19 5.49 ...
  .. ..$ SD.varU    : num 378
 - attr(*, "class")= chr "BGLR"
NULL
List of 21
 $ y            : num [1:3646] 0.488 17.358 0.481 7.03 16.172 ...
 $ a            : NULL
 $ b            : NULL
 $ whichNa      : int [1:1011] 2636 2637 2638 2639 2640 2641 2642 2643 2644 2645 ...
 $ saveAt       : chr "X4_cum/"
 $ nIter        : num 12000
 $ burnIn       : num 2000
 $ thin         : num 5
 $ weights      : num [1:3646] 1 1 1 1 1 1 1 1 1 1 ...
 $ verbose      : logi FALSE
 $ response_type: chr "gaussian"
 $ df0          : num 5
 $ S0           : num 2535
 $ yHat         : num [1:3646] 31.8 17.5 16 12.6 17.5 ...
 $ SD.yHat      : num [1:3646] 7.9 11.47 9.38 11.13 11.9 ...
 $ mu           : num 42.8
 $ SD.mu        : num 3.02
 $ varE         : num 262
 $ SD.varE      : num 19.1
 $ fit          :List of 4
  ..$ logLikAtPostMean: num -10488
  ..$ postMeanLogLik  : num -11068
  ..$ pD              : num 1158
  ..$ DIC             : num 23293
 $ ETA          :List of 3
  ..$ :List of 15
  .. ..$ V          : num [1:3646, 1:6] 0 0 0 0 0 0 0 0 0 0 ...
  .. .. ..- attr(*, "dimnames")=List of 2
  .. .. .. ..$ : chr [1:3646] "2020-21_11.107-5" "2020-21_12.90-53" "2020-21_12.93-4" "2020-21_14.37-103" ...
  .. .. .. ..$ : NULL
  .. ..$ d          : num [1:6] 1011 918 450 447 435 ...
  .. ..$ model      : chr "RKHS"
  .. ..$ Name       : chr "ETA_1"
  .. ..$ tolD       : num 1e-10
  .. ..$ levelsU    : int 6
  .. ..$ df0        : num 5
  .. ..$ R2         : num 0.167
  .. ..$ S0         : num 1.92
  .. ..$ u          : num [1:3646] -0.264 -0.264 -0.264 -0.264 -0.264 ...
  .. ..$ varU       : num 0.752
  .. ..$ uStar      : num [1:6] -0.333 -6.224 -0.857 0.979 5.507 ...
  .. ..$ NamefileOut: chr "X4_cum/ETA_1_varU.dat"
  .. ..$ SD.u       : num [1:3646] 0.984 0.984 0.984 0.984 0.984 ...
  .. ..$ SD.varU    : num 1.32
  ..$ :List of 15
  .. ..$ V          : num [1:3646, 1:2737] 0.408 0 0 0 0 ...
  .. .. ..- attr(*, "dimnames")=List of 2
  .. .. .. ..$ : chr [1:3646] "2020-21_11.107-5" "2020-21_12.90-53" "2020-21_12.93-4" "2020-21_14.37-103" ...
  .. .. .. ..$ : chr [1:2737] "11.107-5" "12.90-53" "12.93-4" "13.27-142" ...
  .. ..$ d          : Named num [1:2737] 6 1 3 1 1 1 1 1 2 1 ...
  .. .. ..- attr(*, "names")= chr [1:2737] "11.107-5" "12.90-53" "12.93-4" "13.27-142" ...
  .. ..$ model      : chr "RKHS"
  .. ..$ Name       : chr "ETA_2"
  .. ..$ tolD       : num 1e-10
  .. ..$ levelsU    : int 2737
  .. ..$ df0        : num 5
  .. ..$ R2         : num 0.167
  .. ..$ S0         : num 878
  .. ..$ u          : num [1:3646] 3.826 -0.138 7.941 -5.32 -1.123 ...
  .. ..$ varU       : num 253
  .. ..$ uStar      : num [1:2737] 9.371 -0.138 13.754 16.516 -5.32 ...
  .. ..$ NamefileOut: chr "X4_cum/ETA_2_varU.dat"
  .. ..$ SD.u       : num [1:3646] 6.8 11.4 8.7 11.1 12 ...
  .. ..$ SD.varU    : num 25.7
  ..$ :List of 15
  .. ..$ V          : num [1:3646, 1:576] -0.00189 -0.00645 -0.00703 -0.00832 -0.00916 ...
  .. .. ..- attr(*, "dimnames")=List of 2
  .. .. .. ..$ : chr [1:3646] "2020-21_11.107-5" "2020-21_12.90-53" "2020-21_12.93-4" "2020-21_14.37-103" ...
  .. .. .. ..$ : NULL
  .. ..$ d          : num [1:576] 985 777 402 285 213 ...
  .. ..$ model      : chr "RKHS"
  .. ..$ Name       : chr "ETA_3"
  .. ..$ tolD       : num 1e-10
  .. ..$ levelsU    : int 576
  .. ..$ df0        : num 5
  .. ..$ R2         : num 0.167
  .. ..$ S0         : num 185
  .. ..$ u          : num [1:3646] -14.6 -24.9 -34.5 -24.6 -23.9 ...
  .. ..$ varU       : num 1989
  .. ..$ uStar      : num [1:576] 805.98 -165.45 579.61 8.17 -31.2 ...
  .. ..$ NamefileOut: chr "X4_cum/ETA_3_varU.dat"
  .. ..$ SD.u       : num [1:3646] 5.97 5.3 6.07 5.19 5.49 ...
  .. ..$ SD.varU    : num 378
 - attr(*, "class")= chr "BGLR"
NULL
List of 21
 $ y            : num [1:3646] 39.5 64.4 38.3 92.4 32.5 ...
 $ a            : NULL
 $ b            : NULL
 $ whichNa      : int [1:1011] 2636 2637 2638 2639 2640 2641 2642 2643 2644 2645 ...
 $ saveAt       : chr "X7_cum/"
 $ nIter        : num 12000
 $ burnIn       : num 2000
 $ thin         : num 5
 $ weights      : num [1:3646] 1 1 1 1 1 1 1 1 1 1 ...
 $ verbose      : logi FALSE
 $ response_type: chr "gaussian"
 $ df0          : num 5
 $ S0           : num 7275
 $ yHat         : num [1:3646] 93.4 59.1 64.7 79.9 41.4 ...
 $ SD.yHat      : num [1:3646] 14.4 20.2 16.4 19.2 20.5 ...
 $ mu           : num 97.3
 $ SD.mu        : num 6.14
 $ varE         : num 918
 $ SD.varE      : num 60.8
 $ fit          :List of 4
  ..$ logLikAtPostMean: num -12213
  ..$ postMeanLogLik  : num -12722
  ..$ pD              : num 1017
  ..$ DIC             : num 26461
 $ ETA          :List of 3
  ..$ :List of 15
  .. ..$ V          : num [1:3646, 1:6] 0 0 0 0 0 0 0 0 0 0 ...
  .. .. ..- attr(*, "dimnames")=List of 2
  .. .. .. ..$ : chr [1:3646] "2020-21_11.107-5" "2020-21_12.90-53" "2020-21_12.93-4" "2020-21_14.37-103" ...
  .. .. .. ..$ : NULL
  .. ..$ d          : num [1:6] 1011 918 450 447 435 ...
  .. ..$ model      : chr "RKHS"
  .. ..$ Name       : chr "ETA_1"
  .. ..$ tolD       : num 1e-10
  .. ..$ levelsU    : int 6
  .. ..$ df0        : num 5
  .. ..$ R2         : num 0.167
  .. ..$ S0         : num 5.52
  .. ..$ u          : num [1:3646] -0.146 -0.146 -0.146 -0.146 -0.146 ...
  .. ..$ varU       : num 1.88
  .. ..$ uStar      : num [1:6] -0.924 -0.749 -2.821 -1.17 3.052 ...
  .. ..$ NamefileOut: chr "X7_cum/ETA_1_varU.dat"
  .. ..$ SD.u       : num [1:3646] 1.38 1.38 1.38 1.38 1.38 ...
  .. ..$ SD.varU    : num 2.25
  ..$ :List of 15
  .. ..$ V          : num [1:3646, 1:2737] 0.408 0 0 0 0 ...
  .. .. ..- attr(*, "dimnames")=List of 2
  .. .. .. ..$ : chr [1:3646] "2020-21_11.107-5" "2020-21_12.90-53" "2020-21_12.93-4" "2020-21_14.37-103" ...
  .. .. .. ..$ : chr [1:2737] "11.107-5" "12.90-53" "12.93-4" "13.27-142" ...
  .. ..$ d          : Named num [1:2737] 6 1 3 1 1 1 1 1 2 1 ...
  .. .. ..- attr(*, "names")= chr [1:2737] "11.107-5" "12.90-53" "12.93-4" "13.27-142" ...
  .. ..$ model      : chr "RKHS"
  .. ..$ Name       : chr "ETA_2"
  .. ..$ tolD       : num 1e-10
  .. ..$ levelsU    : int 2737
  .. ..$ df0        : num 5
  .. ..$ R2         : num 0.167
  .. ..$ S0         : num 2519
  .. ..$ u          : num [1:3646] 22.63 3.04 26.36 8.74 -7.39 ...
  .. ..$ varU       : num 664
  .. ..$ uStar      : num [1:2737] 55.44 3.04 45.65 29.08 8.74 ...
  .. ..$ NamefileOut: chr "X7_cum/ETA_2_varU.dat"
  .. ..$ SD.u       : num [1:3646] 12.5 20.1 15 19.5 20.5 ...
  .. ..$ SD.varU    : num 74.2
  ..$ :List of 15
  .. ..$ V          : num [1:3646, 1:576] -0.00189 -0.00645 -0.00703 -0.00832 -0.00916 ...
  .. .. ..- attr(*, "dimnames")=List of 2
  .. .. .. ..$ : chr [1:3646] "2020-21_11.107-5" "2020-21_12.90-53" "2020-21_12.93-4" "2020-21_14.37-103" ...
  .. .. .. ..$ : NULL
  .. ..$ d          : num [1:576] 985 777 402 285 213 ...
  .. ..$ model      : chr "RKHS"
  .. ..$ Name       : chr "ETA_3"
  .. ..$ tolD       : num 1e-10
  .. ..$ levelsU    : int 576
  .. ..$ df0        : num 5
  .. ..$ R2         : num 0.167
  .. ..$ S0         : num 530
  .. ..$ u          : num [1:3646] -26.4 -41.1 -58.8 -25.9 -48.3 ...
  .. ..$ varU       : num 5447
  .. ..$ uStar      : num [1:576] 1025.3 -30.7 989.3 684.3 -306.3 ...
  .. ..$ NamefileOut: chr "X7_cum/ETA_3_varU.dat"
  .. ..$ SD.u       : num [1:3646] 10.83 10 11.04 9.36 10.2 ...
  .. ..$ SD.varU    : num 999
 - attr(*, "class")= chr "BGLR"
NULL
List of 21
 $ y            : num [1:3646] 4.893 32.395 0.616 30.098 31.883 ...
 $ a            : NULL
 $ b            : NULL
 $ whichNa      : int [1:1011] 2636 2637 2638 2639 2640 2641 2642 2643 2644 2645 ...
 $ saveAt       : chr "X6_cum/"
 $ nIter        : num 12000
 $ burnIn       : num 2000
 $ thin         : num 5
 $ weights      : num [1:3646] 1 1 1 1 1 1 1 1 1 1 ...
 $ verbose      : logi FALSE
 $ response_type: chr "gaussian"
 $ df0          : num 5
 $ S0           : num 5038
 $ yHat         : num [1:3646] 56.9 36.6 33.1 41.1 34.5 ...
 $ SD.yHat      : num [1:3646] 11.6 16.6 13.7 16.5 16.7 ...
 $ mu           : num 74.7
 $ SD.mu        : num 5.18
 $ varE         : num 616
 $ SD.varE      : num 40.2
 $ fit          :List of 4
  ..$ logLikAtPostMean: num -11686
  ..$ postMeanLogLik  : num -12197
  ..$ pD              : num 1021
  ..$ DIC             : num 25415
 $ ETA          :List of 3
  ..$ :List of 15
  .. ..$ V          : num [1:3646, 1:6] 0 0 0 0 0 0 0 0 0 0 ...
  .. .. ..- attr(*, "dimnames")=List of 2
  .. .. .. ..$ : chr [1:3646] "2020-21_11.107-5" "2020-21_12.90-53" "2020-21_12.93-4" "2020-21_14.37-103" ...
  .. .. .. ..$ : NULL
  .. ..$ d          : num [1:6] 1011 918 450 447 435 ...
  .. ..$ model      : chr "RKHS"
  .. ..$ Name       : chr "ETA_1"
  .. ..$ tolD       : num 1e-10
  .. ..$ levelsU    : int 6
  .. ..$ df0        : num 5
  .. ..$ R2         : num 0.167
  .. ..$ S0         : num 3.82
  .. ..$ u          : num [1:3646] -0.197 -0.197 -0.197 -0.197 -0.197 ...
  .. ..$ varU       : num 1.31
  .. ..$ uStar      : num [1:6] 0.0591 -4.367 -4.2251 -0.3213 4.1077 ...
  .. ..$ NamefileOut: chr "X6_cum/ETA_1_varU.dat"
  .. ..$ SD.u       : num [1:3646] 1.15 1.15 1.15 1.15 1.15 ...
  .. ..$ SD.varU    : num 1.35
  ..$ :List of 15
  .. ..$ V          : num [1:3646, 1:2737] 0.408 0 0 0 0 ...
  .. .. ..- attr(*, "dimnames")=List of 2
  .. .. .. ..$ : chr [1:3646] "2020-21_11.107-5" "2020-21_12.90-53" "2020-21_12.93-4" "2020-21_14.37-103" ...
  .. .. .. ..$ : chr [1:2737] "11.107-5" "12.90-53" "12.93-4" "13.27-142" ...
  .. ..$ d          : Named num [1:2737] 6 1 3 1 1 1 1 1 2 1 ...
  .. .. ..- attr(*, "names")= chr [1:2737] "11.107-5" "12.90-53" "12.93-4" "13.27-142" ...
  .. ..$ model      : chr "RKHS"
  .. ..$ Name       : chr "ETA_2"
  .. ..$ tolD       : num 1e-10
  .. ..$ levelsU    : int 2737
  .. ..$ df0        : num 5
  .. ..$ R2         : num 0.167
  .. ..$ S0         : num 1745
  .. ..$ u          : num [1:3646] 9.2 -1.71 8.12 -8.06 -2.28 ...
  .. ..$ varU       : num 448
  .. ..$ uStar      : num [1:2737] 22.55 -1.71 14.07 23.86 -8.06 ...
  .. ..$ NamefileOut: chr "X6_cum/ETA_2_varU.dat"
  .. ..$ SD.u       : num [1:3646] 9.92 16.27 12.79 16.41 16.34 ...
  .. ..$ SD.varU    : num 49.4
  ..$ :List of 15
  .. ..$ V          : num [1:3646, 1:576] -0.00189 -0.00645 -0.00703 -0.00832 -0.00916 ...
  .. .. ..- attr(*, "dimnames")=List of 2
  .. .. .. ..$ : chr [1:3646] "2020-21_11.107-5" "2020-21_12.90-53" "2020-21_12.93-4" "2020-21_14.37-103" ...
  .. .. .. ..$ : NULL
  .. ..$ d          : num [1:576] 985 777 402 285 213 ...
  .. ..$ model      : chr "RKHS"
  .. ..$ Name       : chr "ETA_3"
  .. ..$ tolD       : num 1e-10
  .. ..$ levelsU    : int 576
  .. ..$ df0        : num 5
  .. ..$ R2         : num 0.167
  .. ..$ S0         : num 367
  .. ..$ u          : num [1:3646] -26.9 -36.2 -49.5 -25.4 -37.8 ...
  .. ..$ varU       : num 3799
  .. ..$ uStar      : num [1:576] 983 -137 930 360 -284 ...
  .. ..$ NamefileOut: chr "X6_cum/ETA_3_varU.dat"
  .. ..$ SD.u       : num [1:3646] 8.97 8.18 9.15 7.99 8.4 ...
  .. ..$ SD.varU    : num 740
 - attr(*, "class")= chr "BGLR"
NULL
List of 21
 $ y            : num [1:3646] 4.893 32.395 0.616 30.098 31.883 ...
 $ a            : NULL
 $ b            : NULL
 $ whichNa      : int [1:1011] 2636 2637 2638 2639 2640 2641 2642 2643 2644 2645 ...
 $ saveAt       : chr "X6_cum/"
 $ nIter        : num 12000
 $ burnIn       : num 2000
 $ thin         : num 5
 $ weights      : num [1:3646] 1 1 1 1 1 1 1 1 1 1 ...
 $ verbose      : logi FALSE
 $ response_type: chr "gaussian"
 $ df0          : num 5
 $ S0           : num 5038
 $ yHat         : num [1:3646] 56.9 36.6 33.1 41.1 34.5 ...
 $ SD.yHat      : num [1:3646] 11.6 16.6 13.7 16.5 16.7 ...
 $ mu           : num 74.7
 $ SD.mu        : num 5.18
 $ varE         : num 616
 $ SD.varE      : num 40.2
 $ fit          :List of 4
  ..$ logLikAtPostMean: num -11686
  ..$ postMeanLogLik  : num -12197
  ..$ pD              : num 1021
  ..$ DIC             : num 25415
 $ ETA          :List of 3
  ..$ :List of 15
  .. ..$ V          : num [1:3646, 1:6] 0 0 0 0 0 0 0 0 0 0 ...
  .. .. ..- attr(*, "dimnames")=List of 2
  .. .. .. ..$ : chr [1:3646] "2020-21_11.107-5" "2020-21_12.90-53" "2020-21_12.93-4" "2020-21_14.37-103" ...
  .. .. .. ..$ : NULL
  .. ..$ d          : num [1:6] 1011 918 450 447 435 ...
  .. ..$ model      : chr "RKHS"
  .. ..$ Name       : chr "ETA_1"
  .. ..$ tolD       : num 1e-10
  .. ..$ levelsU    : int 6
  .. ..$ df0        : num 5
  .. ..$ R2         : num 0.167
  .. ..$ S0         : num 3.82
  .. ..$ u          : num [1:3646] -0.197 -0.197 -0.197 -0.197 -0.197 ...
  .. ..$ varU       : num 1.31
  .. ..$ uStar      : num [1:6] 0.0591 -4.367 -4.2251 -0.3213 4.1077 ...
  .. ..$ NamefileOut: chr "X6_cum/ETA_1_varU.dat"
  .. ..$ SD.u       : num [1:3646] 1.15 1.15 1.15 1.15 1.15 ...
  .. ..$ SD.varU    : num 1.35
  ..$ :List of 15
  .. ..$ V          : num [1:3646, 1:2737] 0.408 0 0 0 0 ...
  .. .. ..- attr(*, "dimnames")=List of 2
  .. .. .. ..$ : chr [1:3646] "2020-21_11.107-5" "2020-21_12.90-53" "2020-21_12.93-4" "2020-21_14.37-103" ...
  .. .. .. ..$ : chr [1:2737] "11.107-5" "12.90-53" "12.93-4" "13.27-142" ...
  .. ..$ d          : Named num [1:2737] 6 1 3 1 1 1 1 1 2 1 ...
  .. .. ..- attr(*, "names")= chr [1:2737] "11.107-5" "12.90-53" "12.93-4" "13.27-142" ...
  .. ..$ model      : chr "RKHS"
  .. ..$ Name       : chr "ETA_2"
  .. ..$ tolD       : num 1e-10
  .. ..$ levelsU    : int 2737
  .. ..$ df0        : num 5
  .. ..$ R2         : num 0.167
  .. ..$ S0         : num 1745
  .. ..$ u          : num [1:3646] 9.2 -1.71 8.12 -8.06 -2.28 ...
  .. ..$ varU       : num 448
  .. ..$ uStar      : num [1:2737] 22.55 -1.71 14.07 23.86 -8.06 ...
  .. ..$ NamefileOut: chr "X6_cum/ETA_2_varU.dat"
  .. ..$ SD.u       : num [1:3646] 9.92 16.27 12.79 16.41 16.34 ...
  .. ..$ SD.varU    : num 49.4
  ..$ :List of 15
  .. ..$ V          : num [1:3646, 1:576] -0.00189 -0.00645 -0.00703 -0.00832 -0.00916 ...
  .. .. ..- attr(*, "dimnames")=List of 2
  .. .. .. ..$ : chr [1:3646] "2020-21_11.107-5" "2020-21_12.90-53" "2020-21_12.93-4" "2020-21_14.37-103" ...
  .. .. .. ..$ : NULL
  .. ..$ d          : num [1:576] 985 777 402 285 213 ...
  .. ..$ model      : chr "RKHS"
  .. ..$ Name       : chr "ETA_3"
  .. ..$ tolD       : num 1e-10
  .. ..$ levelsU    : int 576
  .. ..$ df0        : num 5
  .. ..$ R2         : num 0.167
  .. ..$ S0         : num 367
  .. ..$ u          : num [1:3646] -26.9 -36.2 -49.5 -25.4 -37.8 ...
  .. ..$ varU       : num 3799
  .. ..$ uStar      : num [1:576] 983 -137 930 360 -284 ...
  .. ..$ NamefileOut: chr "X6_cum/ETA_3_varU.dat"
  .. ..$ SD.u       : num [1:3646] 8.97 8.18 9.15 7.99 8.4 ...
  .. ..$ SD.varU    : num 740
 - attr(*, "class")= chr "BGLR"
NULL
List of 21
 $ y            : num [1:3646] 4.893 32.395 0.616 30.098 31.883 ...
 $ a            : NULL
 $ b            : NULL
 $ whichNa      : int [1:1011] 2636 2637 2638 2639 2640 2641 2642 2643 2644 2645 ...
 $ saveAt       : chr "X6_cum/"
 $ nIter        : num 12000
 $ burnIn       : num 2000
 $ thin         : num 5
 $ weights      : num [1:3646] 1 1 1 1 1 1 1 1 1 1 ...
 $ verbose      : logi FALSE
 $ response_type: chr "gaussian"
 $ df0          : num 5
 $ S0           : num 5038
 $ yHat         : num [1:3646] 56.9 36.6 33.1 41.1 34.5 ...
 $ SD.yHat      : num [1:3646] 11.6 16.6 13.7 16.5 16.7 ...
 $ mu           : num 74.7
 $ SD.mu        : num 5.18
 $ varE         : num 616
 $ SD.varE      : num 40.2
 $ fit          :List of 4
  ..$ logLikAtPostMean: num -11686
  ..$ postMeanLogLik  : num -12197
  ..$ pD              : num 1021
  ..$ DIC             : num 25415
 $ ETA          :List of 3
  ..$ :List of 15
  .. ..$ V          : num [1:3646, 1:6] 0 0 0 0 0 0 0 0 0 0 ...
  .. .. ..- attr(*, "dimnames")=List of 2
  .. .. .. ..$ : chr [1:3646] "2020-21_11.107-5" "2020-21_12.90-53" "2020-21_12.93-4" "2020-21_14.37-103" ...
  .. .. .. ..$ : NULL
  .. ..$ d          : num [1:6] 1011 918 450 447 435 ...
  .. ..$ model      : chr "RKHS"
  .. ..$ Name       : chr "ETA_1"
  .. ..$ tolD       : num 1e-10
  .. ..$ levelsU    : int 6
  .. ..$ df0        : num 5
  .. ..$ R2         : num 0.167
  .. ..$ S0         : num 3.82
  .. ..$ u          : num [1:3646] -0.197 -0.197 -0.197 -0.197 -0.197 ...
  .. ..$ varU       : num 1.31
  .. ..$ uStar      : num [1:6] 0.0591 -4.367 -4.2251 -0.3213 4.1077 ...
  .. ..$ NamefileOut: chr "X6_cum/ETA_1_varU.dat"
  .. ..$ SD.u       : num [1:3646] 1.15 1.15 1.15 1.15 1.15 ...
  .. ..$ SD.varU    : num 1.35
  ..$ :List of 15
  .. ..$ V          : num [1:3646, 1:2737] 0.408 0 0 0 0 ...
  .. .. ..- attr(*, "dimnames")=List of 2
  .. .. .. ..$ : chr [1:3646] "2020-21_11.107-5" "2020-21_12.90-53" "2020-21_12.93-4" "2020-21_14.37-103" ...
  .. .. .. ..$ : chr [1:2737] "11.107-5" "12.90-53" "12.93-4" "13.27-142" ...
  .. ..$ d          : Named num [1:2737] 6 1 3 1 1 1 1 1 2 1 ...
  .. .. ..- attr(*, "names")= chr [1:2737] "11.107-5" "12.90-53" "12.93-4" "13.27-142" ...
  .. ..$ model      : chr "RKHS"
  .. ..$ Name       : chr "ETA_2"
  .. ..$ tolD       : num 1e-10
  .. ..$ levelsU    : int 2737
  .. ..$ df0        : num 5
  .. ..$ R2         : num 0.167
  .. ..$ S0         : num 1745
  .. ..$ u          : num [1:3646] 9.2 -1.71 8.12 -8.06 -2.28 ...
  .. ..$ varU       : num 448
  .. ..$ uStar      : num [1:2737] 22.55 -1.71 14.07 23.86 -8.06 ...
  .. ..$ NamefileOut: chr "X6_cum/ETA_2_varU.dat"
  .. ..$ SD.u       : num [1:3646] 9.92 16.27 12.79 16.41 16.34 ...
  .. ..$ SD.varU    : num 49.4
  ..$ :List of 15
  .. ..$ V          : num [1:3646, 1:576] -0.00189 -0.00645 -0.00703 -0.00832 -0.00916 ...
  .. .. ..- attr(*, "dimnames")=List of 2
  .. .. .. ..$ : chr [1:3646] "2020-21_11.107-5" "2020-21_12.90-53" "2020-21_12.93-4" "2020-21_14.37-103" ...
  .. .. .. ..$ : NULL
  .. ..$ d          : num [1:576] 985 777 402 285 213 ...
  .. ..$ model      : chr "RKHS"
  .. ..$ Name       : chr "ETA_3"
  .. ..$ tolD       : num 1e-10
  .. ..$ levelsU    : int 576
  .. ..$ df0        : num 5
  .. ..$ R2         : num 0.167
  .. ..$ S0         : num 367
  .. ..$ u          : num [1:3646] -26.9 -36.2 -49.5 -25.4 -37.8 ...
  .. ..$ varU       : num 3799
  .. ..$ uStar      : num [1:576] 983 -137 930 360 -284 ...
  .. ..$ NamefileOut: chr "X6_cum/ETA_3_varU.dat"
  .. ..$ SD.u       : num [1:3646] 8.97 8.18 9.15 7.99 8.4 ...
  .. ..$ SD.varU    : num 740
 - attr(*, "class")= chr "BGLR"
NULL
List of 21
 $ y            : num [1:3646] 4.216 23.801 0.481 30.098 28.348 ...
 $ a            : NULL
 $ b            : NULL
 $ whichNa      : int [1:1011] 2636 2637 2638 2639 2640 2641 2642 2643 2644 2645 ...
 $ saveAt       : chr "X5_cum/"
 $ nIter        : num 12000
 $ burnIn       : num 2000
 $ thin         : num 5
 $ weights      : num [1:3646] 1 1 1 1 1 1 1 1 1 1 ...
 $ verbose      : logi FALSE
 $ response_type: chr "gaussian"
 $ df0          : num 5
 $ S0           : num 3616
 $ yHat         : num [1:3646] 41.5 27.3 17.1 32.8 29.1 ...
 $ SD.yHat      : num [1:3646] 9.89 13.64 11.14 13.53 13.62 ...
 $ mu           : num 55.8
 $ SD.mu        : num 3.7
 $ varE         : num 409
 $ SD.varE      : num 28.8
 $ fit          :List of 4
  ..$ logLikAtPostMean: num -11133
  ..$ postMeanLogLik  : num -11659
  ..$ pD              : num 1053
  ..$ DIC             : num 24371
 $ ETA          :List of 3
  ..$ :List of 15
  .. ..$ V          : num [1:3646, 1:6] 0 0 0 0 0 0 0 0 0 0 ...
  .. .. ..- attr(*, "dimnames")=List of 2
  .. .. .. ..$ : chr [1:3646] "2020-21_11.107-5" "2020-21_12.90-53" "2020-21_12.93-4" "2020-21_14.37-103" ...
  .. .. .. ..$ : NULL
  .. ..$ d          : num [1:6] 1011 918 450 447 435 ...
  .. ..$ model      : chr "RKHS"
  .. ..$ Name       : chr "ETA_1"
  .. ..$ tolD       : num 1e-10
  .. ..$ levelsU    : int 6
  .. ..$ df0        : num 5
  .. ..$ R2         : num 0.167
  .. ..$ S0         : num 2.74
  .. ..$ u          : num [1:3646] -0.166 -0.166 -0.166 -0.166 -0.166 ...
  .. ..$ varU       : num 0.907
  .. ..$ uStar      : num [1:6] -1.822 -6.471 -2.243 0.573 3.461 ...
  .. ..$ NamefileOut: chr "X5_cum/ETA_1_varU.dat"
  .. ..$ SD.u       : num [1:3646] 0.927 0.927 0.927 0.927 0.927 ...
  .. ..$ SD.varU    : num 1.16
  ..$ :List of 15
  .. ..$ V          : num [1:3646, 1:2737] 0.408 0 0 0 0 ...
  .. .. ..- attr(*, "dimnames")=List of 2
  .. .. .. ..$ : chr [1:3646] "2020-21_11.107-5" "2020-21_12.90-53" "2020-21_12.93-4" "2020-21_14.37-103" ...
  .. .. .. ..$ : chr [1:2737] "11.107-5" "12.90-53" "12.93-4" "13.27-142" ...
  .. ..$ d          : Named num [1:2737] 6 1 3 1 1 1 1 1 2 1 ...
  .. .. ..- attr(*, "names")= chr [1:2737] "11.107-5" "12.90-53" "12.93-4" "13.27-142" ...
  .. ..$ model      : chr "RKHS"
  .. ..$ Name       : chr "ETA_2"
  .. ..$ tolD       : num 1e-10
  .. ..$ levelsU    : int 2737
  .. ..$ df0        : num 5
  .. ..$ R2         : num 0.167
  .. ..$ S0         : num 1252
  .. ..$ u          : num [1:3646] 5.72 -3.11 3.18 -1.11 -1.33 ...
  .. ..$ varU       : num 313
  .. ..$ uStar      : num [1:2737] 14.02 -3.11 5.5 20.91 -1.11 ...
  .. ..$ NamefileOut: chr "X5_cum/ETA_2_varU.dat"
  .. ..$ SD.u       : num [1:3646] 8.55 13.55 10.11 13.58 13.39 ...
  .. ..$ SD.varU    : num 36
  ..$ :List of 15
  .. ..$ V          : num [1:3646, 1:576] -0.00189 -0.00645 -0.00703 -0.00832 -0.00916 ...
  .. .. ..- attr(*, "dimnames")=List of 2
  .. .. .. ..$ : chr [1:3646] "2020-21_11.107-5" "2020-21_12.90-53" "2020-21_12.93-4" "2020-21_14.37-103" ...
  .. .. .. ..$ : NULL
  .. ..$ d          : num [1:576] 985 777 402 285 213 ...
  .. ..$ model      : chr "RKHS"
  .. ..$ Name       : chr "ETA_3"
  .. ..$ tolD       : num 1e-10
  .. ..$ levelsU    : int 576
  .. ..$ df0        : num 5
  .. ..$ R2         : num 0.167
  .. ..$ S0         : num 264
  .. ..$ u          : num [1:3646] -19.9 -25.2 -41.7 -21.7 -25.2 ...
  .. ..$ varU       : num 3155
  .. ..$ uStar      : num [1:576] 953 -166 610 244 -126 ...
  .. ..$ NamefileOut: chr "X5_cum/ETA_3_varU.dat"
  .. ..$ SD.u       : num [1:3646] 7.15 6.28 7.28 6.08 6.65 ...
  .. ..$ SD.varU    : num 607
 - attr(*, "class")= chr "BGLR"
NULL
List of 21
 $ y            : num [1:3646] 76.5 118.8 117.3 133.6 54.6 ...
 $ a            : NULL
 $ b            : NULL
 $ whichNa      : int [1:1011] 2636 2637 2638 2639 2640 2641 2642 2643 2644 2645 ...
 $ saveAt       : chr "X8_cum/"
 $ nIter        : num 12000
 $ burnIn       : num 2000
 $ thin         : num 5
 $ weights      : num [1:3646] 1 1 1 1 1 1 1 1 1 1 ...
 $ verbose      : logi FALSE
 $ response_type: chr "gaussian"
 $ df0          : num 5
 $ S0           : num 11387
 $ yHat         : num [1:3646] 145.6 99 145.3 117.7 66.2 ...
 $ SD.yHat      : num [1:3646] 17.7 23.8 20.2 23.8 24.2 ...
 $ mu           : num 132
 $ SD.mu        : num 8.87
 $ varE         : num 1447
 $ SD.varE      : num 94.2
 $ fit          :List of 4
  ..$ logLikAtPostMean: num -12846
  ..$ postMeanLogLik  : num -13324
  ..$ pD              : num 955
  ..$ DIC             : num 27603
 $ ETA          :List of 3
  ..$ :List of 15
  .. ..$ V          : num [1:3646, 1:6] 0 0 0 0 0 0 0 0 0 0 ...
  .. .. ..- attr(*, "dimnames")=List of 2
  .. .. .. ..$ : chr [1:3646] "2020-21_11.107-5" "2020-21_12.90-53" "2020-21_12.93-4" "2020-21_14.37-103" ...
  .. .. .. ..$ : NULL
  .. ..$ d          : num [1:6] 1011 918 450 447 435 ...
  .. ..$ model      : chr "RKHS"
  .. ..$ Name       : chr "ETA_1"
  .. ..$ tolD       : num 1e-10
  .. ..$ levelsU    : int 6
  .. ..$ df0        : num 5
  .. ..$ R2         : num 0.167
  .. ..$ S0         : num 8.64
  .. ..$ u          : num [1:3646] -0.195 -0.195 -0.195 -0.195 -0.195 ...
  .. ..$ varU       : num 3.18
  .. ..$ uStar      : num [1:6] -0.81 1.98 -1.96 -2.85 4.07 ...
  .. ..$ NamefileOut: chr "X8_cum/ETA_1_varU.dat"
  .. ..$ SD.u       : num [1:3646] 1.77 1.77 1.77 1.77 1.77 ...
  .. ..$ SD.varU    : num 5.12
  ..$ :List of 15
  .. ..$ V          : num [1:3646, 1:2737] 0.408 0 0 0 0 ...
  .. .. ..- attr(*, "dimnames")=List of 2
  .. .. .. ..$ : chr [1:3646] "2020-21_11.107-5" "2020-21_12.90-53" "2020-21_12.93-4" "2020-21_14.37-103" ...
  .. .. .. ..$ : chr [1:2737] "11.107-5" "12.90-53" "12.93-4" "13.27-142" ...
  .. ..$ d          : Named num [1:2737] 6 1 3 1 1 1 1 1 2 1 ...
  .. .. ..- attr(*, "names")= chr [1:2737] "11.107-5" "12.90-53" "12.93-4" "13.27-142" ...
  .. ..$ model      : chr "RKHS"
  .. ..$ Name       : chr "ETA_2"
  .. ..$ tolD       : num 1e-10
  .. ..$ levelsU    : int 2737
  .. ..$ df0        : num 5
  .. ..$ R2         : num 0.167
  .. ..$ S0         : num 3943
  .. ..$ u          : num [1:3646] 26.17 12.33 65.3 10 -7.19 ...
  .. ..$ varU       : num 915
  .. ..$ uStar      : num [1:2737] 64.1 12.3 113.1 25 10 ...
  .. ..$ NamefileOut: chr "X8_cum/ETA_2_varU.dat"
  .. ..$ SD.u       : num [1:3646] 15.5 23.4 19 23.6 24.1 ...
  .. ..$ SD.varU    : num 104
  ..$ :List of 15
  .. ..$ V          : num [1:3646, 1:576] -0.00189 -0.00645 -0.00703 -0.00832 -0.00916 ...
  .. .. ..- attr(*, "dimnames")=List of 2
  .. .. .. ..$ : chr [1:3646] "2020-21_11.107-5" "2020-21_12.90-53" "2020-21_12.93-4" "2020-21_14.37-103" ...
  .. .. .. ..$ : NULL
  .. ..$ d          : num [1:576] 985 777 402 285 213 ...
  .. ..$ model      : chr "RKHS"
  .. ..$ Name       : chr "ETA_3"
  .. ..$ tolD       : num 1e-10
  .. ..$ levelsU    : int 576
  .. ..$ df0        : num 5
  .. ..$ R2         : num 0.167
  .. ..$ S0         : num 830
  .. ..$ u          : num [1:3646] -12.7 -45.5 -52.2 -24.4 -58.8 ...
  .. ..$ varU       : num 8184
  .. ..$ uStar      : num [1:576] 1148 131 1097 1254 -604 ...
  .. ..$ NamefileOut: chr "X8_cum/ETA_3_varU.dat"
  .. ..$ SD.u       : num [1:3646] 13.8 13.3 14.2 12.4 13.3 ...
  .. ..$ SD.varU    : num 1457
 - attr(*, "class")= chr "BGLR"
NULL
List of 21
 $ y            : num [1:3646] 4.216 23.801 0.481 30.098 28.348 ...
 $ a            : NULL
 $ b            : NULL
 $ whichNa      : int [1:1011] 2636 2637 2638 2639 2640 2641 2642 2643 2644 2645 ...
 $ saveAt       : chr "X5_cum/"
 $ nIter        : num 12000
 $ burnIn       : num 2000
 $ thin         : num 5
 $ weights      : num [1:3646] 1 1 1 1 1 1 1 1 1 1 ...
 $ verbose      : logi FALSE
 $ response_type: chr "gaussian"
 $ df0          : num 5
 $ S0           : num 3616
 $ yHat         : num [1:3646] 41.5 27.3 17.1 32.8 29.1 ...
 $ SD.yHat      : num [1:3646] 9.89 13.64 11.14 13.53 13.62 ...
 $ mu           : num 55.8
 $ SD.mu        : num 3.7
 $ varE         : num 409
 $ SD.varE      : num 28.8
 $ fit          :List of 4
  ..$ logLikAtPostMean: num -11133
  ..$ postMeanLogLik  : num -11659
  ..$ pD              : num 1053
  ..$ DIC             : num 24371
 $ ETA          :List of 3
  ..$ :List of 15
  .. ..$ V          : num [1:3646, 1:6] 0 0 0 0 0 0 0 0 0 0 ...
  .. .. ..- attr(*, "dimnames")=List of 2
  .. .. .. ..$ : chr [1:3646] "2020-21_11.107-5" "2020-21_12.90-53" "2020-21_12.93-4" "2020-21_14.37-103" ...
  .. .. .. ..$ : NULL
  .. ..$ d          : num [1:6] 1011 918 450 447 435 ...
  .. ..$ model      : chr "RKHS"
  .. ..$ Name       : chr "ETA_1"
  .. ..$ tolD       : num 1e-10
  .. ..$ levelsU    : int 6
  .. ..$ df0        : num 5
  .. ..$ R2         : num 0.167
  .. ..$ S0         : num 2.74
  .. ..$ u          : num [1:3646] -0.166 -0.166 -0.166 -0.166 -0.166 ...
  .. ..$ varU       : num 0.907
  .. ..$ uStar      : num [1:6] -1.822 -6.471 -2.243 0.573 3.461 ...
  .. ..$ NamefileOut: chr "X5_cum/ETA_1_varU.dat"
  .. ..$ SD.u       : num [1:3646] 0.927 0.927 0.927 0.927 0.927 ...
  .. ..$ SD.varU    : num 1.16
  ..$ :List of 15
  .. ..$ V          : num [1:3646, 1:2737] 0.408 0 0 0 0 ...
  .. .. ..- attr(*, "dimnames")=List of 2
  .. .. .. ..$ : chr [1:3646] "2020-21_11.107-5" "2020-21_12.90-53" "2020-21_12.93-4" "2020-21_14.37-103" ...
  .. .. .. ..$ : chr [1:2737] "11.107-5" "12.90-53" "12.93-4" "13.27-142" ...
  .. ..$ d          : Named num [1:2737] 6 1 3 1 1 1 1 1 2 1 ...
  .. .. ..- attr(*, "names")= chr [1:2737] "11.107-5" "12.90-53" "12.93-4" "13.27-142" ...
  .. ..$ model      : chr "RKHS"
  .. ..$ Name       : chr "ETA_2"
  .. ..$ tolD       : num 1e-10
  .. ..$ levelsU    : int 2737
  .. ..$ df0        : num 5
  .. ..$ R2         : num 0.167
  .. ..$ S0         : num 1252
  .. ..$ u          : num [1:3646] 5.72 -3.11 3.18 -1.11 -1.33 ...
  .. ..$ varU       : num 313
  .. ..$ uStar      : num [1:2737] 14.02 -3.11 5.5 20.91 -1.11 ...
  .. ..$ NamefileOut: chr "X5_cum/ETA_2_varU.dat"
  .. ..$ SD.u       : num [1:3646] 8.55 13.55 10.11 13.58 13.39 ...
  .. ..$ SD.varU    : num 36
  ..$ :List of 15
  .. ..$ V          : num [1:3646, 1:576] -0.00189 -0.00645 -0.00703 -0.00832 -0.00916 ...
  .. .. ..- attr(*, "dimnames")=List of 2
  .. .. .. ..$ : chr [1:3646] "2020-21_11.107-5" "2020-21_12.90-53" "2020-21_12.93-4" "2020-21_14.37-103" ...
  .. .. .. ..$ : NULL
  .. ..$ d          : num [1:576] 985 777 402 285 213 ...
  .. ..$ model      : chr "RKHS"
  .. ..$ Name       : chr "ETA_3"
  .. ..$ tolD       : num 1e-10
  .. ..$ levelsU    : int 576
  .. ..$ df0        : num 5
  .. ..$ R2         : num 0.167
  .. ..$ S0         : num 264
  .. ..$ u          : num [1:3646] -19.9 -25.2 -41.7 -21.7 -25.2 ...
  .. ..$ varU       : num 3155
  .. ..$ uStar      : num [1:576] 953 -166 610 244 -126 ...
  .. ..$ NamefileOut: chr "X5_cum/ETA_3_varU.dat"
  .. ..$ SD.u       : num [1:3646] 7.15 6.28 7.28 6.08 6.65 ...
  .. ..$ SD.varU    : num 607
 - attr(*, "class")= chr "BGLR"
NULL
List of 21
 $ y            : num [1:3646] 4.216 23.801 0.481 30.098 28.348 ...
 $ a            : NULL
 $ b            : NULL
 $ whichNa      : int [1:1011] 2636 2637 2638 2639 2640 2641 2642 2643 2644 2645 ...
 $ saveAt       : chr "X5_cum/"
 $ nIter        : num 12000
 $ burnIn       : num 2000
 $ thin         : num 5
 $ weights      : num [1:3646] 1 1 1 1 1 1 1 1 1 1 ...
 $ verbose      : logi FALSE
 $ response_type: chr "gaussian"
 $ df0          : num 5
 $ S0           : num 3616
 $ yHat         : num [1:3646] 41.5 27.3 17.1 32.8 29.1 ...
 $ SD.yHat      : num [1:3646] 9.89 13.64 11.14 13.53 13.62 ...
 $ mu           : num 55.8
 $ SD.mu        : num 3.7
 $ varE         : num 409
 $ SD.varE      : num 28.8
 $ fit          :List of 4
  ..$ logLikAtPostMean: num -11133
  ..$ postMeanLogLik  : num -11659
  ..$ pD              : num 1053
  ..$ DIC             : num 24371
 $ ETA          :List of 3
  ..$ :List of 15
  .. ..$ V          : num [1:3646, 1:6] 0 0 0 0 0 0 0 0 0 0 ...
  .. .. ..- attr(*, "dimnames")=List of 2
  .. .. .. ..$ : chr [1:3646] "2020-21_11.107-5" "2020-21_12.90-53" "2020-21_12.93-4" "2020-21_14.37-103" ...
  .. .. .. ..$ : NULL
  .. ..$ d          : num [1:6] 1011 918 450 447 435 ...
  .. ..$ model      : chr "RKHS"
  .. ..$ Name       : chr "ETA_1"
  .. ..$ tolD       : num 1e-10
  .. ..$ levelsU    : int 6
  .. ..$ df0        : num 5
  .. ..$ R2         : num 0.167
  .. ..$ S0         : num 2.74
  .. ..$ u          : num [1:3646] -0.166 -0.166 -0.166 -0.166 -0.166 ...
  .. ..$ varU       : num 0.907
  .. ..$ uStar      : num [1:6] -1.822 -6.471 -2.243 0.573 3.461 ...
  .. ..$ NamefileOut: chr "X5_cum/ETA_1_varU.dat"
  .. ..$ SD.u       : num [1:3646] 0.927 0.927 0.927 0.927 0.927 ...
  .. ..$ SD.varU    : num 1.16
  ..$ :List of 15
  .. ..$ V          : num [1:3646, 1:2737] 0.408 0 0 0 0 ...
  .. .. ..- attr(*, "dimnames")=List of 2
  .. .. .. ..$ : chr [1:3646] "2020-21_11.107-5" "2020-21_12.90-53" "2020-21_12.93-4" "2020-21_14.37-103" ...
  .. .. .. ..$ : chr [1:2737] "11.107-5" "12.90-53" "12.93-4" "13.27-142" ...
  .. ..$ d          : Named num [1:2737] 6 1 3 1 1 1 1 1 2 1 ...
  .. .. ..- attr(*, "names")= chr [1:2737] "11.107-5" "12.90-53" "12.93-4" "13.27-142" ...
  .. ..$ model      : chr "RKHS"
  .. ..$ Name       : chr "ETA_2"
  .. ..$ tolD       : num 1e-10
  .. ..$ levelsU    : int 2737
  .. ..$ df0        : num 5
  .. ..$ R2         : num 0.167
  .. ..$ S0         : num 1252
  .. ..$ u          : num [1:3646] 5.72 -3.11 3.18 -1.11 -1.33 ...
  .. ..$ varU       : num 313
  .. ..$ uStar      : num [1:2737] 14.02 -3.11 5.5 20.91 -1.11 ...
  .. ..$ NamefileOut: chr "X5_cum/ETA_2_varU.dat"
  .. ..$ SD.u       : num [1:3646] 8.55 13.55 10.11 13.58 13.39 ...
  .. ..$ SD.varU    : num 36
  ..$ :List of 15
  .. ..$ V          : num [1:3646, 1:576] -0.00189 -0.00645 -0.00703 -0.00832 -0.00916 ...
  .. .. ..- attr(*, "dimnames")=List of 2
  .. .. .. ..$ : chr [1:3646] "2020-21_11.107-5" "2020-21_12.90-53" "2020-21_12.93-4" "2020-21_14.37-103" ...
  .. .. .. ..$ : NULL
  .. ..$ d          : num [1:576] 985 777 402 285 213 ...
  .. ..$ model      : chr "RKHS"
  .. ..$ Name       : chr "ETA_3"
  .. ..$ tolD       : num 1e-10
  .. ..$ levelsU    : int 576
  .. ..$ df0        : num 5
  .. ..$ R2         : num 0.167
  .. ..$ S0         : num 264
  .. ..$ u          : num [1:3646] -19.9 -25.2 -41.7 -21.7 -25.2 ...
  .. ..$ varU       : num 3155
  .. ..$ uStar      : num [1:576] 953 -166 610 244 -126 ...
  .. ..$ NamefileOut: chr "X5_cum/ETA_3_varU.dat"
  .. ..$ SD.u       : num [1:3646] 7.15 6.28 7.28 6.08 6.65 ...
  .. ..$ SD.varU    : num 607
 - attr(*, "class")= chr "BGLR"
NULL
List of 21
 $ y            : num [1:3646] 0.488 5.656 0.158 4.728 11.634 ...
 $ a            : NULL
 $ b            : NULL
 $ whichNa      : int [1:1011] 2636 2637 2638 2639 2640 2641 2642 2643 2644 2645 ...
 $ saveAt       : chr "X3_cum/"
 $ nIter        : num 12000
 $ burnIn       : num 2000
 $ thin         : num 5
 $ weights      : num [1:3646] 1 1 1 1 1 1 1 1 1 1 ...
 $ verbose      : logi FALSE
 $ response_type: chr "gaussian"
 $ df0          : num 5
 $ S0           : num 1647
 $ yHat         : num [1:3646] 26.65 7.57 10.08 6.31 9.68 ...
 $ SD.yHat      : num [1:3646] 6.6 9.63 7.42 9.62 9.72 ...
 $ mu           : num 30.3
 $ SD.mu        : num 2.72
 $ varE         : num 180
 $ SD.varE      : num 14.2
 $ fit          :List of 4
  ..$ logLikAtPostMean: num -9991
  ..$ postMeanLogLik  : num -10572
  ..$ pD              : num 1162
  ..$ DIC             : num 22307
 $ ETA          :List of 3
  ..$ :List of 15
  .. ..$ V          : num [1:3646, 1:6] 0 0 0 0 0 0 0 0 0 0 ...
  .. .. ..- attr(*, "dimnames")=List of 2
  .. .. .. ..$ : chr [1:3646] "2020-21_11.107-5" "2020-21_12.90-53" "2020-21_12.93-4" "2020-21_14.37-103" ...
  .. .. .. ..$ : NULL
  .. ..$ d          : num [1:6] 1011 918 450 447 435 ...
  .. ..$ model      : chr "RKHS"
  .. ..$ Name       : chr "ETA_1"
  .. ..$ tolD       : num 1e-10
  .. ..$ levelsU    : int 6
  .. ..$ df0        : num 5
  .. ..$ R2         : num 0.167
  .. ..$ S0         : num 1.25
  .. ..$ u          : num [1:3646] -0.153 -0.153 -0.153 -0.153 -0.153 ...
  .. ..$ varU       : num 0.459
  .. ..$ uStar      : num [1:6] -0.144 -3.541 -0.681 -0.615 3.197 ...
  .. ..$ NamefileOut: chr "X3_cum/ETA_1_varU.dat"
  .. ..$ SD.u       : num [1:3646] 0.679 0.679 0.679 0.679 0.679 ...
  .. ..$ SD.varU    : num 0.543
  ..$ :List of 15
  .. ..$ V          : num [1:3646, 1:2737] 0.408 0 0 0 0 ...
  .. .. ..- attr(*, "dimnames")=List of 2
  .. .. .. ..$ : chr [1:3646] "2020-21_11.107-5" "2020-21_12.90-53" "2020-21_12.93-4" "2020-21_14.37-103" ...
  .. .. .. ..$ : chr [1:2737] "11.107-5" "12.90-53" "12.93-4" "13.27-142" ...
  .. ..$ d          : Named num [1:2737] 6 1 3 1 1 1 1 1 2 1 ...
  .. .. ..- attr(*, "names")= chr [1:2737] "11.107-5" "12.90-53" "12.93-4" "13.27-142" ...
  .. ..$ model      : chr "RKHS"
  .. ..$ Name       : chr "ETA_2"
  .. ..$ tolD       : num 1e-10
  .. ..$ levelsU    : int 2737
  .. ..$ df0        : num 5
  .. ..$ R2         : num 0.167
  .. ..$ S0         : num 570
  .. ..$ u          : num [1:3646] 6.16 -1.63 4.31 -1.78 1.57 ...
  .. ..$ varU       : num 183
  .. ..$ uStar      : num [1:2737] 15.1 -1.63 7.46 16.3 -1.78 ...
  .. ..$ NamefileOut: chr "X3_cum/ETA_2_varU.dat"
  .. ..$ SD.u       : num [1:3646] 5.63 9.6 6.85 9.55 9.65 ...
  .. ..$ SD.varU    : num 19.7
  ..$ :List of 15
  .. ..$ V          : num [1:3646, 1:576] -0.00189 -0.00645 -0.00703 -0.00832 -0.00916 ...
  .. .. ..- attr(*, "dimnames")=List of 2
  .. .. .. ..$ : chr [1:3646] "2020-21_11.107-5" "2020-21_12.90-53" "2020-21_12.93-4" "2020-21_14.37-103" ...
  .. .. .. ..$ : NULL
  .. ..$ d          : num [1:576] 985 777 402 285 213 ...
  .. ..$ model      : chr "RKHS"
  .. ..$ Name       : chr "ETA_3"
  .. ..$ tolD       : num 1e-10
  .. ..$ levelsU    : int 576
  .. ..$ df0        : num 5
  .. ..$ R2         : num 0.167
  .. ..$ S0         : num 120
  .. ..$ u          : num [1:3646] -9.67 -20.97 -24.39 -22.07 -22.05 ...
  .. ..$ varU       : num 861
  .. ..$ uStar      : num [1:576] 580.5 -138.1 505.1 -131.7 50.4 ...
  .. ..$ NamefileOut: chr "X3_cum/ETA_3_varU.dat"
  .. ..$ SD.u       : num [1:3646] 4.77 4.43 4.75 4.16 4.61 ...
  .. ..$ SD.varU    : num 174
 - attr(*, "class")= chr "BGLR"
NULL
List of 21
 $ y            : num [1:3646] 76.5 118.8 117.3 133.6 54.6 ...
 $ a            : NULL
 $ b            : NULL
 $ whichNa      : int [1:1011] 2636 2637 2638 2639 2640 2641 2642 2643 2644 2645 ...
 $ saveAt       : chr "X8_cum/"
 $ nIter        : num 12000
 $ burnIn       : num 2000
 $ thin         : num 5
 $ weights      : num [1:3646] 1 1 1 1 1 1 1 1 1 1 ...
 $ verbose      : logi FALSE
 $ response_type: chr "gaussian"
 $ df0          : num 5
 $ S0           : num 11387
 $ yHat         : num [1:3646] 145.6 99 145.3 117.7 66.2 ...
 $ SD.yHat      : num [1:3646] 17.7 23.8 20.2 23.8 24.2 ...
 $ mu           : num 132
 $ SD.mu        : num 8.87
 $ varE         : num 1447
 $ SD.varE      : num 94.2
 $ fit          :List of 4
  ..$ logLikAtPostMean: num -12846
  ..$ postMeanLogLik  : num -13324
  ..$ pD              : num 955
  ..$ DIC             : num 27603
 $ ETA          :List of 3
  ..$ :List of 15
  .. ..$ V          : num [1:3646, 1:6] 0 0 0 0 0 0 0 0 0 0 ...
  .. .. ..- attr(*, "dimnames")=List of 2
  .. .. .. ..$ : chr [1:3646] "2020-21_11.107-5" "2020-21_12.90-53" "2020-21_12.93-4" "2020-21_14.37-103" ...
  .. .. .. ..$ : NULL
  .. ..$ d          : num [1:6] 1011 918 450 447 435 ...
  .. ..$ model      : chr "RKHS"
  .. ..$ Name       : chr "ETA_1"
  .. ..$ tolD       : num 1e-10
  .. ..$ levelsU    : int 6
  .. ..$ df0        : num 5
  .. ..$ R2         : num 0.167
  .. ..$ S0         : num 8.64
  .. ..$ u          : num [1:3646] -0.195 -0.195 -0.195 -0.195 -0.195 ...
  .. ..$ varU       : num 3.18
  .. ..$ uStar      : num [1:6] -0.81 1.98 -1.96 -2.85 4.07 ...
  .. ..$ NamefileOut: chr "X8_cum/ETA_1_varU.dat"
  .. ..$ SD.u       : num [1:3646] 1.77 1.77 1.77 1.77 1.77 ...
  .. ..$ SD.varU    : num 5.12
  ..$ :List of 15
  .. ..$ V          : num [1:3646, 1:2737] 0.408 0 0 0 0 ...
  .. .. ..- attr(*, "dimnames")=List of 2
  .. .. .. ..$ : chr [1:3646] "2020-21_11.107-5" "2020-21_12.90-53" "2020-21_12.93-4" "2020-21_14.37-103" ...
  .. .. .. ..$ : chr [1:2737] "11.107-5" "12.90-53" "12.93-4" "13.27-142" ...
  .. ..$ d          : Named num [1:2737] 6 1 3 1 1 1 1 1 2 1 ...
  .. .. ..- attr(*, "names")= chr [1:2737] "11.107-5" "12.90-53" "12.93-4" "13.27-142" ...
  .. ..$ model      : chr "RKHS"
  .. ..$ Name       : chr "ETA_2"
  .. ..$ tolD       : num 1e-10
  .. ..$ levelsU    : int 2737
  .. ..$ df0        : num 5
  .. ..$ R2         : num 0.167
  .. ..$ S0         : num 3943
  .. ..$ u          : num [1:3646] 26.17 12.33 65.3 10 -7.19 ...
  .. ..$ varU       : num 915
  .. ..$ uStar      : num [1:2737] 64.1 12.3 113.1 25 10 ...
  .. ..$ NamefileOut: chr "X8_cum/ETA_2_varU.dat"
  .. ..$ SD.u       : num [1:3646] 15.5 23.4 19 23.6 24.1 ...
  .. ..$ SD.varU    : num 104
  ..$ :List of 15
  .. ..$ V          : num [1:3646, 1:576] -0.00189 -0.00645 -0.00703 -0.00832 -0.00916 ...
  .. .. ..- attr(*, "dimnames")=List of 2
  .. .. .. ..$ : chr [1:3646] "2020-21_11.107-5" "2020-21_12.90-53" "2020-21_12.93-4" "2020-21_14.37-103" ...
  .. .. .. ..$ : NULL
  .. ..$ d          : num [1:576] 985 777 402 285 213 ...
  .. ..$ model      : chr "RKHS"
  .. ..$ Name       : chr "ETA_3"
  .. ..$ tolD       : num 1e-10
  .. ..$ levelsU    : int 576
  .. ..$ df0        : num 5
  .. ..$ R2         : num 0.167
  .. ..$ S0         : num 830
  .. ..$ u          : num [1:3646] -12.7 -45.5 -52.2 -24.4 -58.8 ...
  .. ..$ varU       : num 8184
  .. ..$ uStar      : num [1:576] 1148 131 1097 1254 -604 ...
  .. ..$ NamefileOut: chr "X8_cum/ETA_3_varU.dat"
  .. ..$ SD.u       : num [1:3646] 13.8 13.3 14.2 12.4 13.3 ...
  .. ..$ SD.varU    : num 1457
 - attr(*, "class")= chr "BGLR"
NULL
List of 21
 $ y            : num [1:3646] 4.216 23.801 0.481 30.098 28.348 ...
 $ a            : NULL
 $ b            : NULL
 $ whichNa      : int [1:1011] 2636 2637 2638 2639 2640 2641 2642 2643 2644 2645 ...
 $ saveAt       : chr "X5_cum/"
 $ nIter        : num 12000
 $ burnIn       : num 2000
 $ thin         : num 5
 $ weights      : num [1:3646] 1 1 1 1 1 1 1 1 1 1 ...
 $ verbose      : logi FALSE
 $ response_type: chr "gaussian"
 $ df0          : num 5
 $ S0           : num 3616
 $ yHat         : num [1:3646] 41.5 27.3 17.1 32.8 29.1 ...
 $ SD.yHat      : num [1:3646] 9.89 13.64 11.14 13.53 13.62 ...
 $ mu           : num 55.8
 $ SD.mu        : num 3.7
 $ varE         : num 409
 $ SD.varE      : num 28.8
 $ fit          :List of 4
  ..$ logLikAtPostMean: num -11133
  ..$ postMeanLogLik  : num -11659
  ..$ pD              : num 1053
  ..$ DIC             : num 24371
 $ ETA          :List of 3
  ..$ :List of 15
  .. ..$ V          : num [1:3646, 1:6] 0 0 0 0 0 0 0 0 0 0 ...
  .. .. ..- attr(*, "dimnames")=List of 2
  .. .. .. ..$ : chr [1:3646] "2020-21_11.107-5" "2020-21_12.90-53" "2020-21_12.93-4" "2020-21_14.37-103" ...
  .. .. .. ..$ : NULL
  .. ..$ d          : num [1:6] 1011 918 450 447 435 ...
  .. ..$ model      : chr "RKHS"
  .. ..$ Name       : chr "ETA_1"
  .. ..$ tolD       : num 1e-10
  .. ..$ levelsU    : int 6
  .. ..$ df0        : num 5
  .. ..$ R2         : num 0.167
  .. ..$ S0         : num 2.74
  .. ..$ u          : num [1:3646] -0.166 -0.166 -0.166 -0.166 -0.166 ...
  .. ..$ varU       : num 0.907
  .. ..$ uStar      : num [1:6] -1.822 -6.471 -2.243 0.573 3.461 ...
  .. ..$ NamefileOut: chr "X5_cum/ETA_1_varU.dat"
  .. ..$ SD.u       : num [1:3646] 0.927 0.927 0.927 0.927 0.927 ...
  .. ..$ SD.varU    : num 1.16
  ..$ :List of 15
  .. ..$ V          : num [1:3646, 1:2737] 0.408 0 0 0 0 ...
  .. .. ..- attr(*, "dimnames")=List of 2
  .. .. .. ..$ : chr [1:3646] "2020-21_11.107-5" "2020-21_12.90-53" "2020-21_12.93-4" "2020-21_14.37-103" ...
  .. .. .. ..$ : chr [1:2737] "11.107-5" "12.90-53" "12.93-4" "13.27-142" ...
  .. ..$ d          : Named num [1:2737] 6 1 3 1 1 1 1 1 2 1 ...
  .. .. ..- attr(*, "names")= chr [1:2737] "11.107-5" "12.90-53" "12.93-4" "13.27-142" ...
  .. ..$ model      : chr "RKHS"
  .. ..$ Name       : chr "ETA_2"
  .. ..$ tolD       : num 1e-10
  .. ..$ levelsU    : int 2737
  .. ..$ df0        : num 5
  .. ..$ R2         : num 0.167
  .. ..$ S0         : num 1252
  .. ..$ u          : num [1:3646] 5.72 -3.11 3.18 -1.11 -1.33 ...
  .. ..$ varU       : num 313
  .. ..$ uStar      : num [1:2737] 14.02 -3.11 5.5 20.91 -1.11 ...
  .. ..$ NamefileOut: chr "X5_cum/ETA_2_varU.dat"
  .. ..$ SD.u       : num [1:3646] 8.55 13.55 10.11 13.58 13.39 ...
  .. ..$ SD.varU    : num 36
  ..$ :List of 15
  .. ..$ V          : num [1:3646, 1:576] -0.00189 -0.00645 -0.00703 -0.00832 -0.00916 ...
  .. .. ..- attr(*, "dimnames")=List of 2
  .. .. .. ..$ : chr [1:3646] "2020-21_11.107-5" "2020-21_12.90-53" "2020-21_12.93-4" "2020-21_14.37-103" ...
  .. .. .. ..$ : NULL
  .. ..$ d          : num [1:576] 985 777 402 285 213 ...
  .. ..$ model      : chr "RKHS"
  .. ..$ Name       : chr "ETA_3"
  .. ..$ tolD       : num 1e-10
  .. ..$ levelsU    : int 576
  .. ..$ df0        : num 5
  .. ..$ R2         : num 0.167
  .. ..$ S0         : num 264
  .. ..$ u          : num [1:3646] -19.9 -25.2 -41.7 -21.7 -25.2 ...
  .. ..$ varU       : num 3155
  .. ..$ uStar      : num [1:576] 953 -166 610 244 -126 ...
  .. ..$ NamefileOut: chr "X5_cum/ETA_3_varU.dat"
  .. ..$ SD.u       : num [1:3646] 7.15 6.28 7.28 6.08 6.65 ...
  .. ..$ SD.varU    : num 607
 - attr(*, "class")= chr "BGLR"
NULL
List of 21
 $ y            : num [1:3646] 39.5 64.4 38.3 92.4 32.5 ...
 $ a            : NULL
 $ b            : NULL
 $ whichNa      : int [1:1011] 2636 2637 2638 2639 2640 2641 2642 2643 2644 2645 ...
 $ saveAt       : chr "X7_cum/"
 $ nIter        : num 12000
 $ burnIn       : num 2000
 $ thin         : num 5
 $ weights      : num [1:3646] 1 1 1 1 1 1 1 1 1 1 ...
 $ verbose      : logi FALSE
 $ response_type: chr "gaussian"
 $ df0          : num 5
 $ S0           : num 7275
 $ yHat         : num [1:3646] 93.4 59.1 64.7 79.9 41.4 ...
 $ SD.yHat      : num [1:3646] 14.4 20.2 16.4 19.2 20.5 ...
 $ mu           : num 97.3
 $ SD.mu        : num 6.14
 $ varE         : num 918
 $ SD.varE      : num 60.8
 $ fit          :List of 4
  ..$ logLikAtPostMean: num -12213
  ..$ postMeanLogLik  : num -12722
  ..$ pD              : num 1017
  ..$ DIC             : num 26461
 $ ETA          :List of 3
  ..$ :List of 15
  .. ..$ V          : num [1:3646, 1:6] 0 0 0 0 0 0 0 0 0 0 ...
  .. .. ..- attr(*, "dimnames")=List of 2
  .. .. .. ..$ : chr [1:3646] "2020-21_11.107-5" "2020-21_12.90-53" "2020-21_12.93-4" "2020-21_14.37-103" ...
  .. .. .. ..$ : NULL
  .. ..$ d          : num [1:6] 1011 918 450 447 435 ...
  .. ..$ model      : chr "RKHS"
  .. ..$ Name       : chr "ETA_1"
  .. ..$ tolD       : num 1e-10
  .. ..$ levelsU    : int 6
  .. ..$ df0        : num 5
  .. ..$ R2         : num 0.167
  .. ..$ S0         : num 5.52
  .. ..$ u          : num [1:3646] -0.146 -0.146 -0.146 -0.146 -0.146 ...
  .. ..$ varU       : num 1.88
  .. ..$ uStar      : num [1:6] -0.924 -0.749 -2.821 -1.17 3.052 ...
  .. ..$ NamefileOut: chr "X7_cum/ETA_1_varU.dat"
  .. ..$ SD.u       : num [1:3646] 1.38 1.38 1.38 1.38 1.38 ...
  .. ..$ SD.varU    : num 2.25
  ..$ :List of 15
  .. ..$ V          : num [1:3646, 1:2737] 0.408 0 0 0 0 ...
  .. .. ..- attr(*, "dimnames")=List of 2
  .. .. .. ..$ : chr [1:3646] "2020-21_11.107-5" "2020-21_12.90-53" "2020-21_12.93-4" "2020-21_14.37-103" ...
  .. .. .. ..$ : chr [1:2737] "11.107-5" "12.90-53" "12.93-4" "13.27-142" ...
  .. ..$ d          : Named num [1:2737] 6 1 3 1 1 1 1 1 2 1 ...
  .. .. ..- attr(*, "names")= chr [1:2737] "11.107-5" "12.90-53" "12.93-4" "13.27-142" ...
  .. ..$ model      : chr "RKHS"
  .. ..$ Name       : chr "ETA_2"
  .. ..$ tolD       : num 1e-10
  .. ..$ levelsU    : int 2737
  .. ..$ df0        : num 5
  .. ..$ R2         : num 0.167
  .. ..$ S0         : num 2519
  .. ..$ u          : num [1:3646] 22.63 3.04 26.36 8.74 -7.39 ...
  .. ..$ varU       : num 664
  .. ..$ uStar      : num [1:2737] 55.44 3.04 45.65 29.08 8.74 ...
  .. ..$ NamefileOut: chr "X7_cum/ETA_2_varU.dat"
  .. ..$ SD.u       : num [1:3646] 12.5 20.1 15 19.5 20.5 ...
  .. ..$ SD.varU    : num 74.2
  ..$ :List of 15
  .. ..$ V          : num [1:3646, 1:576] -0.00189 -0.00645 -0.00703 -0.00832 -0.00916 ...
  .. .. ..- attr(*, "dimnames")=List of 2
  .. .. .. ..$ : chr [1:3646] "2020-21_11.107-5" "2020-21_12.90-53" "2020-21_12.93-4" "2020-21_14.37-103" ...
  .. .. .. ..$ : NULL
  .. ..$ d          : num [1:576] 985 777 402 285 213 ...
  .. ..$ model      : chr "RKHS"
  .. ..$ Name       : chr "ETA_3"
  .. ..$ tolD       : num 1e-10
  .. ..$ levelsU    : int 576
  .. ..$ df0        : num 5
  .. ..$ R2         : num 0.167
  .. ..$ S0         : num 530
  .. ..$ u          : num [1:3646] -26.4 -41.1 -58.8 -25.9 -48.3 ...
  .. ..$ varU       : num 5447
  .. ..$ uStar      : num [1:576] 1025.3 -30.7 989.3 684.3 -306.3 ...
  .. ..$ NamefileOut: chr "X7_cum/ETA_3_varU.dat"
  .. ..$ SD.u       : num [1:3646] 10.83 10 11.04 9.36 10.2 ...
  .. ..$ SD.varU    : num 999
 - attr(*, "class")= chr "BGLR"
NULL
List of 21
 $ y            : num [1:3646] 39.5 64.4 38.3 92.4 32.5 ...
 $ a            : NULL
 $ b            : NULL
 $ whichNa      : int [1:1011] 2636 2637 2638 2639 2640 2641 2642 2643 2644 2645 ...
 $ saveAt       : chr "X7_cum/"
 $ nIter        : num 12000
 $ burnIn       : num 2000
 $ thin         : num 5
 $ weights      : num [1:3646] 1 1 1 1 1 1 1 1 1 1 ...
 $ verbose      : logi FALSE
 $ response_type: chr "gaussian"
 $ df0          : num 5
 $ S0           : num 7275
 $ yHat         : num [1:3646] 93.4 59.1 64.7 79.9 41.4 ...
 $ SD.yHat      : num [1:3646] 14.4 20.2 16.4 19.2 20.5 ...
 $ mu           : num 97.3
 $ SD.mu        : num 6.14
 $ varE         : num 918
 $ SD.varE      : num 60.8
 $ fit          :List of 4
  ..$ logLikAtPostMean: num -12213
  ..$ postMeanLogLik  : num -12722
  ..$ pD              : num 1017
  ..$ DIC             : num 26461
 $ ETA          :List of 3
  ..$ :List of 15
  .. ..$ V          : num [1:3646, 1:6] 0 0 0 0 0 0 0 0 0 0 ...
  .. .. ..- attr(*, "dimnames")=List of 2
  .. .. .. ..$ : chr [1:3646] "2020-21_11.107-5" "2020-21_12.90-53" "2020-21_12.93-4" "2020-21_14.37-103" ...
  .. .. .. ..$ : NULL
  .. ..$ d          : num [1:6] 1011 918 450 447 435 ...
  .. ..$ model      : chr "RKHS"
  .. ..$ Name       : chr "ETA_1"
  .. ..$ tolD       : num 1e-10
  .. ..$ levelsU    : int 6
  .. ..$ df0        : num 5
  .. ..$ R2         : num 0.167
  .. ..$ S0         : num 5.52
  .. ..$ u          : num [1:3646] -0.146 -0.146 -0.146 -0.146 -0.146 ...
  .. ..$ varU       : num 1.88
  .. ..$ uStar      : num [1:6] -0.924 -0.749 -2.821 -1.17 3.052 ...
  .. ..$ NamefileOut: chr "X7_cum/ETA_1_varU.dat"
  .. ..$ SD.u       : num [1:3646] 1.38 1.38 1.38 1.38 1.38 ...
  .. ..$ SD.varU    : num 2.25
  ..$ :List of 15
  .. ..$ V          : num [1:3646, 1:2737] 0.408 0 0 0 0 ...
  .. .. ..- attr(*, "dimnames")=List of 2
  .. .. .. ..$ : chr [1:3646] "2020-21_11.107-5" "2020-21_12.90-53" "2020-21_12.93-4" "2020-21_14.37-103" ...
  .. .. .. ..$ : chr [1:2737] "11.107-5" "12.90-53" "12.93-4" "13.27-142" ...
  .. ..$ d          : Named num [1:2737] 6 1 3 1 1 1 1 1 2 1 ...
  .. .. ..- attr(*, "names")= chr [1:2737] "11.107-5" "12.90-53" "12.93-4" "13.27-142" ...
  .. ..$ model      : chr "RKHS"
  .. ..$ Name       : chr "ETA_2"
  .. ..$ tolD       : num 1e-10
  .. ..$ levelsU    : int 2737
  .. ..$ df0        : num 5
  .. ..$ R2         : num 0.167
  .. ..$ S0         : num 2519
  .. ..$ u          : num [1:3646] 22.63 3.04 26.36 8.74 -7.39 ...
  .. ..$ varU       : num 664
  .. ..$ uStar      : num [1:2737] 55.44 3.04 45.65 29.08 8.74 ...
  .. ..$ NamefileOut: chr "X7_cum/ETA_2_varU.dat"
  .. ..$ SD.u       : num [1:3646] 12.5 20.1 15 19.5 20.5 ...
  .. ..$ SD.varU    : num 74.2
  ..$ :List of 15
  .. ..$ V          : num [1:3646, 1:576] -0.00189 -0.00645 -0.00703 -0.00832 -0.00916 ...
  .. .. ..- attr(*, "dimnames")=List of 2
  .. .. .. ..$ : chr [1:3646] "2020-21_11.107-5" "2020-21_12.90-53" "2020-21_12.93-4" "2020-21_14.37-103" ...
  .. .. .. ..$ : NULL
  .. ..$ d          : num [1:576] 985 777 402 285 213 ...
  .. ..$ model      : chr "RKHS"
  .. ..$ Name       : chr "ETA_3"
  .. ..$ tolD       : num 1e-10
  .. ..$ levelsU    : int 576
  .. ..$ df0        : num 5
  .. ..$ R2         : num 0.167
  .. ..$ S0         : num 530
  .. ..$ u          : num [1:3646] -26.4 -41.1 -58.8 -25.9 -48.3 ...
  .. ..$ varU       : num 5447
  .. ..$ uStar      : num [1:576] 1025.3 -30.7 989.3 684.3 -306.3 ...
  .. ..$ NamefileOut: chr "X7_cum/ETA_3_varU.dat"
  .. ..$ SD.u       : num [1:3646] 10.83 10 11.04 9.36 10.2 ...
  .. ..$ SD.varU    : num 999
 - attr(*, "class")= chr "BGLR"
NULL
List of 21
 $ y            : num [1:3646] 39.5 64.4 38.3 92.4 32.5 ...
 $ a            : NULL
 $ b            : NULL
 $ whichNa      : int [1:1011] 2636 2637 2638 2639 2640 2641 2642 2643 2644 2645 ...
 $ saveAt       : chr "X7_cum/"
 $ nIter        : num 12000
 $ burnIn       : num 2000
 $ thin         : num 5
 $ weights      : num [1:3646] 1 1 1 1 1 1 1 1 1 1 ...
 $ verbose      : logi FALSE
 $ response_type: chr "gaussian"
 $ df0          : num 5
 $ S0           : num 7275
 $ yHat         : num [1:3646] 93.4 59.1 64.7 79.9 41.4 ...
 $ SD.yHat      : num [1:3646] 14.4 20.2 16.4 19.2 20.5 ...
 $ mu           : num 97.3
 $ SD.mu        : num 6.14
 $ varE         : num 918
 $ SD.varE      : num 60.8
 $ fit          :List of 4
  ..$ logLikAtPostMean: num -12213
  ..$ postMeanLogLik  : num -12722
  ..$ pD              : num 1017
  ..$ DIC             : num 26461
 $ ETA          :List of 3
  ..$ :List of 15
  .. ..$ V          : num [1:3646, 1:6] 0 0 0 0 0 0 0 0 0 0 ...
  .. .. ..- attr(*, "dimnames")=List of 2
  .. .. .. ..$ : chr [1:3646] "2020-21_11.107-5" "2020-21_12.90-53" "2020-21_12.93-4" "2020-21_14.37-103" ...
  .. .. .. ..$ : NULL
  .. ..$ d          : num [1:6] 1011 918 450 447 435 ...
  .. ..$ model      : chr "RKHS"
  .. ..$ Name       : chr "ETA_1"
  .. ..$ tolD       : num 1e-10
  .. ..$ levelsU    : int 6
  .. ..$ df0        : num 5
  .. ..$ R2         : num 0.167
  .. ..$ S0         : num 5.52
  .. ..$ u          : num [1:3646] -0.146 -0.146 -0.146 -0.146 -0.146 ...
  .. ..$ varU       : num 1.88
  .. ..$ uStar      : num [1:6] -0.924 -0.749 -2.821 -1.17 3.052 ...
  .. ..$ NamefileOut: chr "X7_cum/ETA_1_varU.dat"
  .. ..$ SD.u       : num [1:3646] 1.38 1.38 1.38 1.38 1.38 ...
  .. ..$ SD.varU    : num 2.25
  ..$ :List of 15
  .. ..$ V          : num [1:3646, 1:2737] 0.408 0 0 0 0 ...
  .. .. ..- attr(*, "dimnames")=List of 2
  .. .. .. ..$ : chr [1:3646] "2020-21_11.107-5" "2020-21_12.90-53" "2020-21_12.93-4" "2020-21_14.37-103" ...
  .. .. .. ..$ : chr [1:2737] "11.107-5" "12.90-53" "12.93-4" "13.27-142" ...
  .. ..$ d          : Named num [1:2737] 6 1 3 1 1 1 1 1 2 1 ...
  .. .. ..- attr(*, "names")= chr [1:2737] "11.107-5" "12.90-53" "12.93-4" "13.27-142" ...
  .. ..$ model      : chr "RKHS"
  .. ..$ Name       : chr "ETA_2"
  .. ..$ tolD       : num 1e-10
  .. ..$ levelsU    : int 2737
  .. ..$ df0        : num 5
  .. ..$ R2         : num 0.167
  .. ..$ S0         : num 2519
  .. ..$ u          : num [1:3646] 22.63 3.04 26.36 8.74 -7.39 ...
  .. ..$ varU       : num 664
  .. ..$ uStar      : num [1:2737] 55.44 3.04 45.65 29.08 8.74 ...
  .. ..$ NamefileOut: chr "X7_cum/ETA_2_varU.dat"
  .. ..$ SD.u       : num [1:3646] 12.5 20.1 15 19.5 20.5 ...
  .. ..$ SD.varU    : num 74.2
  ..$ :List of 15
  .. ..$ V          : num [1:3646, 1:576] -0.00189 -0.00645 -0.00703 -0.00832 -0.00916 ...
  .. .. ..- attr(*, "dimnames")=List of 2
  .. .. .. ..$ : chr [1:3646] "2020-21_11.107-5" "2020-21_12.90-53" "2020-21_12.93-4" "2020-21_14.37-103" ...
  .. .. .. ..$ : NULL
  .. ..$ d          : num [1:576] 985 777 402 285 213 ...
  .. ..$ model      : chr "RKHS"
  .. ..$ Name       : chr "ETA_3"
  .. ..$ tolD       : num 1e-10
  .. ..$ levelsU    : int 576
  .. ..$ df0        : num 5
  .. ..$ R2         : num 0.167
  .. ..$ S0         : num 530
  .. ..$ u          : num [1:3646] -26.4 -41.1 -58.8 -25.9 -48.3 ...
  .. ..$ varU       : num 5447
  .. ..$ uStar      : num [1:576] 1025.3 -30.7 989.3 684.3 -306.3 ...
  .. ..$ NamefileOut: chr "X7_cum/ETA_3_varU.dat"
  .. ..$ SD.u       : num [1:3646] 10.83 10 11.04 9.36 10.2 ...
  .. ..$ SD.varU    : num 999
 - attr(*, "class")= chr "BGLR"
NULL
List of 21
 $ y            : num [1:3646] 168.3 157.8 184.1 166.6 78.9 ...
 $ a            : NULL
 $ b            : NULL
 $ whichNa      : int [1:1011] 2636 2637 2638 2639 2640 2641 2642 2643 2644 2645 ...
 $ saveAt       : chr "X9_cum/"
 $ nIter        : num 12000
 $ burnIn       : num 2000
 $ thin         : num 5
 $ weights      : num [1:3646] 1 1 1 1 1 1 1 1 1 1 ...
 $ verbose      : logi FALSE
 $ response_type: chr "gaussian"
 $ df0          : num 5
 $ S0           : num 17979
 $ yHat         : num [1:3646] 211.2 132.6 209.2 151.8 87.4 ...
 $ SD.yHat      : num [1:3646] 20.9 29.3 24.1 28.9 29.2 ...
 $ mu           : num 178
 $ SD.mu        : num 8.09
 $ varE         : num 2045
 $ SD.varE      : num 129
 $ fit          :List of 4
  ..$ logLikAtPostMean: num -13291
  ..$ postMeanLogLik  : num -13779
  ..$ pD              : num 977
  ..$ DIC             : num 28534
 $ ETA          :List of 3
  ..$ :List of 15
  .. ..$ V          : num [1:3646, 1:6] 0 0 0 0 0 0 0 0 0 0 ...
  .. .. ..- attr(*, "dimnames")=List of 2
  .. .. .. ..$ : chr [1:3646] "2020-21_11.107-5" "2020-21_12.90-53" "2020-21_12.93-4" "2020-21_14.37-103" ...
  .. .. .. ..$ : NULL
  .. ..$ d          : num [1:6] 1011 918 450 447 435 ...
  .. ..$ model      : chr "RKHS"
  .. ..$ Name       : chr "ETA_1"
  .. ..$ tolD       : num 1e-10
  .. ..$ levelsU    : int 6
  .. ..$ df0        : num 5
  .. ..$ R2         : num 0.167
  .. ..$ S0         : num 13.6
  .. ..$ u          : num [1:3646] -0.0552 -0.0552 -0.0552 -0.0552 -0.0552 ...
  .. ..$ varU       : num 4.18
  .. ..$ uStar      : num [1:6] -0.339 4.22 -2.774 0.962 1.152 ...
  .. ..$ NamefileOut: chr "X9_cum/ETA_1_varU.dat"
  .. ..$ SD.u       : num [1:3646] 2.06 2.06 2.06 2.06 2.06 ...
  .. ..$ SD.varU    : num 3.68
  ..$ :List of 15
  .. ..$ V          : num [1:3646, 1:2737] 0.408 0 0 0 0 ...
  .. .. ..- attr(*, "dimnames")=List of 2
  .. .. .. ..$ : chr [1:3646] "2020-21_11.107-5" "2020-21_12.90-53" "2020-21_12.93-4" "2020-21_14.37-103" ...
  .. .. .. ..$ : chr [1:2737] "11.107-5" "12.90-53" "12.93-4" "13.27-142" ...
  .. ..$ d          : Named num [1:2737] 6 1 3 1 1 1 1 1 2 1 ...
  .. .. ..- attr(*, "names")= chr [1:2737] "11.107-5" "12.90-53" "12.93-4" "13.27-142" ...
  .. ..$ model      : chr "RKHS"
  .. ..$ Name       : chr "ETA_2"
  .. ..$ tolD       : num 1e-10
  .. ..$ levelsU    : int 2737
  .. ..$ df0        : num 5
  .. ..$ R2         : num 0.167
  .. ..$ S0         : num 6226
  .. ..$ u          : num [1:3646] 43.93 16.32 85.13 10.4 -6.13 ...
  .. ..$ varU       : num 1337
  .. ..$ uStar      : num [1:2737] 107.6 16.3 147.5 22.3 10.4 ...
  .. ..$ NamefileOut: chr "X9_cum/ETA_2_varU.dat"
  .. ..$ SD.u       : num [1:3646] 18.4 28.9 22.5 28.4 28.8 ...
  .. ..$ SD.varU    : num 150
  ..$ :List of 15
  .. ..$ V          : num [1:3646, 1:576] -0.00189 -0.00645 -0.00703 -0.00832 -0.00916 ...
  .. .. ..- attr(*, "dimnames")=List of 2
  .. .. .. ..$ : chr [1:3646] "2020-21_11.107-5" "2020-21_12.90-53" "2020-21_12.93-4" "2020-21_14.37-103" ...
  .. .. .. ..$ : NULL
  .. ..$ d          : num [1:576] 985 777 402 285 213 ...
  .. ..$ model      : chr "RKHS"
  .. ..$ Name       : chr "ETA_3"
  .. ..$ tolD       : num 1e-10
  .. ..$ levelsU    : int 576
  .. ..$ df0        : num 5
  .. ..$ R2         : num 0.167
  .. ..$ S0         : num 1311
  .. ..$ u          : num [1:3646] -10.5 -61.5 -53.8 -36.5 -84.3 ...
  .. ..$ varU       : num 13770
  .. ..$ uStar      : num [1:576] 738 470 1518 2240 -908 ...
  .. ..$ NamefileOut: chr "X9_cum/ETA_3_varU.dat"
  .. ..$ SD.u       : num [1:3646] 15.3 14.1 16 13 14.9 ...
  .. ..$ SD.varU    : num 2383
 - attr(*, "class")= chr "BGLR"
NULL
List of 21
 $ y            : num [1:3646] 4.893 32.395 0.616 30.098 31.883 ...
 $ a            : NULL
 $ b            : NULL
 $ whichNa      : int [1:1011] 2636 2637 2638 2639 2640 2641 2642 2643 2644 2645 ...
 $ saveAt       : chr "X6_cum/"
 $ nIter        : num 12000
 $ burnIn       : num 2000
 $ thin         : num 5
 $ weights      : num [1:3646] 1 1 1 1 1 1 1 1 1 1 ...
 $ verbose      : logi FALSE
 $ response_type: chr "gaussian"
 $ df0          : num 5
 $ S0           : num 5038
 $ yHat         : num [1:3646] 56.9 36.6 33.1 41.1 34.5 ...
 $ SD.yHat      : num [1:3646] 11.6 16.6 13.7 16.5 16.7 ...
 $ mu           : num 74.7
 $ SD.mu        : num 5.18
 $ varE         : num 616
 $ SD.varE      : num 40.2
 $ fit          :List of 4
  ..$ logLikAtPostMean: num -11686
  ..$ postMeanLogLik  : num -12197
  ..$ pD              : num 1021
  ..$ DIC             : num 25415
 $ ETA          :List of 3
  ..$ :List of 15
  .. ..$ V          : num [1:3646, 1:6] 0 0 0 0 0 0 0 0 0 0 ...
  .. .. ..- attr(*, "dimnames")=List of 2
  .. .. .. ..$ : chr [1:3646] "2020-21_11.107-5" "2020-21_12.90-53" "2020-21_12.93-4" "2020-21_14.37-103" ...
  .. .. .. ..$ : NULL
  .. ..$ d          : num [1:6] 1011 918 450 447 435 ...
  .. ..$ model      : chr "RKHS"
  .. ..$ Name       : chr "ETA_1"
  .. ..$ tolD       : num 1e-10
  .. ..$ levelsU    : int 6
  .. ..$ df0        : num 5
  .. ..$ R2         : num 0.167
  .. ..$ S0         : num 3.82
  .. ..$ u          : num [1:3646] -0.197 -0.197 -0.197 -0.197 -0.197 ...
  .. ..$ varU       : num 1.31
  .. ..$ uStar      : num [1:6] 0.0591 -4.367 -4.2251 -0.3213 4.1077 ...
  .. ..$ NamefileOut: chr "X6_cum/ETA_1_varU.dat"
  .. ..$ SD.u       : num [1:3646] 1.15 1.15 1.15 1.15 1.15 ...
  .. ..$ SD.varU    : num 1.35
  ..$ :List of 15
  .. ..$ V          : num [1:3646, 1:2737] 0.408 0 0 0 0 ...
  .. .. ..- attr(*, "dimnames")=List of 2
  .. .. .. ..$ : chr [1:3646] "2020-21_11.107-5" "2020-21_12.90-53" "2020-21_12.93-4" "2020-21_14.37-103" ...
  .. .. .. ..$ : chr [1:2737] "11.107-5" "12.90-53" "12.93-4" "13.27-142" ...
  .. ..$ d          : Named num [1:2737] 6 1 3 1 1 1 1 1 2 1 ...
  .. .. ..- attr(*, "names")= chr [1:2737] "11.107-5" "12.90-53" "12.93-4" "13.27-142" ...
  .. ..$ model      : chr "RKHS"
  .. ..$ Name       : chr "ETA_2"
  .. ..$ tolD       : num 1e-10
  .. ..$ levelsU    : int 2737
  .. ..$ df0        : num 5
  .. ..$ R2         : num 0.167
  .. ..$ S0         : num 1745
  .. ..$ u          : num [1:3646] 9.2 -1.71 8.12 -8.06 -2.28 ...
  .. ..$ varU       : num 448
  .. ..$ uStar      : num [1:2737] 22.55 -1.71 14.07 23.86 -8.06 ...
  .. ..$ NamefileOut: chr "X6_cum/ETA_2_varU.dat"
  .. ..$ SD.u       : num [1:3646] 9.92 16.27 12.79 16.41 16.34 ...
  .. ..$ SD.varU    : num 49.4
  ..$ :List of 15
  .. ..$ V          : num [1:3646, 1:576] -0.00189 -0.00645 -0.00703 -0.00832 -0.00916 ...
  .. .. ..- attr(*, "dimnames")=List of 2
  .. .. .. ..$ : chr [1:3646] "2020-21_11.107-5" "2020-21_12.90-53" "2020-21_12.93-4" "2020-21_14.37-103" ...
  .. .. .. ..$ : NULL
  .. ..$ d          : num [1:576] 985 777 402 285 213 ...
  .. ..$ model      : chr "RKHS"
  .. ..$ Name       : chr "ETA_3"
  .. ..$ tolD       : num 1e-10
  .. ..$ levelsU    : int 576
  .. ..$ df0        : num 5
  .. ..$ R2         : num 0.167
  .. ..$ S0         : num 367
  .. ..$ u          : num [1:3646] -26.9 -36.2 -49.5 -25.4 -37.8 ...
  .. ..$ varU       : num 3799
  .. ..$ uStar      : num [1:576] 983 -137 930 360 -284 ...
  .. ..$ NamefileOut: chr "X6_cum/ETA_3_varU.dat"
  .. ..$ SD.u       : num [1:3646] 8.97 8.18 9.15 7.99 8.4 ...
  .. ..$ SD.varU    : num 740
 - attr(*, "class")= chr "BGLR"
NULL
List of 21
 $ y            : num [1:3646] 4.893 32.395 0.616 30.098 31.883 ...
 $ a            : NULL
 $ b            : NULL
 $ whichNa      : int [1:1011] 2636 2637 2638 2639 2640 2641 2642 2643 2644 2645 ...
 $ saveAt       : chr "X6_cum/"
 $ nIter        : num 12000
 $ burnIn       : num 2000
 $ thin         : num 5
 $ weights      : num [1:3646] 1 1 1 1 1 1 1 1 1 1 ...
 $ verbose      : logi FALSE
 $ response_type: chr "gaussian"
 $ df0          : num 5
 $ S0           : num 5038
 $ yHat         : num [1:3646] 56.9 36.6 33.1 41.1 34.5 ...
 $ SD.yHat      : num [1:3646] 11.6 16.6 13.7 16.5 16.7 ...
 $ mu           : num 74.7
 $ SD.mu        : num 5.18
 $ varE         : num 616
 $ SD.varE      : num 40.2
 $ fit          :List of 4
  ..$ logLikAtPostMean: num -11686
  ..$ postMeanLogLik  : num -12197
  ..$ pD              : num 1021
  ..$ DIC             : num 25415
 $ ETA          :List of 3
  ..$ :List of 15
  .. ..$ V          : num [1:3646, 1:6] 0 0 0 0 0 0 0 0 0 0 ...
  .. .. ..- attr(*, "dimnames")=List of 2
  .. .. .. ..$ : chr [1:3646] "2020-21_11.107-5" "2020-21_12.90-53" "2020-21_12.93-4" "2020-21_14.37-103" ...
  .. .. .. ..$ : NULL
  .. ..$ d          : num [1:6] 1011 918 450 447 435 ...
  .. ..$ model      : chr "RKHS"
  .. ..$ Name       : chr "ETA_1"
  .. ..$ tolD       : num 1e-10
  .. ..$ levelsU    : int 6
  .. ..$ df0        : num 5
  .. ..$ R2         : num 0.167
  .. ..$ S0         : num 3.82
  .. ..$ u          : num [1:3646] -0.197 -0.197 -0.197 -0.197 -0.197 ...
  .. ..$ varU       : num 1.31
  .. ..$ uStar      : num [1:6] 0.0591 -4.367 -4.2251 -0.3213 4.1077 ...
  .. ..$ NamefileOut: chr "X6_cum/ETA_1_varU.dat"
  .. ..$ SD.u       : num [1:3646] 1.15 1.15 1.15 1.15 1.15 ...
  .. ..$ SD.varU    : num 1.35
  ..$ :List of 15
  .. ..$ V          : num [1:3646, 1:2737] 0.408 0 0 0 0 ...
  .. .. ..- attr(*, "dimnames")=List of 2
  .. .. .. ..$ : chr [1:3646] "2020-21_11.107-5" "2020-21_12.90-53" "2020-21_12.93-4" "2020-21_14.37-103" ...
  .. .. .. ..$ : chr [1:2737] "11.107-5" "12.90-53" "12.93-4" "13.27-142" ...
  .. ..$ d          : Named num [1:2737] 6 1 3 1 1 1 1 1 2 1 ...
  .. .. ..- attr(*, "names")= chr [1:2737] "11.107-5" "12.90-53" "12.93-4" "13.27-142" ...
  .. ..$ model      : chr "RKHS"
  .. ..$ Name       : chr "ETA_2"
  .. ..$ tolD       : num 1e-10
  .. ..$ levelsU    : int 2737
  .. ..$ df0        : num 5
  .. ..$ R2         : num 0.167
  .. ..$ S0         : num 1745
  .. ..$ u          : num [1:3646] 9.2 -1.71 8.12 -8.06 -2.28 ...
  .. ..$ varU       : num 448
  .. ..$ uStar      : num [1:2737] 22.55 -1.71 14.07 23.86 -8.06 ...
  .. ..$ NamefileOut: chr "X6_cum/ETA_2_varU.dat"
  .. ..$ SD.u       : num [1:3646] 9.92 16.27 12.79 16.41 16.34 ...
  .. ..$ SD.varU    : num 49.4
  ..$ :List of 15
  .. ..$ V          : num [1:3646, 1:576] -0.00189 -0.00645 -0.00703 -0.00832 -0.00916 ...
  .. .. ..- attr(*, "dimnames")=List of 2
  .. .. .. ..$ : chr [1:3646] "2020-21_11.107-5" "2020-21_12.90-53" "2020-21_12.93-4" "2020-21_14.37-103" ...
  .. .. .. ..$ : NULL
  .. ..$ d          : num [1:576] 985 777 402 285 213 ...
  .. ..$ model      : chr "RKHS"
  .. ..$ Name       : chr "ETA_3"
  .. ..$ tolD       : num 1e-10
  .. ..$ levelsU    : int 576
  .. ..$ df0        : num 5
  .. ..$ R2         : num 0.167
  .. ..$ S0         : num 367
  .. ..$ u          : num [1:3646] -26.9 -36.2 -49.5 -25.4 -37.8 ...
  .. ..$ varU       : num 3799
  .. ..$ uStar      : num [1:576] 983 -137 930 360 -284 ...
  .. ..$ NamefileOut: chr "X6_cum/ETA_3_varU.dat"
  .. ..$ SD.u       : num [1:3646] 8.97 8.18 9.15 7.99 8.4 ...
  .. ..$ SD.varU    : num 740
 - attr(*, "class")= chr "BGLR"
NULL
List of 21
 $ y            : num [1:3646] 4.893 32.395 0.616 30.098 31.883 ...
 $ a            : NULL
 $ b            : NULL
 $ whichNa      : int [1:1011] 2636 2637 2638 2639 2640 2641 2642 2643 2644 2645 ...
 $ saveAt       : chr "X6_cum/"
 $ nIter        : num 12000
 $ burnIn       : num 2000
 $ thin         : num 5
 $ weights      : num [1:3646] 1 1 1 1 1 1 1 1 1 1 ...
 $ verbose      : logi FALSE
 $ response_type: chr "gaussian"
 $ df0          : num 5
 $ S0           : num 5038
 $ yHat         : num [1:3646] 56.9 36.6 33.1 41.1 34.5 ...
 $ SD.yHat      : num [1:3646] 11.6 16.6 13.7 16.5 16.7 ...
 $ mu           : num 74.7
 $ SD.mu        : num 5.18
 $ varE         : num 616
 $ SD.varE      : num 40.2
 $ fit          :List of 4
  ..$ logLikAtPostMean: num -11686
  ..$ postMeanLogLik  : num -12197
  ..$ pD              : num 1021
  ..$ DIC             : num 25415
 $ ETA          :List of 3
  ..$ :List of 15
  .. ..$ V          : num [1:3646, 1:6] 0 0 0 0 0 0 0 0 0 0 ...
  .. .. ..- attr(*, "dimnames")=List of 2
  .. .. .. ..$ : chr [1:3646] "2020-21_11.107-5" "2020-21_12.90-53" "2020-21_12.93-4" "2020-21_14.37-103" ...
  .. .. .. ..$ : NULL
  .. ..$ d          : num [1:6] 1011 918 450 447 435 ...
  .. ..$ model      : chr "RKHS"
  .. ..$ Name       : chr "ETA_1"
  .. ..$ tolD       : num 1e-10
  .. ..$ levelsU    : int 6
  .. ..$ df0        : num 5
  .. ..$ R2         : num 0.167
  .. ..$ S0         : num 3.82
  .. ..$ u          : num [1:3646] -0.197 -0.197 -0.197 -0.197 -0.197 ...
  .. ..$ varU       : num 1.31
  .. ..$ uStar      : num [1:6] 0.0591 -4.367 -4.2251 -0.3213 4.1077 ...
  .. ..$ NamefileOut: chr "X6_cum/ETA_1_varU.dat"
  .. ..$ SD.u       : num [1:3646] 1.15 1.15 1.15 1.15 1.15 ...
  .. ..$ SD.varU    : num 1.35
  ..$ :List of 15
  .. ..$ V          : num [1:3646, 1:2737] 0.408 0 0 0 0 ...
  .. .. ..- attr(*, "dimnames")=List of 2
  .. .. .. ..$ : chr [1:3646] "2020-21_11.107-5" "2020-21_12.90-53" "2020-21_12.93-4" "2020-21_14.37-103" ...
  .. .. .. ..$ : chr [1:2737] "11.107-5" "12.90-53" "12.93-4" "13.27-142" ...
  .. ..$ d          : Named num [1:2737] 6 1 3 1 1 1 1 1 2 1 ...
  .. .. ..- attr(*, "names")= chr [1:2737] "11.107-5" "12.90-53" "12.93-4" "13.27-142" ...
  .. ..$ model      : chr "RKHS"
  .. ..$ Name       : chr "ETA_2"
  .. ..$ tolD       : num 1e-10
  .. ..$ levelsU    : int 2737
  .. ..$ df0        : num 5
  .. ..$ R2         : num 0.167
  .. ..$ S0         : num 1745
  .. ..$ u          : num [1:3646] 9.2 -1.71 8.12 -8.06 -2.28 ...
  .. ..$ varU       : num 448
  .. ..$ uStar      : num [1:2737] 22.55 -1.71 14.07 23.86 -8.06 ...
  .. ..$ NamefileOut: chr "X6_cum/ETA_2_varU.dat"
  .. ..$ SD.u       : num [1:3646] 9.92 16.27 12.79 16.41 16.34 ...
  .. ..$ SD.varU    : num 49.4
  ..$ :List of 15
  .. ..$ V          : num [1:3646, 1:576] -0.00189 -0.00645 -0.00703 -0.00832 -0.00916 ...
  .. .. ..- attr(*, "dimnames")=List of 2
  .. .. .. ..$ : chr [1:3646] "2020-21_11.107-5" "2020-21_12.90-53" "2020-21_12.93-4" "2020-21_14.37-103" ...
  .. .. .. ..$ : NULL
  .. ..$ d          : num [1:576] 985 777 402 285 213 ...
  .. ..$ model      : chr "RKHS"
  .. ..$ Name       : chr "ETA_3"
  .. ..$ tolD       : num 1e-10
  .. ..$ levelsU    : int 576
  .. ..$ df0        : num 5
  .. ..$ R2         : num 0.167
  .. ..$ S0         : num 367
  .. ..$ u          : num [1:3646] -26.9 -36.2 -49.5 -25.4 -37.8 ...
  .. ..$ varU       : num 3799
  .. ..$ uStar      : num [1:576] 983 -137 930 360 -284 ...
  .. ..$ NamefileOut: chr "X6_cum/ETA_3_varU.dat"
  .. ..$ SD.u       : num [1:3646] 8.97 8.18 9.15 7.99 8.4 ...
  .. ..$ SD.varU    : num 740
 - attr(*, "class")= chr "BGLR"
NULL
List of 21
 $ y            : num [1:3646] 168.3 157.8 184.1 166.6 78.9 ...
 $ a            : NULL
 $ b            : NULL
 $ whichNa      : int [1:1011] 2636 2637 2638 2639 2640 2641 2642 2643 2644 2645 ...
 $ saveAt       : chr "X9_cum/"
 $ nIter        : num 12000
 $ burnIn       : num 2000
 $ thin         : num 5
 $ weights      : num [1:3646] 1 1 1 1 1 1 1 1 1 1 ...
 $ verbose      : logi FALSE
 $ response_type: chr "gaussian"
 $ df0          : num 5
 $ S0           : num 17979
 $ yHat         : num [1:3646] 211.2 132.6 209.2 151.8 87.4 ...
 $ SD.yHat      : num [1:3646] 20.9 29.3 24.1 28.9 29.2 ...
 $ mu           : num 178
 $ SD.mu        : num 8.09
 $ varE         : num 2045
 $ SD.varE      : num 129
 $ fit          :List of 4
  ..$ logLikAtPostMean: num -13291
  ..$ postMeanLogLik  : num -13779
  ..$ pD              : num 977
  ..$ DIC             : num 28534
 $ ETA          :List of 3
  ..$ :List of 15
  .. ..$ V          : num [1:3646, 1:6] 0 0 0 0 0 0 0 0 0 0 ...
  .. .. ..- attr(*, "dimnames")=List of 2
  .. .. .. ..$ : chr [1:3646] "2020-21_11.107-5" "2020-21_12.90-53" "2020-21_12.93-4" "2020-21_14.37-103" ...
  .. .. .. ..$ : NULL
  .. ..$ d          : num [1:6] 1011 918 450 447 435 ...
  .. ..$ model      : chr "RKHS"
  .. ..$ Name       : chr "ETA_1"
  .. ..$ tolD       : num 1e-10
  .. ..$ levelsU    : int 6
  .. ..$ df0        : num 5
  .. ..$ R2         : num 0.167
  .. ..$ S0         : num 13.6
  .. ..$ u          : num [1:3646] -0.0552 -0.0552 -0.0552 -0.0552 -0.0552 ...
  .. ..$ varU       : num 4.18
  .. ..$ uStar      : num [1:6] -0.339 4.22 -2.774 0.962 1.152 ...
  .. ..$ NamefileOut: chr "X9_cum/ETA_1_varU.dat"
  .. ..$ SD.u       : num [1:3646] 2.06 2.06 2.06 2.06 2.06 ...
  .. ..$ SD.varU    : num 3.68
  ..$ :List of 15
  .. ..$ V          : num [1:3646, 1:2737] 0.408 0 0 0 0 ...
  .. .. ..- attr(*, "dimnames")=List of 2
  .. .. .. ..$ : chr [1:3646] "2020-21_11.107-5" "2020-21_12.90-53" "2020-21_12.93-4" "2020-21_14.37-103" ...
  .. .. .. ..$ : chr [1:2737] "11.107-5" "12.90-53" "12.93-4" "13.27-142" ...
  .. ..$ d          : Named num [1:2737] 6 1 3 1 1 1 1 1 2 1 ...
  .. .. ..- attr(*, "names")= chr [1:2737] "11.107-5" "12.90-53" "12.93-4" "13.27-142" ...
  .. ..$ model      : chr "RKHS"
  .. ..$ Name       : chr "ETA_2"
  .. ..$ tolD       : num 1e-10
  .. ..$ levelsU    : int 2737
  .. ..$ df0        : num 5
  .. ..$ R2         : num 0.167
  .. ..$ S0         : num 6226
  .. ..$ u          : num [1:3646] 43.93 16.32 85.13 10.4 -6.13 ...
  .. ..$ varU       : num 1337
  .. ..$ uStar      : num [1:2737] 107.6 16.3 147.5 22.3 10.4 ...
  .. ..$ NamefileOut: chr "X9_cum/ETA_2_varU.dat"
  .. ..$ SD.u       : num [1:3646] 18.4 28.9 22.5 28.4 28.8 ...
  .. ..$ SD.varU    : num 150
  ..$ :List of 15
  .. ..$ V          : num [1:3646, 1:576] -0.00189 -0.00645 -0.00703 -0.00832 -0.00916 ...
  .. .. ..- attr(*, "dimnames")=List of 2
  .. .. .. ..$ : chr [1:3646] "2020-21_11.107-5" "2020-21_12.90-53" "2020-21_12.93-4" "2020-21_14.37-103" ...
  .. .. .. ..$ : NULL
  .. ..$ d          : num [1:576] 985 777 402 285 213 ...
  .. ..$ model      : chr "RKHS"
  .. ..$ Name       : chr "ETA_3"
  .. ..$ tolD       : num 1e-10
  .. ..$ levelsU    : int 576
  .. ..$ df0        : num 5
  .. ..$ R2         : num 0.167
  .. ..$ S0         : num 1311
  .. ..$ u          : num [1:3646] -10.5 -61.5 -53.8 -36.5 -84.3 ...
  .. ..$ varU       : num 13770
  .. ..$ uStar      : num [1:576] 738 470 1518 2240 -908 ...
  .. ..$ NamefileOut: chr "X9_cum/ETA_3_varU.dat"
  .. ..$ SD.u       : num [1:3646] 15.3 14.1 16 13 14.9 ...
  .. ..$ SD.varU    : num 2383
 - attr(*, "class")= chr "BGLR"
NULL
List of 21
 $ y            : num [1:3646] 76.5 118.8 117.3 133.6 54.6 ...
 $ a            : NULL
 $ b            : NULL
 $ whichNa      : int [1:1011] 2636 2637 2638 2639 2640 2641 2642 2643 2644 2645 ...
 $ saveAt       : chr "X8_cum/"
 $ nIter        : num 12000
 $ burnIn       : num 2000
 $ thin         : num 5
 $ weights      : num [1:3646] 1 1 1 1 1 1 1 1 1 1 ...
 $ verbose      : logi FALSE
 $ response_type: chr "gaussian"
 $ df0          : num 5
 $ S0           : num 11387
 $ yHat         : num [1:3646] 145.6 99 145.3 117.7 66.2 ...
 $ SD.yHat      : num [1:3646] 17.7 23.8 20.2 23.8 24.2 ...
 $ mu           : num 132
 $ SD.mu        : num 8.87
 $ varE         : num 1447
 $ SD.varE      : num 94.2
 $ fit          :List of 4
  ..$ logLikAtPostMean: num -12846
  ..$ postMeanLogLik  : num -13324
  ..$ pD              : num 955
  ..$ DIC             : num 27603
 $ ETA          :List of 3
  ..$ :List of 15
  .. ..$ V          : num [1:3646, 1:6] 0 0 0 0 0 0 0 0 0 0 ...
  .. .. ..- attr(*, "dimnames")=List of 2
  .. .. .. ..$ : chr [1:3646] "2020-21_11.107-5" "2020-21_12.90-53" "2020-21_12.93-4" "2020-21_14.37-103" ...
  .. .. .. ..$ : NULL
  .. ..$ d          : num [1:6] 1011 918 450 447 435 ...
  .. ..$ model      : chr "RKHS"
  .. ..$ Name       : chr "ETA_1"
  .. ..$ tolD       : num 1e-10
  .. ..$ levelsU    : int 6
  .. ..$ df0        : num 5
  .. ..$ R2         : num 0.167
  .. ..$ S0         : num 8.64
  .. ..$ u          : num [1:3646] -0.195 -0.195 -0.195 -0.195 -0.195 ...
  .. ..$ varU       : num 3.18
  .. ..$ uStar      : num [1:6] -0.81 1.98 -1.96 -2.85 4.07 ...
  .. ..$ NamefileOut: chr "X8_cum/ETA_1_varU.dat"
  .. ..$ SD.u       : num [1:3646] 1.77 1.77 1.77 1.77 1.77 ...
  .. ..$ SD.varU    : num 5.12
  ..$ :List of 15
  .. ..$ V          : num [1:3646, 1:2737] 0.408 0 0 0 0 ...
  .. .. ..- attr(*, "dimnames")=List of 2
  .. .. .. ..$ : chr [1:3646] "2020-21_11.107-5" "2020-21_12.90-53" "2020-21_12.93-4" "2020-21_14.37-103" ...
  .. .. .. ..$ : chr [1:2737] "11.107-5" "12.90-53" "12.93-4" "13.27-142" ...
  .. ..$ d          : Named num [1:2737] 6 1 3 1 1 1 1 1 2 1 ...
  .. .. ..- attr(*, "names")= chr [1:2737] "11.107-5" "12.90-53" "12.93-4" "13.27-142" ...
  .. ..$ model      : chr "RKHS"
  .. ..$ Name       : chr "ETA_2"
  .. ..$ tolD       : num 1e-10
  .. ..$ levelsU    : int 2737
  .. ..$ df0        : num 5
  .. ..$ R2         : num 0.167
  .. ..$ S0         : num 3943
  .. ..$ u          : num [1:3646] 26.17 12.33 65.3 10 -7.19 ...
  .. ..$ varU       : num 915
  .. ..$ uStar      : num [1:2737] 64.1 12.3 113.1 25 10 ...
  .. ..$ NamefileOut: chr "X8_cum/ETA_2_varU.dat"
  .. ..$ SD.u       : num [1:3646] 15.5 23.4 19 23.6 24.1 ...
  .. ..$ SD.varU    : num 104
  ..$ :List of 15
  .. ..$ V          : num [1:3646, 1:576] -0.00189 -0.00645 -0.00703 -0.00832 -0.00916 ...
  .. .. ..- attr(*, "dimnames")=List of 2
  .. .. .. ..$ : chr [1:3646] "2020-21_11.107-5" "2020-21_12.90-53" "2020-21_12.93-4" "2020-21_14.37-103" ...
  .. .. .. ..$ : NULL
  .. ..$ d          : num [1:576] 985 777 402 285 213 ...
  .. ..$ model      : chr "RKHS"
  .. ..$ Name       : chr "ETA_3"
  .. ..$ tolD       : num 1e-10
  .. ..$ levelsU    : int 576
  .. ..$ df0        : num 5
  .. ..$ R2         : num 0.167
  .. ..$ S0         : num 830
  .. ..$ u          : num [1:3646] -12.7 -45.5 -52.2 -24.4 -58.8 ...
  .. ..$ varU       : num 8184
  .. ..$ uStar      : num [1:576] 1148 131 1097 1254 -604 ...
  .. ..$ NamefileOut: chr "X8_cum/ETA_3_varU.dat"
  .. ..$ SD.u       : num [1:3646] 13.8 13.3 14.2 12.4 13.3 ...
  .. ..$ SD.varU    : num 1457
 - attr(*, "class")= chr "BGLR"
NULL
List of 21
 $ y            : num [1:3646] 4.893 32.395 0.616 30.098 31.883 ...
 $ a            : NULL
 $ b            : NULL
 $ whichNa      : int [1:1011] 2636 2637 2638 2639 2640 2641 2642 2643 2644 2645 ...
 $ saveAt       : chr "X6_cum/"
 $ nIter        : num 12000
 $ burnIn       : num 2000
 $ thin         : num 5
 $ weights      : num [1:3646] 1 1 1 1 1 1 1 1 1 1 ...
 $ verbose      : logi FALSE
 $ response_type: chr "gaussian"
 $ df0          : num 5
 $ S0           : num 5038
 $ yHat         : num [1:3646] 56.9 36.6 33.1 41.1 34.5 ...
 $ SD.yHat      : num [1:3646] 11.6 16.6 13.7 16.5 16.7 ...
 $ mu           : num 74.7
 $ SD.mu        : num 5.18
 $ varE         : num 616
 $ SD.varE      : num 40.2
 $ fit          :List of 4
  ..$ logLikAtPostMean: num -11686
  ..$ postMeanLogLik  : num -12197
  ..$ pD              : num 1021
  ..$ DIC             : num 25415
 $ ETA          :List of 3
  ..$ :List of 15
  .. ..$ V          : num [1:3646, 1:6] 0 0 0 0 0 0 0 0 0 0 ...
  .. .. ..- attr(*, "dimnames")=List of 2
  .. .. .. ..$ : chr [1:3646] "2020-21_11.107-5" "2020-21_12.90-53" "2020-21_12.93-4" "2020-21_14.37-103" ...
  .. .. .. ..$ : NULL
  .. ..$ d          : num [1:6] 1011 918 450 447 435 ...
  .. ..$ model      : chr "RKHS"
  .. ..$ Name       : chr "ETA_1"
  .. ..$ tolD       : num 1e-10
  .. ..$ levelsU    : int 6
  .. ..$ df0        : num 5
  .. ..$ R2         : num 0.167
  .. ..$ S0         : num 3.82
  .. ..$ u          : num [1:3646] -0.197 -0.197 -0.197 -0.197 -0.197 ...
  .. ..$ varU       : num 1.31
  .. ..$ uStar      : num [1:6] 0.0591 -4.367 -4.2251 -0.3213 4.1077 ...
  .. ..$ NamefileOut: chr "X6_cum/ETA_1_varU.dat"
  .. ..$ SD.u       : num [1:3646] 1.15 1.15 1.15 1.15 1.15 ...
  .. ..$ SD.varU    : num 1.35
  ..$ :List of 15
  .. ..$ V          : num [1:3646, 1:2737] 0.408 0 0 0 0 ...
  .. .. ..- attr(*, "dimnames")=List of 2
  .. .. .. ..$ : chr [1:3646] "2020-21_11.107-5" "2020-21_12.90-53" "2020-21_12.93-4" "2020-21_14.37-103" ...
  .. .. .. ..$ : chr [1:2737] "11.107-5" "12.90-53" "12.93-4" "13.27-142" ...
  .. ..$ d          : Named num [1:2737] 6 1 3 1 1 1 1 1 2 1 ...
  .. .. ..- attr(*, "names")= chr [1:2737] "11.107-5" "12.90-53" "12.93-4" "13.27-142" ...
  .. ..$ model      : chr "RKHS"
  .. ..$ Name       : chr "ETA_2"
  .. ..$ tolD       : num 1e-10
  .. ..$ levelsU    : int 2737
  .. ..$ df0        : num 5
  .. ..$ R2         : num 0.167
  .. ..$ S0         : num 1745
  .. ..$ u          : num [1:3646] 9.2 -1.71 8.12 -8.06 -2.28 ...
  .. ..$ varU       : num 448
  .. ..$ uStar      : num [1:2737] 22.55 -1.71 14.07 23.86 -8.06 ...
  .. ..$ NamefileOut: chr "X6_cum/ETA_2_varU.dat"
  .. ..$ SD.u       : num [1:3646] 9.92 16.27 12.79 16.41 16.34 ...
  .. ..$ SD.varU    : num 49.4
  ..$ :List of 15
  .. ..$ V          : num [1:3646, 1:576] -0.00189 -0.00645 -0.00703 -0.00832 -0.00916 ...
  .. .. ..- attr(*, "dimnames")=List of 2
  .. .. .. ..$ : chr [1:3646] "2020-21_11.107-5" "2020-21_12.90-53" "2020-21_12.93-4" "2020-21_14.37-103" ...
  .. .. .. ..$ : NULL
  .. ..$ d          : num [1:576] 985 777 402 285 213 ...
  .. ..$ model      : chr "RKHS"
  .. ..$ Name       : chr "ETA_3"
  .. ..$ tolD       : num 1e-10
  .. ..$ levelsU    : int 576
  .. ..$ df0        : num 5
  .. ..$ R2         : num 0.167
  .. ..$ S0         : num 367
  .. ..$ u          : num [1:3646] -26.9 -36.2 -49.5 -25.4 -37.8 ...
  .. ..$ varU       : num 3799
  .. ..$ uStar      : num [1:576] 983 -137 930 360 -284 ...
  .. ..$ NamefileOut: chr "X6_cum/ETA_3_varU.dat"
  .. ..$ SD.u       : num [1:3646] 8.97 8.18 9.15 7.99 8.4 ...
  .. ..$ SD.varU    : num 740
 - attr(*, "class")= chr "BGLR"
NULL
List of 21
 $ y            : num [1:3646] 0.488 17.358 0.481 7.03 16.172 ...
 $ a            : NULL
 $ b            : NULL
 $ whichNa      : int [1:1011] 2636 2637 2638 2639 2640 2641 2642 2643 2644 2645 ...
 $ saveAt       : chr "X4_cum/"
 $ nIter        : num 12000
 $ burnIn       : num 2000
 $ thin         : num 5
 $ weights      : num [1:3646] 1 1 1 1 1 1 1 1 1 1 ...
 $ verbose      : logi FALSE
 $ response_type: chr "gaussian"
 $ df0          : num 5
 $ S0           : num 2535
 $ yHat         : num [1:3646] 31.8 17.5 16 12.6 17.5 ...
 $ SD.yHat      : num [1:3646] 7.9 11.47 9.38 11.13 11.9 ...
 $ mu           : num 42.8
 $ SD.mu        : num 3.02
 $ varE         : num 262
 $ SD.varE      : num 19.1
 $ fit          :List of 4
  ..$ logLikAtPostMean: num -10488
  ..$ postMeanLogLik  : num -11068
  ..$ pD              : num 1158
  ..$ DIC             : num 23293
 $ ETA          :List of 3
  ..$ :List of 15
  .. ..$ V          : num [1:3646, 1:6] 0 0 0 0 0 0 0 0 0 0 ...
  .. .. ..- attr(*, "dimnames")=List of 2
  .. .. .. ..$ : chr [1:3646] "2020-21_11.107-5" "2020-21_12.90-53" "2020-21_12.93-4" "2020-21_14.37-103" ...
  .. .. .. ..$ : NULL
  .. ..$ d          : num [1:6] 1011 918 450 447 435 ...
  .. ..$ model      : chr "RKHS"
  .. ..$ Name       : chr "ETA_1"
  .. ..$ tolD       : num 1e-10
  .. ..$ levelsU    : int 6
  .. ..$ df0        : num 5
  .. ..$ R2         : num 0.167
  .. ..$ S0         : num 1.92
  .. ..$ u          : num [1:3646] -0.264 -0.264 -0.264 -0.264 -0.264 ...
  .. ..$ varU       : num 0.752
  .. ..$ uStar      : num [1:6] -0.333 -6.224 -0.857 0.979 5.507 ...
  .. ..$ NamefileOut: chr "X4_cum/ETA_1_varU.dat"
  .. ..$ SD.u       : num [1:3646] 0.984 0.984 0.984 0.984 0.984 ...
  .. ..$ SD.varU    : num 1.32
  ..$ :List of 15
  .. ..$ V          : num [1:3646, 1:2737] 0.408 0 0 0 0 ...
  .. .. ..- attr(*, "dimnames")=List of 2
  .. .. .. ..$ : chr [1:3646] "2020-21_11.107-5" "2020-21_12.90-53" "2020-21_12.93-4" "2020-21_14.37-103" ...
  .. .. .. ..$ : chr [1:2737] "11.107-5" "12.90-53" "12.93-4" "13.27-142" ...
  .. ..$ d          : Named num [1:2737] 6 1 3 1 1 1 1 1 2 1 ...
  .. .. ..- attr(*, "names")= chr [1:2737] "11.107-5" "12.90-53" "12.93-4" "13.27-142" ...
  .. ..$ model      : chr "RKHS"
  .. ..$ Name       : chr "ETA_2"
  .. ..$ tolD       : num 1e-10
  .. ..$ levelsU    : int 2737
  .. ..$ df0        : num 5
  .. ..$ R2         : num 0.167
  .. ..$ S0         : num 878
  .. ..$ u          : num [1:3646] 3.826 -0.138 7.941 -5.32 -1.123 ...
  .. ..$ varU       : num 253
  .. ..$ uStar      : num [1:2737] 9.371 -0.138 13.754 16.516 -5.32 ...
  .. ..$ NamefileOut: chr "X4_cum/ETA_2_varU.dat"
  .. ..$ SD.u       : num [1:3646] 6.8 11.4 8.7 11.1 12 ...
  .. ..$ SD.varU    : num 25.7
  ..$ :List of 15
  .. ..$ V          : num [1:3646, 1:576] -0.00189 -0.00645 -0.00703 -0.00832 -0.00916 ...
  .. .. ..- attr(*, "dimnames")=List of 2
  .. .. .. ..$ : chr [1:3646] "2020-21_11.107-5" "2020-21_12.90-53" "2020-21_12.93-4" "2020-21_14.37-103" ...
  .. .. .. ..$ : NULL
  .. ..$ d          : num [1:576] 985 777 402 285 213 ...
  .. ..$ model      : chr "RKHS"
  .. ..$ Name       : chr "ETA_3"
  .. ..$ tolD       : num 1e-10
  .. ..$ levelsU    : int 576
  .. ..$ df0        : num 5
  .. ..$ R2         : num 0.167
  .. ..$ S0         : num 185
  .. ..$ u          : num [1:3646] -14.6 -24.9 -34.5 -24.6 -23.9 ...
  .. ..$ varU       : num 1989
  .. ..$ uStar      : num [1:576] 805.98 -165.45 579.61 8.17 -31.2 ...
  .. ..$ NamefileOut: chr "X4_cum/ETA_3_varU.dat"
  .. ..$ SD.u       : num [1:3646] 5.97 5.3 6.07 5.19 5.49 ...
  .. ..$ SD.varU    : num 378
 - attr(*, "class")= chr "BGLR"
NULL
List of 21
 $ y            : num [1:3646] 76.5 118.8 117.3 133.6 54.6 ...
 $ a            : NULL
 $ b            : NULL
 $ whichNa      : int [1:1011] 2636 2637 2638 2639 2640 2641 2642 2643 2644 2645 ...
 $ saveAt       : chr "X8_cum/"
 $ nIter        : num 12000
 $ burnIn       : num 2000
 $ thin         : num 5
 $ weights      : num [1:3646] 1 1 1 1 1 1 1 1 1 1 ...
 $ verbose      : logi FALSE
 $ response_type: chr "gaussian"
 $ df0          : num 5
 $ S0           : num 11387
 $ yHat         : num [1:3646] 145.6 99 145.3 117.7 66.2 ...
 $ SD.yHat      : num [1:3646] 17.7 23.8 20.2 23.8 24.2 ...
 $ mu           : num 132
 $ SD.mu        : num 8.87
 $ varE         : num 1447
 $ SD.varE      : num 94.2
 $ fit          :List of 4
  ..$ logLikAtPostMean: num -12846
  ..$ postMeanLogLik  : num -13324
  ..$ pD              : num 955
  ..$ DIC             : num 27603
 $ ETA          :List of 3
  ..$ :List of 15
  .. ..$ V          : num [1:3646, 1:6] 0 0 0 0 0 0 0 0 0 0 ...
  .. .. ..- attr(*, "dimnames")=List of 2
  .. .. .. ..$ : chr [1:3646] "2020-21_11.107-5" "2020-21_12.90-53" "2020-21_12.93-4" "2020-21_14.37-103" ...
  .. .. .. ..$ : NULL
  .. ..$ d          : num [1:6] 1011 918 450 447 435 ...
  .. ..$ model      : chr "RKHS"
  .. ..$ Name       : chr "ETA_1"
  .. ..$ tolD       : num 1e-10
  .. ..$ levelsU    : int 6
  .. ..$ df0        : num 5
  .. ..$ R2         : num 0.167
  .. ..$ S0         : num 8.64
  .. ..$ u          : num [1:3646] -0.195 -0.195 -0.195 -0.195 -0.195 ...
  .. ..$ varU       : num 3.18
  .. ..$ uStar      : num [1:6] -0.81 1.98 -1.96 -2.85 4.07 ...
  .. ..$ NamefileOut: chr "X8_cum/ETA_1_varU.dat"
  .. ..$ SD.u       : num [1:3646] 1.77 1.77 1.77 1.77 1.77 ...
  .. ..$ SD.varU    : num 5.12
  ..$ :List of 15
  .. ..$ V          : num [1:3646, 1:2737] 0.408 0 0 0 0 ...
  .. .. ..- attr(*, "dimnames")=List of 2
  .. .. .. ..$ : chr [1:3646] "2020-21_11.107-5" "2020-21_12.90-53" "2020-21_12.93-4" "2020-21_14.37-103" ...
  .. .. .. ..$ : chr [1:2737] "11.107-5" "12.90-53" "12.93-4" "13.27-142" ...
  .. ..$ d          : Named num [1:2737] 6 1 3 1 1 1 1 1 2 1 ...
  .. .. ..- attr(*, "names")= chr [1:2737] "11.107-5" "12.90-53" "12.93-4" "13.27-142" ...
  .. ..$ model      : chr "RKHS"
  .. ..$ Name       : chr "ETA_2"
  .. ..$ tolD       : num 1e-10
  .. ..$ levelsU    : int 2737
  .. ..$ df0        : num 5
  .. ..$ R2         : num 0.167
  .. ..$ S0         : num 3943
  .. ..$ u          : num [1:3646] 26.17 12.33 65.3 10 -7.19 ...
  .. ..$ varU       : num 915
  .. ..$ uStar      : num [1:2737] 64.1 12.3 113.1 25 10 ...
  .. ..$ NamefileOut: chr "X8_cum/ETA_2_varU.dat"
  .. ..$ SD.u       : num [1:3646] 15.5 23.4 19 23.6 24.1 ...
  .. ..$ SD.varU    : num 104
  ..$ :List of 15
  .. ..$ V          : num [1:3646, 1:576] -0.00189 -0.00645 -0.00703 -0.00832 -0.00916 ...
  .. .. ..- attr(*, "dimnames")=List of 2
  .. .. .. ..$ : chr [1:3646] "2020-21_11.107-5" "2020-21_12.90-53" "2020-21_12.93-4" "2020-21_14.37-103" ...
  .. .. .. ..$ : NULL
  .. ..$ d          : num [1:576] 985 777 402 285 213 ...
  .. ..$ model      : chr "RKHS"
  .. ..$ Name       : chr "ETA_3"
  .. ..$ tolD       : num 1e-10
  .. ..$ levelsU    : int 576
  .. ..$ df0        : num 5
  .. ..$ R2         : num 0.167
  .. ..$ S0         : num 830
  .. ..$ u          : num [1:3646] -12.7 -45.5 -52.2 -24.4 -58.8 ...
  .. ..$ varU       : num 8184
  .. ..$ uStar      : num [1:576] 1148 131 1097 1254 -604 ...
  .. ..$ NamefileOut: chr "X8_cum/ETA_3_varU.dat"
  .. ..$ SD.u       : num [1:3646] 13.8 13.3 14.2 12.4 13.3 ...
  .. ..$ SD.varU    : num 1457
 - attr(*, "class")= chr "BGLR"
NULL
List of 21
 $ y            : num [1:3646] 76.5 118.8 117.3 133.6 54.6 ...
 $ a            : NULL
 $ b            : NULL
 $ whichNa      : int [1:1011] 2636 2637 2638 2639 2640 2641 2642 2643 2644 2645 ...
 $ saveAt       : chr "X8_cum/"
 $ nIter        : num 12000
 $ burnIn       : num 2000
 $ thin         : num 5
 $ weights      : num [1:3646] 1 1 1 1 1 1 1 1 1 1 ...
 $ verbose      : logi FALSE
 $ response_type: chr "gaussian"
 $ df0          : num 5
 $ S0           : num 11387
 $ yHat         : num [1:3646] 145.6 99 145.3 117.7 66.2 ...
 $ SD.yHat      : num [1:3646] 17.7 23.8 20.2 23.8 24.2 ...
 $ mu           : num 132
 $ SD.mu        : num 8.87
 $ varE         : num 1447
 $ SD.varE      : num 94.2
 $ fit          :List of 4
  ..$ logLikAtPostMean: num -12846
  ..$ postMeanLogLik  : num -13324
  ..$ pD              : num 955
  ..$ DIC             : num 27603
 $ ETA          :List of 3
  ..$ :List of 15
  .. ..$ V          : num [1:3646, 1:6] 0 0 0 0 0 0 0 0 0 0 ...
  .. .. ..- attr(*, "dimnames")=List of 2
  .. .. .. ..$ : chr [1:3646] "2020-21_11.107-5" "2020-21_12.90-53" "2020-21_12.93-4" "2020-21_14.37-103" ...
  .. .. .. ..$ : NULL
  .. ..$ d          : num [1:6] 1011 918 450 447 435 ...
  .. ..$ model      : chr "RKHS"
  .. ..$ Name       : chr "ETA_1"
  .. ..$ tolD       : num 1e-10
  .. ..$ levelsU    : int 6
  .. ..$ df0        : num 5
  .. ..$ R2         : num 0.167
  .. ..$ S0         : num 8.64
  .. ..$ u          : num [1:3646] -0.195 -0.195 -0.195 -0.195 -0.195 ...
  .. ..$ varU       : num 3.18
  .. ..$ uStar      : num [1:6] -0.81 1.98 -1.96 -2.85 4.07 ...
  .. ..$ NamefileOut: chr "X8_cum/ETA_1_varU.dat"
  .. ..$ SD.u       : num [1:3646] 1.77 1.77 1.77 1.77 1.77 ...
  .. ..$ SD.varU    : num 5.12
  ..$ :List of 15
  .. ..$ V          : num [1:3646, 1:2737] 0.408 0 0 0 0 ...
  .. .. ..- attr(*, "dimnames")=List of 2
  .. .. .. ..$ : chr [1:3646] "2020-21_11.107-5" "2020-21_12.90-53" "2020-21_12.93-4" "2020-21_14.37-103" ...
  .. .. .. ..$ : chr [1:2737] "11.107-5" "12.90-53" "12.93-4" "13.27-142" ...
  .. ..$ d          : Named num [1:2737] 6 1 3 1 1 1 1 1 2 1 ...
  .. .. ..- attr(*, "names")= chr [1:2737] "11.107-5" "12.90-53" "12.93-4" "13.27-142" ...
  .. ..$ model      : chr "RKHS"
  .. ..$ Name       : chr "ETA_2"
  .. ..$ tolD       : num 1e-10
  .. ..$ levelsU    : int 2737
  .. ..$ df0        : num 5
  .. ..$ R2         : num 0.167
  .. ..$ S0         : num 3943
  .. ..$ u          : num [1:3646] 26.17 12.33 65.3 10 -7.19 ...
  .. ..$ varU       : num 915
  .. ..$ uStar      : num [1:2737] 64.1 12.3 113.1 25 10 ...
  .. ..$ NamefileOut: chr "X8_cum/ETA_2_varU.dat"
  .. ..$ SD.u       : num [1:3646] 15.5 23.4 19 23.6 24.1 ...
  .. ..$ SD.varU    : num 104
  ..$ :List of 15
  .. ..$ V          : num [1:3646, 1:576] -0.00189 -0.00645 -0.00703 -0.00832 -0.00916 ...
  .. .. ..- attr(*, "dimnames")=List of 2
  .. .. .. ..$ : chr [1:3646] "2020-21_11.107-5" "2020-21_12.90-53" "2020-21_12.93-4" "2020-21_14.37-103" ...
  .. .. .. ..$ : NULL
  .. ..$ d          : num [1:576] 985 777 402 285 213 ...
  .. ..$ model      : chr "RKHS"
  .. ..$ Name       : chr "ETA_3"
  .. ..$ tolD       : num 1e-10
  .. ..$ levelsU    : int 576
  .. ..$ df0        : num 5
  .. ..$ R2         : num 0.167
  .. ..$ S0         : num 830
  .. ..$ u          : num [1:3646] -12.7 -45.5 -52.2 -24.4 -58.8 ...
  .. ..$ varU       : num 8184
  .. ..$ uStar      : num [1:576] 1148 131 1097 1254 -604 ...
  .. ..$ NamefileOut: chr "X8_cum/ETA_3_varU.dat"
  .. ..$ SD.u       : num [1:3646] 13.8 13.3 14.2 12.4 13.3 ...
  .. ..$ SD.varU    : num 1457
 - attr(*, "class")= chr "BGLR"
NULL
List of 21
 $ y            : num [1:3646] 322.8 187 253.3 232.5 79.5 ...
 $ a            : NULL
 $ b            : NULL
 $ whichNa      : int [1:1011] 2636 2637 2638 2639 2640 2641 2642 2643 2644 2645 ...
 $ saveAt       : chr "X10_cum/"
 $ nIter        : num 12000
 $ burnIn       : num 2000
 $ thin         : num 5
 $ weights      : num [1:3646] 1 1 1 1 1 1 1 1 1 1 ...
 $ verbose      : logi FALSE
 $ response_type: chr "gaussian"
 $ df0          : num 5
 $ S0           : num 22738
 $ yHat         : num [1:3646] 281.3 165.5 270.3 193.5 95.7 ...
 $ SD.yHat      : num [1:3646] 24.2 32 27.3 32.5 33.3 ...
 $ mu           : num 229
 $ SD.mu        : num 12.6
 $ varE         : num 2609
 $ SD.varE      : num 164
 $ fit          :List of 4
  ..$ logLikAtPostMean: num -13621
  ..$ postMeanLogLik  : num -14100
  ..$ pD              : num 958
  ..$ DIC             : num 29158
 $ ETA          :List of 3
  ..$ :List of 15
  .. ..$ V          : num [1:3646, 1:6] 0 0 0 0 0 0 0 0 0 0 ...
  .. .. ..- attr(*, "dimnames")=List of 2
  .. .. .. ..$ : chr [1:3646] "2020-21_11.107-5" "2020-21_12.90-53" "2020-21_12.93-4" "2020-21_14.37-103" ...
  .. .. .. ..$ : NULL
  .. ..$ d          : num [1:6] 1011 918 450 447 435 ...
  .. ..$ model      : chr "RKHS"
  .. ..$ Name       : chr "ETA_1"
  .. ..$ tolD       : num 1e-10
  .. ..$ levelsU    : int 6
  .. ..$ df0        : num 5
  .. ..$ R2         : num 0.167
  .. ..$ S0         : num 17.3
  .. ..$ u          : num [1:3646] -0.0746 -0.0746 -0.0746 -0.0746 -0.0746 ...
  .. ..$ varU       : num 6.14
  .. ..$ uStar      : num [1:6] -0.263 13.654 -7.621 -0.633 1.555 ...
  .. ..$ NamefileOut: chr "X10_cum/ETA_1_varU.dat"
  .. ..$ SD.u       : num [1:3646] 2.54 2.54 2.54 2.54 2.54 ...
  .. ..$ SD.varU    : num 6.71
  ..$ :List of 15
  .. ..$ V          : num [1:3646, 1:2737] 0.408 0 0 0 0 ...
  .. .. ..- attr(*, "dimnames")=List of 2
  .. .. .. ..$ : chr [1:3646] "2020-21_11.107-5" "2020-21_12.90-53" "2020-21_12.93-4" "2020-21_14.37-103" ...
  .. .. .. ..$ : chr [1:2737] "11.107-5" "12.90-53" "12.93-4" "13.27-142" ...
  .. ..$ d          : Named num [1:2737] 6 1 3 1 1 1 1 1 2 1 ...
  .. .. ..- attr(*, "names")= chr [1:2737] "11.107-5" "12.90-53" "12.93-4" "13.27-142" ...
  .. ..$ model      : chr "RKHS"
  .. ..$ Name       : chr "ETA_2"
  .. ..$ tolD       : num 1e-10
  .. ..$ levelsU    : int 2737
  .. ..$ df0        : num 5
  .. ..$ R2         : num 0.167
  .. ..$ S0         : num 7874
  .. ..$ u          : num [1:3646] 57.96 13.42 93 23.63 -9.49 ...
  .. ..$ varU       : num 1623
  .. ..$ uStar      : num [1:2737] 141.98 13.42 161.08 7.27 23.63 ...
  .. ..$ NamefileOut: chr "X10_cum/ETA_2_varU.dat"
  .. ..$ SD.u       : num [1:3646] 20.7 31.5 25.6 32 32.2 ...
  .. ..$ SD.varU    : num 185
  ..$ :List of 15
  .. ..$ V          : num [1:3646, 1:576] -0.00189 -0.00645 -0.00703 -0.00832 -0.00916 ...
  .. .. ..- attr(*, "dimnames")=List of 2
  .. .. .. ..$ : chr [1:3646] "2020-21_11.107-5" "2020-21_12.90-53" "2020-21_12.93-4" "2020-21_14.37-103" ...
  .. .. .. ..$ : NULL
  .. ..$ d          : num [1:576] 985 777 402 285 213 ...
  .. ..$ model      : chr "RKHS"
  .. ..$ Name       : chr "ETA_3"
  .. ..$ tolD       : num 1e-10
  .. ..$ levelsU    : int 576
  .. ..$ df0        : num 5
  .. ..$ R2         : num 0.167
  .. ..$ S0         : num 1657
  .. ..$ u          : num [1:3646] -5.73 -76.92 -51.77 -59.15 -123.86 ...
  .. ..$ varU       : num 18719
  .. ..$ uStar      : num [1:576] -538 976 2567 2449 -981 ...
  .. ..$ NamefileOut: chr "X10_cum/ETA_3_varU.dat"
  .. ..$ SD.u       : num [1:3646] 19.6 18.5 20 17.1 19.4 ...
  .. ..$ SD.varU    : num 3396
 - attr(*, "class")= chr "BGLR"
NULL
List of 21
 $ y            : num [1:3646] 39.5 64.4 38.3 92.4 32.5 ...
 $ a            : NULL
 $ b            : NULL
 $ whichNa      : int [1:1011] 2636 2637 2638 2639 2640 2641 2642 2643 2644 2645 ...
 $ saveAt       : chr "X7_cum/"
 $ nIter        : num 12000
 $ burnIn       : num 2000
 $ thin         : num 5
 $ weights      : num [1:3646] 1 1 1 1 1 1 1 1 1 1 ...
 $ verbose      : logi FALSE
 $ response_type: chr "gaussian"
 $ df0          : num 5
 $ S0           : num 7275
 $ yHat         : num [1:3646] 93.4 59.1 64.7 79.9 41.4 ...
 $ SD.yHat      : num [1:3646] 14.4 20.2 16.4 19.2 20.5 ...
 $ mu           : num 97.3
 $ SD.mu        : num 6.14
 $ varE         : num 918
 $ SD.varE      : num 60.8
 $ fit          :List of 4
  ..$ logLikAtPostMean: num -12213
  ..$ postMeanLogLik  : num -12722
  ..$ pD              : num 1017
  ..$ DIC             : num 26461
 $ ETA          :List of 3
  ..$ :List of 15
  .. ..$ V          : num [1:3646, 1:6] 0 0 0 0 0 0 0 0 0 0 ...
  .. .. ..- attr(*, "dimnames")=List of 2
  .. .. .. ..$ : chr [1:3646] "2020-21_11.107-5" "2020-21_12.90-53" "2020-21_12.93-4" "2020-21_14.37-103" ...
  .. .. .. ..$ : NULL
  .. ..$ d          : num [1:6] 1011 918 450 447 435 ...
  .. ..$ model      : chr "RKHS"
  .. ..$ Name       : chr "ETA_1"
  .. ..$ tolD       : num 1e-10
  .. ..$ levelsU    : int 6
  .. ..$ df0        : num 5
  .. ..$ R2         : num 0.167
  .. ..$ S0         : num 5.52
  .. ..$ u          : num [1:3646] -0.146 -0.146 -0.146 -0.146 -0.146 ...
  .. ..$ varU       : num 1.88
  .. ..$ uStar      : num [1:6] -0.924 -0.749 -2.821 -1.17 3.052 ...
  .. ..$ NamefileOut: chr "X7_cum/ETA_1_varU.dat"
  .. ..$ SD.u       : num [1:3646] 1.38 1.38 1.38 1.38 1.38 ...
  .. ..$ SD.varU    : num 2.25
  ..$ :List of 15
  .. ..$ V          : num [1:3646, 1:2737] 0.408 0 0 0 0 ...
  .. .. ..- attr(*, "dimnames")=List of 2
  .. .. .. ..$ : chr [1:3646] "2020-21_11.107-5" "2020-21_12.90-53" "2020-21_12.93-4" "2020-21_14.37-103" ...
  .. .. .. ..$ : chr [1:2737] "11.107-5" "12.90-53" "12.93-4" "13.27-142" ...
  .. ..$ d          : Named num [1:2737] 6 1 3 1 1 1 1 1 2 1 ...
  .. .. ..- attr(*, "names")= chr [1:2737] "11.107-5" "12.90-53" "12.93-4" "13.27-142" ...
  .. ..$ model      : chr "RKHS"
  .. ..$ Name       : chr "ETA_2"
  .. ..$ tolD       : num 1e-10
  .. ..$ levelsU    : int 2737
  .. ..$ df0        : num 5
  .. ..$ R2         : num 0.167
  .. ..$ S0         : num 2519
  .. ..$ u          : num [1:3646] 22.63 3.04 26.36 8.74 -7.39 ...
  .. ..$ varU       : num 664
  .. ..$ uStar      : num [1:2737] 55.44 3.04 45.65 29.08 8.74 ...
  .. ..$ NamefileOut: chr "X7_cum/ETA_2_varU.dat"
  .. ..$ SD.u       : num [1:3646] 12.5 20.1 15 19.5 20.5 ...
  .. ..$ SD.varU    : num 74.2
  ..$ :List of 15
  .. ..$ V          : num [1:3646, 1:576] -0.00189 -0.00645 -0.00703 -0.00832 -0.00916 ...
  .. .. ..- attr(*, "dimnames")=List of 2
  .. .. .. ..$ : chr [1:3646] "2020-21_11.107-5" "2020-21_12.90-53" "2020-21_12.93-4" "2020-21_14.37-103" ...
  .. .. .. ..$ : NULL
  .. ..$ d          : num [1:576] 985 777 402 285 213 ...
  .. ..$ model      : chr "RKHS"
  .. ..$ Name       : chr "ETA_3"
  .. ..$ tolD       : num 1e-10
  .. ..$ levelsU    : int 576
  .. ..$ df0        : num 5
  .. ..$ R2         : num 0.167
  .. ..$ S0         : num 530
  .. ..$ u          : num [1:3646] -26.4 -41.1 -58.8 -25.9 -48.3 ...
  .. ..$ varU       : num 5447
  .. ..$ uStar      : num [1:576] 1025.3 -30.7 989.3 684.3 -306.3 ...
  .. ..$ NamefileOut: chr "X7_cum/ETA_3_varU.dat"
  .. ..$ SD.u       : num [1:3646] 10.83 10 11.04 9.36 10.2 ...
  .. ..$ SD.varU    : num 999
 - attr(*, "class")= chr "BGLR"
NULL
List of 21
 $ y            : num [1:3646] 39.5 64.4 38.3 92.4 32.5 ...
 $ a            : NULL
 $ b            : NULL
 $ whichNa      : int [1:1011] 2636 2637 2638 2639 2640 2641 2642 2643 2644 2645 ...
 $ saveAt       : chr "X7_cum/"
 $ nIter        : num 12000
 $ burnIn       : num 2000
 $ thin         : num 5
 $ weights      : num [1:3646] 1 1 1 1 1 1 1 1 1 1 ...
 $ verbose      : logi FALSE
 $ response_type: chr "gaussian"
 $ df0          : num 5
 $ S0           : num 7275
 $ yHat         : num [1:3646] 93.4 59.1 64.7 79.9 41.4 ...
 $ SD.yHat      : num [1:3646] 14.4 20.2 16.4 19.2 20.5 ...
 $ mu           : num 97.3
 $ SD.mu        : num 6.14
 $ varE         : num 918
 $ SD.varE      : num 60.8
 $ fit          :List of 4
  ..$ logLikAtPostMean: num -12213
  ..$ postMeanLogLik  : num -12722
  ..$ pD              : num 1017
  ..$ DIC             : num 26461
 $ ETA          :List of 3
  ..$ :List of 15
  .. ..$ V          : num [1:3646, 1:6] 0 0 0 0 0 0 0 0 0 0 ...
  .. .. ..- attr(*, "dimnames")=List of 2
  .. .. .. ..$ : chr [1:3646] "2020-21_11.107-5" "2020-21_12.90-53" "2020-21_12.93-4" "2020-21_14.37-103" ...
  .. .. .. ..$ : NULL
  .. ..$ d          : num [1:6] 1011 918 450 447 435 ...
  .. ..$ model      : chr "RKHS"
  .. ..$ Name       : chr "ETA_1"
  .. ..$ tolD       : num 1e-10
  .. ..$ levelsU    : int 6
  .. ..$ df0        : num 5
  .. ..$ R2         : num 0.167
  .. ..$ S0         : num 5.52
  .. ..$ u          : num [1:3646] -0.146 -0.146 -0.146 -0.146 -0.146 ...
  .. ..$ varU       : num 1.88
  .. ..$ uStar      : num [1:6] -0.924 -0.749 -2.821 -1.17 3.052 ...
  .. ..$ NamefileOut: chr "X7_cum/ETA_1_varU.dat"
  .. ..$ SD.u       : num [1:3646] 1.38 1.38 1.38 1.38 1.38 ...
  .. ..$ SD.varU    : num 2.25
  ..$ :List of 15
  .. ..$ V          : num [1:3646, 1:2737] 0.408 0 0 0 0 ...
  .. .. ..- attr(*, "dimnames")=List of 2
  .. .. .. ..$ : chr [1:3646] "2020-21_11.107-5" "2020-21_12.90-53" "2020-21_12.93-4" "2020-21_14.37-103" ...
  .. .. .. ..$ : chr [1:2737] "11.107-5" "12.90-53" "12.93-4" "13.27-142" ...
  .. ..$ d          : Named num [1:2737] 6 1 3 1 1 1 1 1 2 1 ...
  .. .. ..- attr(*, "names")= chr [1:2737] "11.107-5" "12.90-53" "12.93-4" "13.27-142" ...
  .. ..$ model      : chr "RKHS"
  .. ..$ Name       : chr "ETA_2"
  .. ..$ tolD       : num 1e-10
  .. ..$ levelsU    : int 2737
  .. ..$ df0        : num 5
  .. ..$ R2         : num 0.167
  .. ..$ S0         : num 2519
  .. ..$ u          : num [1:3646] 22.63 3.04 26.36 8.74 -7.39 ...
  .. ..$ varU       : num 664
  .. ..$ uStar      : num [1:2737] 55.44 3.04 45.65 29.08 8.74 ...
  .. ..$ NamefileOut: chr "X7_cum/ETA_2_varU.dat"
  .. ..$ SD.u       : num [1:3646] 12.5 20.1 15 19.5 20.5 ...
  .. ..$ SD.varU    : num 74.2
  ..$ :List of 15
  .. ..$ V          : num [1:3646, 1:576] -0.00189 -0.00645 -0.00703 -0.00832 -0.00916 ...
  .. .. ..- attr(*, "dimnames")=List of 2
  .. .. .. ..$ : chr [1:3646] "2020-21_11.107-5" "2020-21_12.90-53" "2020-21_12.93-4" "2020-21_14.37-103" ...
  .. .. .. ..$ : NULL
  .. ..$ d          : num [1:576] 985 777 402 285 213 ...
  .. ..$ model      : chr "RKHS"
  .. ..$ Name       : chr "ETA_3"
  .. ..$ tolD       : num 1e-10
  .. ..$ levelsU    : int 576
  .. ..$ df0        : num 5
  .. ..$ R2         : num 0.167
  .. ..$ S0         : num 530
  .. ..$ u          : num [1:3646] -26.4 -41.1 -58.8 -25.9 -48.3 ...
  .. ..$ varU       : num 5447
  .. ..$ uStar      : num [1:576] 1025.3 -30.7 989.3 684.3 -306.3 ...
  .. ..$ NamefileOut: chr "X7_cum/ETA_3_varU.dat"
  .. ..$ SD.u       : num [1:3646] 10.83 10 11.04 9.36 10.2 ...
  .. ..$ SD.varU    : num 999
 - attr(*, "class")= chr "BGLR"
NULL
List of 21
 $ y            : num [1:3646] 39.5 64.4 38.3 92.4 32.5 ...
 $ a            : NULL
 $ b            : NULL
 $ whichNa      : int [1:1011] 2636 2637 2638 2639 2640 2641 2642 2643 2644 2645 ...
 $ saveAt       : chr "X7_cum/"
 $ nIter        : num 12000
 $ burnIn       : num 2000
 $ thin         : num 5
 $ weights      : num [1:3646] 1 1 1 1 1 1 1 1 1 1 ...
 $ verbose      : logi FALSE
 $ response_type: chr "gaussian"
 $ df0          : num 5
 $ S0           : num 7275
 $ yHat         : num [1:3646] 93.4 59.1 64.7 79.9 41.4 ...
 $ SD.yHat      : num [1:3646] 14.4 20.2 16.4 19.2 20.5 ...
 $ mu           : num 97.3
 $ SD.mu        : num 6.14
 $ varE         : num 918
 $ SD.varE      : num 60.8
 $ fit          :List of 4
  ..$ logLikAtPostMean: num -12213
  ..$ postMeanLogLik  : num -12722
  ..$ pD              : num 1017
  ..$ DIC             : num 26461
 $ ETA          :List of 3
  ..$ :List of 15
  .. ..$ V          : num [1:3646, 1:6] 0 0 0 0 0 0 0 0 0 0 ...
  .. .. ..- attr(*, "dimnames")=List of 2
  .. .. .. ..$ : chr [1:3646] "2020-21_11.107-5" "2020-21_12.90-53" "2020-21_12.93-4" "2020-21_14.37-103" ...
  .. .. .. ..$ : NULL
  .. ..$ d          : num [1:6] 1011 918 450 447 435 ...
  .. ..$ model      : chr "RKHS"
  .. ..$ Name       : chr "ETA_1"
  .. ..$ tolD       : num 1e-10
  .. ..$ levelsU    : int 6
  .. ..$ df0        : num 5
  .. ..$ R2         : num 0.167
  .. ..$ S0         : num 5.52
  .. ..$ u          : num [1:3646] -0.146 -0.146 -0.146 -0.146 -0.146 ...
  .. ..$ varU       : num 1.88
  .. ..$ uStar      : num [1:6] -0.924 -0.749 -2.821 -1.17 3.052 ...
  .. ..$ NamefileOut: chr "X7_cum/ETA_1_varU.dat"
  .. ..$ SD.u       : num [1:3646] 1.38 1.38 1.38 1.38 1.38 ...
  .. ..$ SD.varU    : num 2.25
  ..$ :List of 15
  .. ..$ V          : num [1:3646, 1:2737] 0.408 0 0 0 0 ...
  .. .. ..- attr(*, "dimnames")=List of 2
  .. .. .. ..$ : chr [1:3646] "2020-21_11.107-5" "2020-21_12.90-53" "2020-21_12.93-4" "2020-21_14.37-103" ...
  .. .. .. ..$ : chr [1:2737] "11.107-5" "12.90-53" "12.93-4" "13.27-142" ...
  .. ..$ d          : Named num [1:2737] 6 1 3 1 1 1 1 1 2 1 ...
  .. .. ..- attr(*, "names")= chr [1:2737] "11.107-5" "12.90-53" "12.93-4" "13.27-142" ...
  .. ..$ model      : chr "RKHS"
  .. ..$ Name       : chr "ETA_2"
  .. ..$ tolD       : num 1e-10
  .. ..$ levelsU    : int 2737
  .. ..$ df0        : num 5
  .. ..$ R2         : num 0.167
  .. ..$ S0         : num 2519
  .. ..$ u          : num [1:3646] 22.63 3.04 26.36 8.74 -7.39 ...
  .. ..$ varU       : num 664
  .. ..$ uStar      : num [1:2737] 55.44 3.04 45.65 29.08 8.74 ...
  .. ..$ NamefileOut: chr "X7_cum/ETA_2_varU.dat"
  .. ..$ SD.u       : num [1:3646] 12.5 20.1 15 19.5 20.5 ...
  .. ..$ SD.varU    : num 74.2
  ..$ :List of 15
  .. ..$ V          : num [1:3646, 1:576] -0.00189 -0.00645 -0.00703 -0.00832 -0.00916 ...
  .. .. ..- attr(*, "dimnames")=List of 2
  .. .. .. ..$ : chr [1:3646] "2020-21_11.107-5" "2020-21_12.90-53" "2020-21_12.93-4" "2020-21_14.37-103" ...
  .. .. .. ..$ : NULL
  .. ..$ d          : num [1:576] 985 777 402 285 213 ...
  .. ..$ model      : chr "RKHS"
  .. ..$ Name       : chr "ETA_3"
  .. ..$ tolD       : num 1e-10
  .. ..$ levelsU    : int 576
  .. ..$ df0        : num 5
  .. ..$ R2         : num 0.167
  .. ..$ S0         : num 530
  .. ..$ u          : num [1:3646] -26.4 -41.1 -58.8 -25.9 -48.3 ...
  .. ..$ varU       : num 5447
  .. ..$ uStar      : num [1:576] 1025.3 -30.7 989.3 684.3 -306.3 ...
  .. ..$ NamefileOut: chr "X7_cum/ETA_3_varU.dat"
  .. ..$ SD.u       : num [1:3646] 10.83 10 11.04 9.36 10.2 ...
  .. ..$ SD.varU    : num 999
 - attr(*, "class")= chr "BGLR"
NULL
List of 21
 $ y            : num [1:3646] 322.8 187 253.3 232.5 79.5 ...
 $ a            : NULL
 $ b            : NULL
 $ whichNa      : int [1:1011] 2636 2637 2638 2639 2640 2641 2642 2643 2644 2645 ...
 $ saveAt       : chr "X10_cum/"
 $ nIter        : num 12000
 $ burnIn       : num 2000
 $ thin         : num 5
 $ weights      : num [1:3646] 1 1 1 1 1 1 1 1 1 1 ...
 $ verbose      : logi FALSE
 $ response_type: chr "gaussian"
 $ df0          : num 5
 $ S0           : num 22738
 $ yHat         : num [1:3646] 281.3 165.5 270.3 193.5 95.7 ...
 $ SD.yHat      : num [1:3646] 24.2 32 27.3 32.5 33.3 ...
 $ mu           : num 229
 $ SD.mu        : num 12.6
 $ varE         : num 2609
 $ SD.varE      : num 164
 $ fit          :List of 4
  ..$ logLikAtPostMean: num -13621
  ..$ postMeanLogLik  : num -14100
  ..$ pD              : num 958
  ..$ DIC             : num 29158
 $ ETA          :List of 3
  ..$ :List of 15
  .. ..$ V          : num [1:3646, 1:6] 0 0 0 0 0 0 0 0 0 0 ...
  .. .. ..- attr(*, "dimnames")=List of 2
  .. .. .. ..$ : chr [1:3646] "2020-21_11.107-5" "2020-21_12.90-53" "2020-21_12.93-4" "2020-21_14.37-103" ...
  .. .. .. ..$ : NULL
  .. ..$ d          : num [1:6] 1011 918 450 447 435 ...
  .. ..$ model      : chr "RKHS"
  .. ..$ Name       : chr "ETA_1"
  .. ..$ tolD       : num 1e-10
  .. ..$ levelsU    : int 6
  .. ..$ df0        : num 5
  .. ..$ R2         : num 0.167
  .. ..$ S0         : num 17.3
  .. ..$ u          : num [1:3646] -0.0746 -0.0746 -0.0746 -0.0746 -0.0746 ...
  .. ..$ varU       : num 6.14
  .. ..$ uStar      : num [1:6] -0.263 13.654 -7.621 -0.633 1.555 ...
  .. ..$ NamefileOut: chr "X10_cum/ETA_1_varU.dat"
  .. ..$ SD.u       : num [1:3646] 2.54 2.54 2.54 2.54 2.54 ...
  .. ..$ SD.varU    : num 6.71
  ..$ :List of 15
  .. ..$ V          : num [1:3646, 1:2737] 0.408 0 0 0 0 ...
  .. .. ..- attr(*, "dimnames")=List of 2
  .. .. .. ..$ : chr [1:3646] "2020-21_11.107-5" "2020-21_12.90-53" "2020-21_12.93-4" "2020-21_14.37-103" ...
  .. .. .. ..$ : chr [1:2737] "11.107-5" "12.90-53" "12.93-4" "13.27-142" ...
  .. ..$ d          : Named num [1:2737] 6 1 3 1 1 1 1 1 2 1 ...
  .. .. ..- attr(*, "names")= chr [1:2737] "11.107-5" "12.90-53" "12.93-4" "13.27-142" ...
  .. ..$ model      : chr "RKHS"
  .. ..$ Name       : chr "ETA_2"
  .. ..$ tolD       : num 1e-10
  .. ..$ levelsU    : int 2737
  .. ..$ df0        : num 5
  .. ..$ R2         : num 0.167
  .. ..$ S0         : num 7874
  .. ..$ u          : num [1:3646] 57.96 13.42 93 23.63 -9.49 ...
  .. ..$ varU       : num 1623
  .. ..$ uStar      : num [1:2737] 141.98 13.42 161.08 7.27 23.63 ...
  .. ..$ NamefileOut: chr "X10_cum/ETA_2_varU.dat"
  .. ..$ SD.u       : num [1:3646] 20.7 31.5 25.6 32 32.2 ...
  .. ..$ SD.varU    : num 185
  ..$ :List of 15
  .. ..$ V          : num [1:3646, 1:576] -0.00189 -0.00645 -0.00703 -0.00832 -0.00916 ...
  .. .. ..- attr(*, "dimnames")=List of 2
  .. .. .. ..$ : chr [1:3646] "2020-21_11.107-5" "2020-21_12.90-53" "2020-21_12.93-4" "2020-21_14.37-103" ...
  .. .. .. ..$ : NULL
  .. ..$ d          : num [1:576] 985 777 402 285 213 ...
  .. ..$ model      : chr "RKHS"
  .. ..$ Name       : chr "ETA_3"
  .. ..$ tolD       : num 1e-10
  .. ..$ levelsU    : int 576
  .. ..$ df0        : num 5
  .. ..$ R2         : num 0.167
  .. ..$ S0         : num 1657
  .. ..$ u          : num [1:3646] -5.73 -76.92 -51.77 -59.15 -123.86 ...
  .. ..$ varU       : num 18719
  .. ..$ uStar      : num [1:576] -538 976 2567 2449 -981 ...
  .. ..$ NamefileOut: chr "X10_cum/ETA_3_varU.dat"
  .. ..$ SD.u       : num [1:3646] 19.6 18.5 20 17.1 19.4 ...
  .. ..$ SD.varU    : num 3396
 - attr(*, "class")= chr "BGLR"
NULL
List of 21
 $ y            : num [1:3646] 168.3 157.8 184.1 166.6 78.9 ...
 $ a            : NULL
 $ b            : NULL
 $ whichNa      : int [1:1011] 2636 2637 2638 2639 2640 2641 2642 2643 2644 2645 ...
 $ saveAt       : chr "X9_cum/"
 $ nIter        : num 12000
 $ burnIn       : num 2000
 $ thin         : num 5
 $ weights      : num [1:3646] 1 1 1 1 1 1 1 1 1 1 ...
 $ verbose      : logi FALSE
 $ response_type: chr "gaussian"
 $ df0          : num 5
 $ S0           : num 17979
 $ yHat         : num [1:3646] 211.2 132.6 209.2 151.8 87.4 ...
 $ SD.yHat      : num [1:3646] 20.9 29.3 24.1 28.9 29.2 ...
 $ mu           : num 178
 $ SD.mu        : num 8.09
 $ varE         : num 2045
 $ SD.varE      : num 129
 $ fit          :List of 4
  ..$ logLikAtPostMean: num -13291
  ..$ postMeanLogLik  : num -13779
  ..$ pD              : num 977
  ..$ DIC             : num 28534
 $ ETA          :List of 3
  ..$ :List of 15
  .. ..$ V          : num [1:3646, 1:6] 0 0 0 0 0 0 0 0 0 0 ...
  .. .. ..- attr(*, "dimnames")=List of 2
  .. .. .. ..$ : chr [1:3646] "2020-21_11.107-5" "2020-21_12.90-53" "2020-21_12.93-4" "2020-21_14.37-103" ...
  .. .. .. ..$ : NULL
  .. ..$ d          : num [1:6] 1011 918 450 447 435 ...
  .. ..$ model      : chr "RKHS"
  .. ..$ Name       : chr "ETA_1"
  .. ..$ tolD       : num 1e-10
  .. ..$ levelsU    : int 6
  .. ..$ df0        : num 5
  .. ..$ R2         : num 0.167
  .. ..$ S0         : num 13.6
  .. ..$ u          : num [1:3646] -0.0552 -0.0552 -0.0552 -0.0552 -0.0552 ...
  .. ..$ varU       : num 4.18
  .. ..$ uStar      : num [1:6] -0.339 4.22 -2.774 0.962 1.152 ...
  .. ..$ NamefileOut: chr "X9_cum/ETA_1_varU.dat"
  .. ..$ SD.u       : num [1:3646] 2.06 2.06 2.06 2.06 2.06 ...
  .. ..$ SD.varU    : num 3.68
  ..$ :List of 15
  .. ..$ V          : num [1:3646, 1:2737] 0.408 0 0 0 0 ...
  .. .. ..- attr(*, "dimnames")=List of 2
  .. .. .. ..$ : chr [1:3646] "2020-21_11.107-5" "2020-21_12.90-53" "2020-21_12.93-4" "2020-21_14.37-103" ...
  .. .. .. ..$ : chr [1:2737] "11.107-5" "12.90-53" "12.93-4" "13.27-142" ...
  .. ..$ d          : Named num [1:2737] 6 1 3 1 1 1 1 1 2 1 ...
  .. .. ..- attr(*, "names")= chr [1:2737] "11.107-5" "12.90-53" "12.93-4" "13.27-142" ...
  .. ..$ model      : chr "RKHS"
  .. ..$ Name       : chr "ETA_2"
  .. ..$ tolD       : num 1e-10
  .. ..$ levelsU    : int 2737
  .. ..$ df0        : num 5
  .. ..$ R2         : num 0.167
  .. ..$ S0         : num 6226
  .. ..$ u          : num [1:3646] 43.93 16.32 85.13 10.4 -6.13 ...
  .. ..$ varU       : num 1337
  .. ..$ uStar      : num [1:2737] 107.6 16.3 147.5 22.3 10.4 ...
  .. ..$ NamefileOut: chr "X9_cum/ETA_2_varU.dat"
  .. ..$ SD.u       : num [1:3646] 18.4 28.9 22.5 28.4 28.8 ...
  .. ..$ SD.varU    : num 150
  ..$ :List of 15
  .. ..$ V          : num [1:3646, 1:576] -0.00189 -0.00645 -0.00703 -0.00832 -0.00916 ...
  .. .. ..- attr(*, "dimnames")=List of 2
  .. .. .. ..$ : chr [1:3646] "2020-21_11.107-5" "2020-21_12.90-53" "2020-21_12.93-4" "2020-21_14.37-103" ...
  .. .. .. ..$ : NULL
  .. ..$ d          : num [1:576] 985 777 402 285 213 ...
  .. ..$ model      : chr "RKHS"
  .. ..$ Name       : chr "ETA_3"
  .. ..$ tolD       : num 1e-10
  .. ..$ levelsU    : int 576
  .. ..$ df0        : num 5
  .. ..$ R2         : num 0.167
  .. ..$ S0         : num 1311
  .. ..$ u          : num [1:3646] -10.5 -61.5 -53.8 -36.5 -84.3 ...
  .. ..$ varU       : num 13770
  .. ..$ uStar      : num [1:576] 738 470 1518 2240 -908 ...
  .. ..$ NamefileOut: chr "X9_cum/ETA_3_varU.dat"
  .. ..$ SD.u       : num [1:3646] 15.3 14.1 16 13 14.9 ...
  .. ..$ SD.varU    : num 2383
 - attr(*, "class")= chr "BGLR"
NULL
List of 21
 $ y            : num [1:3646] 39.5 64.4 38.3 92.4 32.5 ...
 $ a            : NULL
 $ b            : NULL
 $ whichNa      : int [1:1011] 2636 2637 2638 2639 2640 2641 2642 2643 2644 2645 ...
 $ saveAt       : chr "X7_cum/"
 $ nIter        : num 12000
 $ burnIn       : num 2000
 $ thin         : num 5
 $ weights      : num [1:3646] 1 1 1 1 1 1 1 1 1 1 ...
 $ verbose      : logi FALSE
 $ response_type: chr "gaussian"
 $ df0          : num 5
 $ S0           : num 7275
 $ yHat         : num [1:3646] 93.4 59.1 64.7 79.9 41.4 ...
 $ SD.yHat      : num [1:3646] 14.4 20.2 16.4 19.2 20.5 ...
 $ mu           : num 97.3
 $ SD.mu        : num 6.14
 $ varE         : num 918
 $ SD.varE      : num 60.8
 $ fit          :List of 4
  ..$ logLikAtPostMean: num -12213
  ..$ postMeanLogLik  : num -12722
  ..$ pD              : num 1017
  ..$ DIC             : num 26461
 $ ETA          :List of 3
  ..$ :List of 15
  .. ..$ V          : num [1:3646, 1:6] 0 0 0 0 0 0 0 0 0 0 ...
  .. .. ..- attr(*, "dimnames")=List of 2
  .. .. .. ..$ : chr [1:3646] "2020-21_11.107-5" "2020-21_12.90-53" "2020-21_12.93-4" "2020-21_14.37-103" ...
  .. .. .. ..$ : NULL
  .. ..$ d          : num [1:6] 1011 918 450 447 435 ...
  .. ..$ model      : chr "RKHS"
  .. ..$ Name       : chr "ETA_1"
  .. ..$ tolD       : num 1e-10
  .. ..$ levelsU    : int 6
  .. ..$ df0        : num 5
  .. ..$ R2         : num 0.167
  .. ..$ S0         : num 5.52
  .. ..$ u          : num [1:3646] -0.146 -0.146 -0.146 -0.146 -0.146 ...
  .. ..$ varU       : num 1.88
  .. ..$ uStar      : num [1:6] -0.924 -0.749 -2.821 -1.17 3.052 ...
  .. ..$ NamefileOut: chr "X7_cum/ETA_1_varU.dat"
  .. ..$ SD.u       : num [1:3646] 1.38 1.38 1.38 1.38 1.38 ...
  .. ..$ SD.varU    : num 2.25
  ..$ :List of 15
  .. ..$ V          : num [1:3646, 1:2737] 0.408 0 0 0 0 ...
  .. .. ..- attr(*, "dimnames")=List of 2
  .. .. .. ..$ : chr [1:3646] "2020-21_11.107-5" "2020-21_12.90-53" "2020-21_12.93-4" "2020-21_14.37-103" ...
  .. .. .. ..$ : chr [1:2737] "11.107-5" "12.90-53" "12.93-4" "13.27-142" ...
  .. ..$ d          : Named num [1:2737] 6 1 3 1 1 1 1 1 2 1 ...
  .. .. ..- attr(*, "names")= chr [1:2737] "11.107-5" "12.90-53" "12.93-4" "13.27-142" ...
  .. ..$ model      : chr "RKHS"
  .. ..$ Name       : chr "ETA_2"
  .. ..$ tolD       : num 1e-10
  .. ..$ levelsU    : int 2737
  .. ..$ df0        : num 5
  .. ..$ R2         : num 0.167
  .. ..$ S0         : num 2519
  .. ..$ u          : num [1:3646] 22.63 3.04 26.36 8.74 -7.39 ...
  .. ..$ varU       : num 664
  .. ..$ uStar      : num [1:2737] 55.44 3.04 45.65 29.08 8.74 ...
  .. ..$ NamefileOut: chr "X7_cum/ETA_2_varU.dat"
  .. ..$ SD.u       : num [1:3646] 12.5 20.1 15 19.5 20.5 ...
  .. ..$ SD.varU    : num 74.2
  ..$ :List of 15
  .. ..$ V          : num [1:3646, 1:576] -0.00189 -0.00645 -0.00703 -0.00832 -0.00916 ...
  .. .. ..- attr(*, "dimnames")=List of 2
  .. .. .. ..$ : chr [1:3646] "2020-21_11.107-5" "2020-21_12.90-53" "2020-21_12.93-4" "2020-21_14.37-103" ...
  .. .. .. ..$ : NULL
  .. ..$ d          : num [1:576] 985 777 402 285 213 ...
  .. ..$ model      : chr "RKHS"
  .. ..$ Name       : chr "ETA_3"
  .. ..$ tolD       : num 1e-10
  .. ..$ levelsU    : int 576
  .. ..$ df0        : num 5
  .. ..$ R2         : num 0.167
  .. ..$ S0         : num 530
  .. ..$ u          : num [1:3646] -26.4 -41.1 -58.8 -25.9 -48.3 ...
  .. ..$ varU       : num 5447
  .. ..$ uStar      : num [1:576] 1025.3 -30.7 989.3 684.3 -306.3 ...
  .. ..$ NamefileOut: chr "X7_cum/ETA_3_varU.dat"
  .. ..$ SD.u       : num [1:3646] 10.83 10 11.04 9.36 10.2 ...
  .. ..$ SD.varU    : num 999
 - attr(*, "class")= chr "BGLR"
NULL
List of 21
 $ y            : num [1:3646] 168.3 157.8 184.1 166.6 78.9 ...
 $ a            : NULL
 $ b            : NULL
 $ whichNa      : int [1:1011] 2636 2637 2638 2639 2640 2641 2642 2643 2644 2645 ...
 $ saveAt       : chr "X9_cum/"
 $ nIter        : num 12000
 $ burnIn       : num 2000
 $ thin         : num 5
 $ weights      : num [1:3646] 1 1 1 1 1 1 1 1 1 1 ...
 $ verbose      : logi FALSE
 $ response_type: chr "gaussian"
 $ df0          : num 5
 $ S0           : num 17979
 $ yHat         : num [1:3646] 211.2 132.6 209.2 151.8 87.4 ...
 $ SD.yHat      : num [1:3646] 20.9 29.3 24.1 28.9 29.2 ...
 $ mu           : num 178
 $ SD.mu        : num 8.09
 $ varE         : num 2045
 $ SD.varE      : num 129
 $ fit          :List of 4
  ..$ logLikAtPostMean: num -13291
  ..$ postMeanLogLik  : num -13779
  ..$ pD              : num 977
  ..$ DIC             : num 28534
 $ ETA          :List of 3
  ..$ :List of 15
  .. ..$ V          : num [1:3646, 1:6] 0 0 0 0 0 0 0 0 0 0 ...
  .. .. ..- attr(*, "dimnames")=List of 2
  .. .. .. ..$ : chr [1:3646] "2020-21_11.107-5" "2020-21_12.90-53" "2020-21_12.93-4" "2020-21_14.37-103" ...
  .. .. .. ..$ : NULL
  .. ..$ d          : num [1:6] 1011 918 450 447 435 ...
  .. ..$ model      : chr "RKHS"
  .. ..$ Name       : chr "ETA_1"
  .. ..$ tolD       : num 1e-10
  .. ..$ levelsU    : int 6
  .. ..$ df0        : num 5
  .. ..$ R2         : num 0.167
  .. ..$ S0         : num 13.6
  .. ..$ u          : num [1:3646] -0.0552 -0.0552 -0.0552 -0.0552 -0.0552 ...
  .. ..$ varU       : num 4.18
  .. ..$ uStar      : num [1:6] -0.339 4.22 -2.774 0.962 1.152 ...
  .. ..$ NamefileOut: chr "X9_cum/ETA_1_varU.dat"
  .. ..$ SD.u       : num [1:3646] 2.06 2.06 2.06 2.06 2.06 ...
  .. ..$ SD.varU    : num 3.68
  ..$ :List of 15
  .. ..$ V          : num [1:3646, 1:2737] 0.408 0 0 0 0 ...
  .. .. ..- attr(*, "dimnames")=List of 2
  .. .. .. ..$ : chr [1:3646] "2020-21_11.107-5" "2020-21_12.90-53" "2020-21_12.93-4" "2020-21_14.37-103" ...
  .. .. .. ..$ : chr [1:2737] "11.107-5" "12.90-53" "12.93-4" "13.27-142" ...
  .. ..$ d          : Named num [1:2737] 6 1 3 1 1 1 1 1 2 1 ...
  .. .. ..- attr(*, "names")= chr [1:2737] "11.107-5" "12.90-53" "12.93-4" "13.27-142" ...
  .. ..$ model      : chr "RKHS"
  .. ..$ Name       : chr "ETA_2"
  .. ..$ tolD       : num 1e-10
  .. ..$ levelsU    : int 2737
  .. ..$ df0        : num 5
  .. ..$ R2         : num 0.167
  .. ..$ S0         : num 6226
  .. ..$ u          : num [1:3646] 43.93 16.32 85.13 10.4 -6.13 ...
  .. ..$ varU       : num 1337
  .. ..$ uStar      : num [1:2737] 107.6 16.3 147.5 22.3 10.4 ...
  .. ..$ NamefileOut: chr "X9_cum/ETA_2_varU.dat"
  .. ..$ SD.u       : num [1:3646] 18.4 28.9 22.5 28.4 28.8 ...
  .. ..$ SD.varU    : num 150
  ..$ :List of 15
  .. ..$ V          : num [1:3646, 1:576] -0.00189 -0.00645 -0.00703 -0.00832 -0.00916 ...
  .. .. ..- attr(*, "dimnames")=List of 2
  .. .. .. ..$ : chr [1:3646] "2020-21_11.107-5" "2020-21_12.90-53" "2020-21_12.93-4" "2020-21_14.37-103" ...
  .. .. .. ..$ : NULL
  .. ..$ d          : num [1:576] 985 777 402 285 213 ...
  .. ..$ model      : chr "RKHS"
  .. ..$ Name       : chr "ETA_3"
  .. ..$ tolD       : num 1e-10
  .. ..$ levelsU    : int 576
  .. ..$ df0        : num 5
  .. ..$ R2         : num 0.167
  .. ..$ S0         : num 1311
  .. ..$ u          : num [1:3646] -10.5 -61.5 -53.8 -36.5 -84.3 ...
  .. ..$ varU       : num 13770
  .. ..$ uStar      : num [1:576] 738 470 1518 2240 -908 ...
  .. ..$ NamefileOut: chr "X9_cum/ETA_3_varU.dat"
  .. ..$ SD.u       : num [1:3646] 15.3 14.1 16 13 14.9 ...
  .. ..$ SD.varU    : num 2383
 - attr(*, "class")= chr "BGLR"
NULL
List of 21
 $ y            : num [1:3646] 168.3 157.8 184.1 166.6 78.9 ...
 $ a            : NULL
 $ b            : NULL
 $ whichNa      : int [1:1011] 2636 2637 2638 2639 2640 2641 2642 2643 2644 2645 ...
 $ saveAt       : chr "X9_cum/"
 $ nIter        : num 12000
 $ burnIn       : num 2000
 $ thin         : num 5
 $ weights      : num [1:3646] 1 1 1 1 1 1 1 1 1 1 ...
 $ verbose      : logi FALSE
 $ response_type: chr "gaussian"
 $ df0          : num 5
 $ S0           : num 17979
 $ yHat         : num [1:3646] 211.2 132.6 209.2 151.8 87.4 ...
 $ SD.yHat      : num [1:3646] 20.9 29.3 24.1 28.9 29.2 ...
 $ mu           : num 178
 $ SD.mu        : num 8.09
 $ varE         : num 2045
 $ SD.varE      : num 129
 $ fit          :List of 4
  ..$ logLikAtPostMean: num -13291
  ..$ postMeanLogLik  : num -13779
  ..$ pD              : num 977
  ..$ DIC             : num 28534
 $ ETA          :List of 3
  ..$ :List of 15
  .. ..$ V          : num [1:3646, 1:6] 0 0 0 0 0 0 0 0 0 0 ...
  .. .. ..- attr(*, "dimnames")=List of 2
  .. .. .. ..$ : chr [1:3646] "2020-21_11.107-5" "2020-21_12.90-53" "2020-21_12.93-4" "2020-21_14.37-103" ...
  .. .. .. ..$ : NULL
  .. ..$ d          : num [1:6] 1011 918 450 447 435 ...
  .. ..$ model      : chr "RKHS"
  .. ..$ Name       : chr "ETA_1"
  .. ..$ tolD       : num 1e-10
  .. ..$ levelsU    : int 6
  .. ..$ df0        : num 5
  .. ..$ R2         : num 0.167
  .. ..$ S0         : num 13.6
  .. ..$ u          : num [1:3646] -0.0552 -0.0552 -0.0552 -0.0552 -0.0552 ...
  .. ..$ varU       : num 4.18
  .. ..$ uStar      : num [1:6] -0.339 4.22 -2.774 0.962 1.152 ...
  .. ..$ NamefileOut: chr "X9_cum/ETA_1_varU.dat"
  .. ..$ SD.u       : num [1:3646] 2.06 2.06 2.06 2.06 2.06 ...
  .. ..$ SD.varU    : num 3.68
  ..$ :List of 15
  .. ..$ V          : num [1:3646, 1:2737] 0.408 0 0 0 0 ...
  .. .. ..- attr(*, "dimnames")=List of 2
  .. .. .. ..$ : chr [1:3646] "2020-21_11.107-5" "2020-21_12.90-53" "2020-21_12.93-4" "2020-21_14.37-103" ...
  .. .. .. ..$ : chr [1:2737] "11.107-5" "12.90-53" "12.93-4" "13.27-142" ...
  .. ..$ d          : Named num [1:2737] 6 1 3 1 1 1 1 1 2 1 ...
  .. .. ..- attr(*, "names")= chr [1:2737] "11.107-5" "12.90-53" "12.93-4" "13.27-142" ...
  .. ..$ model      : chr "RKHS"
  .. ..$ Name       : chr "ETA_2"
  .. ..$ tolD       : num 1e-10
  .. ..$ levelsU    : int 2737
  .. ..$ df0        : num 5
  .. ..$ R2         : num 0.167
  .. ..$ S0         : num 6226
  .. ..$ u          : num [1:3646] 43.93 16.32 85.13 10.4 -6.13 ...
  .. ..$ varU       : num 1337
  .. ..$ uStar      : num [1:2737] 107.6 16.3 147.5 22.3 10.4 ...
  .. ..$ NamefileOut: chr "X9_cum/ETA_2_varU.dat"
  .. ..$ SD.u       : num [1:3646] 18.4 28.9 22.5 28.4 28.8 ...
  .. ..$ SD.varU    : num 150
  ..$ :List of 15
  .. ..$ V          : num [1:3646, 1:576] -0.00189 -0.00645 -0.00703 -0.00832 -0.00916 ...
  .. .. ..- attr(*, "dimnames")=List of 2
  .. .. .. ..$ : chr [1:3646] "2020-21_11.107-5" "2020-21_12.90-53" "2020-21_12.93-4" "2020-21_14.37-103" ...
  .. .. .. ..$ : NULL
  .. ..$ d          : num [1:576] 985 777 402 285 213 ...
  .. ..$ model      : chr "RKHS"
  .. ..$ Name       : chr "ETA_3"
  .. ..$ tolD       : num 1e-10
  .. ..$ levelsU    : int 576
  .. ..$ df0        : num 5
  .. ..$ R2         : num 0.167
  .. ..$ S0         : num 1311
  .. ..$ u          : num [1:3646] -10.5 -61.5 -53.8 -36.5 -84.3 ...
  .. ..$ varU       : num 13770
  .. ..$ uStar      : num [1:576] 738 470 1518 2240 -908 ...
  .. ..$ NamefileOut: chr "X9_cum/ETA_3_varU.dat"
  .. ..$ SD.u       : num [1:3646] 15.3 14.1 16 13 14.9 ...
  .. ..$ SD.varU    : num 2383
 - attr(*, "class")= chr "BGLR"
NULL
List of 21
 $ y            : num [1:3646] 4.216 23.801 0.481 30.098 28.348 ...
 $ a            : NULL
 $ b            : NULL
 $ whichNa      : int [1:1011] 2636 2637 2638 2639 2640 2641 2642 2643 2644 2645 ...
 $ saveAt       : chr "X5_cum/"
 $ nIter        : num 12000
 $ burnIn       : num 2000
 $ thin         : num 5
 $ weights      : num [1:3646] 1 1 1 1 1 1 1 1 1 1 ...
 $ verbose      : logi FALSE
 $ response_type: chr "gaussian"
 $ df0          : num 5
 $ S0           : num 3616
 $ yHat         : num [1:3646] 41.5 27.3 17.1 32.8 29.1 ...
 $ SD.yHat      : num [1:3646] 9.89 13.64 11.14 13.53 13.62 ...
 $ mu           : num 55.8
 $ SD.mu        : num 3.7
 $ varE         : num 409
 $ SD.varE      : num 28.8
 $ fit          :List of 4
  ..$ logLikAtPostMean: num -11133
  ..$ postMeanLogLik  : num -11659
  ..$ pD              : num 1053
  ..$ DIC             : num 24371
 $ ETA          :List of 3
  ..$ :List of 15
  .. ..$ V          : num [1:3646, 1:6] 0 0 0 0 0 0 0 0 0 0 ...
  .. .. ..- attr(*, "dimnames")=List of 2
  .. .. .. ..$ : chr [1:3646] "2020-21_11.107-5" "2020-21_12.90-53" "2020-21_12.93-4" "2020-21_14.37-103" ...
  .. .. .. ..$ : NULL
  .. ..$ d          : num [1:6] 1011 918 450 447 435 ...
  .. ..$ model      : chr "RKHS"
  .. ..$ Name       : chr "ETA_1"
  .. ..$ tolD       : num 1e-10
  .. ..$ levelsU    : int 6
  .. ..$ df0        : num 5
  .. ..$ R2         : num 0.167
  .. ..$ S0         : num 2.74
  .. ..$ u          : num [1:3646] -0.166 -0.166 -0.166 -0.166 -0.166 ...
  .. ..$ varU       : num 0.907
  .. ..$ uStar      : num [1:6] -1.822 -6.471 -2.243 0.573 3.461 ...
  .. ..$ NamefileOut: chr "X5_cum/ETA_1_varU.dat"
  .. ..$ SD.u       : num [1:3646] 0.927 0.927 0.927 0.927 0.927 ...
  .. ..$ SD.varU    : num 1.16
  ..$ :List of 15
  .. ..$ V          : num [1:3646, 1:2737] 0.408 0 0 0 0 ...
  .. .. ..- attr(*, "dimnames")=List of 2
  .. .. .. ..$ : chr [1:3646] "2020-21_11.107-5" "2020-21_12.90-53" "2020-21_12.93-4" "2020-21_14.37-103" ...
  .. .. .. ..$ : chr [1:2737] "11.107-5" "12.90-53" "12.93-4" "13.27-142" ...
  .. ..$ d          : Named num [1:2737] 6 1 3 1 1 1 1 1 2 1 ...
  .. .. ..- attr(*, "names")= chr [1:2737] "11.107-5" "12.90-53" "12.93-4" "13.27-142" ...
  .. ..$ model      : chr "RKHS"
  .. ..$ Name       : chr "ETA_2"
  .. ..$ tolD       : num 1e-10
  .. ..$ levelsU    : int 2737
  .. ..$ df0        : num 5
  .. ..$ R2         : num 0.167
  .. ..$ S0         : num 1252
  .. ..$ u          : num [1:3646] 5.72 -3.11 3.18 -1.11 -1.33 ...
  .. ..$ varU       : num 313
  .. ..$ uStar      : num [1:2737] 14.02 -3.11 5.5 20.91 -1.11 ...
  .. ..$ NamefileOut: chr "X5_cum/ETA_2_varU.dat"
  .. ..$ SD.u       : num [1:3646] 8.55 13.55 10.11 13.58 13.39 ...
  .. ..$ SD.varU    : num 36
  ..$ :List of 15
  .. ..$ V          : num [1:3646, 1:576] -0.00189 -0.00645 -0.00703 -0.00832 -0.00916 ...
  .. .. ..- attr(*, "dimnames")=List of 2
  .. .. .. ..$ : chr [1:3646] "2020-21_11.107-5" "2020-21_12.90-53" "2020-21_12.93-4" "2020-21_14.37-103" ...
  .. .. .. ..$ : NULL
  .. ..$ d          : num [1:576] 985 777 402 285 213 ...
  .. ..$ model      : chr "RKHS"
  .. ..$ Name       : chr "ETA_3"
  .. ..$ tolD       : num 1e-10
  .. ..$ levelsU    : int 576
  .. ..$ df0        : num 5
  .. ..$ R2         : num 0.167
  .. ..$ S0         : num 264
  .. ..$ u          : num [1:3646] -19.9 -25.2 -41.7 -21.7 -25.2 ...
  .. ..$ varU       : num 3155
  .. ..$ uStar      : num [1:576] 953 -166 610 244 -126 ...
  .. ..$ NamefileOut: chr "X5_cum/ETA_3_varU.dat"
  .. ..$ SD.u       : num [1:3646] 7.15 6.28 7.28 6.08 6.65 ...
  .. ..$ SD.varU    : num 607
 - attr(*, "class")= chr "BGLR"
NULL
List of 21
 $ y            : num [1:3646] 76.5 118.8 117.3 133.6 54.6 ...
 $ a            : NULL
 $ b            : NULL
 $ whichNa      : int [1:1011] 2636 2637 2638 2639 2640 2641 2642 2643 2644 2645 ...
 $ saveAt       : chr "X8_cum/"
 $ nIter        : num 12000
 $ burnIn       : num 2000
 $ thin         : num 5
 $ weights      : num [1:3646] 1 1 1 1 1 1 1 1 1 1 ...
 $ verbose      : logi FALSE
 $ response_type: chr "gaussian"
 $ df0          : num 5
 $ S0           : num 11387
 $ yHat         : num [1:3646] 145.6 99 145.3 117.7 66.2 ...
 $ SD.yHat      : num [1:3646] 17.7 23.8 20.2 23.8 24.2 ...
 $ mu           : num 132
 $ SD.mu        : num 8.87
 $ varE         : num 1447
 $ SD.varE      : num 94.2
 $ fit          :List of 4
  ..$ logLikAtPostMean: num -12846
  ..$ postMeanLogLik  : num -13324
  ..$ pD              : num 955
  ..$ DIC             : num 27603
 $ ETA          :List of 3
  ..$ :List of 15
  .. ..$ V          : num [1:3646, 1:6] 0 0 0 0 0 0 0 0 0 0 ...
  .. .. ..- attr(*, "dimnames")=List of 2
  .. .. .. ..$ : chr [1:3646] "2020-21_11.107-5" "2020-21_12.90-53" "2020-21_12.93-4" "2020-21_14.37-103" ...
  .. .. .. ..$ : NULL
  .. ..$ d          : num [1:6] 1011 918 450 447 435 ...
  .. ..$ model      : chr "RKHS"
  .. ..$ Name       : chr "ETA_1"
  .. ..$ tolD       : num 1e-10
  .. ..$ levelsU    : int 6
  .. ..$ df0        : num 5
  .. ..$ R2         : num 0.167
  .. ..$ S0         : num 8.64
  .. ..$ u          : num [1:3646] -0.195 -0.195 -0.195 -0.195 -0.195 ...
  .. ..$ varU       : num 3.18
  .. ..$ uStar      : num [1:6] -0.81 1.98 -1.96 -2.85 4.07 ...
  .. ..$ NamefileOut: chr "X8_cum/ETA_1_varU.dat"
  .. ..$ SD.u       : num [1:3646] 1.77 1.77 1.77 1.77 1.77 ...
  .. ..$ SD.varU    : num 5.12
  ..$ :List of 15
  .. ..$ V          : num [1:3646, 1:2737] 0.408 0 0 0 0 ...
  .. .. ..- attr(*, "dimnames")=List of 2
  .. .. .. ..$ : chr [1:3646] "2020-21_11.107-5" "2020-21_12.90-53" "2020-21_12.93-4" "2020-21_14.37-103" ...
  .. .. .. ..$ : chr [1:2737] "11.107-5" "12.90-53" "12.93-4" "13.27-142" ...
  .. ..$ d          : Named num [1:2737] 6 1 3 1 1 1 1 1 2 1 ...
  .. .. ..- attr(*, "names")= chr [1:2737] "11.107-5" "12.90-53" "12.93-4" "13.27-142" ...
  .. ..$ model      : chr "RKHS"
  .. ..$ Name       : chr "ETA_2"
  .. ..$ tolD       : num 1e-10
  .. ..$ levelsU    : int 2737
  .. ..$ df0        : num 5
  .. ..$ R2         : num 0.167
  .. ..$ S0         : num 3943
  .. ..$ u          : num [1:3646] 26.17 12.33 65.3 10 -7.19 ...
  .. ..$ varU       : num 915
  .. ..$ uStar      : num [1:2737] 64.1 12.3 113.1 25 10 ...
  .. ..$ NamefileOut: chr "X8_cum/ETA_2_varU.dat"
  .. ..$ SD.u       : num [1:3646] 15.5 23.4 19 23.6 24.1 ...
  .. ..$ SD.varU    : num 104
  ..$ :List of 15
  .. ..$ V          : num [1:3646, 1:576] -0.00189 -0.00645 -0.00703 -0.00832 -0.00916 ...
  .. .. ..- attr(*, "dimnames")=List of 2
  .. .. .. ..$ : chr [1:3646] "2020-21_11.107-5" "2020-21_12.90-53" "2020-21_12.93-4" "2020-21_14.37-103" ...
  .. .. .. ..$ : NULL
  .. ..$ d          : num [1:576] 985 777 402 285 213 ...
  .. ..$ model      : chr "RKHS"
  .. ..$ Name       : chr "ETA_3"
  .. ..$ tolD       : num 1e-10
  .. ..$ levelsU    : int 576
  .. ..$ df0        : num 5
  .. ..$ R2         : num 0.167
  .. ..$ S0         : num 830
  .. ..$ u          : num [1:3646] -12.7 -45.5 -52.2 -24.4 -58.8 ...
  .. ..$ varU       : num 8184
  .. ..$ uStar      : num [1:576] 1148 131 1097 1254 -604 ...
  .. ..$ NamefileOut: chr "X8_cum/ETA_3_varU.dat"
  .. ..$ SD.u       : num [1:3646] 13.8 13.3 14.2 12.4 13.3 ...
  .. ..$ SD.varU    : num 1457
 - attr(*, "class")= chr "BGLR"
NULL
List of 21
 $ y            : num [1:3646] 76.5 118.8 117.3 133.6 54.6 ...
 $ a            : NULL
 $ b            : NULL
 $ whichNa      : int [1:1011] 2636 2637 2638 2639 2640 2641 2642 2643 2644 2645 ...
 $ saveAt       : chr "X8_cum/"
 $ nIter        : num 12000
 $ burnIn       : num 2000
 $ thin         : num 5
 $ weights      : num [1:3646] 1 1 1 1 1 1 1 1 1 1 ...
 $ verbose      : logi FALSE
 $ response_type: chr "gaussian"
 $ df0          : num 5
 $ S0           : num 11387
 $ yHat         : num [1:3646] 145.6 99 145.3 117.7 66.2 ...
 $ SD.yHat      : num [1:3646] 17.7 23.8 20.2 23.8 24.2 ...
 $ mu           : num 132
 $ SD.mu        : num 8.87
 $ varE         : num 1447
 $ SD.varE      : num 94.2
 $ fit          :List of 4
  ..$ logLikAtPostMean: num -12846
  ..$ postMeanLogLik  : num -13324
  ..$ pD              : num 955
  ..$ DIC             : num 27603
 $ ETA          :List of 3
  ..$ :List of 15
  .. ..$ V          : num [1:3646, 1:6] 0 0 0 0 0 0 0 0 0 0 ...
  .. .. ..- attr(*, "dimnames")=List of 2
  .. .. .. ..$ : chr [1:3646] "2020-21_11.107-5" "2020-21_12.90-53" "2020-21_12.93-4" "2020-21_14.37-103" ...
  .. .. .. ..$ : NULL
  .. ..$ d          : num [1:6] 1011 918 450 447 435 ...
  .. ..$ model      : chr "RKHS"
  .. ..$ Name       : chr "ETA_1"
  .. ..$ tolD       : num 1e-10
  .. ..$ levelsU    : int 6
  .. ..$ df0        : num 5
  .. ..$ R2         : num 0.167
  .. ..$ S0         : num 8.64
  .. ..$ u          : num [1:3646] -0.195 -0.195 -0.195 -0.195 -0.195 ...
  .. ..$ varU       : num 3.18
  .. ..$ uStar      : num [1:6] -0.81 1.98 -1.96 -2.85 4.07 ...
  .. ..$ NamefileOut: chr "X8_cum/ETA_1_varU.dat"
  .. ..$ SD.u       : num [1:3646] 1.77 1.77 1.77 1.77 1.77 ...
  .. ..$ SD.varU    : num 5.12
  ..$ :List of 15
  .. ..$ V          : num [1:3646, 1:2737] 0.408 0 0 0 0 ...
  .. .. ..- attr(*, "dimnames")=List of 2
  .. .. .. ..$ : chr [1:3646] "2020-21_11.107-5" "2020-21_12.90-53" "2020-21_12.93-4" "2020-21_14.37-103" ...
  .. .. .. ..$ : chr [1:2737] "11.107-5" "12.90-53" "12.93-4" "13.27-142" ...
  .. ..$ d          : Named num [1:2737] 6 1 3 1 1 1 1 1 2 1 ...
  .. .. ..- attr(*, "names")= chr [1:2737] "11.107-5" "12.90-53" "12.93-4" "13.27-142" ...
  .. ..$ model      : chr "RKHS"
  .. ..$ Name       : chr "ETA_2"
  .. ..$ tolD       : num 1e-10
  .. ..$ levelsU    : int 2737
  .. ..$ df0        : num 5
  .. ..$ R2         : num 0.167
  .. ..$ S0         : num 3943
  .. ..$ u          : num [1:3646] 26.17 12.33 65.3 10 -7.19 ...
  .. ..$ varU       : num 915
  .. ..$ uStar      : num [1:2737] 64.1 12.3 113.1 25 10 ...
  .. ..$ NamefileOut: chr "X8_cum/ETA_2_varU.dat"
  .. ..$ SD.u       : num [1:3646] 15.5 23.4 19 23.6 24.1 ...
  .. ..$ SD.varU    : num 104
  ..$ :List of 15
  .. ..$ V          : num [1:3646, 1:576] -0.00189 -0.00645 -0.00703 -0.00832 -0.00916 ...
  .. .. ..- attr(*, "dimnames")=List of 2
  .. .. .. ..$ : chr [1:3646] "2020-21_11.107-5" "2020-21_12.90-53" "2020-21_12.93-4" "2020-21_14.37-103" ...
  .. .. .. ..$ : NULL
  .. ..$ d          : num [1:576] 985 777 402 285 213 ...
  .. ..$ model      : chr "RKHS"
  .. ..$ Name       : chr "ETA_3"
  .. ..$ tolD       : num 1e-10
  .. ..$ levelsU    : int 576
  .. ..$ df0        : num 5
  .. ..$ R2         : num 0.167
  .. ..$ S0         : num 830
  .. ..$ u          : num [1:3646] -12.7 -45.5 -52.2 -24.4 -58.8 ...
  .. ..$ varU       : num 8184
  .. ..$ uStar      : num [1:576] 1148 131 1097 1254 -604 ...
  .. ..$ NamefileOut: chr "X8_cum/ETA_3_varU.dat"
  .. ..$ SD.u       : num [1:3646] 13.8 13.3 14.2 12.4 13.3 ...
  .. ..$ SD.varU    : num 1457
 - attr(*, "class")= chr "BGLR"
NULL
List of 21
 $ y            : num [1:3646] 76.5 118.8 117.3 133.6 54.6 ...
 $ a            : NULL
 $ b            : NULL
 $ whichNa      : int [1:1011] 2636 2637 2638 2639 2640 2641 2642 2643 2644 2645 ...
 $ saveAt       : chr "X8_cum/"
 $ nIter        : num 12000
 $ burnIn       : num 2000
 $ thin         : num 5
 $ weights      : num [1:3646] 1 1 1 1 1 1 1 1 1 1 ...
 $ verbose      : logi FALSE
 $ response_type: chr "gaussian"
 $ df0          : num 5
 $ S0           : num 11387
 $ yHat         : num [1:3646] 145.6 99 145.3 117.7 66.2 ...
 $ SD.yHat      : num [1:3646] 17.7 23.8 20.2 23.8 24.2 ...
 $ mu           : num 132
 $ SD.mu        : num 8.87
 $ varE         : num 1447
 $ SD.varE      : num 94.2
 $ fit          :List of 4
  ..$ logLikAtPostMean: num -12846
  ..$ postMeanLogLik  : num -13324
  ..$ pD              : num 955
  ..$ DIC             : num 27603
 $ ETA          :List of 3
  ..$ :List of 15
  .. ..$ V          : num [1:3646, 1:6] 0 0 0 0 0 0 0 0 0 0 ...
  .. .. ..- attr(*, "dimnames")=List of 2
  .. .. .. ..$ : chr [1:3646] "2020-21_11.107-5" "2020-21_12.90-53" "2020-21_12.93-4" "2020-21_14.37-103" ...
  .. .. .. ..$ : NULL
  .. ..$ d          : num [1:6] 1011 918 450 447 435 ...
  .. ..$ model      : chr "RKHS"
  .. ..$ Name       : chr "ETA_1"
  .. ..$ tolD       : num 1e-10
  .. ..$ levelsU    : int 6
  .. ..$ df0        : num 5
  .. ..$ R2         : num 0.167
  .. ..$ S0         : num 8.64
  .. ..$ u          : num [1:3646] -0.195 -0.195 -0.195 -0.195 -0.195 ...
  .. ..$ varU       : num 3.18
  .. ..$ uStar      : num [1:6] -0.81 1.98 -1.96 -2.85 4.07 ...
  .. ..$ NamefileOut: chr "X8_cum/ETA_1_varU.dat"
  .. ..$ SD.u       : num [1:3646] 1.77 1.77 1.77 1.77 1.77 ...
  .. ..$ SD.varU    : num 5.12
  ..$ :List of 15
  .. ..$ V          : num [1:3646, 1:2737] 0.408 0 0 0 0 ...
  .. .. ..- attr(*, "dimnames")=List of 2
  .. .. .. ..$ : chr [1:3646] "2020-21_11.107-5" "2020-21_12.90-53" "2020-21_12.93-4" "2020-21_14.37-103" ...
  .. .. .. ..$ : chr [1:2737] "11.107-5" "12.90-53" "12.93-4" "13.27-142" ...
  .. ..$ d          : Named num [1:2737] 6 1 3 1 1 1 1 1 2 1 ...
  .. .. ..- attr(*, "names")= chr [1:2737] "11.107-5" "12.90-53" "12.93-4" "13.27-142" ...
  .. ..$ model      : chr "RKHS"
  .. ..$ Name       : chr "ETA_2"
  .. ..$ tolD       : num 1e-10
  .. ..$ levelsU    : int 2737
  .. ..$ df0        : num 5
  .. ..$ R2         : num 0.167
  .. ..$ S0         : num 3943
  .. ..$ u          : num [1:3646] 26.17 12.33 65.3 10 -7.19 ...
  .. ..$ varU       : num 915
  .. ..$ uStar      : num [1:2737] 64.1 12.3 113.1 25 10 ...
  .. ..$ NamefileOut: chr "X8_cum/ETA_2_varU.dat"
  .. ..$ SD.u       : num [1:3646] 15.5 23.4 19 23.6 24.1 ...
  .. ..$ SD.varU    : num 104
  ..$ :List of 15
  .. ..$ V          : num [1:3646, 1:576] -0.00189 -0.00645 -0.00703 -0.00832 -0.00916 ...
  .. .. ..- attr(*, "dimnames")=List of 2
  .. .. .. ..$ : chr [1:3646] "2020-21_11.107-5" "2020-21_12.90-53" "2020-21_12.93-4" "2020-21_14.37-103" ...
  .. .. .. ..$ : NULL
  .. ..$ d          : num [1:576] 985 777 402 285 213 ...
  .. ..$ model      : chr "RKHS"
  .. ..$ Name       : chr "ETA_3"
  .. ..$ tolD       : num 1e-10
  .. ..$ levelsU    : int 576
  .. ..$ df0        : num 5
  .. ..$ R2         : num 0.167
  .. ..$ S0         : num 830
  .. ..$ u          : num [1:3646] -12.7 -45.5 -52.2 -24.4 -58.8 ...
  .. ..$ varU       : num 8184
  .. ..$ uStar      : num [1:576] 1148 131 1097 1254 -604 ...
  .. ..$ NamefileOut: chr "X8_cum/ETA_3_varU.dat"
  .. ..$ SD.u       : num [1:3646] 13.8 13.3 14.2 12.4 13.3 ...
  .. ..$ SD.varU    : num 1457
 - attr(*, "class")= chr "BGLR"
NULL
List of 21
 $ y            : num [1:3646] 322.8 187 253.3 232.5 79.5 ...
 $ a            : NULL
 $ b            : NULL
 $ whichNa      : int [1:1011] 2636 2637 2638 2639 2640 2641 2642 2643 2644 2645 ...
 $ saveAt       : chr "X10_cum/"
 $ nIter        : num 12000
 $ burnIn       : num 2000
 $ thin         : num 5
 $ weights      : num [1:3646] 1 1 1 1 1 1 1 1 1 1 ...
 $ verbose      : logi FALSE
 $ response_type: chr "gaussian"
 $ df0          : num 5
 $ S0           : num 22738
 $ yHat         : num [1:3646] 281.3 165.5 270.3 193.5 95.7 ...
 $ SD.yHat      : num [1:3646] 24.2 32 27.3 32.5 33.3 ...
 $ mu           : num 229
 $ SD.mu        : num 12.6
 $ varE         : num 2609
 $ SD.varE      : num 164
 $ fit          :List of 4
  ..$ logLikAtPostMean: num -13621
  ..$ postMeanLogLik  : num -14100
  ..$ pD              : num 958
  ..$ DIC             : num 29158
 $ ETA          :List of 3
  ..$ :List of 15
  .. ..$ V          : num [1:3646, 1:6] 0 0 0 0 0 0 0 0 0 0 ...
  .. .. ..- attr(*, "dimnames")=List of 2
  .. .. .. ..$ : chr [1:3646] "2020-21_11.107-5" "2020-21_12.90-53" "2020-21_12.93-4" "2020-21_14.37-103" ...
  .. .. .. ..$ : NULL
  .. ..$ d          : num [1:6] 1011 918 450 447 435 ...
  .. ..$ model      : chr "RKHS"
  .. ..$ Name       : chr "ETA_1"
  .. ..$ tolD       : num 1e-10
  .. ..$ levelsU    : int 6
  .. ..$ df0        : num 5
  .. ..$ R2         : num 0.167
  .. ..$ S0         : num 17.3
  .. ..$ u          : num [1:3646] -0.0746 -0.0746 -0.0746 -0.0746 -0.0746 ...
  .. ..$ varU       : num 6.14
  .. ..$ uStar      : num [1:6] -0.263 13.654 -7.621 -0.633 1.555 ...
  .. ..$ NamefileOut: chr "X10_cum/ETA_1_varU.dat"
  .. ..$ SD.u       : num [1:3646] 2.54 2.54 2.54 2.54 2.54 ...
  .. ..$ SD.varU    : num 6.71
  ..$ :List of 15
  .. ..$ V          : num [1:3646, 1:2737] 0.408 0 0 0 0 ...
  .. .. ..- attr(*, "dimnames")=List of 2
  .. .. .. ..$ : chr [1:3646] "2020-21_11.107-5" "2020-21_12.90-53" "2020-21_12.93-4" "2020-21_14.37-103" ...
  .. .. .. ..$ : chr [1:2737] "11.107-5" "12.90-53" "12.93-4" "13.27-142" ...
  .. ..$ d          : Named num [1:2737] 6 1 3 1 1 1 1 1 2 1 ...
  .. .. ..- attr(*, "names")= chr [1:2737] "11.107-5" "12.90-53" "12.93-4" "13.27-142" ...
  .. ..$ model      : chr "RKHS"
  .. ..$ Name       : chr "ETA_2"
  .. ..$ tolD       : num 1e-10
  .. ..$ levelsU    : int 2737
  .. ..$ df0        : num 5
  .. ..$ R2         : num 0.167
  .. ..$ S0         : num 7874
  .. ..$ u          : num [1:3646] 57.96 13.42 93 23.63 -9.49 ...
  .. ..$ varU       : num 1623
  .. ..$ uStar      : num [1:2737] 141.98 13.42 161.08 7.27 23.63 ...
  .. ..$ NamefileOut: chr "X10_cum/ETA_2_varU.dat"
  .. ..$ SD.u       : num [1:3646] 20.7 31.5 25.6 32 32.2 ...
  .. ..$ SD.varU    : num 185
  ..$ :List of 15
  .. ..$ V          : num [1:3646, 1:576] -0.00189 -0.00645 -0.00703 -0.00832 -0.00916 ...
  .. .. ..- attr(*, "dimnames")=List of 2
  .. .. .. ..$ : chr [1:3646] "2020-21_11.107-5" "2020-21_12.90-53" "2020-21_12.93-4" "2020-21_14.37-103" ...
  .. .. .. ..$ : NULL
  .. ..$ d          : num [1:576] 985 777 402 285 213 ...
  .. ..$ model      : chr "RKHS"
  .. ..$ Name       : chr "ETA_3"
  .. ..$ tolD       : num 1e-10
  .. ..$ levelsU    : int 576
  .. ..$ df0        : num 5
  .. ..$ R2         : num 0.167
  .. ..$ S0         : num 1657
  .. ..$ u          : num [1:3646] -5.73 -76.92 -51.77 -59.15 -123.86 ...
  .. ..$ varU       : num 18719
  .. ..$ uStar      : num [1:576] -538 976 2567 2449 -981 ...
  .. ..$ NamefileOut: chr "X10_cum/ETA_3_varU.dat"
  .. ..$ SD.u       : num [1:3646] 19.6 18.5 20 17.1 19.4 ...
  .. ..$ SD.varU    : num 3396
 - attr(*, "class")= chr "BGLR"
NULL
List of 21
 $ y            : num [1:3646] 76.5 118.8 117.3 133.6 54.6 ...
 $ a            : NULL
 $ b            : NULL
 $ whichNa      : int [1:1011] 2636 2637 2638 2639 2640 2641 2642 2643 2644 2645 ...
 $ saveAt       : chr "X8_cum/"
 $ nIter        : num 12000
 $ burnIn       : num 2000
 $ thin         : num 5
 $ weights      : num [1:3646] 1 1 1 1 1 1 1 1 1 1 ...
 $ verbose      : logi FALSE
 $ response_type: chr "gaussian"
 $ df0          : num 5
 $ S0           : num 11387
 $ yHat         : num [1:3646] 145.6 99 145.3 117.7 66.2 ...
 $ SD.yHat      : num [1:3646] 17.7 23.8 20.2 23.8 24.2 ...
 $ mu           : num 132
 $ SD.mu        : num 8.87
 $ varE         : num 1447
 $ SD.varE      : num 94.2
 $ fit          :List of 4
  ..$ logLikAtPostMean: num -12846
  ..$ postMeanLogLik  : num -13324
  ..$ pD              : num 955
  ..$ DIC             : num 27603
 $ ETA          :List of 3
  ..$ :List of 15
  .. ..$ V          : num [1:3646, 1:6] 0 0 0 0 0 0 0 0 0 0 ...
  .. .. ..- attr(*, "dimnames")=List of 2
  .. .. .. ..$ : chr [1:3646] "2020-21_11.107-5" "2020-21_12.90-53" "2020-21_12.93-4" "2020-21_14.37-103" ...
  .. .. .. ..$ : NULL
  .. ..$ d          : num [1:6] 1011 918 450 447 435 ...
  .. ..$ model      : chr "RKHS"
  .. ..$ Name       : chr "ETA_1"
  .. ..$ tolD       : num 1e-10
  .. ..$ levelsU    : int 6
  .. ..$ df0        : num 5
  .. ..$ R2         : num 0.167
  .. ..$ S0         : num 8.64
  .. ..$ u          : num [1:3646] -0.195 -0.195 -0.195 -0.195 -0.195 ...
  .. ..$ varU       : num 3.18
  .. ..$ uStar      : num [1:6] -0.81 1.98 -1.96 -2.85 4.07 ...
  .. ..$ NamefileOut: chr "X8_cum/ETA_1_varU.dat"
  .. ..$ SD.u       : num [1:3646] 1.77 1.77 1.77 1.77 1.77 ...
  .. ..$ SD.varU    : num 5.12
  ..$ :List of 15
  .. ..$ V          : num [1:3646, 1:2737] 0.408 0 0 0 0 ...
  .. .. ..- attr(*, "dimnames")=List of 2
  .. .. .. ..$ : chr [1:3646] "2020-21_11.107-5" "2020-21_12.90-53" "2020-21_12.93-4" "2020-21_14.37-103" ...
  .. .. .. ..$ : chr [1:2737] "11.107-5" "12.90-53" "12.93-4" "13.27-142" ...
  .. ..$ d          : Named num [1:2737] 6 1 3 1 1 1 1 1 2 1 ...
  .. .. ..- attr(*, "names")= chr [1:2737] "11.107-5" "12.90-53" "12.93-4" "13.27-142" ...
  .. ..$ model      : chr "RKHS"
  .. ..$ Name       : chr "ETA_2"
  .. ..$ tolD       : num 1e-10
  .. ..$ levelsU    : int 2737
  .. ..$ df0        : num 5
  .. ..$ R2         : num 0.167
  .. ..$ S0         : num 3943
  .. ..$ u          : num [1:3646] 26.17 12.33 65.3 10 -7.19 ...
  .. ..$ varU       : num 915
  .. ..$ uStar      : num [1:2737] 64.1 12.3 113.1 25 10 ...
  .. ..$ NamefileOut: chr "X8_cum/ETA_2_varU.dat"
  .. ..$ SD.u       : num [1:3646] 15.5 23.4 19 23.6 24.1 ...
  .. ..$ SD.varU    : num 104
  ..$ :List of 15
  .. ..$ V          : num [1:3646, 1:576] -0.00189 -0.00645 -0.00703 -0.00832 -0.00916 ...
  .. .. ..- attr(*, "dimnames")=List of 2
  .. .. .. ..$ : chr [1:3646] "2020-21_11.107-5" "2020-21_12.90-53" "2020-21_12.93-4" "2020-21_14.37-103" ...
  .. .. .. ..$ : NULL
  .. ..$ d          : num [1:576] 985 777 402 285 213 ...
  .. ..$ model      : chr "RKHS"
  .. ..$ Name       : chr "ETA_3"
  .. ..$ tolD       : num 1e-10
  .. ..$ levelsU    : int 576
  .. ..$ df0        : num 5
  .. ..$ R2         : num 0.167
  .. ..$ S0         : num 830
  .. ..$ u          : num [1:3646] -12.7 -45.5 -52.2 -24.4 -58.8 ...
  .. ..$ varU       : num 8184
  .. ..$ uStar      : num [1:576] 1148 131 1097 1254 -604 ...
  .. ..$ NamefileOut: chr "X8_cum/ETA_3_varU.dat"
  .. ..$ SD.u       : num [1:3646] 13.8 13.3 14.2 12.4 13.3 ...
  .. ..$ SD.varU    : num 1457
 - attr(*, "class")= chr "BGLR"
NULL
List of 21
 $ y            : num [1:3646] 322.8 187 253.3 232.5 79.5 ...
 $ a            : NULL
 $ b            : NULL
 $ whichNa      : int [1:1011] 2636 2637 2638 2639 2640 2641 2642 2643 2644 2645 ...
 $ saveAt       : chr "X10_cum/"
 $ nIter        : num 12000
 $ burnIn       : num 2000
 $ thin         : num 5
 $ weights      : num [1:3646] 1 1 1 1 1 1 1 1 1 1 ...
 $ verbose      : logi FALSE
 $ response_type: chr "gaussian"
 $ df0          : num 5
 $ S0           : num 22738
 $ yHat         : num [1:3646] 281.3 165.5 270.3 193.5 95.7 ...
 $ SD.yHat      : num [1:3646] 24.2 32 27.3 32.5 33.3 ...
 $ mu           : num 229
 $ SD.mu        : num 12.6
 $ varE         : num 2609
 $ SD.varE      : num 164
 $ fit          :List of 4
  ..$ logLikAtPostMean: num -13621
  ..$ postMeanLogLik  : num -14100
  ..$ pD              : num 958
  ..$ DIC             : num 29158
 $ ETA          :List of 3
  ..$ :List of 15
  .. ..$ V          : num [1:3646, 1:6] 0 0 0 0 0 0 0 0 0 0 ...
  .. .. ..- attr(*, "dimnames")=List of 2
  .. .. .. ..$ : chr [1:3646] "2020-21_11.107-5" "2020-21_12.90-53" "2020-21_12.93-4" "2020-21_14.37-103" ...
  .. .. .. ..$ : NULL
  .. ..$ d          : num [1:6] 1011 918 450 447 435 ...
  .. ..$ model      : chr "RKHS"
  .. ..$ Name       : chr "ETA_1"
  .. ..$ tolD       : num 1e-10
  .. ..$ levelsU    : int 6
  .. ..$ df0        : num 5
  .. ..$ R2         : num 0.167
  .. ..$ S0         : num 17.3
  .. ..$ u          : num [1:3646] -0.0746 -0.0746 -0.0746 -0.0746 -0.0746 ...
  .. ..$ varU       : num 6.14
  .. ..$ uStar      : num [1:6] -0.263 13.654 -7.621 -0.633 1.555 ...
  .. ..$ NamefileOut: chr "X10_cum/ETA_1_varU.dat"
  .. ..$ SD.u       : num [1:3646] 2.54 2.54 2.54 2.54 2.54 ...
  .. ..$ SD.varU    : num 6.71
  ..$ :List of 15
  .. ..$ V          : num [1:3646, 1:2737] 0.408 0 0 0 0 ...
  .. .. ..- attr(*, "dimnames")=List of 2
  .. .. .. ..$ : chr [1:3646] "2020-21_11.107-5" "2020-21_12.90-53" "2020-21_12.93-4" "2020-21_14.37-103" ...
  .. .. .. ..$ : chr [1:2737] "11.107-5" "12.90-53" "12.93-4" "13.27-142" ...
  .. ..$ d          : Named num [1:2737] 6 1 3 1 1 1 1 1 2 1 ...
  .. .. ..- attr(*, "names")= chr [1:2737] "11.107-5" "12.90-53" "12.93-4" "13.27-142" ...
  .. ..$ model      : chr "RKHS"
  .. ..$ Name       : chr "ETA_2"
  .. ..$ tolD       : num 1e-10
  .. ..$ levelsU    : int 2737
  .. ..$ df0        : num 5
  .. ..$ R2         : num 0.167
  .. ..$ S0         : num 7874
  .. ..$ u          : num [1:3646] 57.96 13.42 93 23.63 -9.49 ...
  .. ..$ varU       : num 1623
  .. ..$ uStar      : num [1:2737] 141.98 13.42 161.08 7.27 23.63 ...
  .. ..$ NamefileOut: chr "X10_cum/ETA_2_varU.dat"
  .. ..$ SD.u       : num [1:3646] 20.7 31.5 25.6 32 32.2 ...
  .. ..$ SD.varU    : num 185
  ..$ :List of 15
  .. ..$ V          : num [1:3646, 1:576] -0.00189 -0.00645 -0.00703 -0.00832 -0.00916 ...
  .. .. ..- attr(*, "dimnames")=List of 2
  .. .. .. ..$ : chr [1:3646] "2020-21_11.107-5" "2020-21_12.90-53" "2020-21_12.93-4" "2020-21_14.37-103" ...
  .. .. .. ..$ : NULL
  .. ..$ d          : num [1:576] 985 777 402 285 213 ...
  .. ..$ model      : chr "RKHS"
  .. ..$ Name       : chr "ETA_3"
  .. ..$ tolD       : num 1e-10
  .. ..$ levelsU    : int 576
  .. ..$ df0        : num 5
  .. ..$ R2         : num 0.167
  .. ..$ S0         : num 1657
  .. ..$ u          : num [1:3646] -5.73 -76.92 -51.77 -59.15 -123.86 ...
  .. ..$ varU       : num 18719
  .. ..$ uStar      : num [1:576] -538 976 2567 2449 -981 ...
  .. ..$ NamefileOut: chr "X10_cum/ETA_3_varU.dat"
  .. ..$ SD.u       : num [1:3646] 19.6 18.5 20 17.1 19.4 ...
  .. ..$ SD.varU    : num 3396
 - attr(*, "class")= chr "BGLR"
NULL
List of 21
 $ y            : num [1:3646] 322.8 187 253.3 232.5 79.5 ...
 $ a            : NULL
 $ b            : NULL
 $ whichNa      : int [1:1011] 2636 2637 2638 2639 2640 2641 2642 2643 2644 2645 ...
 $ saveAt       : chr "X10_cum/"
 $ nIter        : num 12000
 $ burnIn       : num 2000
 $ thin         : num 5
 $ weights      : num [1:3646] 1 1 1 1 1 1 1 1 1 1 ...
 $ verbose      : logi FALSE
 $ response_type: chr "gaussian"
 $ df0          : num 5
 $ S0           : num 22738
 $ yHat         : num [1:3646] 281.3 165.5 270.3 193.5 95.7 ...
 $ SD.yHat      : num [1:3646] 24.2 32 27.3 32.5 33.3 ...
 $ mu           : num 229
 $ SD.mu        : num 12.6
 $ varE         : num 2609
 $ SD.varE      : num 164
 $ fit          :List of 4
  ..$ logLikAtPostMean: num -13621
  ..$ postMeanLogLik  : num -14100
  ..$ pD              : num 958
  ..$ DIC             : num 29158
 $ ETA          :List of 3
  ..$ :List of 15
  .. ..$ V          : num [1:3646, 1:6] 0 0 0 0 0 0 0 0 0 0 ...
  .. .. ..- attr(*, "dimnames")=List of 2
  .. .. .. ..$ : chr [1:3646] "2020-21_11.107-5" "2020-21_12.90-53" "2020-21_12.93-4" "2020-21_14.37-103" ...
  .. .. .. ..$ : NULL
  .. ..$ d          : num [1:6] 1011 918 450 447 435 ...
  .. ..$ model      : chr "RKHS"
  .. ..$ Name       : chr "ETA_1"
  .. ..$ tolD       : num 1e-10
  .. ..$ levelsU    : int 6
  .. ..$ df0        : num 5
  .. ..$ R2         : num 0.167
  .. ..$ S0         : num 17.3
  .. ..$ u          : num [1:3646] -0.0746 -0.0746 -0.0746 -0.0746 -0.0746 ...
  .. ..$ varU       : num 6.14
  .. ..$ uStar      : num [1:6] -0.263 13.654 -7.621 -0.633 1.555 ...
  .. ..$ NamefileOut: chr "X10_cum/ETA_1_varU.dat"
  .. ..$ SD.u       : num [1:3646] 2.54 2.54 2.54 2.54 2.54 ...
  .. ..$ SD.varU    : num 6.71
  ..$ :List of 15
  .. ..$ V          : num [1:3646, 1:2737] 0.408 0 0 0 0 ...
  .. .. ..- attr(*, "dimnames")=List of 2
  .. .. .. ..$ : chr [1:3646] "2020-21_11.107-5" "2020-21_12.90-53" "2020-21_12.93-4" "2020-21_14.37-103" ...
  .. .. .. ..$ : chr [1:2737] "11.107-5" "12.90-53" "12.93-4" "13.27-142" ...
  .. ..$ d          : Named num [1:2737] 6 1 3 1 1 1 1 1 2 1 ...
  .. .. ..- attr(*, "names")= chr [1:2737] "11.107-5" "12.90-53" "12.93-4" "13.27-142" ...
  .. ..$ model      : chr "RKHS"
  .. ..$ Name       : chr "ETA_2"
  .. ..$ tolD       : num 1e-10
  .. ..$ levelsU    : int 2737
  .. ..$ df0        : num 5
  .. ..$ R2         : num 0.167
  .. ..$ S0         : num 7874
  .. ..$ u          : num [1:3646] 57.96 13.42 93 23.63 -9.49 ...
  .. ..$ varU       : num 1623
  .. ..$ uStar      : num [1:2737] 141.98 13.42 161.08 7.27 23.63 ...
  .. ..$ NamefileOut: chr "X10_cum/ETA_2_varU.dat"
  .. ..$ SD.u       : num [1:3646] 20.7 31.5 25.6 32 32.2 ...
  .. ..$ SD.varU    : num 185
  ..$ :List of 15
  .. ..$ V          : num [1:3646, 1:576] -0.00189 -0.00645 -0.00703 -0.00832 -0.00916 ...
  .. .. ..- attr(*, "dimnames")=List of 2
  .. .. .. ..$ : chr [1:3646] "2020-21_11.107-5" "2020-21_12.90-53" "2020-21_12.93-4" "2020-21_14.37-103" ...
  .. .. .. ..$ : NULL
  .. ..$ d          : num [1:576] 985 777 402 285 213 ...
  .. ..$ model      : chr "RKHS"
  .. ..$ Name       : chr "ETA_3"
  .. ..$ tolD       : num 1e-10
  .. ..$ levelsU    : int 576
  .. ..$ df0        : num 5
  .. ..$ R2         : num 0.167
  .. ..$ S0         : num 1657
  .. ..$ u          : num [1:3646] -5.73 -76.92 -51.77 -59.15 -123.86 ...
  .. ..$ varU       : num 18719
  .. ..$ uStar      : num [1:576] -538 976 2567 2449 -981 ...
  .. ..$ NamefileOut: chr "X10_cum/ETA_3_varU.dat"
  .. ..$ SD.u       : num [1:3646] 19.6 18.5 20 17.1 19.4 ...
  .. ..$ SD.varU    : num 3396
 - attr(*, "class")= chr "BGLR"
NULL
List of 21
 $ y            : num [1:3646] 168.3 157.8 184.1 166.6 78.9 ...
 $ a            : NULL
 $ b            : NULL
 $ whichNa      : int [1:1011] 2636 2637 2638 2639 2640 2641 2642 2643 2644 2645 ...
 $ saveAt       : chr "X9_cum/"
 $ nIter        : num 12000
 $ burnIn       : num 2000
 $ thin         : num 5
 $ weights      : num [1:3646] 1 1 1 1 1 1 1 1 1 1 ...
 $ verbose      : logi FALSE
 $ response_type: chr "gaussian"
 $ df0          : num 5
 $ S0           : num 17979
 $ yHat         : num [1:3646] 211.2 132.6 209.2 151.8 87.4 ...
 $ SD.yHat      : num [1:3646] 20.9 29.3 24.1 28.9 29.2 ...
 $ mu           : num 178
 $ SD.mu        : num 8.09
 $ varE         : num 2045
 $ SD.varE      : num 129
 $ fit          :List of 4
  ..$ logLikAtPostMean: num -13291
  ..$ postMeanLogLik  : num -13779
  ..$ pD              : num 977
  ..$ DIC             : num 28534
 $ ETA          :List of 3
  ..$ :List of 15
  .. ..$ V          : num [1:3646, 1:6] 0 0 0 0 0 0 0 0 0 0 ...
  .. .. ..- attr(*, "dimnames")=List of 2
  .. .. .. ..$ : chr [1:3646] "2020-21_11.107-5" "2020-21_12.90-53" "2020-21_12.93-4" "2020-21_14.37-103" ...
  .. .. .. ..$ : NULL
  .. ..$ d          : num [1:6] 1011 918 450 447 435 ...
  .. ..$ model      : chr "RKHS"
  .. ..$ Name       : chr "ETA_1"
  .. ..$ tolD       : num 1e-10
  .. ..$ levelsU    : int 6
  .. ..$ df0        : num 5
  .. ..$ R2         : num 0.167
  .. ..$ S0         : num 13.6
  .. ..$ u          : num [1:3646] -0.0552 -0.0552 -0.0552 -0.0552 -0.0552 ...
  .. ..$ varU       : num 4.18
  .. ..$ uStar      : num [1:6] -0.339 4.22 -2.774 0.962 1.152 ...
  .. ..$ NamefileOut: chr "X9_cum/ETA_1_varU.dat"
  .. ..$ SD.u       : num [1:3646] 2.06 2.06 2.06 2.06 2.06 ...
  .. ..$ SD.varU    : num 3.68
  ..$ :List of 15
  .. ..$ V          : num [1:3646, 1:2737] 0.408 0 0 0 0 ...
  .. .. ..- attr(*, "dimnames")=List of 2
  .. .. .. ..$ : chr [1:3646] "2020-21_11.107-5" "2020-21_12.90-53" "2020-21_12.93-4" "2020-21_14.37-103" ...
  .. .. .. ..$ : chr [1:2737] "11.107-5" "12.90-53" "12.93-4" "13.27-142" ...
  .. ..$ d          : Named num [1:2737] 6 1 3 1 1 1 1 1 2 1 ...
  .. .. ..- attr(*, "names")= chr [1:2737] "11.107-5" "12.90-53" "12.93-4" "13.27-142" ...
  .. ..$ model      : chr "RKHS"
  .. ..$ Name       : chr "ETA_2"
  .. ..$ tolD       : num 1e-10
  .. ..$ levelsU    : int 2737
  .. ..$ df0        : num 5
  .. ..$ R2         : num 0.167
  .. ..$ S0         : num 6226
  .. ..$ u          : num [1:3646] 43.93 16.32 85.13 10.4 -6.13 ...
  .. ..$ varU       : num 1337
  .. ..$ uStar      : num [1:2737] 107.6 16.3 147.5 22.3 10.4 ...
  .. ..$ NamefileOut: chr "X9_cum/ETA_2_varU.dat"
  .. ..$ SD.u       : num [1:3646] 18.4 28.9 22.5 28.4 28.8 ...
  .. ..$ SD.varU    : num 150
  ..$ :List of 15
  .. ..$ V          : num [1:3646, 1:576] -0.00189 -0.00645 -0.00703 -0.00832 -0.00916 ...
  .. .. ..- attr(*, "dimnames")=List of 2
  .. .. .. ..$ : chr [1:3646] "2020-21_11.107-5" "2020-21_12.90-53" "2020-21_12.93-4" "2020-21_14.37-103" ...
  .. .. .. ..$ : NULL
  .. ..$ d          : num [1:576] 985 777 402 285 213 ...
  .. ..$ model      : chr "RKHS"
  .. ..$ Name       : chr "ETA_3"
  .. ..$ tolD       : num 1e-10
  .. ..$ levelsU    : int 576
  .. ..$ df0        : num 5
  .. ..$ R2         : num 0.167
  .. ..$ S0         : num 1311
  .. ..$ u          : num [1:3646] -10.5 -61.5 -53.8 -36.5 -84.3 ...
  .. ..$ varU       : num 13770
  .. ..$ uStar      : num [1:576] 738 470 1518 2240 -908 ...
  .. ..$ NamefileOut: chr "X9_cum/ETA_3_varU.dat"
  .. ..$ SD.u       : num [1:3646] 15.3 14.1 16 13 14.9 ...
  .. ..$ SD.varU    : num 2383
 - attr(*, "class")= chr "BGLR"
NULL
List of 21
 $ y            : num [1:3646] 168.3 157.8 184.1 166.6 78.9 ...
 $ a            : NULL
 $ b            : NULL
 $ whichNa      : int [1:1011] 2636 2637 2638 2639 2640 2641 2642 2643 2644 2645 ...
 $ saveAt       : chr "X9_cum/"
 $ nIter        : num 12000
 $ burnIn       : num 2000
 $ thin         : num 5
 $ weights      : num [1:3646] 1 1 1 1 1 1 1 1 1 1 ...
 $ verbose      : logi FALSE
 $ response_type: chr "gaussian"
 $ df0          : num 5
 $ S0           : num 17979
 $ yHat         : num [1:3646] 211.2 132.6 209.2 151.8 87.4 ...
 $ SD.yHat      : num [1:3646] 20.9 29.3 24.1 28.9 29.2 ...
 $ mu           : num 178
 $ SD.mu        : num 8.09
 $ varE         : num 2045
 $ SD.varE      : num 129
 $ fit          :List of 4
  ..$ logLikAtPostMean: num -13291
  ..$ postMeanLogLik  : num -13779
  ..$ pD              : num 977
  ..$ DIC             : num 28534
 $ ETA          :List of 3
  ..$ :List of 15
  .. ..$ V          : num [1:3646, 1:6] 0 0 0 0 0 0 0 0 0 0 ...
  .. .. ..- attr(*, "dimnames")=List of 2
  .. .. .. ..$ : chr [1:3646] "2020-21_11.107-5" "2020-21_12.90-53" "2020-21_12.93-4" "2020-21_14.37-103" ...
  .. .. .. ..$ : NULL
  .. ..$ d          : num [1:6] 1011 918 450 447 435 ...
  .. ..$ model      : chr "RKHS"
  .. ..$ Name       : chr "ETA_1"
  .. ..$ tolD       : num 1e-10
  .. ..$ levelsU    : int 6
  .. ..$ df0        : num 5
  .. ..$ R2         : num 0.167
  .. ..$ S0         : num 13.6
  .. ..$ u          : num [1:3646] -0.0552 -0.0552 -0.0552 -0.0552 -0.0552 ...
  .. ..$ varU       : num 4.18
  .. ..$ uStar      : num [1:6] -0.339 4.22 -2.774 0.962 1.152 ...
  .. ..$ NamefileOut: chr "X9_cum/ETA_1_varU.dat"
  .. ..$ SD.u       : num [1:3646] 2.06 2.06 2.06 2.06 2.06 ...
  .. ..$ SD.varU    : num 3.68
  ..$ :List of 15
  .. ..$ V          : num [1:3646, 1:2737] 0.408 0 0 0 0 ...
  .. .. ..- attr(*, "dimnames")=List of 2
  .. .. .. ..$ : chr [1:3646] "2020-21_11.107-5" "2020-21_12.90-53" "2020-21_12.93-4" "2020-21_14.37-103" ...
  .. .. .. ..$ : chr [1:2737] "11.107-5" "12.90-53" "12.93-4" "13.27-142" ...
  .. ..$ d          : Named num [1:2737] 6 1 3 1 1 1 1 1 2 1 ...
  .. .. ..- attr(*, "names")= chr [1:2737] "11.107-5" "12.90-53" "12.93-4" "13.27-142" ...
  .. ..$ model      : chr "RKHS"
  .. ..$ Name       : chr "ETA_2"
  .. ..$ tolD       : num 1e-10
  .. ..$ levelsU    : int 2737
  .. ..$ df0        : num 5
  .. ..$ R2         : num 0.167
  .. ..$ S0         : num 6226
  .. ..$ u          : num [1:3646] 43.93 16.32 85.13 10.4 -6.13 ...
  .. ..$ varU       : num 1337
  .. ..$ uStar      : num [1:2737] 107.6 16.3 147.5 22.3 10.4 ...
  .. ..$ NamefileOut: chr "X9_cum/ETA_2_varU.dat"
  .. ..$ SD.u       : num [1:3646] 18.4 28.9 22.5 28.4 28.8 ...
  .. ..$ SD.varU    : num 150
  ..$ :List of 15
  .. ..$ V          : num [1:3646, 1:576] -0.00189 -0.00645 -0.00703 -0.00832 -0.00916 ...
  .. .. ..- attr(*, "dimnames")=List of 2
  .. .. .. ..$ : chr [1:3646] "2020-21_11.107-5" "2020-21_12.90-53" "2020-21_12.93-4" "2020-21_14.37-103" ...
  .. .. .. ..$ : NULL
  .. ..$ d          : num [1:576] 985 777 402 285 213 ...
  .. ..$ model      : chr "RKHS"
  .. ..$ Name       : chr "ETA_3"
  .. ..$ tolD       : num 1e-10
  .. ..$ levelsU    : int 576
  .. ..$ df0        : num 5
  .. ..$ R2         : num 0.167
  .. ..$ S0         : num 1311
  .. ..$ u          : num [1:3646] -10.5 -61.5 -53.8 -36.5 -84.3 ...
  .. ..$ varU       : num 13770
  .. ..$ uStar      : num [1:576] 738 470 1518 2240 -908 ...
  .. ..$ NamefileOut: chr "X9_cum/ETA_3_varU.dat"
  .. ..$ SD.u       : num [1:3646] 15.3 14.1 16 13 14.9 ...
  .. ..$ SD.varU    : num 2383
 - attr(*, "class")= chr "BGLR"
NULL
List of 21
 $ y            : num [1:3646] 4.893 32.395 0.616 30.098 31.883 ...
 $ a            : NULL
 $ b            : NULL
 $ whichNa      : int [1:1011] 2636 2637 2638 2639 2640 2641 2642 2643 2644 2645 ...
 $ saveAt       : chr "X6_cum/"
 $ nIter        : num 12000
 $ burnIn       : num 2000
 $ thin         : num 5
 $ weights      : num [1:3646] 1 1 1 1 1 1 1 1 1 1 ...
 $ verbose      : logi FALSE
 $ response_type: chr "gaussian"
 $ df0          : num 5
 $ S0           : num 5038
 $ yHat         : num [1:3646] 56.9 36.6 33.1 41.1 34.5 ...
 $ SD.yHat      : num [1:3646] 11.6 16.6 13.7 16.5 16.7 ...
 $ mu           : num 74.7
 $ SD.mu        : num 5.18
 $ varE         : num 616
 $ SD.varE      : num 40.2
 $ fit          :List of 4
  ..$ logLikAtPostMean: num -11686
  ..$ postMeanLogLik  : num -12197
  ..$ pD              : num 1021
  ..$ DIC             : num 25415
 $ ETA          :List of 3
  ..$ :List of 15
  .. ..$ V          : num [1:3646, 1:6] 0 0 0 0 0 0 0 0 0 0 ...
  .. .. ..- attr(*, "dimnames")=List of 2
  .. .. .. ..$ : chr [1:3646] "2020-21_11.107-5" "2020-21_12.90-53" "2020-21_12.93-4" "2020-21_14.37-103" ...
  .. .. .. ..$ : NULL
  .. ..$ d          : num [1:6] 1011 918 450 447 435 ...
  .. ..$ model      : chr "RKHS"
  .. ..$ Name       : chr "ETA_1"
  .. ..$ tolD       : num 1e-10
  .. ..$ levelsU    : int 6
  .. ..$ df0        : num 5
  .. ..$ R2         : num 0.167
  .. ..$ S0         : num 3.82
  .. ..$ u          : num [1:3646] -0.197 -0.197 -0.197 -0.197 -0.197 ...
  .. ..$ varU       : num 1.31
  .. ..$ uStar      : num [1:6] 0.0591 -4.367 -4.2251 -0.3213 4.1077 ...
  .. ..$ NamefileOut: chr "X6_cum/ETA_1_varU.dat"
  .. ..$ SD.u       : num [1:3646] 1.15 1.15 1.15 1.15 1.15 ...
  .. ..$ SD.varU    : num 1.35
  ..$ :List of 15
  .. ..$ V          : num [1:3646, 1:2737] 0.408 0 0 0 0 ...
  .. .. ..- attr(*, "dimnames")=List of 2
  .. .. .. ..$ : chr [1:3646] "2020-21_11.107-5" "2020-21_12.90-53" "2020-21_12.93-4" "2020-21_14.37-103" ...
  .. .. .. ..$ : chr [1:2737] "11.107-5" "12.90-53" "12.93-4" "13.27-142" ...
  .. ..$ d          : Named num [1:2737] 6 1 3 1 1 1 1 1 2 1 ...
  .. .. ..- attr(*, "names")= chr [1:2737] "11.107-5" "12.90-53" "12.93-4" "13.27-142" ...
  .. ..$ model      : chr "RKHS"
  .. ..$ Name       : chr "ETA_2"
  .. ..$ tolD       : num 1e-10
  .. ..$ levelsU    : int 2737
  .. ..$ df0        : num 5
  .. ..$ R2         : num 0.167
  .. ..$ S0         : num 1745
  .. ..$ u          : num [1:3646] 9.2 -1.71 8.12 -8.06 -2.28 ...
  .. ..$ varU       : num 448
  .. ..$ uStar      : num [1:2737] 22.55 -1.71 14.07 23.86 -8.06 ...
  .. ..$ NamefileOut: chr "X6_cum/ETA_2_varU.dat"
  .. ..$ SD.u       : num [1:3646] 9.92 16.27 12.79 16.41 16.34 ...
  .. ..$ SD.varU    : num 49.4
  ..$ :List of 15
  .. ..$ V          : num [1:3646, 1:576] -0.00189 -0.00645 -0.00703 -0.00832 -0.00916 ...
  .. .. ..- attr(*, "dimnames")=List of 2
  .. .. .. ..$ : chr [1:3646] "2020-21_11.107-5" "2020-21_12.90-53" "2020-21_12.93-4" "2020-21_14.37-103" ...
  .. .. .. ..$ : NULL
  .. ..$ d          : num [1:576] 985 777 402 285 213 ...
  .. ..$ model      : chr "RKHS"
  .. ..$ Name       : chr "ETA_3"
  .. ..$ tolD       : num 1e-10
  .. ..$ levelsU    : int 576
  .. ..$ df0        : num 5
  .. ..$ R2         : num 0.167
  .. ..$ S0         : num 367
  .. ..$ u          : num [1:3646] -26.9 -36.2 -49.5 -25.4 -37.8 ...
  .. ..$ varU       : num 3799
  .. ..$ uStar      : num [1:576] 983 -137 930 360 -284 ...
  .. ..$ NamefileOut: chr "X6_cum/ETA_3_varU.dat"
  .. ..$ SD.u       : num [1:3646] 8.97 8.18 9.15 7.99 8.4 ...
  .. ..$ SD.varU    : num 740
 - attr(*, "class")= chr "BGLR"
NULL
List of 21
 $ y            : num [1:3646] 168.3 157.8 184.1 166.6 78.9 ...
 $ a            : NULL
 $ b            : NULL
 $ whichNa      : int [1:1011] 2636 2637 2638 2639 2640 2641 2642 2643 2644 2645 ...
 $ saveAt       : chr "X9_cum/"
 $ nIter        : num 12000
 $ burnIn       : num 2000
 $ thin         : num 5
 $ weights      : num [1:3646] 1 1 1 1 1 1 1 1 1 1 ...
 $ verbose      : logi FALSE
 $ response_type: chr "gaussian"
 $ df0          : num 5
 $ S0           : num 17979
 $ yHat         : num [1:3646] 211.2 132.6 209.2 151.8 87.4 ...
 $ SD.yHat      : num [1:3646] 20.9 29.3 24.1 28.9 29.2 ...
 $ mu           : num 178
 $ SD.mu        : num 8.09
 $ varE         : num 2045
 $ SD.varE      : num 129
 $ fit          :List of 4
  ..$ logLikAtPostMean: num -13291
  ..$ postMeanLogLik  : num -13779
  ..$ pD              : num 977
  ..$ DIC             : num 28534
 $ ETA          :List of 3
  ..$ :List of 15
  .. ..$ V          : num [1:3646, 1:6] 0 0 0 0 0 0 0 0 0 0 ...
  .. .. ..- attr(*, "dimnames")=List of 2
  .. .. .. ..$ : chr [1:3646] "2020-21_11.107-5" "2020-21_12.90-53" "2020-21_12.93-4" "2020-21_14.37-103" ...
  .. .. .. ..$ : NULL
  .. ..$ d          : num [1:6] 1011 918 450 447 435 ...
  .. ..$ model      : chr "RKHS"
  .. ..$ Name       : chr "ETA_1"
  .. ..$ tolD       : num 1e-10
  .. ..$ levelsU    : int 6
  .. ..$ df0        : num 5
  .. ..$ R2         : num 0.167
  .. ..$ S0         : num 13.6
  .. ..$ u          : num [1:3646] -0.0552 -0.0552 -0.0552 -0.0552 -0.0552 ...
  .. ..$ varU       : num 4.18
  .. ..$ uStar      : num [1:6] -0.339 4.22 -2.774 0.962 1.152 ...
  .. ..$ NamefileOut: chr "X9_cum/ETA_1_varU.dat"
  .. ..$ SD.u       : num [1:3646] 2.06 2.06 2.06 2.06 2.06 ...
  .. ..$ SD.varU    : num 3.68
  ..$ :List of 15
  .. ..$ V          : num [1:3646, 1:2737] 0.408 0 0 0 0 ...
  .. .. ..- attr(*, "dimnames")=List of 2
  .. .. .. ..$ : chr [1:3646] "2020-21_11.107-5" "2020-21_12.90-53" "2020-21_12.93-4" "2020-21_14.37-103" ...
  .. .. .. ..$ : chr [1:2737] "11.107-5" "12.90-53" "12.93-4" "13.27-142" ...
  .. ..$ d          : Named num [1:2737] 6 1 3 1 1 1 1 1 2 1 ...
  .. .. ..- attr(*, "names")= chr [1:2737] "11.107-5" "12.90-53" "12.93-4" "13.27-142" ...
  .. ..$ model      : chr "RKHS"
  .. ..$ Name       : chr "ETA_2"
  .. ..$ tolD       : num 1e-10
  .. ..$ levelsU    : int 2737
  .. ..$ df0        : num 5
  .. ..$ R2         : num 0.167
  .. ..$ S0         : num 6226
  .. ..$ u          : num [1:3646] 43.93 16.32 85.13 10.4 -6.13 ...
  .. ..$ varU       : num 1337
  .. ..$ uStar      : num [1:2737] 107.6 16.3 147.5 22.3 10.4 ...
  .. ..$ NamefileOut: chr "X9_cum/ETA_2_varU.dat"
  .. ..$ SD.u       : num [1:3646] 18.4 28.9 22.5 28.4 28.8 ...
  .. ..$ SD.varU    : num 150
  ..$ :List of 15
  .. ..$ V          : num [1:3646, 1:576] -0.00189 -0.00645 -0.00703 -0.00832 -0.00916 ...
  .. .. ..- attr(*, "dimnames")=List of 2
  .. .. .. ..$ : chr [1:3646] "2020-21_11.107-5" "2020-21_12.90-53" "2020-21_12.93-4" "2020-21_14.37-103" ...
  .. .. .. ..$ : NULL
  .. ..$ d          : num [1:576] 985 777 402 285 213 ...
  .. ..$ model      : chr "RKHS"
  .. ..$ Name       : chr "ETA_3"
  .. ..$ tolD       : num 1e-10
  .. ..$ levelsU    : int 576
  .. ..$ df0        : num 5
  .. ..$ R2         : num 0.167
  .. ..$ S0         : num 1311
  .. ..$ u          : num [1:3646] -10.5 -61.5 -53.8 -36.5 -84.3 ...
  .. ..$ varU       : num 13770
  .. ..$ uStar      : num [1:576] 738 470 1518 2240 -908 ...
  .. ..$ NamefileOut: chr "X9_cum/ETA_3_varU.dat"
  .. ..$ SD.u       : num [1:3646] 15.3 14.1 16 13 14.9 ...
  .. ..$ SD.varU    : num 2383
 - attr(*, "class")= chr "BGLR"
NULL
List of 21
 $ y            : num [1:3646] 168.3 157.8 184.1 166.6 78.9 ...
 $ a            : NULL
 $ b            : NULL
 $ whichNa      : int [1:1011] 2636 2637 2638 2639 2640 2641 2642 2643 2644 2645 ...
 $ saveAt       : chr "X9_cum/"
 $ nIter        : num 12000
 $ burnIn       : num 2000
 $ thin         : num 5
 $ weights      : num [1:3646] 1 1 1 1 1 1 1 1 1 1 ...
 $ verbose      : logi FALSE
 $ response_type: chr "gaussian"
 $ df0          : num 5
 $ S0           : num 17979
 $ yHat         : num [1:3646] 211.2 132.6 209.2 151.8 87.4 ...
 $ SD.yHat      : num [1:3646] 20.9 29.3 24.1 28.9 29.2 ...
 $ mu           : num 178
 $ SD.mu        : num 8.09
 $ varE         : num 2045
 $ SD.varE      : num 129
 $ fit          :List of 4
  ..$ logLikAtPostMean: num -13291
  ..$ postMeanLogLik  : num -13779
  ..$ pD              : num 977
  ..$ DIC             : num 28534
 $ ETA          :List of 3
  ..$ :List of 15
  .. ..$ V          : num [1:3646, 1:6] 0 0 0 0 0 0 0 0 0 0 ...
  .. .. ..- attr(*, "dimnames")=List of 2
  .. .. .. ..$ : chr [1:3646] "2020-21_11.107-5" "2020-21_12.90-53" "2020-21_12.93-4" "2020-21_14.37-103" ...
  .. .. .. ..$ : NULL
  .. ..$ d          : num [1:6] 1011 918 450 447 435 ...
  .. ..$ model      : chr "RKHS"
  .. ..$ Name       : chr "ETA_1"
  .. ..$ tolD       : num 1e-10
  .. ..$ levelsU    : int 6
  .. ..$ df0        : num 5
  .. ..$ R2         : num 0.167
  .. ..$ S0         : num 13.6
  .. ..$ u          : num [1:3646] -0.0552 -0.0552 -0.0552 -0.0552 -0.0552 ...
  .. ..$ varU       : num 4.18
  .. ..$ uStar      : num [1:6] -0.339 4.22 -2.774 0.962 1.152 ...
  .. ..$ NamefileOut: chr "X9_cum/ETA_1_varU.dat"
  .. ..$ SD.u       : num [1:3646] 2.06 2.06 2.06 2.06 2.06 ...
  .. ..$ SD.varU    : num 3.68
  ..$ :List of 15
  .. ..$ V          : num [1:3646, 1:2737] 0.408 0 0 0 0 ...
  .. .. ..- attr(*, "dimnames")=List of 2
  .. .. .. ..$ : chr [1:3646] "2020-21_11.107-5" "2020-21_12.90-53" "2020-21_12.93-4" "2020-21_14.37-103" ...
  .. .. .. ..$ : chr [1:2737] "11.107-5" "12.90-53" "12.93-4" "13.27-142" ...
  .. ..$ d          : Named num [1:2737] 6 1 3 1 1 1 1 1 2 1 ...
  .. .. ..- attr(*, "names")= chr [1:2737] "11.107-5" "12.90-53" "12.93-4" "13.27-142" ...
  .. ..$ model      : chr "RKHS"
  .. ..$ Name       : chr "ETA_2"
  .. ..$ tolD       : num 1e-10
  .. ..$ levelsU    : int 2737
  .. ..$ df0        : num 5
  .. ..$ R2         : num 0.167
  .. ..$ S0         : num 6226
  .. ..$ u          : num [1:3646] 43.93 16.32 85.13 10.4 -6.13 ...
  .. ..$ varU       : num 1337
  .. ..$ uStar      : num [1:2737] 107.6 16.3 147.5 22.3 10.4 ...
  .. ..$ NamefileOut: chr "X9_cum/ETA_2_varU.dat"
  .. ..$ SD.u       : num [1:3646] 18.4 28.9 22.5 28.4 28.8 ...
  .. ..$ SD.varU    : num 150
  ..$ :List of 15
  .. ..$ V          : num [1:3646, 1:576] -0.00189 -0.00645 -0.00703 -0.00832 -0.00916 ...
  .. .. ..- attr(*, "dimnames")=List of 2
  .. .. .. ..$ : chr [1:3646] "2020-21_11.107-5" "2020-21_12.90-53" "2020-21_12.93-4" "2020-21_14.37-103" ...
  .. .. .. ..$ : NULL
  .. ..$ d          : num [1:576] 985 777 402 285 213 ...
  .. ..$ model      : chr "RKHS"
  .. ..$ Name       : chr "ETA_3"
  .. ..$ tolD       : num 1e-10
  .. ..$ levelsU    : int 576
  .. ..$ df0        : num 5
  .. ..$ R2         : num 0.167
  .. ..$ S0         : num 1311
  .. ..$ u          : num [1:3646] -10.5 -61.5 -53.8 -36.5 -84.3 ...
  .. ..$ varU       : num 13770
  .. ..$ uStar      : num [1:576] 738 470 1518 2240 -908 ...
  .. ..$ NamefileOut: chr "X9_cum/ETA_3_varU.dat"
  .. ..$ SD.u       : num [1:3646] 15.3 14.1 16 13 14.9 ...
  .. ..$ SD.varU    : num 2383
 - attr(*, "class")= chr "BGLR"
NULL
List of 21
 $ y            : num [1:3646] 322.8 187 253.3 232.5 79.5 ...
 $ a            : NULL
 $ b            : NULL
 $ whichNa      : int [1:1011] 2636 2637 2638 2639 2640 2641 2642 2643 2644 2645 ...
 $ saveAt       : chr "X10_cum/"
 $ nIter        : num 12000
 $ burnIn       : num 2000
 $ thin         : num 5
 $ weights      : num [1:3646] 1 1 1 1 1 1 1 1 1 1 ...
 $ verbose      : logi FALSE
 $ response_type: chr "gaussian"
 $ df0          : num 5
 $ S0           : num 22738
 $ yHat         : num [1:3646] 281.3 165.5 270.3 193.5 95.7 ...
 $ SD.yHat      : num [1:3646] 24.2 32 27.3 32.5 33.3 ...
 $ mu           : num 229
 $ SD.mu        : num 12.6
 $ varE         : num 2609
 $ SD.varE      : num 164
 $ fit          :List of 4
  ..$ logLikAtPostMean: num -13621
  ..$ postMeanLogLik  : num -14100
  ..$ pD              : num 958
  ..$ DIC             : num 29158
 $ ETA          :List of 3
  ..$ :List of 15
  .. ..$ V          : num [1:3646, 1:6] 0 0 0 0 0 0 0 0 0 0 ...
  .. .. ..- attr(*, "dimnames")=List of 2
  .. .. .. ..$ : chr [1:3646] "2020-21_11.107-5" "2020-21_12.90-53" "2020-21_12.93-4" "2020-21_14.37-103" ...
  .. .. .. ..$ : NULL
  .. ..$ d          : num [1:6] 1011 918 450 447 435 ...
  .. ..$ model      : chr "RKHS"
  .. ..$ Name       : chr "ETA_1"
  .. ..$ tolD       : num 1e-10
  .. ..$ levelsU    : int 6
  .. ..$ df0        : num 5
  .. ..$ R2         : num 0.167
  .. ..$ S0         : num 17.3
  .. ..$ u          : num [1:3646] -0.0746 -0.0746 -0.0746 -0.0746 -0.0746 ...
  .. ..$ varU       : num 6.14
  .. ..$ uStar      : num [1:6] -0.263 13.654 -7.621 -0.633 1.555 ...
  .. ..$ NamefileOut: chr "X10_cum/ETA_1_varU.dat"
  .. ..$ SD.u       : num [1:3646] 2.54 2.54 2.54 2.54 2.54 ...
  .. ..$ SD.varU    : num 6.71
  ..$ :List of 15
  .. ..$ V          : num [1:3646, 1:2737] 0.408 0 0 0 0 ...
  .. .. ..- attr(*, "dimnames")=List of 2
  .. .. .. ..$ : chr [1:3646] "2020-21_11.107-5" "2020-21_12.90-53" "2020-21_12.93-4" "2020-21_14.37-103" ...
  .. .. .. ..$ : chr [1:2737] "11.107-5" "12.90-53" "12.93-4" "13.27-142" ...
  .. ..$ d          : Named num [1:2737] 6 1 3 1 1 1 1 1 2 1 ...
  .. .. ..- attr(*, "names")= chr [1:2737] "11.107-5" "12.90-53" "12.93-4" "13.27-142" ...
  .. ..$ model      : chr "RKHS"
  .. ..$ Name       : chr "ETA_2"
  .. ..$ tolD       : num 1e-10
  .. ..$ levelsU    : int 2737
  .. ..$ df0        : num 5
  .. ..$ R2         : num 0.167
  .. ..$ S0         : num 7874
  .. ..$ u          : num [1:3646] 57.96 13.42 93 23.63 -9.49 ...
  .. ..$ varU       : num 1623
  .. ..$ uStar      : num [1:2737] 141.98 13.42 161.08 7.27 23.63 ...
  .. ..$ NamefileOut: chr "X10_cum/ETA_2_varU.dat"
  .. ..$ SD.u       : num [1:3646] 20.7 31.5 25.6 32 32.2 ...
  .. ..$ SD.varU    : num 185
  ..$ :List of 15
  .. ..$ V          : num [1:3646, 1:576] -0.00189 -0.00645 -0.00703 -0.00832 -0.00916 ...
  .. .. ..- attr(*, "dimnames")=List of 2
  .. .. .. ..$ : chr [1:3646] "2020-21_11.107-5" "2020-21_12.90-53" "2020-21_12.93-4" "2020-21_14.37-103" ...
  .. .. .. ..$ : NULL
  .. ..$ d          : num [1:576] 985 777 402 285 213 ...
  .. ..$ model      : chr "RKHS"
  .. ..$ Name       : chr "ETA_3"
  .. ..$ tolD       : num 1e-10
  .. ..$ levelsU    : int 576
  .. ..$ df0        : num 5
  .. ..$ R2         : num 0.167
  .. ..$ S0         : num 1657
  .. ..$ u          : num [1:3646] -5.73 -76.92 -51.77 -59.15 -123.86 ...
  .. ..$ varU       : num 18719
  .. ..$ uStar      : num [1:576] -538 976 2567 2449 -981 ...
  .. ..$ NamefileOut: chr "X10_cum/ETA_3_varU.dat"
  .. ..$ SD.u       : num [1:3646] 19.6 18.5 20 17.1 19.4 ...
  .. ..$ SD.varU    : num 3396
 - attr(*, "class")= chr "BGLR"
NULL
List of 21
 $ y            : num [1:3646] 322.8 187 253.3 232.5 79.5 ...
 $ a            : NULL
 $ b            : NULL
 $ whichNa      : int [1:1011] 2636 2637 2638 2639 2640 2641 2642 2643 2644 2645 ...
 $ saveAt       : chr "X10_cum/"
 $ nIter        : num 12000
 $ burnIn       : num 2000
 $ thin         : num 5
 $ weights      : num [1:3646] 1 1 1 1 1 1 1 1 1 1 ...
 $ verbose      : logi FALSE
 $ response_type: chr "gaussian"
 $ df0          : num 5
 $ S0           : num 22738
 $ yHat         : num [1:3646] 281.3 165.5 270.3 193.5 95.7 ...
 $ SD.yHat      : num [1:3646] 24.2 32 27.3 32.5 33.3 ...
 $ mu           : num 229
 $ SD.mu        : num 12.6
 $ varE         : num 2609
 $ SD.varE      : num 164
 $ fit          :List of 4
  ..$ logLikAtPostMean: num -13621
  ..$ postMeanLogLik  : num -14100
  ..$ pD              : num 958
  ..$ DIC             : num 29158
 $ ETA          :List of 3
  ..$ :List of 15
  .. ..$ V          : num [1:3646, 1:6] 0 0 0 0 0 0 0 0 0 0 ...
  .. .. ..- attr(*, "dimnames")=List of 2
  .. .. .. ..$ : chr [1:3646] "2020-21_11.107-5" "2020-21_12.90-53" "2020-21_12.93-4" "2020-21_14.37-103" ...
  .. .. .. ..$ : NULL
  .. ..$ d          : num [1:6] 1011 918 450 447 435 ...
  .. ..$ model      : chr "RKHS"
  .. ..$ Name       : chr "ETA_1"
  .. ..$ tolD       : num 1e-10
  .. ..$ levelsU    : int 6
  .. ..$ df0        : num 5
  .. ..$ R2         : num 0.167
  .. ..$ S0         : num 17.3
  .. ..$ u          : num [1:3646] -0.0746 -0.0746 -0.0746 -0.0746 -0.0746 ...
  .. ..$ varU       : num 6.14
  .. ..$ uStar      : num [1:6] -0.263 13.654 -7.621 -0.633 1.555 ...
  .. ..$ NamefileOut: chr "X10_cum/ETA_1_varU.dat"
  .. ..$ SD.u       : num [1:3646] 2.54 2.54 2.54 2.54 2.54 ...
  .. ..$ SD.varU    : num 6.71
  ..$ :List of 15
  .. ..$ V          : num [1:3646, 1:2737] 0.408 0 0 0 0 ...
  .. .. ..- attr(*, "dimnames")=List of 2
  .. .. .. ..$ : chr [1:3646] "2020-21_11.107-5" "2020-21_12.90-53" "2020-21_12.93-4" "2020-21_14.37-103" ...
  .. .. .. ..$ : chr [1:2737] "11.107-5" "12.90-53" "12.93-4" "13.27-142" ...
  .. ..$ d          : Named num [1:2737] 6 1 3 1 1 1 1 1 2 1 ...
  .. .. ..- attr(*, "names")= chr [1:2737] "11.107-5" "12.90-53" "12.93-4" "13.27-142" ...
  .. ..$ model      : chr "RKHS"
  .. ..$ Name       : chr "ETA_2"
  .. ..$ tolD       : num 1e-10
  .. ..$ levelsU    : int 2737
  .. ..$ df0        : num 5
  .. ..$ R2         : num 0.167
  .. ..$ S0         : num 7874
  .. ..$ u          : num [1:3646] 57.96 13.42 93 23.63 -9.49 ...
  .. ..$ varU       : num 1623
  .. ..$ uStar      : num [1:2737] 141.98 13.42 161.08 7.27 23.63 ...
  .. ..$ NamefileOut: chr "X10_cum/ETA_2_varU.dat"
  .. ..$ SD.u       : num [1:3646] 20.7 31.5 25.6 32 32.2 ...
  .. ..$ SD.varU    : num 185
  ..$ :List of 15
  .. ..$ V          : num [1:3646, 1:576] -0.00189 -0.00645 -0.00703 -0.00832 -0.00916 ...
  .. .. ..- attr(*, "dimnames")=List of 2
  .. .. .. ..$ : chr [1:3646] "2020-21_11.107-5" "2020-21_12.90-53" "2020-21_12.93-4" "2020-21_14.37-103" ...
  .. .. .. ..$ : NULL
  .. ..$ d          : num [1:576] 985 777 402 285 213 ...
  .. ..$ model      : chr "RKHS"
  .. ..$ Name       : chr "ETA_3"
  .. ..$ tolD       : num 1e-10
  .. ..$ levelsU    : int 576
  .. ..$ df0        : num 5
  .. ..$ R2         : num 0.167
  .. ..$ S0         : num 1657
  .. ..$ u          : num [1:3646] -5.73 -76.92 -51.77 -59.15 -123.86 ...
  .. ..$ varU       : num 18719
  .. ..$ uStar      : num [1:576] -538 976 2567 2449 -981 ...
  .. ..$ NamefileOut: chr "X10_cum/ETA_3_varU.dat"
  .. ..$ SD.u       : num [1:3646] 19.6 18.5 20 17.1 19.4 ...
  .. ..$ SD.varU    : num 3396
 - attr(*, "class")= chr "BGLR"
NULL
List of 21
 $ y            : num [1:3646] 322.8 187 253.3 232.5 79.5 ...
 $ a            : NULL
 $ b            : NULL
 $ whichNa      : int [1:1011] 2636 2637 2638 2639 2640 2641 2642 2643 2644 2645 ...
 $ saveAt       : chr "X10_cum/"
 $ nIter        : num 12000
 $ burnIn       : num 2000
 $ thin         : num 5
 $ weights      : num [1:3646] 1 1 1 1 1 1 1 1 1 1 ...
 $ verbose      : logi FALSE
 $ response_type: chr "gaussian"
 $ df0          : num 5
 $ S0           : num 22738
 $ yHat         : num [1:3646] 281.3 165.5 270.3 193.5 95.7 ...
 $ SD.yHat      : num [1:3646] 24.2 32 27.3 32.5 33.3 ...
 $ mu           : num 229
 $ SD.mu        : num 12.6
 $ varE         : num 2609
 $ SD.varE      : num 164
 $ fit          :List of 4
  ..$ logLikAtPostMean: num -13621
  ..$ postMeanLogLik  : num -14100
  ..$ pD              : num 958
  ..$ DIC             : num 29158
 $ ETA          :List of 3
  ..$ :List of 15
  .. ..$ V          : num [1:3646, 1:6] 0 0 0 0 0 0 0 0 0 0 ...
  .. .. ..- attr(*, "dimnames")=List of 2
  .. .. .. ..$ : chr [1:3646] "2020-21_11.107-5" "2020-21_12.90-53" "2020-21_12.93-4" "2020-21_14.37-103" ...
  .. .. .. ..$ : NULL
  .. ..$ d          : num [1:6] 1011 918 450 447 435 ...
  .. ..$ model      : chr "RKHS"
  .. ..$ Name       : chr "ETA_1"
  .. ..$ tolD       : num 1e-10
  .. ..$ levelsU    : int 6
  .. ..$ df0        : num 5
  .. ..$ R2         : num 0.167
  .. ..$ S0         : num 17.3
  .. ..$ u          : num [1:3646] -0.0746 -0.0746 -0.0746 -0.0746 -0.0746 ...
  .. ..$ varU       : num 6.14
  .. ..$ uStar      : num [1:6] -0.263 13.654 -7.621 -0.633 1.555 ...
  .. ..$ NamefileOut: chr "X10_cum/ETA_1_varU.dat"
  .. ..$ SD.u       : num [1:3646] 2.54 2.54 2.54 2.54 2.54 ...
  .. ..$ SD.varU    : num 6.71
  ..$ :List of 15
  .. ..$ V          : num [1:3646, 1:2737] 0.408 0 0 0 0 ...
  .. .. ..- attr(*, "dimnames")=List of 2
  .. .. .. ..$ : chr [1:3646] "2020-21_11.107-5" "2020-21_12.90-53" "2020-21_12.93-4" "2020-21_14.37-103" ...
  .. .. .. ..$ : chr [1:2737] "11.107-5" "12.90-53" "12.93-4" "13.27-142" ...
  .. ..$ d          : Named num [1:2737] 6 1 3 1 1 1 1 1 2 1 ...
  .. .. ..- attr(*, "names")= chr [1:2737] "11.107-5" "12.90-53" "12.93-4" "13.27-142" ...
  .. ..$ model      : chr "RKHS"
  .. ..$ Name       : chr "ETA_2"
  .. ..$ tolD       : num 1e-10
  .. ..$ levelsU    : int 2737
  .. ..$ df0        : num 5
  .. ..$ R2         : num 0.167
  .. ..$ S0         : num 7874
  .. ..$ u          : num [1:3646] 57.96 13.42 93 23.63 -9.49 ...
  .. ..$ varU       : num 1623
  .. ..$ uStar      : num [1:2737] 141.98 13.42 161.08 7.27 23.63 ...
  .. ..$ NamefileOut: chr "X10_cum/ETA_2_varU.dat"
  .. ..$ SD.u       : num [1:3646] 20.7 31.5 25.6 32 32.2 ...
  .. ..$ SD.varU    : num 185
  ..$ :List of 15
  .. ..$ V          : num [1:3646, 1:576] -0.00189 -0.00645 -0.00703 -0.00832 -0.00916 ...
  .. .. ..- attr(*, "dimnames")=List of 2
  .. .. .. ..$ : chr [1:3646] "2020-21_11.107-5" "2020-21_12.90-53" "2020-21_12.93-4" "2020-21_14.37-103" ...
  .. .. .. ..$ : NULL
  .. ..$ d          : num [1:576] 985 777 402 285 213 ...
  .. ..$ model      : chr "RKHS"
  .. ..$ Name       : chr "ETA_3"
  .. ..$ tolD       : num 1e-10
  .. ..$ levelsU    : int 576
  .. ..$ df0        : num 5
  .. ..$ R2         : num 0.167
  .. ..$ S0         : num 1657
  .. ..$ u          : num [1:3646] -5.73 -76.92 -51.77 -59.15 -123.86 ...
  .. ..$ varU       : num 18719
  .. ..$ uStar      : num [1:576] -538 976 2567 2449 -981 ...
  .. ..$ NamefileOut: chr "X10_cum/ETA_3_varU.dat"
  .. ..$ SD.u       : num [1:3646] 19.6 18.5 20 17.1 19.4 ...
  .. ..$ SD.varU    : num 3396
 - attr(*, "class")= chr "BGLR"
NULL
List of 21
 $ y            : num [1:3646] 39.5 64.4 38.3 92.4 32.5 ...
 $ a            : NULL
 $ b            : NULL
 $ whichNa      : int [1:1011] 2636 2637 2638 2639 2640 2641 2642 2643 2644 2645 ...
 $ saveAt       : chr "X7_cum/"
 $ nIter        : num 12000
 $ burnIn       : num 2000
 $ thin         : num 5
 $ weights      : num [1:3646] 1 1 1 1 1 1 1 1 1 1 ...
 $ verbose      : logi FALSE
 $ response_type: chr "gaussian"
 $ df0          : num 5
 $ S0           : num 7275
 $ yHat         : num [1:3646] 93.4 59.1 64.7 79.9 41.4 ...
 $ SD.yHat      : num [1:3646] 14.4 20.2 16.4 19.2 20.5 ...
 $ mu           : num 97.3
 $ SD.mu        : num 6.14
 $ varE         : num 918
 $ SD.varE      : num 60.8
 $ fit          :List of 4
  ..$ logLikAtPostMean: num -12213
  ..$ postMeanLogLik  : num -12722
  ..$ pD              : num 1017
  ..$ DIC             : num 26461
 $ ETA          :List of 3
  ..$ :List of 15
  .. ..$ V          : num [1:3646, 1:6] 0 0 0 0 0 0 0 0 0 0 ...
  .. .. ..- attr(*, "dimnames")=List of 2
  .. .. .. ..$ : chr [1:3646] "2020-21_11.107-5" "2020-21_12.90-53" "2020-21_12.93-4" "2020-21_14.37-103" ...
  .. .. .. ..$ : NULL
  .. ..$ d          : num [1:6] 1011 918 450 447 435 ...
  .. ..$ model      : chr "RKHS"
  .. ..$ Name       : chr "ETA_1"
  .. ..$ tolD       : num 1e-10
  .. ..$ levelsU    : int 6
  .. ..$ df0        : num 5
  .. ..$ R2         : num 0.167
  .. ..$ S0         : num 5.52
  .. ..$ u          : num [1:3646] -0.146 -0.146 -0.146 -0.146 -0.146 ...
  .. ..$ varU       : num 1.88
  .. ..$ uStar      : num [1:6] -0.924 -0.749 -2.821 -1.17 3.052 ...
  .. ..$ NamefileOut: chr "X7_cum/ETA_1_varU.dat"
  .. ..$ SD.u       : num [1:3646] 1.38 1.38 1.38 1.38 1.38 ...
  .. ..$ SD.varU    : num 2.25
  ..$ :List of 15
  .. ..$ V          : num [1:3646, 1:2737] 0.408 0 0 0 0 ...
  .. .. ..- attr(*, "dimnames")=List of 2
  .. .. .. ..$ : chr [1:3646] "2020-21_11.107-5" "2020-21_12.90-53" "2020-21_12.93-4" "2020-21_14.37-103" ...
  .. .. .. ..$ : chr [1:2737] "11.107-5" "12.90-53" "12.93-4" "13.27-142" ...
  .. ..$ d          : Named num [1:2737] 6 1 3 1 1 1 1 1 2 1 ...
  .. .. ..- attr(*, "names")= chr [1:2737] "11.107-5" "12.90-53" "12.93-4" "13.27-142" ...
  .. ..$ model      : chr "RKHS"
  .. ..$ Name       : chr "ETA_2"
  .. ..$ tolD       : num 1e-10
  .. ..$ levelsU    : int 2737
  .. ..$ df0        : num 5
  .. ..$ R2         : num 0.167
  .. ..$ S0         : num 2519
  .. ..$ u          : num [1:3646] 22.63 3.04 26.36 8.74 -7.39 ...
  .. ..$ varU       : num 664
  .. ..$ uStar      : num [1:2737] 55.44 3.04 45.65 29.08 8.74 ...
  .. ..$ NamefileOut: chr "X7_cum/ETA_2_varU.dat"
  .. ..$ SD.u       : num [1:3646] 12.5 20.1 15 19.5 20.5 ...
  .. ..$ SD.varU    : num 74.2
  ..$ :List of 15
  .. ..$ V          : num [1:3646, 1:576] -0.00189 -0.00645 -0.00703 -0.00832 -0.00916 ...
  .. .. ..- attr(*, "dimnames")=List of 2
  .. .. .. ..$ : chr [1:3646] "2020-21_11.107-5" "2020-21_12.90-53" "2020-21_12.93-4" "2020-21_14.37-103" ...
  .. .. .. ..$ : NULL
  .. ..$ d          : num [1:576] 985 777 402 285 213 ...
  .. ..$ model      : chr "RKHS"
  .. ..$ Name       : chr "ETA_3"
  .. ..$ tolD       : num 1e-10
  .. ..$ levelsU    : int 576
  .. ..$ df0        : num 5
  .. ..$ R2         : num 0.167
  .. ..$ S0         : num 530
  .. ..$ u          : num [1:3646] -26.4 -41.1 -58.8 -25.9 -48.3 ...
  .. ..$ varU       : num 5447
  .. ..$ uStar      : num [1:576] 1025.3 -30.7 989.3 684.3 -306.3 ...
  .. ..$ NamefileOut: chr "X7_cum/ETA_3_varU.dat"
  .. ..$ SD.u       : num [1:3646] 10.83 10 11.04 9.36 10.2 ...
  .. ..$ SD.varU    : num 999
 - attr(*, "class")= chr "BGLR"
NULL
List of 21
 $ y            : num [1:3646] 322.8 187 253.3 232.5 79.5 ...
 $ a            : NULL
 $ b            : NULL
 $ whichNa      : int [1:1011] 2636 2637 2638 2639 2640 2641 2642 2643 2644 2645 ...
 $ saveAt       : chr "X10_cum/"
 $ nIter        : num 12000
 $ burnIn       : num 2000
 $ thin         : num 5
 $ weights      : num [1:3646] 1 1 1 1 1 1 1 1 1 1 ...
 $ verbose      : logi FALSE
 $ response_type: chr "gaussian"
 $ df0          : num 5
 $ S0           : num 22738
 $ yHat         : num [1:3646] 281.3 165.5 270.3 193.5 95.7 ...
 $ SD.yHat      : num [1:3646] 24.2 32 27.3 32.5 33.3 ...
 $ mu           : num 229
 $ SD.mu        : num 12.6
 $ varE         : num 2609
 $ SD.varE      : num 164
 $ fit          :List of 4
  ..$ logLikAtPostMean: num -13621
  ..$ postMeanLogLik  : num -14100
  ..$ pD              : num 958
  ..$ DIC             : num 29158
 $ ETA          :List of 3
  ..$ :List of 15
  .. ..$ V          : num [1:3646, 1:6] 0 0 0 0 0 0 0 0 0 0 ...
  .. .. ..- attr(*, "dimnames")=List of 2
  .. .. .. ..$ : chr [1:3646] "2020-21_11.107-5" "2020-21_12.90-53" "2020-21_12.93-4" "2020-21_14.37-103" ...
  .. .. .. ..$ : NULL
  .. ..$ d          : num [1:6] 1011 918 450 447 435 ...
  .. ..$ model      : chr "RKHS"
  .. ..$ Name       : chr "ETA_1"
  .. ..$ tolD       : num 1e-10
  .. ..$ levelsU    : int 6
  .. ..$ df0        : num 5
  .. ..$ R2         : num 0.167
  .. ..$ S0         : num 17.3
  .. ..$ u          : num [1:3646] -0.0746 -0.0746 -0.0746 -0.0746 -0.0746 ...
  .. ..$ varU       : num 6.14
  .. ..$ uStar      : num [1:6] -0.263 13.654 -7.621 -0.633 1.555 ...
  .. ..$ NamefileOut: chr "X10_cum/ETA_1_varU.dat"
  .. ..$ SD.u       : num [1:3646] 2.54 2.54 2.54 2.54 2.54 ...
  .. ..$ SD.varU    : num 6.71
  ..$ :List of 15
  .. ..$ V          : num [1:3646, 1:2737] 0.408 0 0 0 0 ...
  .. .. ..- attr(*, "dimnames")=List of 2
  .. .. .. ..$ : chr [1:3646] "2020-21_11.107-5" "2020-21_12.90-53" "2020-21_12.93-4" "2020-21_14.37-103" ...
  .. .. .. ..$ : chr [1:2737] "11.107-5" "12.90-53" "12.93-4" "13.27-142" ...
  .. ..$ d          : Named num [1:2737] 6 1 3 1 1 1 1 1 2 1 ...
  .. .. ..- attr(*, "names")= chr [1:2737] "11.107-5" "12.90-53" "12.93-4" "13.27-142" ...
  .. ..$ model      : chr "RKHS"
  .. ..$ Name       : chr "ETA_2"
  .. ..$ tolD       : num 1e-10
  .. ..$ levelsU    : int 2737
  .. ..$ df0        : num 5
  .. ..$ R2         : num 0.167
  .. ..$ S0         : num 7874
  .. ..$ u          : num [1:3646] 57.96 13.42 93 23.63 -9.49 ...
  .. ..$ varU       : num 1623
  .. ..$ uStar      : num [1:2737] 141.98 13.42 161.08 7.27 23.63 ...
  .. ..$ NamefileOut: chr "X10_cum/ETA_2_varU.dat"
  .. ..$ SD.u       : num [1:3646] 20.7 31.5 25.6 32 32.2 ...
  .. ..$ SD.varU    : num 185
  ..$ :List of 15
  .. ..$ V          : num [1:3646, 1:576] -0.00189 -0.00645 -0.00703 -0.00832 -0.00916 ...
  .. .. ..- attr(*, "dimnames")=List of 2
  .. .. .. ..$ : chr [1:3646] "2020-21_11.107-5" "2020-21_12.90-53" "2020-21_12.93-4" "2020-21_14.37-103" ...
  .. .. .. ..$ : NULL
  .. ..$ d          : num [1:576] 985 777 402 285 213 ...
  .. ..$ model      : chr "RKHS"
  .. ..$ Name       : chr "ETA_3"
  .. ..$ tolD       : num 1e-10
  .. ..$ levelsU    : int 576
  .. ..$ df0        : num 5
  .. ..$ R2         : num 0.167
  .. ..$ S0         : num 1657
  .. ..$ u          : num [1:3646] -5.73 -76.92 -51.77 -59.15 -123.86 ...
  .. ..$ varU       : num 18719
  .. ..$ uStar      : num [1:576] -538 976 2567 2449 -981 ...
  .. ..$ NamefileOut: chr "X10_cum/ETA_3_varU.dat"
  .. ..$ SD.u       : num [1:3646] 19.6 18.5 20 17.1 19.4 ...
  .. ..$ SD.varU    : num 3396
 - attr(*, "class")= chr "BGLR"
NULL
List of 21
 $ y            : num [1:3646] 76.5 118.8 117.3 133.6 54.6 ...
 $ a            : NULL
 $ b            : NULL
 $ whichNa      : int [1:1011] 2636 2637 2638 2639 2640 2641 2642 2643 2644 2645 ...
 $ saveAt       : chr "X8_cum/"
 $ nIter        : num 12000
 $ burnIn       : num 2000
 $ thin         : num 5
 $ weights      : num [1:3646] 1 1 1 1 1 1 1 1 1 1 ...
 $ verbose      : logi FALSE
 $ response_type: chr "gaussian"
 $ df0          : num 5
 $ S0           : num 11387
 $ yHat         : num [1:3646] 145.6 99 145.3 117.7 66.2 ...
 $ SD.yHat      : num [1:3646] 17.7 23.8 20.2 23.8 24.2 ...
 $ mu           : num 132
 $ SD.mu        : num 8.87
 $ varE         : num 1447
 $ SD.varE      : num 94.2
 $ fit          :List of 4
  ..$ logLikAtPostMean: num -12846
  ..$ postMeanLogLik  : num -13324
  ..$ pD              : num 955
  ..$ DIC             : num 27603
 $ ETA          :List of 3
  ..$ :List of 15
  .. ..$ V          : num [1:3646, 1:6] 0 0 0 0 0 0 0 0 0 0 ...
  .. .. ..- attr(*, "dimnames")=List of 2
  .. .. .. ..$ : chr [1:3646] "2020-21_11.107-5" "2020-21_12.90-53" "2020-21_12.93-4" "2020-21_14.37-103" ...
  .. .. .. ..$ : NULL
  .. ..$ d          : num [1:6] 1011 918 450 447 435 ...
  .. ..$ model      : chr "RKHS"
  .. ..$ Name       : chr "ETA_1"
  .. ..$ tolD       : num 1e-10
  .. ..$ levelsU    : int 6
  .. ..$ df0        : num 5
  .. ..$ R2         : num 0.167
  .. ..$ S0         : num 8.64
  .. ..$ u          : num [1:3646] -0.195 -0.195 -0.195 -0.195 -0.195 ...
  .. ..$ varU       : num 3.18
  .. ..$ uStar      : num [1:6] -0.81 1.98 -1.96 -2.85 4.07 ...
  .. ..$ NamefileOut: chr "X8_cum/ETA_1_varU.dat"
  .. ..$ SD.u       : num [1:3646] 1.77 1.77 1.77 1.77 1.77 ...
  .. ..$ SD.varU    : num 5.12
  ..$ :List of 15
  .. ..$ V          : num [1:3646, 1:2737] 0.408 0 0 0 0 ...
  .. .. ..- attr(*, "dimnames")=List of 2
  .. .. .. ..$ : chr [1:3646] "2020-21_11.107-5" "2020-21_12.90-53" "2020-21_12.93-4" "2020-21_14.37-103" ...
  .. .. .. ..$ : chr [1:2737] "11.107-5" "12.90-53" "12.93-4" "13.27-142" ...
  .. ..$ d          : Named num [1:2737] 6 1 3 1 1 1 1 1 2 1 ...
  .. .. ..- attr(*, "names")= chr [1:2737] "11.107-5" "12.90-53" "12.93-4" "13.27-142" ...
  .. ..$ model      : chr "RKHS"
  .. ..$ Name       : chr "ETA_2"
  .. ..$ tolD       : num 1e-10
  .. ..$ levelsU    : int 2737
  .. ..$ df0        : num 5
  .. ..$ R2         : num 0.167
  .. ..$ S0         : num 3943
  .. ..$ u          : num [1:3646] 26.17 12.33 65.3 10 -7.19 ...
  .. ..$ varU       : num 915
  .. ..$ uStar      : num [1:2737] 64.1 12.3 113.1 25 10 ...
  .. ..$ NamefileOut: chr "X8_cum/ETA_2_varU.dat"
  .. ..$ SD.u       : num [1:3646] 15.5 23.4 19 23.6 24.1 ...
  .. ..$ SD.varU    : num 104
  ..$ :List of 15
  .. ..$ V          : num [1:3646, 1:576] -0.00189 -0.00645 -0.00703 -0.00832 -0.00916 ...
  .. .. ..- attr(*, "dimnames")=List of 2
  .. .. .. ..$ : chr [1:3646] "2020-21_11.107-5" "2020-21_12.90-53" "2020-21_12.93-4" "2020-21_14.37-103" ...
  .. .. .. ..$ : NULL
  .. ..$ d          : num [1:576] 985 777 402 285 213 ...
  .. ..$ model      : chr "RKHS"
  .. ..$ Name       : chr "ETA_3"
  .. ..$ tolD       : num 1e-10
  .. ..$ levelsU    : int 576
  .. ..$ df0        : num 5
  .. ..$ R2         : num 0.167
  .. ..$ S0         : num 830
  .. ..$ u          : num [1:3646] -12.7 -45.5 -52.2 -24.4 -58.8 ...
  .. ..$ varU       : num 8184
  .. ..$ uStar      : num [1:576] 1148 131 1097 1254 -604 ...
  .. ..$ NamefileOut: chr "X8_cum/ETA_3_varU.dat"
  .. ..$ SD.u       : num [1:3646] 13.8 13.3 14.2 12.4 13.3 ...
  .. ..$ SD.varU    : num 1457
 - attr(*, "class")= chr "BGLR"
NULL
List of 21
 $ y            : num [1:3646] 168.3 157.8 184.1 166.6 78.9 ...
 $ a            : NULL
 $ b            : NULL
 $ whichNa      : int [1:1011] 2636 2637 2638 2639 2640 2641 2642 2643 2644 2645 ...
 $ saveAt       : chr "X9_cum/"
 $ nIter        : num 12000
 $ burnIn       : num 2000
 $ thin         : num 5
 $ weights      : num [1:3646] 1 1 1 1 1 1 1 1 1 1 ...
 $ verbose      : logi FALSE
 $ response_type: chr "gaussian"
 $ df0          : num 5
 $ S0           : num 17979
 $ yHat         : num [1:3646] 211.2 132.6 209.2 151.8 87.4 ...
 $ SD.yHat      : num [1:3646] 20.9 29.3 24.1 28.9 29.2 ...
 $ mu           : num 178
 $ SD.mu        : num 8.09
 $ varE         : num 2045
 $ SD.varE      : num 129
 $ fit          :List of 4
  ..$ logLikAtPostMean: num -13291
  ..$ postMeanLogLik  : num -13779
  ..$ pD              : num 977
  ..$ DIC             : num 28534
 $ ETA          :List of 3
  ..$ :List of 15
  .. ..$ V          : num [1:3646, 1:6] 0 0 0 0 0 0 0 0 0 0 ...
  .. .. ..- attr(*, "dimnames")=List of 2
  .. .. .. ..$ : chr [1:3646] "2020-21_11.107-5" "2020-21_12.90-53" "2020-21_12.93-4" "2020-21_14.37-103" ...
  .. .. .. ..$ : NULL
  .. ..$ d          : num [1:6] 1011 918 450 447 435 ...
  .. ..$ model      : chr "RKHS"
  .. ..$ Name       : chr "ETA_1"
  .. ..$ tolD       : num 1e-10
  .. ..$ levelsU    : int 6
  .. ..$ df0        : num 5
  .. ..$ R2         : num 0.167
  .. ..$ S0         : num 13.6
  .. ..$ u          : num [1:3646] -0.0552 -0.0552 -0.0552 -0.0552 -0.0552 ...
  .. ..$ varU       : num 4.18
  .. ..$ uStar      : num [1:6] -0.339 4.22 -2.774 0.962 1.152 ...
  .. ..$ NamefileOut: chr "X9_cum/ETA_1_varU.dat"
  .. ..$ SD.u       : num [1:3646] 2.06 2.06 2.06 2.06 2.06 ...
  .. ..$ SD.varU    : num 3.68
  ..$ :List of 15
  .. ..$ V          : num [1:3646, 1:2737] 0.408 0 0 0 0 ...
  .. .. ..- attr(*, "dimnames")=List of 2
  .. .. .. ..$ : chr [1:3646] "2020-21_11.107-5" "2020-21_12.90-53" "2020-21_12.93-4" "2020-21_14.37-103" ...
  .. .. .. ..$ : chr [1:2737] "11.107-5" "12.90-53" "12.93-4" "13.27-142" ...
  .. ..$ d          : Named num [1:2737] 6 1 3 1 1 1 1 1 2 1 ...
  .. .. ..- attr(*, "names")= chr [1:2737] "11.107-5" "12.90-53" "12.93-4" "13.27-142" ...
  .. ..$ model      : chr "RKHS"
  .. ..$ Name       : chr "ETA_2"
  .. ..$ tolD       : num 1e-10
  .. ..$ levelsU    : int 2737
  .. ..$ df0        : num 5
  .. ..$ R2         : num 0.167
  .. ..$ S0         : num 6226
  .. ..$ u          : num [1:3646] 43.93 16.32 85.13 10.4 -6.13 ...
  .. ..$ varU       : num 1337
  .. ..$ uStar      : num [1:2737] 107.6 16.3 147.5 22.3 10.4 ...
  .. ..$ NamefileOut: chr "X9_cum/ETA_2_varU.dat"
  .. ..$ SD.u       : num [1:3646] 18.4 28.9 22.5 28.4 28.8 ...
  .. ..$ SD.varU    : num 150
  ..$ :List of 15
  .. ..$ V          : num [1:3646, 1:576] -0.00189 -0.00645 -0.00703 -0.00832 -0.00916 ...
  .. .. ..- attr(*, "dimnames")=List of 2
  .. .. .. ..$ : chr [1:3646] "2020-21_11.107-5" "2020-21_12.90-53" "2020-21_12.93-4" "2020-21_14.37-103" ...
  .. .. .. ..$ : NULL
  .. ..$ d          : num [1:576] 985 777 402 285 213 ...
  .. ..$ model      : chr "RKHS"
  .. ..$ Name       : chr "ETA_3"
  .. ..$ tolD       : num 1e-10
  .. ..$ levelsU    : int 576
  .. ..$ df0        : num 5
  .. ..$ R2         : num 0.167
  .. ..$ S0         : num 1311
  .. ..$ u          : num [1:3646] -10.5 -61.5 -53.8 -36.5 -84.3 ...
  .. ..$ varU       : num 13770
  .. ..$ uStar      : num [1:576] 738 470 1518 2240 -908 ...
  .. ..$ NamefileOut: chr "X9_cum/ETA_3_varU.dat"
  .. ..$ SD.u       : num [1:3646] 15.3 14.1 16 13 14.9 ...
  .. ..$ SD.varU    : num 2383
 - attr(*, "class")= chr "BGLR"
NULL
List of 21
 $ y            : num [1:3646] 322.8 187 253.3 232.5 79.5 ...
 $ a            : NULL
 $ b            : NULL
 $ whichNa      : int [1:1011] 2636 2637 2638 2639 2640 2641 2642 2643 2644 2645 ...
 $ saveAt       : chr "X10_cum/"
 $ nIter        : num 12000
 $ burnIn       : num 2000
 $ thin         : num 5
 $ weights      : num [1:3646] 1 1 1 1 1 1 1 1 1 1 ...
 $ verbose      : logi FALSE
 $ response_type: chr "gaussian"
 $ df0          : num 5
 $ S0           : num 22738
 $ yHat         : num [1:3646] 281.3 165.5 270.3 193.5 95.7 ...
 $ SD.yHat      : num [1:3646] 24.2 32 27.3 32.5 33.3 ...
 $ mu           : num 229
 $ SD.mu        : num 12.6
 $ varE         : num 2609
 $ SD.varE      : num 164
 $ fit          :List of 4
  ..$ logLikAtPostMean: num -13621
  ..$ postMeanLogLik  : num -14100
  ..$ pD              : num 958
  ..$ DIC             : num 29158
 $ ETA          :List of 3
  ..$ :List of 15
  .. ..$ V          : num [1:3646, 1:6] 0 0 0 0 0 0 0 0 0 0 ...
  .. .. ..- attr(*, "dimnames")=List of 2
  .. .. .. ..$ : chr [1:3646] "2020-21_11.107-5" "2020-21_12.90-53" "2020-21_12.93-4" "2020-21_14.37-103" ...
  .. .. .. ..$ : NULL
  .. ..$ d          : num [1:6] 1011 918 450 447 435 ...
  .. ..$ model      : chr "RKHS"
  .. ..$ Name       : chr "ETA_1"
  .. ..$ tolD       : num 1e-10
  .. ..$ levelsU    : int 6
  .. ..$ df0        : num 5
  .. ..$ R2         : num 0.167
  .. ..$ S0         : num 17.3
  .. ..$ u          : num [1:3646] -0.0746 -0.0746 -0.0746 -0.0746 -0.0746 ...
  .. ..$ varU       : num 6.14
  .. ..$ uStar      : num [1:6] -0.263 13.654 -7.621 -0.633 1.555 ...
  .. ..$ NamefileOut: chr "X10_cum/ETA_1_varU.dat"
  .. ..$ SD.u       : num [1:3646] 2.54 2.54 2.54 2.54 2.54 ...
  .. ..$ SD.varU    : num 6.71
  ..$ :List of 15
  .. ..$ V          : num [1:3646, 1:2737] 0.408 0 0 0 0 ...
  .. .. ..- attr(*, "dimnames")=List of 2
  .. .. .. ..$ : chr [1:3646] "2020-21_11.107-5" "2020-21_12.90-53" "2020-21_12.93-4" "2020-21_14.37-103" ...
  .. .. .. ..$ : chr [1:2737] "11.107-5" "12.90-53" "12.93-4" "13.27-142" ...
  .. ..$ d          : Named num [1:2737] 6 1 3 1 1 1 1 1 2 1 ...
  .. .. ..- attr(*, "names")= chr [1:2737] "11.107-5" "12.90-53" "12.93-4" "13.27-142" ...
  .. ..$ model      : chr "RKHS"
  .. ..$ Name       : chr "ETA_2"
  .. ..$ tolD       : num 1e-10
  .. ..$ levelsU    : int 2737
  .. ..$ df0        : num 5
  .. ..$ R2         : num 0.167
  .. ..$ S0         : num 7874
  .. ..$ u          : num [1:3646] 57.96 13.42 93 23.63 -9.49 ...
  .. ..$ varU       : num 1623
  .. ..$ uStar      : num [1:2737] 141.98 13.42 161.08 7.27 23.63 ...
  .. ..$ NamefileOut: chr "X10_cum/ETA_2_varU.dat"
  .. ..$ SD.u       : num [1:3646] 20.7 31.5 25.6 32 32.2 ...
  .. ..$ SD.varU    : num 185
  ..$ :List of 15
  .. ..$ V          : num [1:3646, 1:576] -0.00189 -0.00645 -0.00703 -0.00832 -0.00916 ...
  .. .. ..- attr(*, "dimnames")=List of 2
  .. .. .. ..$ : chr [1:3646] "2020-21_11.107-5" "2020-21_12.90-53" "2020-21_12.93-4" "2020-21_14.37-103" ...
  .. .. .. ..$ : NULL
  .. ..$ d          : num [1:576] 985 777 402 285 213 ...
  .. ..$ model      : chr "RKHS"
  .. ..$ Name       : chr "ETA_3"
  .. ..$ tolD       : num 1e-10
  .. ..$ levelsU    : int 576
  .. ..$ df0        : num 5
  .. ..$ R2         : num 0.167
  .. ..$ S0         : num 1657
  .. ..$ u          : num [1:3646] -5.73 -76.92 -51.77 -59.15 -123.86 ...
  .. ..$ varU       : num 18719
  .. ..$ uStar      : num [1:576] -538 976 2567 2449 -981 ...
  .. ..$ NamefileOut: chr "X10_cum/ETA_3_varU.dat"
  .. ..$ SD.u       : num [1:3646] 19.6 18.5 20 17.1 19.4 ...
  .. ..$ SD.varU    : num 3396
 - attr(*, "class")= chr "BGLR"
NULL
