[1] "/blue/jhernandezjarqui/skaur4/P3/Pipeline/Fit_models/E+L+P_orig/code"
[1][1] "/blue/jhernandezjarqui/skaur4/P3/Pipeline/Fit_models/E+L+P_orig/code" "/blue/jhernandezjarqui/skaur4/P3/Pipeline/Fit_models/E+L+P_orig/code"

[1] "/blue/jhernandezjarqui/skaur4/P3/Pipeline/Fit_models/E+L+P_orig/code"
[1] "/blue/jhernandezjarqui/skaur4/P3/Pipeline/Fit_models/E+L+P_orig/code"
   Season  Genotype           X1           X2          X3         X4         X5
1 2020-21  11.107-5  0.102302713 -0.165278447  0.38544639 -0.5732461  3.7283379
2 2020-21  12.90-53  0.006921081  5.649260494 -0.22336184 11.7019507  6.4431297
3 2020-21   12.93-4  0.090194545  0.006468352  0.06127728  0.3229944 -0.1364391
4 2020-21 14.37-103 -0.210885353  4.728204305 -0.10080727  2.3019463 23.0680724
5 2020-21  14.83-36 -0.061265136  3.293565862  8.34033725  4.5377755 12.1759630
6 2020-21   15.25-6  4.615088303 18.932118246 10.82336184 10.7643449  6.4781999
          X6         X7        X8       X9         X10      X1_cum     X2_cum
1  0.6772043 34.5574908 37.006810 91.81207 154.5383817 0.102302713  0.1023027
2  8.5936774 32.0003564 54.380347 38.98621  29.2719580 0.006921081  5.6561816
3  0.1354409 37.7077238 78.966896 66.84462  69.2068952 0.090194545  0.0966629
4 -0.1354409 62.2702169 41.244712 33.02996  65.8565685 0.000000000  4.7282043
5  3.5354409  0.5850389 22.173273 24.28781   0.6060062 0.000000000  3.2935659
6  3.0063226  4.2300030  4.785296 28.00388  31.7848699 4.615088303 23.5472065
      X3_cum     X4_cum     X5_cum     X6_cum   X7_cum    X8_cum    X9_cum
1  0.4877491  0.4877491  4.2160870  4.8932912 39.45078  76.45759 168.26966
2  5.6561816 17.3581323 23.8012620 32.3949395 64.39530 118.77564 157.76185
3  0.1579402  0.4809346  0.4809346  0.6163755 38.32410 117.29100 184.13561
4  4.7282043  7.0301506 30.0982230 30.0982230 92.36844 133.61315 166.64311
5 11.6339031 16.1716786 28.3476416 31.8830824 32.46812  54.64139  78.92921
6 34.3705684 45.1349133 51.6131132 54.6194357 58.84944  63.63473  91.63862
    X10_cum
1 322.80804
2 187.03381
3 253.34251
4 232.49968
5  79.53521
6 123.42349
   Season  Genotype           X1           X2          X3         X4         X5
1 2020-21  11.107-5  0.102302713 -0.165278447  0.38544639 -0.5732461  3.7283379
2 2020-21  12.90-53  0.006921081  5.649260494 -0.22336184 11.7019507  6.4431297
3 2020-21   12.93-4  0.090194545  0.006468352  0.06127728  0.3229944 -0.1364391
4 2020-21 14.37-103 -0.210885353  4.728204305 -0.10080727  2.3019463 23.0680724
5 2020-21  14.83-36 -0.061265136  3.293565862  8.34033725  4.5377755 12.1759630
6 2020-21   15.25-6  4.615088303 18.932118246 10.82336184 10.7643449  6.4781999
          X6         X7        X8       X9         X10      X1_cum     X2_cum
1  0.6772043 34.5574908 37.006810 91.81207 154.5383817 0.102302713  0.1023027
2  8.5936774 32.0003564 54.380347 38.98621  29.2719580 0.006921081  5.6561816
3  0.1354409 37.7077238 78.966896 66.84462  69.2068952 0.090194545  0.0966629
4 -0.1354409 62.2702169 41.244712 33.02996  65.8565685 0.000000000  4.7282043
5  3.5354409  0.5850389 22.173273 24.28781   0.6060062 0.000000000  3.2935659
6  3.0063226  4.2300030  4.785296 28.00388  31.7848699 4.615088303 23.5472065
      X3_cum     X4_cum     X5_cum     X6_cum   X7_cum    X8_cum    X9_cum
1  0.4877491  0.4877491  4.2160870  4.8932912 39.45078  76.45759 168.26966
2  5.6561816 17.3581323 23.8012620 32.3949395 64.39530 118.77564 157.76185
3  0.1579402  0.4809346  0.4809346  0.6163755 38.32410 117.29100 184.13561
4  4.7282043  7.0301506 30.0982230 30.0982230 92.36844 133.61315 166.64311
5 11.6339031 16.1716786 28.3476416 31.8830824 32.46812  54.64139  78.92921
6 34.3705684 45.1349133 51.6131132 54.6194357 58.84944  63.63473  91.63862
    X10_cum
1 322.80804
2 187.03381
3 253.34251
4 232.49968
5  79.53521
6 123.42349
   Season  Genotype           X1           X2          X3         X4         X5
1 2020-21  11.107-5  0.102302713 -0.165278447  0.38544639 -0.5732461  3.7283379
2 2020-21  12.90-53  0.006921081  5.649260494 -0.22336184 11.7019507  6.4431297
3 2020-21   12.93-4  0.090194545  0.006468352  0.06127728  0.3229944 -0.1364391
4 2020-21 14.37-103 -0.210885353  4.728204305 -0.10080727  2.3019463 23.0680724
5 2020-21  14.83-36 -0.061265136  3.293565862  8.34033725  4.5377755 12.1759630
6 2020-21   15.25-6  4.615088303 18.932118246 10.82336184 10.7643449  6.4781999
          X6         X7        X8       X9         X10      X1_cum     X2_cum
1  0.6772043 34.5574908 37.006810 91.81207 154.5383817 0.102302713  0.1023027
2  8.5936774 32.0003564 54.380347 38.98621  29.2719580 0.006921081  5.6561816
3  0.1354409 37.7077238 78.966896 66.84462  69.2068952 0.090194545  0.0966629
4 -0.1354409 62.2702169 41.244712 33.02996  65.8565685 0.000000000  4.7282043
5  3.5354409  0.5850389 22.173273 24.28781   0.6060062 0.000000000  3.2935659
6  3.0063226  4.2300030  4.785296 28.00388  31.7848699 4.615088303 23.5472065
      X3_cum     X4_cum     X5_cum     X6_cum   X7_cum    X8_cum    X9_cum
1  0.4877491  0.4877491  4.2160870  4.8932912 39.45078  76.45759 168.26966
2  5.6561816 17.3581323 23.8012620 32.3949395 64.39530 118.77564 157.76185
3  0.1579402  0.4809346  0.4809346  0.6163755 38.32410 117.29100 184.13561
4  4.7282043  7.0301506 30.0982230 30.0982230 92.36844 133.61315 166.64311
5 11.6339031 16.1716786 28.3476416 31.8830824 32.46812  54.64139  78.92921
6 34.3705684 45.1349133 51.6131132 54.6194357 58.84944  63.63473  91.63862
    X10_cum
1 322.80804
2 187.03381
3 253.34251
4 232.49968
5  79.53521
6 123.42349
   Season  Genotype           X1           X2          X3         X4         X5
1 2020-21  11.107-5  0.102302713 -0.165278447  0.38544639 -0.5732461  3.7283379
2 2020-21  12.90-53  0.006921081  5.649260494 -0.22336184 11.7019507  6.4431297
3 2020-21   12.93-4  0.090194545  0.006468352  0.06127728  0.3229944 -0.1364391
4 2020-21 14.37-103 -0.210885353  4.728204305 -0.10080727  2.3019463 23.0680724
5 2020-21  14.83-36 -0.061265136  3.293565862  8.34033725  4.5377755 12.1759630
6 2020-21   15.25-6  4.615088303 18.932118246 10.82336184 10.7643449  6.4781999
          X6         X7        X8       X9         X10      X1_cum     X2_cum
1  0.6772043 34.5574908 37.006810 91.81207 154.5383817 0.102302713  0.1023027
2  8.5936774 32.0003564 54.380347 38.98621  29.2719580 0.006921081  5.6561816
3  0.1354409 37.7077238 78.966896 66.84462  69.2068952 0.090194545  0.0966629
4 -0.1354409 62.2702169 41.244712 33.02996  65.8565685 0.000000000  4.7282043
5  3.5354409  0.5850389 22.173273 24.28781   0.6060062 0.000000000  3.2935659
6  3.0063226  4.2300030  4.785296 28.00388  31.7848699 4.615088303 23.5472065
      X3_cum     X4_cum     X5_cum     X6_cum   X7_cum    X8_cum    X9_cum
1  0.4877491  0.4877491  4.2160870  4.8932912 39.45078  76.45759 168.26966
2  5.6561816 17.3581323 23.8012620 32.3949395 64.39530 118.77564 157.76185
3  0.1579402  0.4809346  0.4809346  0.6163755 38.32410 117.29100 184.13561
4  4.7282043  7.0301506 30.0982230 30.0982230 92.36844 133.61315 166.64311
5 11.6339031 16.1716786 28.3476416 31.8830824 32.46812  54.64139  78.92921
6 34.3705684 45.1349133 51.6131132 54.6194357 58.84944  63.63473  91.63862
    X10_cum
1 322.80804
2 187.03381
3 253.34251
4 232.49968
5  79.53521
6 123.42349
   Season  Genotype           X1           X2          X3         X4         X5
1 2020-21  11.107-5  0.102302713 -0.165278447  0.38544639 -0.5732461  3.7283379
2 2020-21  12.90-53  0.006921081  5.649260494 -0.22336184 11.7019507  6.4431297
3 2020-21   12.93-4  0.090194545  0.006468352  0.06127728  0.3229944 -0.1364391
4 2020-21 14.37-103 -0.210885353  4.728204305 -0.10080727  2.3019463 23.0680724
5 2020-21  14.83-36 -0.061265136  3.293565862  8.34033725  4.5377755 12.1759630
6 2020-21   15.25-6  4.615088303 18.932118246 10.82336184 10.7643449  6.4781999
          X6         X7        X8       X9         X10      X1_cum     X2_cum
1  0.6772043 34.5574908 37.006810 91.81207 154.5383817 0.102302713  0.1023027
2  8.5936774 32.0003564 54.380347 38.98621  29.2719580 0.006921081  5.6561816
3  0.1354409 37.7077238 78.966896 66.84462  69.2068952 0.090194545  0.0966629
4 -0.1354409 62.2702169 41.244712 33.02996  65.8565685 0.000000000  4.7282043
5  3.5354409  0.5850389 22.173273 24.28781   0.6060062 0.000000000  3.2935659
6  3.0063226  4.2300030  4.785296 28.00388  31.7848699 4.615088303 23.5472065
      X3_cum     X4_cum     X5_cum     X6_cum   X7_cum    X8_cum    X9_cum
1  0.4877491  0.4877491  4.2160870  4.8932912 39.45078  76.45759 168.26966
2  5.6561816 17.3581323 23.8012620 32.3949395 64.39530 118.77564 157.76185
3  0.1579402  0.4809346  0.4809346  0.6163755 38.32410 117.29100 184.13561
4  4.7282043  7.0301506 30.0982230 30.0982230 92.36844 133.61315 166.64311
5 11.6339031 16.1716786 28.3476416 31.8830824 32.46812  54.64139  78.92921
6 34.3705684 45.1349133 51.6131132 54.6194357 58.84944  63.63473  91.63862
    X10_cum
1 322.80804
2 187.03381
3 253.34251
4 232.49968
5  79.53521
6 123.42349
[1] "/blue/jhernandezjarqui/skaur4/P3/Pipeline/Fit_models/E+L+P_orig/code"
[1][1] "/blue/jhernandezjarqui/skaur4/P3/Pipeline/Fit_models/E+L+P_orig/code" "/blue/jhernandezjarqui/skaur4/P3/Pipeline/Fit_models/E+L+P_orig/code"

   Season  Genotype           X1           X2          X3         X4         X5
1 2020-21  11.107-5  0.102302713 -0.165278447  0.38544639 -0.5732461  3.7283379
2 2020-21  12.90-53  0.006921081  5.649260494 -0.22336184 11.7019507  6.4431297
3 2020-21   12.93-4  0.090194545  0.006468352  0.06127728  0.3229944 -0.1364391
4 2020-21 14.37-103 -0.210885353  4.728204305 -0.10080727  2.3019463 23.0680724
5 2020-21  14.83-36 -0.061265136  3.293565862  8.34033725  4.5377755 12.1759630
6 2020-21   15.25-6  4.615088303 18.932118246 10.82336184 10.7643449  6.4781999
          X6         X7        X8       X9         X10      X1_cum     X2_cum
1  0.6772043 34.5574908 37.006810 91.81207 154.5383817 0.102302713  0.1023027
2  8.5936774 32.0003564 54.380347 38.98621  29.2719580 0.006921081  5.6561816
3  0.1354409 37.7077238 78.966896 66.84462  69.2068952 0.090194545  0.0966629
4 -0.1354409 62.2702169 41.244712 33.02996  65.8565685 0.000000000  4.7282043
5  3.5354409  0.5850389 22.173273 24.28781   0.6060062 0.000000000  3.2935659
6  3.0063226  4.2300030  4.785296 28.00388  31.7848699 4.615088303 23.5472065
      X3_cum     X4_cum     X5_cum     X6_cum   X7_cum    X8_cum    X9_cum
1  0.4877491  0.4877491  4.2160870  4.8932912 39.45078  76.45759 168.26966
2  5.6561816 17.3581323 23.8012620 32.3949395 64.39530 118.77564 157.76185
3  0.1579402  0.4809346  0.4809346  0.6163755 38.32410 117.29100 184.13561
4  4.7282043  7.0301506 30.0982230 30.0982230 92.36844 133.61315 166.64311
5 11.6339031 16.1716786 28.3476416 31.8830824 32.46812  54.64139  78.92921
6 34.3705684 45.1349133 51.6131132 54.6194357 58.84944  63.63473  91.63862
    X10_cum
1 322.80804
2 187.03381
3 253.34251
4 232.49968
5  79.53521
6 123.42349
   Season  Genotype           X1           X2          X3         X4         X5
1 2020-21  11.107-5  0.102302713 -0.165278447  0.38544639 -0.5732461  3.7283379
2 2020-21  12.90-53  0.006921081  5.649260494 -0.22336184 11.7019507  6.4431297
3 2020-21   12.93-4  0.090194545  0.006468352  0.06127728  0.3229944 -0.1364391
4 2020-21 14.37-103 -0.210885353  4.728204305 -0.10080727  2.3019463 23.0680724
5 2020-21  14.83-36 -0.061265136  3.293565862  8.34033725  4.5377755 12.1759630
6 2020-21   15.25-6  4.615088303 18.932118246 10.82336184 10.7643449  6.4781999
          X6         X7        X8       X9         X10      X1_cum     X2_cum
1  0.6772043 34.5574908 37.006810 91.81207 154.5383817 0.102302713  0.1023027
2  8.5936774 32.0003564 54.380347 38.98621  29.2719580 0.006921081  5.6561816
3  0.1354409 37.7077238 78.966896 66.84462  69.2068952 0.090194545  0.0966629
4 -0.1354409 62.2702169 41.244712 33.02996  65.8565685 0.000000000  4.7282043
5  3.5354409  0.5850389 22.173273 24.28781   0.6060062 0.000000000  3.2935659
6  3.0063226  4.2300030  4.785296 28.00388  31.7848699 4.615088303 23.5472065
      X3_cum     X4_cum     X5_cum     X6_cum   X7_cum    X8_cum    X9_cum
1  0.4877491  0.4877491  4.2160870  4.8932912 39.45078  76.45759 168.26966
2  5.6561816 17.3581323 23.8012620 32.3949395 64.39530 118.77564 157.76185
3  0.1579402  0.4809346  0.4809346  0.6163755 38.32410 117.29100 184.13561
4  4.7282043  7.0301506 30.0982230 30.0982230 92.36844 133.61315 166.64311
5 11.6339031 16.1716786 28.3476416 31.8830824 32.46812  54.64139  78.92921
6 34.3705684 45.1349133 51.6131132 54.6194357 58.84944  63.63473  91.63862
    X10_cum
1 322.80804
2 187.03381
3 253.34251
4 232.49968
5  79.53521
6 123.42349
   Season  Genotype           X1           X2          X3         X4         X5
1 2020-21  11.107-5  0.102302713 -0.165278447  0.38544639 -0.5732461  3.7283379
2 2020-21  12.90-53  0.006921081  5.649260494 -0.22336184 11.7019507  6.4431297
3 2020-21   12.93-4  0.090194545  0.006468352  0.06127728  0.3229944 -0.1364391
4 2020-21 14.37-103 -0.210885353  4.728204305 -0.10080727  2.3019463 23.0680724
5 2020-21  14.83-36 -0.061265136  3.293565862  8.34033725  4.5377755 12.1759630
6 2020-21   15.25-6  4.615088303 18.932118246 10.82336184 10.7643449  6.4781999
          X6         X7        X8       X9         X10      X1_cum     X2_cum
1  0.6772043 34.5574908 37.006810 91.81207 154.5383817 0.102302713  0.1023027
2  8.5936774 32.0003564 54.380347 38.98621  29.2719580 0.006921081  5.6561816
3  0.1354409 37.7077238 78.966896 66.84462  69.2068952 0.090194545  0.0966629
4 -0.1354409 62.2702169 41.244712 33.02996  65.8565685 0.000000000  4.7282043
5  3.5354409  0.5850389 22.173273 24.28781   0.6060062 0.000000000  3.2935659
6  3.0063226  4.2300030  4.785296 28.00388  31.7848699 4.615088303 23.5472065
      X3_cum     X4_cum     X5_cum     X6_cum   X7_cum    X8_cum    X9_cum
1  0.4877491  0.4877491  4.2160870  4.8932912 39.45078  76.45759 168.26966
2  5.6561816 17.3581323 23.8012620 32.3949395 64.39530 118.77564 157.76185
3  0.1579402  0.4809346  0.4809346  0.6163755 38.32410 117.29100 184.13561
4  4.7282043  7.0301506 30.0982230 30.0982230 92.36844 133.61315 166.64311
5 11.6339031 16.1716786 28.3476416 31.8830824 32.46812  54.64139  78.92921
6 34.3705684 45.1349133 51.6131132 54.6194357 58.84944  63.63473  91.63862
    X10_cum
1 322.80804
2 187.03381
3 253.34251
4 232.49968
5  79.53521
6 123.42349
[1] "/blue/jhernandezjarqui/skaur4/P3/Pipeline/Fit_models/E+L+P_orig/code"
[1] "/blue/jhernandezjarqui/skaur4/P3/Pipeline/Fit_models/E+L+P_orig/code"
   Season  Genotype           X1           X2          X3         X4         X5
1 2020-21  11.107-5  0.102302713 -0.165278447  0.38544639 -0.5732461  3.7283379
2 2020-21  12.90-53  0.006921081  5.649260494 -0.22336184 11.7019507  6.4431297
3 2020-21   12.93-4  0.090194545  0.006468352  0.06127728  0.3229944 -0.1364391
4 2020-21 14.37-103 -0.210885353  4.728204305 -0.10080727  2.3019463 23.0680724
5 2020-21  14.83-36 -0.061265136  3.293565862  8.34033725  4.5377755 12.1759630
6 2020-21   15.25-6  4.615088303 18.932118246 10.82336184 10.7643449  6.4781999
          X6         X7        X8       X9         X10      X1_cum     X2_cum
1  0.6772043 34.5574908 37.006810 91.81207 154.5383817 0.102302713  0.1023027
2  8.5936774 32.0003564 54.380347 38.98621  29.2719580 0.006921081  5.6561816
3  0.1354409 37.7077238 78.966896 66.84462  69.2068952 0.090194545  0.0966629
4 -0.1354409 62.2702169 41.244712 33.02996  65.8565685 0.000000000  4.7282043
5  3.5354409  0.5850389 22.173273 24.28781   0.6060062 0.000000000  3.2935659
6  3.0063226  4.2300030  4.785296 28.00388  31.7848699 4.615088303 23.5472065
      X3_cum     X4_cum     X5_cum     X6_cum   X7_cum    X8_cum    X9_cum
1  0.4877491  0.4877491  4.2160870  4.8932912 39.45078  76.45759 168.26966
2  5.6561816 17.3581323 23.8012620 32.3949395 64.39530 118.77564 157.76185
3  0.1579402  0.4809346  0.4809346  0.6163755 38.32410 117.29100 184.13561
4  4.7282043  7.0301506 30.0982230 30.0982230 92.36844 133.61315 166.64311
5 11.6339031 16.1716786 28.3476416 31.8830824 32.46812  54.64139  78.92921
6 34.3705684 45.1349133 51.6131132 54.6194357 58.84944  63.63473  91.63862
    X10_cum
1 322.80804
2 187.03381
3 253.34251
4 232.49968
5  79.53521
6 123.42349
   Season  Genotype           X1           X2          X3         X4         X5
1 2020-21  11.107-5  0.102302713 -0.165278447  0.38544639 -0.5732461  3.7283379
2 2020-21  12.90-53  0.006921081  5.649260494 -0.22336184 11.7019507  6.4431297
3 2020-21   12.93-4  0.090194545  0.006468352  0.06127728  0.3229944 -0.1364391
4 2020-21 14.37-103 -0.210885353  4.728204305 -0.10080727  2.3019463 23.0680724
5 2020-21  14.83-36 -0.061265136  3.293565862  8.34033725  4.5377755 12.1759630
6 2020-21   15.25-6  4.615088303 18.932118246 10.82336184 10.7643449  6.4781999
          X6         X7        X8       X9         X10      X1_cum     X2_cum
1  0.6772043 34.5574908 37.006810 91.81207 154.5383817 0.102302713  0.1023027
2  8.5936774 32.0003564 54.380347 38.98621  29.2719580 0.006921081  5.6561816
3  0.1354409 37.7077238 78.966896 66.84462  69.2068952 0.090194545  0.0966629
4 -0.1354409 62.2702169 41.244712 33.02996  65.8565685 0.000000000  4.7282043
5  3.5354409  0.5850389 22.173273 24.28781   0.6060062 0.000000000  3.2935659
6  3.0063226  4.2300030  4.785296 28.00388  31.7848699 4.615088303 23.5472065
      X3_cum     X4_cum     X5_cum     X6_cum   X7_cum    X8_cum    X9_cum
1  0.4877491  0.4877491  4.2160870  4.8932912 39.45078  76.45759 168.26966
2  5.6561816 17.3581323 23.8012620 32.3949395 64.39530 118.77564 157.76185
3  0.1579402  0.4809346  0.4809346  0.6163755 38.32410 117.29100 184.13561
4  4.7282043  7.0301506 30.0982230 30.0982230 92.36844 133.61315 166.64311
5 11.6339031 16.1716786 28.3476416 31.8830824 32.46812  54.64139  78.92921
6 34.3705684 45.1349133 51.6131132 54.6194357 58.84944  63.63473  91.63862
    X10_cum
1 322.80804
2 187.03381
3 253.34251
4 232.49968
5  79.53521
6 123.42349
List of 21
 $ y            : num [1:3646] 0.1023 0.00692 0.09019 -0.21089 -0.06127 ...
 $ a            : NULL
 $ b            : NULL
 $ whichNa      : int [1:1011] 2636 2637 2638 2639 2640 2641 2642 2643 2644 2645 ...
 $ saveAt       : chr "X1/"
 $ nIter        : num 12000
 $ burnIn       : num 2000
 $ thin         : num 5
 $ weights      : num [1:3646] 1 1 1 1 1 1 1 1 1 1 ...
 $ verbose      : logi FALSE
 $ response_type: chr "gaussian"
 $ df0          : num 5
 $ S0           : num 145
 $ yHat         : num [1:3646] 5.111 -0.127 -0.338 -0.113 0.16 ...
 $ SD.yHat      : num [1:3646] 1.55 2.76 1.86 2.79 2.76 ...
 $ mu           : num 4.38
 $ SD.mu        : num 0.6
 $ varE         : num 9.08
 $ SD.varE      : num 0.581
 $ fit          :List of 4
  ..$ logLikAtPostMean: num -5778
  ..$ postMeanLogLik  : num -6638
  ..$ pD              : num 1720
  ..$ DIC             : num 14996
 $ ETA          :List of 3
  ..$ :List of 15
  .. ..$ V          : num [1:3646, 1:6] 0 0 0 0 0 0 0 0 0 0 ...
  .. .. ..- attr(*, "dimnames")=List of 2
  .. .. .. ..$ : chr [1:3646] "2020-21_11.107-5" "2020-21_12.90-53" "2020-21_12.93-4" "2020-21_14.37-103" ...
  .. .. .. ..$ : NULL
  .. ..$ d          : num [1:6] 1011 918 450 447 435 ...
  .. ..$ model      : chr "RKHS"
  .. ..$ Name       : chr "ETA_1"
  .. ..$ tolD       : num 1e-10
  .. ..$ levelsU    : int 6
  .. ..$ df0        : num 5
  .. ..$ R2         : num 0.167
  .. ..$ S0         : num 0.11
  .. ..$ u          : num [1:3646] -0.0143 -0.0143 -0.0143 -0.0143 -0.0143 ...
  .. ..$ varU       : num 0.044
  .. ..$ uStar      : num [1:6] 0.089 -0.0981 0.4645 1.6119 0.298 ...
  .. ..$ NamefileOut: chr "X1/ETA_1_varU.dat"
  .. ..$ SD.u       : num [1:3646] 0.196 0.196 0.196 0.196 0.196 ...
  .. ..$ SD.varU    : num 0.0602
  ..$ :List of 15
  .. ..$ V          : num [1:3646, 1:2737] 0.408 0 0 0 0 ...
  .. .. ..- attr(*, "dimnames")=List of 2
  .. .. .. ..$ : chr [1:3646] "2020-21_11.107-5" "2020-21_12.90-53" "2020-21_12.93-4" "2020-21_14.37-103" ...
  .. .. .. ..$ : chr [1:2737] "11.107-5" "12.90-53" "12.93-4" "13.27-142" ...
  .. ..$ d          : Named num [1:2737] 6 1 3 1 1 1 1 1 2 1 ...
  .. .. ..- attr(*, "names")= chr [1:2737] "11.107-5" "12.90-53" "12.93-4" "13.27-142" ...
  .. ..$ model      : chr "RKHS"
  .. ..$ Name       : chr "ETA_2"
  .. ..$ tolD       : num 1e-10
  .. ..$ levelsU    : int 2737
  .. ..$ df0        : num 5
  .. ..$ R2         : num 0.167
  .. ..$ S0         : num 50.1
  .. ..$ u          : num [1:3646] 4.5194 -0.1905 -1.6021 -0.0484 -1.2791 ...
  .. ..$ varU       : num 45
  .. ..$ uStar      : num [1:2737] 11.0702 -0.1905 -2.775 -1.1233 -0.0484 ...
  .. ..$ NamefileOut: chr "X1/ETA_2_varU.dat"
  .. ..$ SD.u       : num [1:3646] 1.4 2.8 1.82 2.86 2.83 ...
  .. ..$ SD.varU    : num 1.89
  ..$ :List of 15
  .. ..$ V          : num [1:3646, 1:576] 0.010764 0.006644 0.010142 0.00602 -0.000353 ...
  .. .. ..- attr(*, "dimnames")=List of 2
  .. .. .. ..$ : chr [1:3646] "2020-21_11.107-5" "2020-21_12.90-53" "2020-21_12.93-4" "2020-21_14.37-103" ...
  .. .. .. ..$ : NULL
  .. ..$ d          : num [1:576] 1718 767 374 228 121 ...
  .. ..$ model      : chr "RKHS"
  .. ..$ Name       : chr "ETA_3"
  .. ..$ tolD       : num 1e-10
  .. ..$ levelsU    : int 576
  .. ..$ df0        : num 5
  .. ..$ R2         : num 0.167
  .. ..$ S0         : num 10.5
  .. ..$ u          : num [1:3646] -3.77 -4.3 -3.1 -4.43 -2.92 ...
  .. ..$ varU       : num 27.6
  .. ..$ uStar      : num [1:576] -140.3 61.9 31.5 -36.6 21.8 ...
  .. ..$ NamefileOut: chr "X1/ETA_3_varU.dat"
  .. ..$ SD.u       : num [1:3646] 1.094 0.938 1.134 0.983 0.987 ...
  .. ..$ SD.varU    : num 9.23
 - attr(*, "class")= chr "BGLR"
NULL
List of 21
 $ y            : num [1:3646] 0.1023 0.00692 0.09019 -0.21089 -0.06127 ...
 $ a            : NULL
 $ b            : NULL
 $ whichNa      : int [1:1011] 2636 2637 2638 2639 2640 2641 2642 2643 2644 2645 ...
 $ saveAt       : chr "X1/"
 $ nIter        : num 12000
 $ burnIn       : num 2000
 $ thin         : num 5
 $ weights      : num [1:3646] 1 1 1 1 1 1 1 1 1 1 ...
 $ verbose      : logi FALSE
 $ response_type: chr "gaussian"
 $ df0          : num 5
 $ S0           : num 145
 $ yHat         : num [1:3646] 5.111 -0.127 -0.338 -0.113 0.16 ...
 $ SD.yHat      : num [1:3646] 1.55 2.76 1.86 2.79 2.76 ...
 $ mu           : num 4.38
 $ SD.mu        : num 0.6
 $ varE         : num 9.08
 $ SD.varE      : num 0.581
 $ fit          :List of 4
  ..$ logLikAtPostMean: num -5778
  ..$ postMeanLogLik  : num -6638
  ..$ pD              : num 1720
  ..$ DIC             : num 14996
 $ ETA          :List of 3
  ..$ :List of 15
  .. ..$ V          : num [1:3646, 1:6] 0 0 0 0 0 0 0 0 0 0 ...
  .. .. ..- attr(*, "dimnames")=List of 2
  .. .. .. ..$ : chr [1:3646] "2020-21_11.107-5" "2020-21_12.90-53" "2020-21_12.93-4" "2020-21_14.37-103" ...
  .. .. .. ..$ : NULL
  .. ..$ d          : num [1:6] 1011 918 450 447 435 ...
  .. ..$ model      : chr "RKHS"
  .. ..$ Name       : chr "ETA_1"
  .. ..$ tolD       : num 1e-10
  .. ..$ levelsU    : int 6
  .. ..$ df0        : num 5
  .. ..$ R2         : num 0.167
  .. ..$ S0         : num 0.11
  .. ..$ u          : num [1:3646] -0.0143 -0.0143 -0.0143 -0.0143 -0.0143 ...
  .. ..$ varU       : num 0.044
  .. ..$ uStar      : num [1:6] 0.089 -0.0981 0.4645 1.6119 0.298 ...
  .. ..$ NamefileOut: chr "X1/ETA_1_varU.dat"
  .. ..$ SD.u       : num [1:3646] 0.196 0.196 0.196 0.196 0.196 ...
  .. ..$ SD.varU    : num 0.0602
  ..$ :List of 15
  .. ..$ V          : num [1:3646, 1:2737] 0.408 0 0 0 0 ...
  .. .. ..- attr(*, "dimnames")=List of 2
  .. .. .. ..$ : chr [1:3646] "2020-21_11.107-5" "2020-21_12.90-53" "2020-21_12.93-4" "2020-21_14.37-103" ...
  .. .. .. ..$ : chr [1:2737] "11.107-5" "12.90-53" "12.93-4" "13.27-142" ...
  .. ..$ d          : Named num [1:2737] 6 1 3 1 1 1 1 1 2 1 ...
  .. .. ..- attr(*, "names")= chr [1:2737] "11.107-5" "12.90-53" "12.93-4" "13.27-142" ...
  .. ..$ model      : chr "RKHS"
  .. ..$ Name       : chr "ETA_2"
  .. ..$ tolD       : num 1e-10
  .. ..$ levelsU    : int 2737
  .. ..$ df0        : num 5
  .. ..$ R2         : num 0.167
  .. ..$ S0         : num 50.1
  .. ..$ u          : num [1:3646] 4.5194 -0.1905 -1.6021 -0.0484 -1.2791 ...
  .. ..$ varU       : num 45
  .. ..$ uStar      : num [1:2737] 11.0702 -0.1905 -2.775 -1.1233 -0.0484 ...
  .. ..$ NamefileOut: chr "X1/ETA_2_varU.dat"
  .. ..$ SD.u       : num [1:3646] 1.4 2.8 1.82 2.86 2.83 ...
  .. ..$ SD.varU    : num 1.89
  ..$ :List of 15
  .. ..$ V          : num [1:3646, 1:576] 0.010764 0.006644 0.010142 0.00602 -0.000353 ...
  .. .. ..- attr(*, "dimnames")=List of 2
  .. .. .. ..$ : chr [1:3646] "2020-21_11.107-5" "2020-21_12.90-53" "2020-21_12.93-4" "2020-21_14.37-103" ...
  .. .. .. ..$ : NULL
  .. ..$ d          : num [1:576] 1718 767 374 228 121 ...
  .. ..$ model      : chr "RKHS"
  .. ..$ Name       : chr "ETA_3"
  .. ..$ tolD       : num 1e-10
  .. ..$ levelsU    : int 576
  .. ..$ df0        : num 5
  .. ..$ R2         : num 0.167
  .. ..$ S0         : num 10.5
  .. ..$ u          : num [1:3646] -3.77 -4.3 -3.1 -4.43 -2.92 ...
  .. ..$ varU       : num 27.6
  .. ..$ uStar      : num [1:576] -140.3 61.9 31.5 -36.6 21.8 ...
  .. ..$ NamefileOut: chr "X1/ETA_3_varU.dat"
  .. ..$ SD.u       : num [1:3646] 1.094 0.938 1.134 0.983 0.987 ...
  .. ..$ SD.varU    : num 9.23
 - attr(*, "class")= chr "BGLR"
NULL
List of 21
 $ y            : num [1:3646] 0.1023 0.00692 0.09019 -0.21089 -0.06127 ...
 $ a            : NULL
 $ b            : NULL
 $ whichNa      : int [1:1011] 2636 2637 2638 2639 2640 2641 2642 2643 2644 2645 ...
 $ saveAt       : chr "X1/"
 $ nIter        : num 12000
 $ burnIn       : num 2000
 $ thin         : num 5
 $ weights      : num [1:3646] 1 1 1 1 1 1 1 1 1 1 ...
 $ verbose      : logi FALSE
 $ response_type: chr "gaussian"
 $ df0          : num 5
 $ S0           : num 145
 $ yHat         : num [1:3646] 5.111 -0.127 -0.338 -0.113 0.16 ...
 $ SD.yHat      : num [1:3646] 1.55 2.76 1.86 2.79 2.76 ...
 $ mu           : num 4.38
 $ SD.mu        : num 0.6
 $ varE         : num 9.08
 $ SD.varE      : num 0.581
 $ fit          :List of 4
  ..$ logLikAtPostMean: num -5778
  ..$ postMeanLogLik  : num -6638
  ..$ pD              : num 1720
  ..$ DIC             : num 14996
 $ ETA          :List of 3
  ..$ :List of 15
  .. ..$ V          : num [1:3646, 1:6] 0 0 0 0 0 0 0 0 0 0 ...
  .. .. ..- attr(*, "dimnames")=List of 2
  .. .. .. ..$ : chr [1:3646] "2020-21_11.107-5" "2020-21_12.90-53" "2020-21_12.93-4" "2020-21_14.37-103" ...
  .. .. .. ..$ : NULL
  .. ..$ d          : num [1:6] 1011 918 450 447 435 ...
  .. ..$ model      : chr "RKHS"
  .. ..$ Name       : chr "ETA_1"
  .. ..$ tolD       : num 1e-10
  .. ..$ levelsU    : int 6
  .. ..$ df0        : num 5
  .. ..$ R2         : num 0.167
  .. ..$ S0         : num 0.11
  .. ..$ u          : num [1:3646] -0.0143 -0.0143 -0.0143 -0.0143 -0.0143 ...
  .. ..$ varU       : num 0.044
  .. ..$ uStar      : num [1:6] 0.089 -0.0981 0.4645 1.6119 0.298 ...
  .. ..$ NamefileOut: chr "X1/ETA_1_varU.dat"
  .. ..$ SD.u       : num [1:3646] 0.196 0.196 0.196 0.196 0.196 ...
  .. ..$ SD.varU    : num 0.0602
  ..$ :List of 15
  .. ..$ V          : num [1:3646, 1:2737] 0.408 0 0 0 0 ...
  .. .. ..- attr(*, "dimnames")=List of 2
  .. .. .. ..$ : chr [1:3646] "2020-21_11.107-5" "2020-21_12.90-53" "2020-21_12.93-4" "2020-21_14.37-103" ...
  .. .. .. ..$ : chr [1:2737] "11.107-5" "12.90-53" "12.93-4" "13.27-142" ...
  .. ..$ d          : Named num [1:2737] 6 1 3 1 1 1 1 1 2 1 ...
  .. .. ..- attr(*, "names")= chr [1:2737] "11.107-5" "12.90-53" "12.93-4" "13.27-142" ...
  .. ..$ model      : chr "RKHS"
  .. ..$ Name       : chr "ETA_2"
  .. ..$ tolD       : num 1e-10
  .. ..$ levelsU    : int 2737
  .. ..$ df0        : num 5
  .. ..$ R2         : num 0.167
  .. ..$ S0         : num 50.1
  .. ..$ u          : num [1:3646] 4.5194 -0.1905 -1.6021 -0.0484 -1.2791 ...
  .. ..$ varU       : num 45
  .. ..$ uStar      : num [1:2737] 11.0702 -0.1905 -2.775 -1.1233 -0.0484 ...
  .. ..$ NamefileOut: chr "X1/ETA_2_varU.dat"
  .. ..$ SD.u       : num [1:3646] 1.4 2.8 1.82 2.86 2.83 ...
  .. ..$ SD.varU    : num 1.89
  ..$ :List of 15
  .. ..$ V          : num [1:3646, 1:576] 0.010764 0.006644 0.010142 0.00602 -0.000353 ...
  .. .. ..- attr(*, "dimnames")=List of 2
  .. .. .. ..$ : chr [1:3646] "2020-21_11.107-5" "2020-21_12.90-53" "2020-21_12.93-4" "2020-21_14.37-103" ...
  .. .. .. ..$ : NULL
  .. ..$ d          : num [1:576] 1718 767 374 228 121 ...
  .. ..$ model      : chr "RKHS"
  .. ..$ Name       : chr "ETA_3"
  .. ..$ tolD       : num 1e-10
  .. ..$ levelsU    : int 576
  .. ..$ df0        : num 5
  .. ..$ R2         : num 0.167
  .. ..$ S0         : num 10.5
  .. ..$ u          : num [1:3646] -3.77 -4.3 -3.1 -4.43 -2.92 ...
  .. ..$ varU       : num 27.6
  .. ..$ uStar      : num [1:576] -140.3 61.9 31.5 -36.6 21.8 ...
  .. ..$ NamefileOut: chr "X1/ETA_3_varU.dat"
  .. ..$ SD.u       : num [1:3646] 1.094 0.938 1.134 0.983 0.987 ...
  .. ..$ SD.varU    : num 9.23
 - attr(*, "class")= chr "BGLR"
NULL
List of 21
 $ y            : num [1:3646] 0.1023 0.00692 0.09019 -0.21089 -0.06127 ...
 $ a            : NULL
 $ b            : NULL
 $ whichNa      : int [1:1011] 2636 2637 2638 2639 2640 2641 2642 2643 2644 2645 ...
 $ saveAt       : chr "X1/"
 $ nIter        : num 12000
 $ burnIn       : num 2000
 $ thin         : num 5
 $ weights      : num [1:3646] 1 1 1 1 1 1 1 1 1 1 ...
 $ verbose      : logi FALSE
 $ response_type: chr "gaussian"
 $ df0          : num 5
 $ S0           : num 145
 $ yHat         : num [1:3646] 5.111 -0.127 -0.338 -0.113 0.16 ...
 $ SD.yHat      : num [1:3646] 1.55 2.76 1.86 2.79 2.76 ...
 $ mu           : num 4.38
 $ SD.mu        : num 0.6
 $ varE         : num 9.08
 $ SD.varE      : num 0.581
 $ fit          :List of 4
  ..$ logLikAtPostMean: num -5778
  ..$ postMeanLogLik  : num -6638
  ..$ pD              : num 1720
  ..$ DIC             : num 14996
 $ ETA          :List of 3
  ..$ :List of 15
  .. ..$ V          : num [1:3646, 1:6] 0 0 0 0 0 0 0 0 0 0 ...
  .. .. ..- attr(*, "dimnames")=List of 2
  .. .. .. ..$ : chr [1:3646] "2020-21_11.107-5" "2020-21_12.90-53" "2020-21_12.93-4" "2020-21_14.37-103" ...
  .. .. .. ..$ : NULL
  .. ..$ d          : num [1:6] 1011 918 450 447 435 ...
  .. ..$ model      : chr "RKHS"
  .. ..$ Name       : chr "ETA_1"
  .. ..$ tolD       : num 1e-10
  .. ..$ levelsU    : int 6
  .. ..$ df0        : num 5
  .. ..$ R2         : num 0.167
  .. ..$ S0         : num 0.11
  .. ..$ u          : num [1:3646] -0.0143 -0.0143 -0.0143 -0.0143 -0.0143 ...
  .. ..$ varU       : num 0.044
  .. ..$ uStar      : num [1:6] 0.089 -0.0981 0.4645 1.6119 0.298 ...
  .. ..$ NamefileOut: chr "X1/ETA_1_varU.dat"
  .. ..$ SD.u       : num [1:3646] 0.196 0.196 0.196 0.196 0.196 ...
  .. ..$ SD.varU    : num 0.0602
  ..$ :List of 15
  .. ..$ V          : num [1:3646, 1:2737] 0.408 0 0 0 0 ...
  .. .. ..- attr(*, "dimnames")=List of 2
  .. .. .. ..$ : chr [1:3646] "2020-21_11.107-5" "2020-21_12.90-53" "2020-21_12.93-4" "2020-21_14.37-103" ...
  .. .. .. ..$ : chr [1:2737] "11.107-5" "12.90-53" "12.93-4" "13.27-142" ...
  .. ..$ d          : Named num [1:2737] 6 1 3 1 1 1 1 1 2 1 ...
  .. .. ..- attr(*, "names")= chr [1:2737] "11.107-5" "12.90-53" "12.93-4" "13.27-142" ...
  .. ..$ model      : chr "RKHS"
  .. ..$ Name       : chr "ETA_2"
  .. ..$ tolD       : num 1e-10
  .. ..$ levelsU    : int 2737
  .. ..$ df0        : num 5
  .. ..$ R2         : num 0.167
  .. ..$ S0         : num 50.1
  .. ..$ u          : num [1:3646] 4.5194 -0.1905 -1.6021 -0.0484 -1.2791 ...
  .. ..$ varU       : num 45
  .. ..$ uStar      : num [1:2737] 11.0702 -0.1905 -2.775 -1.1233 -0.0484 ...
  .. ..$ NamefileOut: chr "X1/ETA_2_varU.dat"
  .. ..$ SD.u       : num [1:3646] 1.4 2.8 1.82 2.86 2.83 ...
  .. ..$ SD.varU    : num 1.89
  ..$ :List of 15
  .. ..$ V          : num [1:3646, 1:576] 0.010764 0.006644 0.010142 0.00602 -0.000353 ...
  .. .. ..- attr(*, "dimnames")=List of 2
  .. .. .. ..$ : chr [1:3646] "2020-21_11.107-5" "2020-21_12.90-53" "2020-21_12.93-4" "2020-21_14.37-103" ...
  .. .. .. ..$ : NULL
  .. ..$ d          : num [1:576] 1718 767 374 228 121 ...
  .. ..$ model      : chr "RKHS"
  .. ..$ Name       : chr "ETA_3"
  .. ..$ tolD       : num 1e-10
  .. ..$ levelsU    : int 576
  .. ..$ df0        : num 5
  .. ..$ R2         : num 0.167
  .. ..$ S0         : num 10.5
  .. ..$ u          : num [1:3646] -3.77 -4.3 -3.1 -4.43 -2.92 ...
  .. ..$ varU       : num 27.6
  .. ..$ uStar      : num [1:576] -140.3 61.9 31.5 -36.6 21.8 ...
  .. ..$ NamefileOut: chr "X1/ETA_3_varU.dat"
  .. ..$ SD.u       : num [1:3646] 1.094 0.938 1.134 0.983 0.987 ...
  .. ..$ SD.varU    : num 9.23
 - attr(*, "class")= chr "BGLR"
NULL
List of 21
 $ y            : num [1:3646] 0.1023 0.00692 0.09019 -0.21089 -0.06127 ...
 $ a            : NULL
 $ b            : NULL
 $ whichNa      : int [1:1011] 2636 2637 2638 2639 2640 2641 2642 2643 2644 2645 ...
 $ saveAt       : chr "X1/"
 $ nIter        : num 12000
 $ burnIn       : num 2000
 $ thin         : num 5
 $ weights      : num [1:3646] 1 1 1 1 1 1 1 1 1 1 ...
 $ verbose      : logi FALSE
 $ response_type: chr "gaussian"
 $ df0          : num 5
 $ S0           : num 145
 $ yHat         : num [1:3646] 5.111 -0.127 -0.338 -0.113 0.16 ...
 $ SD.yHat      : num [1:3646] 1.55 2.76 1.86 2.79 2.76 ...
 $ mu           : num 4.38
 $ SD.mu        : num 0.6
 $ varE         : num 9.08
 $ SD.varE      : num 0.581
 $ fit          :List of 4
  ..$ logLikAtPostMean: num -5778
  ..$ postMeanLogLik  : num -6638
  ..$ pD              : num 1720
  ..$ DIC             : num 14996
 $ ETA          :List of 3
  ..$ :List of 15
  .. ..$ V          : num [1:3646, 1:6] 0 0 0 0 0 0 0 0 0 0 ...
  .. .. ..- attr(*, "dimnames")=List of 2
  .. .. .. ..$ : chr [1:3646] "2020-21_11.107-5" "2020-21_12.90-53" "2020-21_12.93-4" "2020-21_14.37-103" ...
  .. .. .. ..$ : NULL
  .. ..$ d          : num [1:6] 1011 918 450 447 435 ...
  .. ..$ model      : chr "RKHS"
  .. ..$ Name       : chr "ETA_1"
  .. ..$ tolD       : num 1e-10
  .. ..$ levelsU    : int 6
  .. ..$ df0        : num 5
  .. ..$ R2         : num 0.167
  .. ..$ S0         : num 0.11
  .. ..$ u          : num [1:3646] -0.0143 -0.0143 -0.0143 -0.0143 -0.0143 ...
  .. ..$ varU       : num 0.044
  .. ..$ uStar      : num [1:6] 0.089 -0.0981 0.4645 1.6119 0.298 ...
  .. ..$ NamefileOut: chr "X1/ETA_1_varU.dat"
  .. ..$ SD.u       : num [1:3646] 0.196 0.196 0.196 0.196 0.196 ...
  .. ..$ SD.varU    : num 0.0602
  ..$ :List of 15
  .. ..$ V          : num [1:3646, 1:2737] 0.408 0 0 0 0 ...
  .. .. ..- attr(*, "dimnames")=List of 2
  .. .. .. ..$ : chr [1:3646] "2020-21_11.107-5" "2020-21_12.90-53" "2020-21_12.93-4" "2020-21_14.37-103" ...
  .. .. .. ..$ : chr [1:2737] "11.107-5" "12.90-53" "12.93-4" "13.27-142" ...
  .. ..$ d          : Named num [1:2737] 6 1 3 1 1 1 1 1 2 1 ...
  .. .. ..- attr(*, "names")= chr [1:2737] "11.107-5" "12.90-53" "12.93-4" "13.27-142" ...
  .. ..$ model      : chr "RKHS"
  .. ..$ Name       : chr "ETA_2"
  .. ..$ tolD       : num 1e-10
  .. ..$ levelsU    : int 2737
  .. ..$ df0        : num 5
  .. ..$ R2         : num 0.167
  .. ..$ S0         : num 50.1
  .. ..$ u          : num [1:3646] 4.5194 -0.1905 -1.6021 -0.0484 -1.2791 ...
  .. ..$ varU       : num 45
  .. ..$ uStar      : num [1:2737] 11.0702 -0.1905 -2.775 -1.1233 -0.0484 ...
  .. ..$ NamefileOut: chr "X1/ETA_2_varU.dat"
  .. ..$ SD.u       : num [1:3646] 1.4 2.8 1.82 2.86 2.83 ...
  .. ..$ SD.varU    : num 1.89
  ..$ :List of 15
  .. ..$ V          : num [1:3646, 1:576] 0.010764 0.006644 0.010142 0.00602 -0.000353 ...
  .. .. ..- attr(*, "dimnames")=List of 2
  .. .. .. ..$ : chr [1:3646] "2020-21_11.107-5" "2020-21_12.90-53" "2020-21_12.93-4" "2020-21_14.37-103" ...
  .. .. .. ..$ : NULL
  .. ..$ d          : num [1:576] 1718 767 374 228 121 ...
  .. ..$ model      : chr "RKHS"
  .. ..$ Name       : chr "ETA_3"
  .. ..$ tolD       : num 1e-10
  .. ..$ levelsU    : int 576
  .. ..$ df0        : num 5
  .. ..$ R2         : num 0.167
  .. ..$ S0         : num 10.5
  .. ..$ u          : num [1:3646] -3.77 -4.3 -3.1 -4.43 -2.92 ...
  .. ..$ varU       : num 27.6
  .. ..$ uStar      : num [1:576] -140.3 61.9 31.5 -36.6 21.8 ...
  .. ..$ NamefileOut: chr "X1/ETA_3_varU.dat"
  .. ..$ SD.u       : num [1:3646] 1.094 0.938 1.134 0.983 0.987 ...
  .. ..$ SD.varU    : num 9.23
 - attr(*, "class")= chr "BGLR"
NULL
List of 21
 $ y            : num [1:3646] 0.1023 0.00692 0.09019 -0.21089 -0.06127 ...
 $ a            : NULL
 $ b            : NULL
 $ whichNa      : int [1:1011] 2636 2637 2638 2639 2640 2641 2642 2643 2644 2645 ...
 $ saveAt       : chr "X1/"
 $ nIter        : num 12000
 $ burnIn       : num 2000
 $ thin         : num 5
 $ weights      : num [1:3646] 1 1 1 1 1 1 1 1 1 1 ...
 $ verbose      : logi FALSE
 $ response_type: chr "gaussian"
 $ df0          : num 5
 $ S0           : num 145
 $ yHat         : num [1:3646] 5.111 -0.127 -0.338 -0.113 0.16 ...
 $ SD.yHat      : num [1:3646] 1.55 2.76 1.86 2.79 2.76 ...
 $ mu           : num 4.38
 $ SD.mu        : num 0.6
 $ varE         : num 9.08
 $ SD.varE      : num 0.581
 $ fit          :List of 4
  ..$ logLikAtPostMean: num -5778
  ..$ postMeanLogLik  : num -6638
  ..$ pD              : num 1720
  ..$ DIC             : num 14996
 $ ETA          :List of 3
  ..$ :List of 15
  .. ..$ V          : num [1:3646, 1:6] 0 0 0 0 0 0 0 0 0 0 ...
  .. .. ..- attr(*, "dimnames")=List of 2
  .. .. .. ..$ : chr [1:3646] "2020-21_11.107-5" "2020-21_12.90-53" "2020-21_12.93-4" "2020-21_14.37-103" ...
  .. .. .. ..$ : NULL
  .. ..$ d          : num [1:6] 1011 918 450 447 435 ...
  .. ..$ model      : chr "RKHS"
  .. ..$ Name       : chr "ETA_1"
  .. ..$ tolD       : num 1e-10
  .. ..$ levelsU    : int 6
  .. ..$ df0        : num 5
  .. ..$ R2         : num 0.167
  .. ..$ S0         : num 0.11
  .. ..$ u          : num [1:3646] -0.0143 -0.0143 -0.0143 -0.0143 -0.0143 ...
  .. ..$ varU       : num 0.044
  .. ..$ uStar      : num [1:6] 0.089 -0.0981 0.4645 1.6119 0.298 ...
  .. ..$ NamefileOut: chr "X1/ETA_1_varU.dat"
  .. ..$ SD.u       : num [1:3646] 0.196 0.196 0.196 0.196 0.196 ...
  .. ..$ SD.varU    : num 0.0602
  ..$ :List of 15
  .. ..$ V          : num [1:3646, 1:2737] 0.408 0 0 0 0 ...
  .. .. ..- attr(*, "dimnames")=List of 2
  .. .. .. ..$ : chr [1:3646] "2020-21_11.107-5" "2020-21_12.90-53" "2020-21_12.93-4" "2020-21_14.37-103" ...
  .. .. .. ..$ : chr [1:2737] "11.107-5" "12.90-53" "12.93-4" "13.27-142" ...
  .. ..$ d          : Named num [1:2737] 6 1 3 1 1 1 1 1 2 1 ...
  .. .. ..- attr(*, "names")= chr [1:2737] "11.107-5" "12.90-53" "12.93-4" "13.27-142" ...
  .. ..$ model      : chr "RKHS"
  .. ..$ Name       : chr "ETA_2"
  .. ..$ tolD       : num 1e-10
  .. ..$ levelsU    : int 2737
  .. ..$ df0        : num 5
  .. ..$ R2         : num 0.167
  .. ..$ S0         : num 50.1
  .. ..$ u          : num [1:3646] 4.5194 -0.1905 -1.6021 -0.0484 -1.2791 ...
  .. ..$ varU       : num 45
  .. ..$ uStar      : num [1:2737] 11.0702 -0.1905 -2.775 -1.1233 -0.0484 ...
  .. ..$ NamefileOut: chr "X1/ETA_2_varU.dat"
  .. ..$ SD.u       : num [1:3646] 1.4 2.8 1.82 2.86 2.83 ...
  .. ..$ SD.varU    : num 1.89
  ..$ :List of 15
  .. ..$ V          : num [1:3646, 1:576] 0.010764 0.006644 0.010142 0.00602 -0.000353 ...
  .. .. ..- attr(*, "dimnames")=List of 2
  .. .. .. ..$ : chr [1:3646] "2020-21_11.107-5" "2020-21_12.90-53" "2020-21_12.93-4" "2020-21_14.37-103" ...
  .. .. .. ..$ : NULL
  .. ..$ d          : num [1:576] 1718 767 374 228 121 ...
  .. ..$ model      : chr "RKHS"
  .. ..$ Name       : chr "ETA_3"
  .. ..$ tolD       : num 1e-10
  .. ..$ levelsU    : int 576
  .. ..$ df0        : num 5
  .. ..$ R2         : num 0.167
  .. ..$ S0         : num 10.5
  .. ..$ u          : num [1:3646] -3.77 -4.3 -3.1 -4.43 -2.92 ...
  .. ..$ varU       : num 27.6
  .. ..$ uStar      : num [1:576] -140.3 61.9 31.5 -36.6 21.8 ...
  .. ..$ NamefileOut: chr "X1/ETA_3_varU.dat"
  .. ..$ SD.u       : num [1:3646] 1.094 0.938 1.134 0.983 0.987 ...
  .. ..$ SD.varU    : num 9.23
 - attr(*, "class")= chr "BGLR"
NULL
List of 21
 $ y            : num [1:3646] -0.16528 5.64926 0.00647 4.7282 3.29357 ...
 $ a            : NULL
 $ b            : NULL
 $ whichNa      : int [1:1011] 2636 2637 2638 2639 2640 2641 2642 2643 2644 2645 ...
 $ saveAt       : chr "X2/"
 $ nIter        : num 12000
 $ burnIn       : num 2000
 $ thin         : num 5
 $ weights      : num [1:3646] 1 1 1 1 1 1 1 1 1 1 ...
 $ verbose      : logi FALSE
 $ response_type: chr "gaussian"
 $ df0          : num 5
 $ S0           : num 499
 $ yHat         : num [1:3646] 9.93 4.71 6.96 4.5 3.48 ...
 $ SD.yHat      : num [1:3646] 3.35 5.18 3.78 5.4 5.3 ...
 $ mu           : num 14.5
 $ SD.mu        : num 1.44
 $ varE         : num 37.4
 $ SD.varE      : num 2.81
 $ fit          :List of 4
  ..$ logLikAtPostMean: num -7727
  ..$ postMeanLogLik  : num -8500
  ..$ pD              : num 1546
  ..$ DIC             : num 18547
 $ ETA          :List of 3
  ..$ :List of 15
  .. ..$ V          : num [1:3646, 1:6] 0 0 0 0 0 0 0 0 0 0 ...
  .. .. ..- attr(*, "dimnames")=List of 2
  .. .. .. ..$ : chr [1:3646] "2020-21_11.107-5" "2020-21_12.90-53" "2020-21_12.93-4" "2020-21_14.37-103" ...
  .. .. .. ..$ : NULL
  .. ..$ d          : num [1:6] 1011 918 450 447 435 ...
  .. ..$ model      : chr "RKHS"
  .. ..$ Name       : chr "ETA_1"
  .. ..$ tolD       : num 1e-10
  .. ..$ levelsU    : int 6
  .. ..$ df0        : num 5
  .. ..$ R2         : num 0.167
  .. ..$ S0         : num 0.379
  .. ..$ u          : num [1:3646] -0.0139 -0.0139 -0.0139 -0.0139 -0.0139 ...
  .. ..$ varU       : num 0.137
  .. ..$ uStar      : num [1:6] -0.564 0.336 0.678 -0.273 0.29 ...
  .. ..$ NamefileOut: chr "X2/ETA_1_varU.dat"
  .. ..$ SD.u       : num [1:3646] 0.357 0.357 0.357 0.357 0.357 ...
  .. ..$ SD.varU    : num 0.165
  ..$ :List of 15
  .. ..$ V          : num [1:3646, 1:2737] 0.408 0 0 0 0 ...
  .. .. ..- attr(*, "dimnames")=List of 2
  .. .. .. ..$ : chr [1:3646] "2020-21_11.107-5" "2020-21_12.90-53" "2020-21_12.93-4" "2020-21_14.37-103" ...
  .. .. .. ..$ : chr [1:2737] "11.107-5" "12.90-53" "12.93-4" "13.27-142" ...
  .. ..$ d          : Named num [1:2737] 6 1 3 1 1 1 1 1 2 1 ...
  .. .. ..- attr(*, "names")= chr [1:2737] "11.107-5" "12.90-53" "12.93-4" "13.27-142" ...
  .. ..$ model      : chr "RKHS"
  .. ..$ Name       : chr "ETA_2"
  .. ..$ tolD       : num 1e-10
  .. ..$ levelsU    : int 2737
  .. ..$ df0        : num 5
  .. ..$ R2         : num 0.167
  .. ..$ S0         : num 173
  .. ..$ u          : num [1:3646] 2.897 0.819 1.66 0.864 0.171 ...
  .. ..$ varU       : num 95.7
  .. ..$ uStar      : num [1:2737] 7.096 0.819 2.875 12.571 0.864 ...
  .. ..$ NamefileOut: chr "X2/ETA_2_varU.dat"
  .. ..$ SD.u       : num [1:3646] 2.75 5.3 3.57 5.5 5.45 ...
  .. ..$ SD.varU    : num 5.48
  ..$ :List of 15
  .. ..$ V          : num [1:3646, 1:576] 0.010764 0.006644 0.010142 0.00602 -0.000353 ...
  .. .. ..- attr(*, "dimnames")=List of 2
  .. .. .. ..$ : chr [1:3646] "2020-21_11.107-5" "2020-21_12.90-53" "2020-21_12.93-4" "2020-21_14.37-103" ...
  .. .. .. ..$ : NULL
  .. ..$ d          : num [1:576] 1718 767 374 228 121 ...
  .. ..$ model      : chr "RKHS"
  .. ..$ Name       : chr "ETA_3"
  .. ..$ tolD       : num 1e-10
  .. ..$ levelsU    : int 576
  .. ..$ df0        : num 5
  .. ..$ R2         : num 0.167
  .. ..$ S0         : num 36.4
  .. ..$ u          : num [1:3646] -7.45 -10.6 -9.18 -10.85 -11.18 ...
  .. ..$ varU       : num 513
  .. ..$ uStar      : num [1:576] -436.9 211.3 173.9 -117.9 -76.4 ...
  .. ..$ NamefileOut: chr "X2/ETA_3_varU.dat"
  .. ..$ SD.u       : num [1:3646] 2.65 2.2 2.75 2.31 2.53 ...
  .. ..$ SD.varU    : num 126
 - attr(*, "class")= chr "BGLR"
NULL
List of 21
 $ y            : num [1:3646] -0.16528 5.64926 0.00647 4.7282 3.29357 ...
 $ a            : NULL
 $ b            : NULL
 $ whichNa      : int [1:1011] 2636 2637 2638 2639 2640 2641 2642 2643 2644 2645 ...
 $ saveAt       : chr "X2/"
 $ nIter        : num 12000
 $ burnIn       : num 2000
 $ thin         : num 5
 $ weights      : num [1:3646] 1 1 1 1 1 1 1 1 1 1 ...
 $ verbose      : logi FALSE
 $ response_type: chr "gaussian"
 $ df0          : num 5
 $ S0           : num 499
 $ yHat         : num [1:3646] 9.93 4.71 6.96 4.5 3.48 ...
 $ SD.yHat      : num [1:3646] 3.35 5.18 3.78 5.4 5.3 ...
 $ mu           : num 14.5
 $ SD.mu        : num 1.44
 $ varE         : num 37.4
 $ SD.varE      : num 2.81
 $ fit          :List of 4
  ..$ logLikAtPostMean: num -7727
  ..$ postMeanLogLik  : num -8500
  ..$ pD              : num 1546
  ..$ DIC             : num 18547
 $ ETA          :List of 3
  ..$ :List of 15
  .. ..$ V          : num [1:3646, 1:6] 0 0 0 0 0 0 0 0 0 0 ...
  .. .. ..- attr(*, "dimnames")=List of 2
  .. .. .. ..$ : chr [1:3646] "2020-21_11.107-5" "2020-21_12.90-53" "2020-21_12.93-4" "2020-21_14.37-103" ...
  .. .. .. ..$ : NULL
  .. ..$ d          : num [1:6] 1011 918 450 447 435 ...
  .. ..$ model      : chr "RKHS"
  .. ..$ Name       : chr "ETA_1"
  .. ..$ tolD       : num 1e-10
  .. ..$ levelsU    : int 6
  .. ..$ df0        : num 5
  .. ..$ R2         : num 0.167
  .. ..$ S0         : num 0.379
  .. ..$ u          : num [1:3646] -0.0139 -0.0139 -0.0139 -0.0139 -0.0139 ...
  .. ..$ varU       : num 0.137
  .. ..$ uStar      : num [1:6] -0.564 0.336 0.678 -0.273 0.29 ...
  .. ..$ NamefileOut: chr "X2/ETA_1_varU.dat"
  .. ..$ SD.u       : num [1:3646] 0.357 0.357 0.357 0.357 0.357 ...
  .. ..$ SD.varU    : num 0.165
  ..$ :List of 15
  .. ..$ V          : num [1:3646, 1:2737] 0.408 0 0 0 0 ...
  .. .. ..- attr(*, "dimnames")=List of 2
  .. .. .. ..$ : chr [1:3646] "2020-21_11.107-5" "2020-21_12.90-53" "2020-21_12.93-4" "2020-21_14.37-103" ...
  .. .. .. ..$ : chr [1:2737] "11.107-5" "12.90-53" "12.93-4" "13.27-142" ...
  .. ..$ d          : Named num [1:2737] 6 1 3 1 1 1 1 1 2 1 ...
  .. .. ..- attr(*, "names")= chr [1:2737] "11.107-5" "12.90-53" "12.93-4" "13.27-142" ...
  .. ..$ model      : chr "RKHS"
  .. ..$ Name       : chr "ETA_2"
  .. ..$ tolD       : num 1e-10
  .. ..$ levelsU    : int 2737
  .. ..$ df0        : num 5
  .. ..$ R2         : num 0.167
  .. ..$ S0         : num 173
  .. ..$ u          : num [1:3646] 2.897 0.819 1.66 0.864 0.171 ...
  .. ..$ varU       : num 95.7
  .. ..$ uStar      : num [1:2737] 7.096 0.819 2.875 12.571 0.864 ...
  .. ..$ NamefileOut: chr "X2/ETA_2_varU.dat"
  .. ..$ SD.u       : num [1:3646] 2.75 5.3 3.57 5.5 5.45 ...
  .. ..$ SD.varU    : num 5.48
  ..$ :List of 15
  .. ..$ V          : num [1:3646, 1:576] 0.010764 0.006644 0.010142 0.00602 -0.000353 ...
  .. .. ..- attr(*, "dimnames")=List of 2
  .. .. .. ..$ : chr [1:3646] "2020-21_11.107-5" "2020-21_12.90-53" "2020-21_12.93-4" "2020-21_14.37-103" ...
  .. .. .. ..$ : NULL
  .. ..$ d          : num [1:576] 1718 767 374 228 121 ...
  .. ..$ model      : chr "RKHS"
  .. ..$ Name       : chr "ETA_3"
  .. ..$ tolD       : num 1e-10
  .. ..$ levelsU    : int 576
  .. ..$ df0        : num 5
  .. ..$ R2         : num 0.167
  .. ..$ S0         : num 36.4
  .. ..$ u          : num [1:3646] -7.45 -10.6 -9.18 -10.85 -11.18 ...
  .. ..$ varU       : num 513
  .. ..$ uStar      : num [1:576] -436.9 211.3 173.9 -117.9 -76.4 ...
  .. ..$ NamefileOut: chr "X2/ETA_3_varU.dat"
  .. ..$ SD.u       : num [1:3646] 2.65 2.2 2.75 2.31 2.53 ...
  .. ..$ SD.varU    : num 126
 - attr(*, "class")= chr "BGLR"
NULL
List of 21
 $ y            : num [1:3646] -0.16528 5.64926 0.00647 4.7282 3.29357 ...
 $ a            : NULL
 $ b            : NULL
 $ whichNa      : int [1:1011] 2636 2637 2638 2639 2640 2641 2642 2643 2644 2645 ...
 $ saveAt       : chr "X2/"
 $ nIter        : num 12000
 $ burnIn       : num 2000
 $ thin         : num 5
 $ weights      : num [1:3646] 1 1 1 1 1 1 1 1 1 1 ...
 $ verbose      : logi FALSE
 $ response_type: chr "gaussian"
 $ df0          : num 5
 $ S0           : num 499
 $ yHat         : num [1:3646] 9.93 4.71 6.96 4.5 3.48 ...
 $ SD.yHat      : num [1:3646] 3.35 5.18 3.78 5.4 5.3 ...
 $ mu           : num 14.5
 $ SD.mu        : num 1.44
 $ varE         : num 37.4
 $ SD.varE      : num 2.81
 $ fit          :List of 4
  ..$ logLikAtPostMean: num -7727
  ..$ postMeanLogLik  : num -8500
  ..$ pD              : num 1546
  ..$ DIC             : num 18547
 $ ETA          :List of 3
  ..$ :List of 15
  .. ..$ V          : num [1:3646, 1:6] 0 0 0 0 0 0 0 0 0 0 ...
  .. .. ..- attr(*, "dimnames")=List of 2
  .. .. .. ..$ : chr [1:3646] "2020-21_11.107-5" "2020-21_12.90-53" "2020-21_12.93-4" "2020-21_14.37-103" ...
  .. .. .. ..$ : NULL
  .. ..$ d          : num [1:6] 1011 918 450 447 435 ...
  .. ..$ model      : chr "RKHS"
  .. ..$ Name       : chr "ETA_1"
  .. ..$ tolD       : num 1e-10
  .. ..$ levelsU    : int 6
  .. ..$ df0        : num 5
  .. ..$ R2         : num 0.167
  .. ..$ S0         : num 0.379
  .. ..$ u          : num [1:3646] -0.0139 -0.0139 -0.0139 -0.0139 -0.0139 ...
  .. ..$ varU       : num 0.137
  .. ..$ uStar      : num [1:6] -0.564 0.336 0.678 -0.273 0.29 ...
  .. ..$ NamefileOut: chr "X2/ETA_1_varU.dat"
  .. ..$ SD.u       : num [1:3646] 0.357 0.357 0.357 0.357 0.357 ...
  .. ..$ SD.varU    : num 0.165
  ..$ :List of 15
  .. ..$ V          : num [1:3646, 1:2737] 0.408 0 0 0 0 ...
  .. .. ..- attr(*, "dimnames")=List of 2
  .. .. .. ..$ : chr [1:3646] "2020-21_11.107-5" "2020-21_12.90-53" "2020-21_12.93-4" "2020-21_14.37-103" ...
  .. .. .. ..$ : chr [1:2737] "11.107-5" "12.90-53" "12.93-4" "13.27-142" ...
  .. ..$ d          : Named num [1:2737] 6 1 3 1 1 1 1 1 2 1 ...
  .. .. ..- attr(*, "names")= chr [1:2737] "11.107-5" "12.90-53" "12.93-4" "13.27-142" ...
  .. ..$ model      : chr "RKHS"
  .. ..$ Name       : chr "ETA_2"
  .. ..$ tolD       : num 1e-10
  .. ..$ levelsU    : int 2737
  .. ..$ df0        : num 5
  .. ..$ R2         : num 0.167
  .. ..$ S0         : num 173
  .. ..$ u          : num [1:3646] 2.897 0.819 1.66 0.864 0.171 ...
  .. ..$ varU       : num 95.7
  .. ..$ uStar      : num [1:2737] 7.096 0.819 2.875 12.571 0.864 ...
  .. ..$ NamefileOut: chr "X2/ETA_2_varU.dat"
  .. ..$ SD.u       : num [1:3646] 2.75 5.3 3.57 5.5 5.45 ...
  .. ..$ SD.varU    : num 5.48
  ..$ :List of 15
  .. ..$ V          : num [1:3646, 1:576] 0.010764 0.006644 0.010142 0.00602 -0.000353 ...
  .. .. ..- attr(*, "dimnames")=List of 2
  .. .. .. ..$ : chr [1:3646] "2020-21_11.107-5" "2020-21_12.90-53" "2020-21_12.93-4" "2020-21_14.37-103" ...
  .. .. .. ..$ : NULL
  .. ..$ d          : num [1:576] 1718 767 374 228 121 ...
  .. ..$ model      : chr "RKHS"
  .. ..$ Name       : chr "ETA_3"
  .. ..$ tolD       : num 1e-10
  .. ..$ levelsU    : int 576
  .. ..$ df0        : num 5
  .. ..$ R2         : num 0.167
  .. ..$ S0         : num 36.4
  .. ..$ u          : num [1:3646] -7.45 -10.6 -9.18 -10.85 -11.18 ...
  .. ..$ varU       : num 513
  .. ..$ uStar      : num [1:576] -436.9 211.3 173.9 -117.9 -76.4 ...
  .. ..$ NamefileOut: chr "X2/ETA_3_varU.dat"
  .. ..$ SD.u       : num [1:3646] 2.65 2.2 2.75 2.31 2.53 ...
  .. ..$ SD.varU    : num 126
 - attr(*, "class")= chr "BGLR"
NULL
List of 21
 $ y            : num [1:3646] -0.16528 5.64926 0.00647 4.7282 3.29357 ...
 $ a            : NULL
 $ b            : NULL
 $ whichNa      : int [1:1011] 2636 2637 2638 2639 2640 2641 2642 2643 2644 2645 ...
 $ saveAt       : chr "X2/"
 $ nIter        : num 12000
 $ burnIn       : num 2000
 $ thin         : num 5
 $ weights      : num [1:3646] 1 1 1 1 1 1 1 1 1 1 ...
 $ verbose      : logi FALSE
 $ response_type: chr "gaussian"
 $ df0          : num 5
 $ S0           : num 499
 $ yHat         : num [1:3646] 9.93 4.71 6.96 4.5 3.48 ...
 $ SD.yHat      : num [1:3646] 3.35 5.18 3.78 5.4 5.3 ...
 $ mu           : num 14.5
 $ SD.mu        : num 1.44
 $ varE         : num 37.4
 $ SD.varE      : num 2.81
 $ fit          :List of 4
  ..$ logLikAtPostMean: num -7727
  ..$ postMeanLogLik  : num -8500
  ..$ pD              : num 1546
  ..$ DIC             : num 18547
 $ ETA          :List of 3
  ..$ :List of 15
  .. ..$ V          : num [1:3646, 1:6] 0 0 0 0 0 0 0 0 0 0 ...
  .. .. ..- attr(*, "dimnames")=List of 2
  .. .. .. ..$ : chr [1:3646] "2020-21_11.107-5" "2020-21_12.90-53" "2020-21_12.93-4" "2020-21_14.37-103" ...
  .. .. .. ..$ : NULL
  .. ..$ d          : num [1:6] 1011 918 450 447 435 ...
  .. ..$ model      : chr "RKHS"
  .. ..$ Name       : chr "ETA_1"
  .. ..$ tolD       : num 1e-10
  .. ..$ levelsU    : int 6
  .. ..$ df0        : num 5
  .. ..$ R2         : num 0.167
  .. ..$ S0         : num 0.379
  .. ..$ u          : num [1:3646] -0.0139 -0.0139 -0.0139 -0.0139 -0.0139 ...
  .. ..$ varU       : num 0.137
  .. ..$ uStar      : num [1:6] -0.564 0.336 0.678 -0.273 0.29 ...
  .. ..$ NamefileOut: chr "X2/ETA_1_varU.dat"
  .. ..$ SD.u       : num [1:3646] 0.357 0.357 0.357 0.357 0.357 ...
  .. ..$ SD.varU    : num 0.165
  ..$ :List of 15
  .. ..$ V          : num [1:3646, 1:2737] 0.408 0 0 0 0 ...
  .. .. ..- attr(*, "dimnames")=List of 2
  .. .. .. ..$ : chr [1:3646] "2020-21_11.107-5" "2020-21_12.90-53" "2020-21_12.93-4" "2020-21_14.37-103" ...
  .. .. .. ..$ : chr [1:2737] "11.107-5" "12.90-53" "12.93-4" "13.27-142" ...
  .. ..$ d          : Named num [1:2737] 6 1 3 1 1 1 1 1 2 1 ...
  .. .. ..- attr(*, "names")= chr [1:2737] "11.107-5" "12.90-53" "12.93-4" "13.27-142" ...
  .. ..$ model      : chr "RKHS"
  .. ..$ Name       : chr "ETA_2"
  .. ..$ tolD       : num 1e-10
  .. ..$ levelsU    : int 2737
  .. ..$ df0        : num 5
  .. ..$ R2         : num 0.167
  .. ..$ S0         : num 173
  .. ..$ u          : num [1:3646] 2.897 0.819 1.66 0.864 0.171 ...
  .. ..$ varU       : num 95.7
  .. ..$ uStar      : num [1:2737] 7.096 0.819 2.875 12.571 0.864 ...
  .. ..$ NamefileOut: chr "X2/ETA_2_varU.dat"
  .. ..$ SD.u       : num [1:3646] 2.75 5.3 3.57 5.5 5.45 ...
  .. ..$ SD.varU    : num 5.48
  ..$ :List of 15
  .. ..$ V          : num [1:3646, 1:576] 0.010764 0.006644 0.010142 0.00602 -0.000353 ...
  .. .. ..- attr(*, "dimnames")=List of 2
  .. .. .. ..$ : chr [1:3646] "2020-21_11.107-5" "2020-21_12.90-53" "2020-21_12.93-4" "2020-21_14.37-103" ...
  .. .. .. ..$ : NULL
  .. ..$ d          : num [1:576] 1718 767 374 228 121 ...
  .. ..$ model      : chr "RKHS"
  .. ..$ Name       : chr "ETA_3"
  .. ..$ tolD       : num 1e-10
  .. ..$ levelsU    : int 576
  .. ..$ df0        : num 5
  .. ..$ R2         : num 0.167
  .. ..$ S0         : num 36.4
  .. ..$ u          : num [1:3646] -7.45 -10.6 -9.18 -10.85 -11.18 ...
  .. ..$ varU       : num 513
  .. ..$ uStar      : num [1:576] -436.9 211.3 173.9 -117.9 -76.4 ...
  .. ..$ NamefileOut: chr "X2/ETA_3_varU.dat"
  .. ..$ SD.u       : num [1:3646] 2.65 2.2 2.75 2.31 2.53 ...
  .. ..$ SD.varU    : num 126
 - attr(*, "class")= chr "BGLR"
NULL
List of 21
 $ y            : num [1:3646] -0.16528 5.64926 0.00647 4.7282 3.29357 ...
 $ a            : NULL
 $ b            : NULL
 $ whichNa      : int [1:1011] 2636 2637 2638 2639 2640 2641 2642 2643 2644 2645 ...
 $ saveAt       : chr "X2/"
 $ nIter        : num 12000
 $ burnIn       : num 2000
 $ thin         : num 5
 $ weights      : num [1:3646] 1 1 1 1 1 1 1 1 1 1 ...
 $ verbose      : logi FALSE
 $ response_type: chr "gaussian"
 $ df0          : num 5
 $ S0           : num 499
 $ yHat         : num [1:3646] 9.93 4.71 6.96 4.5 3.48 ...
 $ SD.yHat      : num [1:3646] 3.35 5.18 3.78 5.4 5.3 ...
 $ mu           : num 14.5
 $ SD.mu        : num 1.44
 $ varE         : num 37.4
 $ SD.varE      : num 2.81
 $ fit          :List of 4
  ..$ logLikAtPostMean: num -7727
  ..$ postMeanLogLik  : num -8500
  ..$ pD              : num 1546
  ..$ DIC             : num 18547
 $ ETA          :List of 3
  ..$ :List of 15
  .. ..$ V          : num [1:3646, 1:6] 0 0 0 0 0 0 0 0 0 0 ...
  .. .. ..- attr(*, "dimnames")=List of 2
  .. .. .. ..$ : chr [1:3646] "2020-21_11.107-5" "2020-21_12.90-53" "2020-21_12.93-4" "2020-21_14.37-103" ...
  .. .. .. ..$ : NULL
  .. ..$ d          : num [1:6] 1011 918 450 447 435 ...
  .. ..$ model      : chr "RKHS"
  .. ..$ Name       : chr "ETA_1"
  .. ..$ tolD       : num 1e-10
  .. ..$ levelsU    : int 6
  .. ..$ df0        : num 5
  .. ..$ R2         : num 0.167
  .. ..$ S0         : num 0.379
  .. ..$ u          : num [1:3646] -0.0139 -0.0139 -0.0139 -0.0139 -0.0139 ...
  .. ..$ varU       : num 0.137
  .. ..$ uStar      : num [1:6] -0.564 0.336 0.678 -0.273 0.29 ...
  .. ..$ NamefileOut: chr "X2/ETA_1_varU.dat"
  .. ..$ SD.u       : num [1:3646] 0.357 0.357 0.357 0.357 0.357 ...
  .. ..$ SD.varU    : num 0.165
  ..$ :List of 15
  .. ..$ V          : num [1:3646, 1:2737] 0.408 0 0 0 0 ...
  .. .. ..- attr(*, "dimnames")=List of 2
  .. .. .. ..$ : chr [1:3646] "2020-21_11.107-5" "2020-21_12.90-53" "2020-21_12.93-4" "2020-21_14.37-103" ...
  .. .. .. ..$ : chr [1:2737] "11.107-5" "12.90-53" "12.93-4" "13.27-142" ...
  .. ..$ d          : Named num [1:2737] 6 1 3 1 1 1 1 1 2 1 ...
  .. .. ..- attr(*, "names")= chr [1:2737] "11.107-5" "12.90-53" "12.93-4" "13.27-142" ...
  .. ..$ model      : chr "RKHS"
  .. ..$ Name       : chr "ETA_2"
  .. ..$ tolD       : num 1e-10
  .. ..$ levelsU    : int 2737
  .. ..$ df0        : num 5
  .. ..$ R2         : num 0.167
  .. ..$ S0         : num 173
  .. ..$ u          : num [1:3646] 2.897 0.819 1.66 0.864 0.171 ...
  .. ..$ varU       : num 95.7
  .. ..$ uStar      : num [1:2737] 7.096 0.819 2.875 12.571 0.864 ...
  .. ..$ NamefileOut: chr "X2/ETA_2_varU.dat"
  .. ..$ SD.u       : num [1:3646] 2.75 5.3 3.57 5.5 5.45 ...
  .. ..$ SD.varU    : num 5.48
  ..$ :List of 15
  .. ..$ V          : num [1:3646, 1:576] 0.010764 0.006644 0.010142 0.00602 -0.000353 ...
  .. .. ..- attr(*, "dimnames")=List of 2
  .. .. .. ..$ : chr [1:3646] "2020-21_11.107-5" "2020-21_12.90-53" "2020-21_12.93-4" "2020-21_14.37-103" ...
  .. .. .. ..$ : NULL
  .. ..$ d          : num [1:576] 1718 767 374 228 121 ...
  .. ..$ model      : chr "RKHS"
  .. ..$ Name       : chr "ETA_3"
  .. ..$ tolD       : num 1e-10
  .. ..$ levelsU    : int 576
  .. ..$ df0        : num 5
  .. ..$ R2         : num 0.167
  .. ..$ S0         : num 36.4
  .. ..$ u          : num [1:3646] -7.45 -10.6 -9.18 -10.85 -11.18 ...
  .. ..$ varU       : num 513
  .. ..$ uStar      : num [1:576] -436.9 211.3 173.9 -117.9 -76.4 ...
  .. ..$ NamefileOut: chr "X2/ETA_3_varU.dat"
  .. ..$ SD.u       : num [1:3646] 2.65 2.2 2.75 2.31 2.53 ...
  .. ..$ SD.varU    : num 126
 - attr(*, "class")= chr "BGLR"
NULL
List of 21
 $ y            : num [1:3646] -0.16528 5.64926 0.00647 4.7282 3.29357 ...
 $ a            : NULL
 $ b            : NULL
 $ whichNa      : int [1:1011] 2636 2637 2638 2639 2640 2641 2642 2643 2644 2645 ...
 $ saveAt       : chr "X2/"
 $ nIter        : num 12000
 $ burnIn       : num 2000
 $ thin         : num 5
 $ weights      : num [1:3646] 1 1 1 1 1 1 1 1 1 1 ...
 $ verbose      : logi FALSE
 $ response_type: chr "gaussian"
 $ df0          : num 5
 $ S0           : num 499
 $ yHat         : num [1:3646] 9.93 4.71 6.96 4.5 3.48 ...
 $ SD.yHat      : num [1:3646] 3.35 5.18 3.78 5.4 5.3 ...
 $ mu           : num 14.5
 $ SD.mu        : num 1.44
 $ varE         : num 37.4
 $ SD.varE      : num 2.81
 $ fit          :List of 4
  ..$ logLikAtPostMean: num -7727
  ..$ postMeanLogLik  : num -8500
  ..$ pD              : num 1546
  ..$ DIC             : num 18547
 $ ETA          :List of 3
  ..$ :List of 15
  .. ..$ V          : num [1:3646, 1:6] 0 0 0 0 0 0 0 0 0 0 ...
  .. .. ..- attr(*, "dimnames")=List of 2
  .. .. .. ..$ : chr [1:3646] "2020-21_11.107-5" "2020-21_12.90-53" "2020-21_12.93-4" "2020-21_14.37-103" ...
  .. .. .. ..$ : NULL
  .. ..$ d          : num [1:6] 1011 918 450 447 435 ...
  .. ..$ model      : chr "RKHS"
  .. ..$ Name       : chr "ETA_1"
  .. ..$ tolD       : num 1e-10
  .. ..$ levelsU    : int 6
  .. ..$ df0        : num 5
  .. ..$ R2         : num 0.167
  .. ..$ S0         : num 0.379
  .. ..$ u          : num [1:3646] -0.0139 -0.0139 -0.0139 -0.0139 -0.0139 ...
  .. ..$ varU       : num 0.137
  .. ..$ uStar      : num [1:6] -0.564 0.336 0.678 -0.273 0.29 ...
  .. ..$ NamefileOut: chr "X2/ETA_1_varU.dat"
  .. ..$ SD.u       : num [1:3646] 0.357 0.357 0.357 0.357 0.357 ...
  .. ..$ SD.varU    : num 0.165
  ..$ :List of 15
  .. ..$ V          : num [1:3646, 1:2737] 0.408 0 0 0 0 ...
  .. .. ..- attr(*, "dimnames")=List of 2
  .. .. .. ..$ : chr [1:3646] "2020-21_11.107-5" "2020-21_12.90-53" "2020-21_12.93-4" "2020-21_14.37-103" ...
  .. .. .. ..$ : chr [1:2737] "11.107-5" "12.90-53" "12.93-4" "13.27-142" ...
  .. ..$ d          : Named num [1:2737] 6 1 3 1 1 1 1 1 2 1 ...
  .. .. ..- attr(*, "names")= chr [1:2737] "11.107-5" "12.90-53" "12.93-4" "13.27-142" ...
  .. ..$ model      : chr "RKHS"
  .. ..$ Name       : chr "ETA_2"
  .. ..$ tolD       : num 1e-10
  .. ..$ levelsU    : int 2737
  .. ..$ df0        : num 5
  .. ..$ R2         : num 0.167
  .. ..$ S0         : num 173
  .. ..$ u          : num [1:3646] 2.897 0.819 1.66 0.864 0.171 ...
  .. ..$ varU       : num 95.7
  .. ..$ uStar      : num [1:2737] 7.096 0.819 2.875 12.571 0.864 ...
  .. ..$ NamefileOut: chr "X2/ETA_2_varU.dat"
  .. ..$ SD.u       : num [1:3646] 2.75 5.3 3.57 5.5 5.45 ...
  .. ..$ SD.varU    : num 5.48
  ..$ :List of 15
  .. ..$ V          : num [1:3646, 1:576] 0.010764 0.006644 0.010142 0.00602 -0.000353 ...
  .. .. ..- attr(*, "dimnames")=List of 2
  .. .. .. ..$ : chr [1:3646] "2020-21_11.107-5" "2020-21_12.90-53" "2020-21_12.93-4" "2020-21_14.37-103" ...
  .. .. .. ..$ : NULL
  .. ..$ d          : num [1:576] 1718 767 374 228 121 ...
  .. ..$ model      : chr "RKHS"
  .. ..$ Name       : chr "ETA_3"
  .. ..$ tolD       : num 1e-10
  .. ..$ levelsU    : int 576
  .. ..$ df0        : num 5
  .. ..$ R2         : num 0.167
  .. ..$ S0         : num 36.4
  .. ..$ u          : num [1:3646] -7.45 -10.6 -9.18 -10.85 -11.18 ...
  .. ..$ varU       : num 513
  .. ..$ uStar      : num [1:576] -436.9 211.3 173.9 -117.9 -76.4 ...
  .. ..$ NamefileOut: chr "X2/ETA_3_varU.dat"
  .. ..$ SD.u       : num [1:3646] 2.65 2.2 2.75 2.31 2.53 ...
  .. ..$ SD.varU    : num 126
 - attr(*, "class")= chr "BGLR"
NULL
List of 21
 $ y            : num [1:3646] 0.3854 -0.2234 0.0613 -0.1008 8.3403 ...
 $ a            : NULL
 $ b            : NULL
 $ whichNa      : int [1:1011] 2636 2637 2638 2639 2640 2641 2642 2643 2644 2645 ...
 $ saveAt       : chr "X3/"
 $ nIter        : num 12000
 $ burnIn       : num 2000
 $ thin         : num 5
 $ weights      : num [1:3646] 1 1 1 1 1 1 1 1 1 1 ...
 $ verbose      : logi FALSE
 $ response_type: chr "gaussian"
 $ df0          : num 5
 $ S0           : num 427
 $ yHat         : num [1:3646] 10.43 1.28 3.56 4.32 3.57 ...
 $ SD.yHat      : num [1:3646] 4.07 4.76 4.61 4.96 5.12 ...
 $ mu           : num 23.3
 $ SD.mu        : num 1.22
 $ varE         : num 82.4
 $ SD.varE      : num 5.04
 $ fit          :List of 4
  ..$ logLikAtPostMean: num -9183
  ..$ postMeanLogLik  : num -9549
  ..$ pD              : num 732
  ..$ DIC             : num 19830
 $ ETA          :List of 3
  ..$ :List of 15
  .. ..$ V          : num [1:3646, 1:6] 0 0 0 0 0 0 0 0 0 0 ...
  .. .. ..- attr(*, "dimnames")=List of 2
  .. .. .. ..$ : chr [1:3646] "2020-21_11.107-5" "2020-21_12.90-53" "2020-21_12.93-4" "2020-21_14.37-103" ...
  .. .. .. ..$ : NULL
  .. ..$ d          : num [1:6] 1011 918 450 447 435 ...
  .. ..$ model      : chr "RKHS"
  .. ..$ Name       : chr "ETA_1"
  .. ..$ tolD       : num 1e-10
  .. ..$ levelsU    : int 6
  .. ..$ df0        : num 5
  .. ..$ R2         : num 0.167
  .. ..$ S0         : num 0.324
  .. ..$ u          : num [1:3646] -0.0149 -0.0149 -0.0149 -0.0149 -0.0149 ...
  .. ..$ varU       : num 0.114
  .. ..$ uStar      : num [1:6] -0.1498 -0.0748 0.4245 -0.7667 0.3112 ...
  .. ..$ NamefileOut: chr "X3/ETA_1_varU.dat"
  .. ..$ SD.u       : num [1:3646] 0.351 0.351 0.351 0.351 0.351 ...
  .. ..$ SD.varU    : num 0.158
  ..$ :List of 15
  .. ..$ V          : num [1:3646, 1:2737] 0.408 0 0 0 0 ...
  .. .. ..- attr(*, "dimnames")=List of 2
  .. .. .. ..$ : chr [1:3646] "2020-21_11.107-5" "2020-21_12.90-53" "2020-21_12.93-4" "2020-21_14.37-103" ...
  .. .. .. ..$ : chr [1:2737] "11.107-5" "12.90-53" "12.93-4" "13.27-142" ...
  .. ..$ d          : Named num [1:2737] 6 1 3 1 1 1 1 1 2 1 ...
  .. .. ..- attr(*, "names")= chr [1:2737] "11.107-5" "12.90-53" "12.93-4" "13.27-142" ...
  .. ..$ model      : chr "RKHS"
  .. ..$ Name       : chr "ETA_2"
  .. ..$ tolD       : num 1e-10
  .. ..$ levelsU    : int 2737
  .. ..$ df0        : num 5
  .. ..$ R2         : num 0.167
  .. ..$ S0         : num 148
  .. ..$ u          : num [1:3646] 0.171 -0.258 2.678 -1.494 1.9 ...
  .. ..$ varU       : num 30.6
  .. ..$ uStar      : num [1:2737] 0.42 -0.258 4.639 2.575 -1.494 ...
  .. ..$ NamefileOut: chr "X3/ETA_2_varU.dat"
  .. ..$ SD.u       : num [1:3646] 3.33 4.6 3.84 4.7 4.79 ...
  .. ..$ SD.varU    : num 5.41
  ..$ :List of 15
  .. ..$ V          : num [1:3646, 1:576] 0.010764 0.006644 0.010142 0.00602 -0.000353 ...
  .. .. ..- attr(*, "dimnames")=List of 2
  .. .. .. ..$ : chr [1:3646] "2020-21_11.107-5" "2020-21_12.90-53" "2020-21_12.93-4" "2020-21_14.37-103" ...
  .. .. .. ..$ : NULL
  .. ..$ d          : num [1:576] 1718 767 374 228 121 ...
  .. ..$ model      : chr "RKHS"
  .. ..$ Name       : chr "ETA_3"
  .. ..$ tolD       : num 1e-10
  .. ..$ levelsU    : int 576
  .. ..$ df0        : num 5
  .. ..$ R2         : num 0.167
  .. ..$ S0         : num 31.2
  .. ..$ u          : num [1:3646] -13 -21.8 -22.4 -17.5 -21.6 ...
  .. ..$ varU       : num 1294
  .. ..$ uStar      : num [1:576] -419 276 711 -122 -374 ...
  .. ..$ NamefileOut: chr "X3/ETA_3_varU.dat"
  .. ..$ SD.u       : num [1:3646] 2.93 2.43 3.17 2.55 2.78 ...
  .. ..$ SD.varU    : num 220
 - attr(*, "class")= chr "BGLR"
NULL
List of 21
 $ y            : num [1:3646] 0.1023 0.00692 0.09019 -0.21089 -0.06127 ...
 $ a            : NULL
 $ b            : NULL
 $ whichNa      : int [1:1011] 2636 2637 2638 2639 2640 2641 2642 2643 2644 2645 ...
 $ saveAt       : chr "X1/"
 $ nIter        : num 12000
 $ burnIn       : num 2000
 $ thin         : num 5
 $ weights      : num [1:3646] 1 1 1 1 1 1 1 1 1 1 ...
 $ verbose      : logi FALSE
 $ response_type: chr "gaussian"
 $ df0          : num 5
 $ S0           : num 145
 $ yHat         : num [1:3646] 5.111 -0.127 -0.338 -0.113 0.16 ...
 $ SD.yHat      : num [1:3646] 1.55 2.76 1.86 2.79 2.76 ...
 $ mu           : num 4.38
 $ SD.mu        : num 0.6
 $ varE         : num 9.08
 $ SD.varE      : num 0.581
 $ fit          :List of 4
  ..$ logLikAtPostMean: num -5778
  ..$ postMeanLogLik  : num -6638
  ..$ pD              : num 1720
  ..$ DIC             : num 14996
 $ ETA          :List of 3
  ..$ :List of 15
  .. ..$ V          : num [1:3646, 1:6] 0 0 0 0 0 0 0 0 0 0 ...
  .. .. ..- attr(*, "dimnames")=List of 2
  .. .. .. ..$ : chr [1:3646] "2020-21_11.107-5" "2020-21_12.90-53" "2020-21_12.93-4" "2020-21_14.37-103" ...
  .. .. .. ..$ : NULL
  .. ..$ d          : num [1:6] 1011 918 450 447 435 ...
  .. ..$ model      : chr "RKHS"
  .. ..$ Name       : chr "ETA_1"
  .. ..$ tolD       : num 1e-10
  .. ..$ levelsU    : int 6
  .. ..$ df0        : num 5
  .. ..$ R2         : num 0.167
  .. ..$ S0         : num 0.11
  .. ..$ u          : num [1:3646] -0.0143 -0.0143 -0.0143 -0.0143 -0.0143 ...
  .. ..$ varU       : num 0.044
  .. ..$ uStar      : num [1:6] 0.089 -0.0981 0.4645 1.6119 0.298 ...
  .. ..$ NamefileOut: chr "X1/ETA_1_varU.dat"
  .. ..$ SD.u       : num [1:3646] 0.196 0.196 0.196 0.196 0.196 ...
  .. ..$ SD.varU    : num 0.0602
  ..$ :List of 15
  .. ..$ V          : num [1:3646, 1:2737] 0.408 0 0 0 0 ...
  .. .. ..- attr(*, "dimnames")=List of 2
  .. .. .. ..$ : chr [1:3646] "2020-21_11.107-5" "2020-21_12.90-53" "2020-21_12.93-4" "2020-21_14.37-103" ...
  .. .. .. ..$ : chr [1:2737] "11.107-5" "12.90-53" "12.93-4" "13.27-142" ...
  .. ..$ d          : Named num [1:2737] 6 1 3 1 1 1 1 1 2 1 ...
  .. .. ..- attr(*, "names")= chr [1:2737] "11.107-5" "12.90-53" "12.93-4" "13.27-142" ...
  .. ..$ model      : chr "RKHS"
  .. ..$ Name       : chr "ETA_2"
  .. ..$ tolD       : num 1e-10
  .. ..$ levelsU    : int 2737
  .. ..$ df0        : num 5
  .. ..$ R2         : num 0.167
  .. ..$ S0         : num 50.1
  .. ..$ u          : num [1:3646] 4.5194 -0.1905 -1.6021 -0.0484 -1.2791 ...
  .. ..$ varU       : num 45
  .. ..$ uStar      : num [1:2737] 11.0702 -0.1905 -2.775 -1.1233 -0.0484 ...
  .. ..$ NamefileOut: chr "X1/ETA_2_varU.dat"
  .. ..$ SD.u       : num [1:3646] 1.4 2.8 1.82 2.86 2.83 ...
  .. ..$ SD.varU    : num 1.89
  ..$ :List of 15
  .. ..$ V          : num [1:3646, 1:576] 0.010764 0.006644 0.010142 0.00602 -0.000353 ...
  .. .. ..- attr(*, "dimnames")=List of 2
  .. .. .. ..$ : chr [1:3646] "2020-21_11.107-5" "2020-21_12.90-53" "2020-21_12.93-4" "2020-21_14.37-103" ...
  .. .. .. ..$ : NULL
  .. ..$ d          : num [1:576] 1718 767 374 228 121 ...
  .. ..$ model      : chr "RKHS"
  .. ..$ Name       : chr "ETA_3"
  .. ..$ tolD       : num 1e-10
  .. ..$ levelsU    : int 576
  .. ..$ df0        : num 5
  .. ..$ R2         : num 0.167
  .. ..$ S0         : num 10.5
  .. ..$ u          : num [1:3646] -3.77 -4.3 -3.1 -4.43 -2.92 ...
  .. ..$ varU       : num 27.6
  .. ..$ uStar      : num [1:576] -140.3 61.9 31.5 -36.6 21.8 ...
  .. ..$ NamefileOut: chr "X1/ETA_3_varU.dat"
  .. ..$ SD.u       : num [1:3646] 1.094 0.938 1.134 0.983 0.987 ...
  .. ..$ SD.varU    : num 9.23
 - attr(*, "class")= chr "BGLR"
NULL
List of 21
 $ y            : num [1:3646] 0.3854 -0.2234 0.0613 -0.1008 8.3403 ...
 $ a            : NULL
 $ b            : NULL
 $ whichNa      : int [1:1011] 2636 2637 2638 2639 2640 2641 2642 2643 2644 2645 ...
 $ saveAt       : chr "X3/"
 $ nIter        : num 12000
 $ burnIn       : num 2000
 $ thin         : num 5
 $ weights      : num [1:3646] 1 1 1 1 1 1 1 1 1 1 ...
 $ verbose      : logi FALSE
 $ response_type: chr "gaussian"
 $ df0          : num 5
 $ S0           : num 427
 $ yHat         : num [1:3646] 10.43 1.28 3.56 4.32 3.57 ...
 $ SD.yHat      : num [1:3646] 4.07 4.76 4.61 4.96 5.12 ...
 $ mu           : num 23.3
 $ SD.mu        : num 1.22
 $ varE         : num 82.4
 $ SD.varE      : num 5.04
 $ fit          :List of 4
  ..$ logLikAtPostMean: num -9183
  ..$ postMeanLogLik  : num -9549
  ..$ pD              : num 732
  ..$ DIC             : num 19830
 $ ETA          :List of 3
  ..$ :List of 15
  .. ..$ V          : num [1:3646, 1:6] 0 0 0 0 0 0 0 0 0 0 ...
  .. .. ..- attr(*, "dimnames")=List of 2
  .. .. .. ..$ : chr [1:3646] "2020-21_11.107-5" "2020-21_12.90-53" "2020-21_12.93-4" "2020-21_14.37-103" ...
  .. .. .. ..$ : NULL
  .. ..$ d          : num [1:6] 1011 918 450 447 435 ...
  .. ..$ model      : chr "RKHS"
  .. ..$ Name       : chr "ETA_1"
  .. ..$ tolD       : num 1e-10
  .. ..$ levelsU    : int 6
  .. ..$ df0        : num 5
  .. ..$ R2         : num 0.167
  .. ..$ S0         : num 0.324
  .. ..$ u          : num [1:3646] -0.0149 -0.0149 -0.0149 -0.0149 -0.0149 ...
  .. ..$ varU       : num 0.114
  .. ..$ uStar      : num [1:6] -0.1498 -0.0748 0.4245 -0.7667 0.3112 ...
  .. ..$ NamefileOut: chr "X3/ETA_1_varU.dat"
  .. ..$ SD.u       : num [1:3646] 0.351 0.351 0.351 0.351 0.351 ...
  .. ..$ SD.varU    : num 0.158
  ..$ :List of 15
  .. ..$ V          : num [1:3646, 1:2737] 0.408 0 0 0 0 ...
  .. .. ..- attr(*, "dimnames")=List of 2
  .. .. .. ..$ : chr [1:3646] "2020-21_11.107-5" "2020-21_12.90-53" "2020-21_12.93-4" "2020-21_14.37-103" ...
  .. .. .. ..$ : chr [1:2737] "11.107-5" "12.90-53" "12.93-4" "13.27-142" ...
  .. ..$ d          : Named num [1:2737] 6 1 3 1 1 1 1 1 2 1 ...
  .. .. ..- attr(*, "names")= chr [1:2737] "11.107-5" "12.90-53" "12.93-4" "13.27-142" ...
  .. ..$ model      : chr "RKHS"
  .. ..$ Name       : chr "ETA_2"
  .. ..$ tolD       : num 1e-10
  .. ..$ levelsU    : int 2737
  .. ..$ df0        : num 5
  .. ..$ R2         : num 0.167
  .. ..$ S0         : num 148
  .. ..$ u          : num [1:3646] 0.171 -0.258 2.678 -1.494 1.9 ...
  .. ..$ varU       : num 30.6
  .. ..$ uStar      : num [1:2737] 0.42 -0.258 4.639 2.575 -1.494 ...
  .. ..$ NamefileOut: chr "X3/ETA_2_varU.dat"
  .. ..$ SD.u       : num [1:3646] 3.33 4.6 3.84 4.7 4.79 ...
  .. ..$ SD.varU    : num 5.41
  ..$ :List of 15
  .. ..$ V          : num [1:3646, 1:576] 0.010764 0.006644 0.010142 0.00602 -0.000353 ...
  .. .. ..- attr(*, "dimnames")=List of 2
  .. .. .. ..$ : chr [1:3646] "2020-21_11.107-5" "2020-21_12.90-53" "2020-21_12.93-4" "2020-21_14.37-103" ...
  .. .. .. ..$ : NULL
  .. ..$ d          : num [1:576] 1718 767 374 228 121 ...
  .. ..$ model      : chr "RKHS"
  .. ..$ Name       : chr "ETA_3"
  .. ..$ tolD       : num 1e-10
  .. ..$ levelsU    : int 576
  .. ..$ df0        : num 5
  .. ..$ R2         : num 0.167
  .. ..$ S0         : num 31.2
  .. ..$ u          : num [1:3646] -13 -21.8 -22.4 -17.5 -21.6 ...
  .. ..$ varU       : num 1294
  .. ..$ uStar      : num [1:576] -419 276 711 -122 -374 ...
  .. ..$ NamefileOut: chr "X3/ETA_3_varU.dat"
  .. ..$ SD.u       : num [1:3646] 2.93 2.43 3.17 2.55 2.78 ...
  .. ..$ SD.varU    : num 220
 - attr(*, "class")= chr "BGLR"
NULL
List of 21
 $ y            : num [1:3646] 0.3854 -0.2234 0.0613 -0.1008 8.3403 ...
 $ a            : NULL
 $ b            : NULL
 $ whichNa      : int [1:1011] 2636 2637 2638 2639 2640 2641 2642 2643 2644 2645 ...
 $ saveAt       : chr "X3/"
 $ nIter        : num 12000
 $ burnIn       : num 2000
 $ thin         : num 5
 $ weights      : num [1:3646] 1 1 1 1 1 1 1 1 1 1 ...
 $ verbose      : logi FALSE
 $ response_type: chr "gaussian"
 $ df0          : num 5
 $ S0           : num 427
 $ yHat         : num [1:3646] 10.43 1.28 3.56 4.32 3.57 ...
 $ SD.yHat      : num [1:3646] 4.07 4.76 4.61 4.96 5.12 ...
 $ mu           : num 23.3
 $ SD.mu        : num 1.22
 $ varE         : num 82.4
 $ SD.varE      : num 5.04
 $ fit          :List of 4
  ..$ logLikAtPostMean: num -9183
  ..$ postMeanLogLik  : num -9549
  ..$ pD              : num 732
  ..$ DIC             : num 19830
 $ ETA          :List of 3
  ..$ :List of 15
  .. ..$ V          : num [1:3646, 1:6] 0 0 0 0 0 0 0 0 0 0 ...
  .. .. ..- attr(*, "dimnames")=List of 2
  .. .. .. ..$ : chr [1:3646] "2020-21_11.107-5" "2020-21_12.90-53" "2020-21_12.93-4" "2020-21_14.37-103" ...
  .. .. .. ..$ : NULL
  .. ..$ d          : num [1:6] 1011 918 450 447 435 ...
  .. ..$ model      : chr "RKHS"
  .. ..$ Name       : chr "ETA_1"
  .. ..$ tolD       : num 1e-10
  .. ..$ levelsU    : int 6
  .. ..$ df0        : num 5
  .. ..$ R2         : num 0.167
  .. ..$ S0         : num 0.324
  .. ..$ u          : num [1:3646] -0.0149 -0.0149 -0.0149 -0.0149 -0.0149 ...
  .. ..$ varU       : num 0.114
  .. ..$ uStar      : num [1:6] -0.1498 -0.0748 0.4245 -0.7667 0.3112 ...
  .. ..$ NamefileOut: chr "X3/ETA_1_varU.dat"
  .. ..$ SD.u       : num [1:3646] 0.351 0.351 0.351 0.351 0.351 ...
  .. ..$ SD.varU    : num 0.158
  ..$ :List of 15
  .. ..$ V          : num [1:3646, 1:2737] 0.408 0 0 0 0 ...
  .. .. ..- attr(*, "dimnames")=List of 2
  .. .. .. ..$ : chr [1:3646] "2020-21_11.107-5" "2020-21_12.90-53" "2020-21_12.93-4" "2020-21_14.37-103" ...
  .. .. .. ..$ : chr [1:2737] "11.107-5" "12.90-53" "12.93-4" "13.27-142" ...
  .. ..$ d          : Named num [1:2737] 6 1 3 1 1 1 1 1 2 1 ...
  .. .. ..- attr(*, "names")= chr [1:2737] "11.107-5" "12.90-53" "12.93-4" "13.27-142" ...
  .. ..$ model      : chr "RKHS"
  .. ..$ Name       : chr "ETA_2"
  .. ..$ tolD       : num 1e-10
  .. ..$ levelsU    : int 2737
  .. ..$ df0        : num 5
  .. ..$ R2         : num 0.167
  .. ..$ S0         : num 148
  .. ..$ u          : num [1:3646] 0.171 -0.258 2.678 -1.494 1.9 ...
  .. ..$ varU       : num 30.6
  .. ..$ uStar      : num [1:2737] 0.42 -0.258 4.639 2.575 -1.494 ...
  .. ..$ NamefileOut: chr "X3/ETA_2_varU.dat"
  .. ..$ SD.u       : num [1:3646] 3.33 4.6 3.84 4.7 4.79 ...
  .. ..$ SD.varU    : num 5.41
  ..$ :List of 15
  .. ..$ V          : num [1:3646, 1:576] 0.010764 0.006644 0.010142 0.00602 -0.000353 ...
  .. .. ..- attr(*, "dimnames")=List of 2
  .. .. .. ..$ : chr [1:3646] "2020-21_11.107-5" "2020-21_12.90-53" "2020-21_12.93-4" "2020-21_14.37-103" ...
  .. .. .. ..$ : NULL
  .. ..$ d          : num [1:576] 1718 767 374 228 121 ...
  .. ..$ model      : chr "RKHS"
  .. ..$ Name       : chr "ETA_3"
  .. ..$ tolD       : num 1e-10
  .. ..$ levelsU    : int 576
  .. ..$ df0        : num 5
  .. ..$ R2         : num 0.167
  .. ..$ S0         : num 31.2
  .. ..$ u          : num [1:3646] -13 -21.8 -22.4 -17.5 -21.6 ...
  .. ..$ varU       : num 1294
  .. ..$ uStar      : num [1:576] -419 276 711 -122 -374 ...
  .. ..$ NamefileOut: chr "X3/ETA_3_varU.dat"
  .. ..$ SD.u       : num [1:3646] 2.93 2.43 3.17 2.55 2.78 ...
  .. ..$ SD.varU    : num 220
 - attr(*, "class")= chr "BGLR"
NULL
List of 21
 $ y            : num [1:3646] 0.3854 -0.2234 0.0613 -0.1008 8.3403 ...
 $ a            : NULL
 $ b            : NULL
 $ whichNa      : int [1:1011] 2636 2637 2638 2639 2640 2641 2642 2643 2644 2645 ...
 $ saveAt       : chr "X3/"
 $ nIter        : num 12000
 $ burnIn       : num 2000
 $ thin         : num 5
 $ weights      : num [1:3646] 1 1 1 1 1 1 1 1 1 1 ...
 $ verbose      : logi FALSE
 $ response_type: chr "gaussian"
 $ df0          : num 5
 $ S0           : num 427
 $ yHat         : num [1:3646] 10.43 1.28 3.56 4.32 3.57 ...
 $ SD.yHat      : num [1:3646] 4.07 4.76 4.61 4.96 5.12 ...
 $ mu           : num 23.3
 $ SD.mu        : num 1.22
 $ varE         : num 82.4
 $ SD.varE      : num 5.04
 $ fit          :List of 4
  ..$ logLikAtPostMean: num -9183
  ..$ postMeanLogLik  : num -9549
  ..$ pD              : num 732
  ..$ DIC             : num 19830
 $ ETA          :List of 3
  ..$ :List of 15
  .. ..$ V          : num [1:3646, 1:6] 0 0 0 0 0 0 0 0 0 0 ...
  .. .. ..- attr(*, "dimnames")=List of 2
  .. .. .. ..$ : chr [1:3646] "2020-21_11.107-5" "2020-21_12.90-53" "2020-21_12.93-4" "2020-21_14.37-103" ...
  .. .. .. ..$ : NULL
  .. ..$ d          : num [1:6] 1011 918 450 447 435 ...
  .. ..$ model      : chr "RKHS"
  .. ..$ Name       : chr "ETA_1"
  .. ..$ tolD       : num 1e-10
  .. ..$ levelsU    : int 6
  .. ..$ df0        : num 5
  .. ..$ R2         : num 0.167
  .. ..$ S0         : num 0.324
  .. ..$ u          : num [1:3646] -0.0149 -0.0149 -0.0149 -0.0149 -0.0149 ...
  .. ..$ varU       : num 0.114
  .. ..$ uStar      : num [1:6] -0.1498 -0.0748 0.4245 -0.7667 0.3112 ...
  .. ..$ NamefileOut: chr "X3/ETA_1_varU.dat"
  .. ..$ SD.u       : num [1:3646] 0.351 0.351 0.351 0.351 0.351 ...
  .. ..$ SD.varU    : num 0.158
  ..$ :List of 15
  .. ..$ V          : num [1:3646, 1:2737] 0.408 0 0 0 0 ...
  .. .. ..- attr(*, "dimnames")=List of 2
  .. .. .. ..$ : chr [1:3646] "2020-21_11.107-5" "2020-21_12.90-53" "2020-21_12.93-4" "2020-21_14.37-103" ...
  .. .. .. ..$ : chr [1:2737] "11.107-5" "12.90-53" "12.93-4" "13.27-142" ...
  .. ..$ d          : Named num [1:2737] 6 1 3 1 1 1 1 1 2 1 ...
  .. .. ..- attr(*, "names")= chr [1:2737] "11.107-5" "12.90-53" "12.93-4" "13.27-142" ...
  .. ..$ model      : chr "RKHS"
  .. ..$ Name       : chr "ETA_2"
  .. ..$ tolD       : num 1e-10
  .. ..$ levelsU    : int 2737
  .. ..$ df0        : num 5
  .. ..$ R2         : num 0.167
  .. ..$ S0         : num 148
  .. ..$ u          : num [1:3646] 0.171 -0.258 2.678 -1.494 1.9 ...
  .. ..$ varU       : num 30.6
  .. ..$ uStar      : num [1:2737] 0.42 -0.258 4.639 2.575 -1.494 ...
  .. ..$ NamefileOut: chr "X3/ETA_2_varU.dat"
  .. ..$ SD.u       : num [1:3646] 3.33 4.6 3.84 4.7 4.79 ...
  .. ..$ SD.varU    : num 5.41
  ..$ :List of 15
  .. ..$ V          : num [1:3646, 1:576] 0.010764 0.006644 0.010142 0.00602 -0.000353 ...
  .. .. ..- attr(*, "dimnames")=List of 2
  .. .. .. ..$ : chr [1:3646] "2020-21_11.107-5" "2020-21_12.90-53" "2020-21_12.93-4" "2020-21_14.37-103" ...
  .. .. .. ..$ : NULL
  .. ..$ d          : num [1:576] 1718 767 374 228 121 ...
  .. ..$ model      : chr "RKHS"
  .. ..$ Name       : chr "ETA_3"
  .. ..$ tolD       : num 1e-10
  .. ..$ levelsU    : int 576
  .. ..$ df0        : num 5
  .. ..$ R2         : num 0.167
  .. ..$ S0         : num 31.2
  .. ..$ u          : num [1:3646] -13 -21.8 -22.4 -17.5 -21.6 ...
  .. ..$ varU       : num 1294
  .. ..$ uStar      : num [1:576] -419 276 711 -122 -374 ...
  .. ..$ NamefileOut: chr "X3/ETA_3_varU.dat"
  .. ..$ SD.u       : num [1:3646] 2.93 2.43 3.17 2.55 2.78 ...
  .. ..$ SD.varU    : num 220
 - attr(*, "class")= chr "BGLR"
NULL
List of 21
 $ y            : num [1:3646] 0.3854 -0.2234 0.0613 -0.1008 8.3403 ...
 $ a            : NULL
 $ b            : NULL
 $ whichNa      : int [1:1011] 2636 2637 2638 2639 2640 2641 2642 2643 2644 2645 ...
 $ saveAt       : chr "X3/"
 $ nIter        : num 12000
 $ burnIn       : num 2000
 $ thin         : num 5
 $ weights      : num [1:3646] 1 1 1 1 1 1 1 1 1 1 ...
 $ verbose      : logi FALSE
 $ response_type: chr "gaussian"
 $ df0          : num 5
 $ S0           : num 427
 $ yHat         : num [1:3646] 10.43 1.28 3.56 4.32 3.57 ...
 $ SD.yHat      : num [1:3646] 4.07 4.76 4.61 4.96 5.12 ...
 $ mu           : num 23.3
 $ SD.mu        : num 1.22
 $ varE         : num 82.4
 $ SD.varE      : num 5.04
 $ fit          :List of 4
  ..$ logLikAtPostMean: num -9183
  ..$ postMeanLogLik  : num -9549
  ..$ pD              : num 732
  ..$ DIC             : num 19830
 $ ETA          :List of 3
  ..$ :List of 15
  .. ..$ V          : num [1:3646, 1:6] 0 0 0 0 0 0 0 0 0 0 ...
  .. .. ..- attr(*, "dimnames")=List of 2
  .. .. .. ..$ : chr [1:3646] "2020-21_11.107-5" "2020-21_12.90-53" "2020-21_12.93-4" "2020-21_14.37-103" ...
  .. .. .. ..$ : NULL
  .. ..$ d          : num [1:6] 1011 918 450 447 435 ...
  .. ..$ model      : chr "RKHS"
  .. ..$ Name       : chr "ETA_1"
  .. ..$ tolD       : num 1e-10
  .. ..$ levelsU    : int 6
  .. ..$ df0        : num 5
  .. ..$ R2         : num 0.167
  .. ..$ S0         : num 0.324
  .. ..$ u          : num [1:3646] -0.0149 -0.0149 -0.0149 -0.0149 -0.0149 ...
  .. ..$ varU       : num 0.114
  .. ..$ uStar      : num [1:6] -0.1498 -0.0748 0.4245 -0.7667 0.3112 ...
  .. ..$ NamefileOut: chr "X3/ETA_1_varU.dat"
  .. ..$ SD.u       : num [1:3646] 0.351 0.351 0.351 0.351 0.351 ...
  .. ..$ SD.varU    : num 0.158
  ..$ :List of 15
  .. ..$ V          : num [1:3646, 1:2737] 0.408 0 0 0 0 ...
  .. .. ..- attr(*, "dimnames")=List of 2
  .. .. .. ..$ : chr [1:3646] "2020-21_11.107-5" "2020-21_12.90-53" "2020-21_12.93-4" "2020-21_14.37-103" ...
  .. .. .. ..$ : chr [1:2737] "11.107-5" "12.90-53" "12.93-4" "13.27-142" ...
  .. ..$ d          : Named num [1:2737] 6 1 3 1 1 1 1 1 2 1 ...
  .. .. ..- attr(*, "names")= chr [1:2737] "11.107-5" "12.90-53" "12.93-4" "13.27-142" ...
  .. ..$ model      : chr "RKHS"
  .. ..$ Name       : chr "ETA_2"
  .. ..$ tolD       : num 1e-10
  .. ..$ levelsU    : int 2737
  .. ..$ df0        : num 5
  .. ..$ R2         : num 0.167
  .. ..$ S0         : num 148
  .. ..$ u          : num [1:3646] 0.171 -0.258 2.678 -1.494 1.9 ...
  .. ..$ varU       : num 30.6
  .. ..$ uStar      : num [1:2737] 0.42 -0.258 4.639 2.575 -1.494 ...
  .. ..$ NamefileOut: chr "X3/ETA_2_varU.dat"
  .. ..$ SD.u       : num [1:3646] 3.33 4.6 3.84 4.7 4.79 ...
  .. ..$ SD.varU    : num 5.41
  ..$ :List of 15
  .. ..$ V          : num [1:3646, 1:576] 0.010764 0.006644 0.010142 0.00602 -0.000353 ...
  .. .. ..- attr(*, "dimnames")=List of 2
  .. .. .. ..$ : chr [1:3646] "2020-21_11.107-5" "2020-21_12.90-53" "2020-21_12.93-4" "2020-21_14.37-103" ...
  .. .. .. ..$ : NULL
  .. ..$ d          : num [1:576] 1718 767 374 228 121 ...
  .. ..$ model      : chr "RKHS"
  .. ..$ Name       : chr "ETA_3"
  .. ..$ tolD       : num 1e-10
  .. ..$ levelsU    : int 576
  .. ..$ df0        : num 5
  .. ..$ R2         : num 0.167
  .. ..$ S0         : num 31.2
  .. ..$ u          : num [1:3646] -13 -21.8 -22.4 -17.5 -21.6 ...
  .. ..$ varU       : num 1294
  .. ..$ uStar      : num [1:576] -419 276 711 -122 -374 ...
  .. ..$ NamefileOut: chr "X3/ETA_3_varU.dat"
  .. ..$ SD.u       : num [1:3646] 2.93 2.43 3.17 2.55 2.78 ...
  .. ..$ SD.varU    : num 220
 - attr(*, "class")= chr "BGLR"
NULL
List of 21
 $ y            : num [1:3646] -0.573 11.702 0.323 2.302 4.538 ...
 $ a            : NULL
 $ b            : NULL
 $ whichNa      : int [1:1011] 2636 2637 2638 2639 2640 2641 2642 2643 2644 2645 ...
 $ saveAt       : chr "X4/"
 $ nIter        : num 12000
 $ burnIn       : num 2000
 $ thin         : num 5
 $ weights      : num [1:3646] 1 1 1 1 1 1 1 1 1 1 ...
 $ verbose      : logi FALSE
 $ response_type: chr "gaussian"
 $ df0          : num 5
 $ S0           : num 418
 $ yHat         : num [1:3646] 2.02 7.9 2.75 8.64 4.76 ...
 $ SD.yHat      : num [1:3646] 4.05 4.67 4.52 4.83 4.87 ...
 $ mu           : num 21.7
 $ SD.mu        : num 1.16
 $ varE         : num 82.6
 $ SD.varE      : num 5.27
 $ fit          :List of 4
  ..$ logLikAtPostMean: num -9197
  ..$ postMeanLogLik  : num -9551
  ..$ pD              : num 707
  ..$ DIC             : num 19809
 $ ETA          :List of 3
  ..$ :List of 15
  .. ..$ V          : num [1:3646, 1:6] 0 0 0 0 0 0 0 0 0 0 ...
  .. .. ..- attr(*, "dimnames")=List of 2
  .. .. .. ..$ : chr [1:3646] "2020-21_11.107-5" "2020-21_12.90-53" "2020-21_12.93-4" "2020-21_14.37-103" ...
  .. .. .. ..$ : NULL
  .. ..$ d          : num [1:6] 1011 918 450 447 435 ...
  .. ..$ model      : chr "RKHS"
  .. ..$ Name       : chr "ETA_1"
  .. ..$ tolD       : num 1e-10
  .. ..$ levelsU    : int 6
  .. ..$ df0        : num 5
  .. ..$ R2         : num 0.167
  .. ..$ S0         : num 0.317
  .. ..$ u          : num [1:3646] 0.00204 0.00204 0.00204 0.00204 0.00204 ...
  .. ..$ varU       : num 0.103
  .. ..$ uStar      : num [1:6] 0.1737 -0.3592 -0.665 0.0548 -0.0425 ...
  .. ..$ NamefileOut: chr "X4/ETA_1_varU.dat"
  .. ..$ SD.u       : num [1:3646] 0.317 0.317 0.317 0.317 0.317 ...
  .. ..$ SD.varU    : num 0.105
  ..$ :List of 15
  .. ..$ V          : num [1:3646, 1:2737] 0.408 0 0 0 0 ...
  .. .. ..- attr(*, "dimnames")=List of 2
  .. .. .. ..$ : chr [1:3646] "2020-21_11.107-5" "2020-21_12.90-53" "2020-21_12.93-4" "2020-21_14.37-103" ...
  .. .. .. ..$ : chr [1:2737] "11.107-5" "12.90-53" "12.93-4" "13.27-142" ...
  .. ..$ d          : Named num [1:2737] 6 1 3 1 1 1 1 1 2 1 ...
  .. .. ..- attr(*, "names")= chr [1:2737] "11.107-5" "12.90-53" "12.93-4" "13.27-142" ...
  .. ..$ model      : chr "RKHS"
  .. ..$ Name       : chr "ETA_2"
  .. ..$ tolD       : num 1e-10
  .. ..$ levelsU    : int 2737
  .. ..$ df0        : num 5
  .. ..$ R2         : num 0.167
  .. ..$ S0         : num 145
  .. ..$ u          : num [1:3646] -0.917 1.364 2.195 -2.532 -0.444 ...
  .. ..$ varU       : num 29.7
  .. ..$ uStar      : num [1:2737] -2.247 1.364 3.802 0.193 -2.532 ...
  .. ..$ NamefileOut: chr "X4/ETA_2_varU.dat"
  .. ..$ SD.u       : num [1:3646] 3.27 4.53 3.93 4.69 4.67 ...
  .. ..$ SD.varU    : num 5.41
  ..$ :List of 15
  .. ..$ V          : num [1:3646, 1:576] 0.010764 0.006644 0.010142 0.00602 -0.000353 ...
  .. .. ..- attr(*, "dimnames")=List of 2
  .. .. .. ..$ : chr [1:3646] "2020-21_11.107-5" "2020-21_12.90-53" "2020-21_12.93-4" "2020-21_14.37-103" ...
  .. .. .. ..$ : NULL
  .. ..$ d          : num [1:576] 1718 767 374 228 121 ...
  .. ..$ model      : chr "RKHS"
  .. ..$ Name       : chr "ETA_3"
  .. ..$ tolD       : num 1e-10
  .. ..$ levelsU    : int 576
  .. ..$ df0        : num 5
  .. ..$ R2         : num 0.167
  .. ..$ S0         : num 30.5
  .. ..$ u          : num [1:3646] -18.8 -15.2 -21.1 -10.5 -16.5 ...
  .. ..$ varU       : num 930
  .. ..$ uStar      : num [1:576] -518.1 121.6 670.9 54.8 -397.3 ...
  .. ..$ NamefileOut: chr "X4/ETA_3_varU.dat"
  .. ..$ SD.u       : num [1:3646] 2.91 2.18 3.03 2.31 2.62 ...
  .. ..$ SD.varU    : num 190
 - attr(*, "class")= chr "BGLR"
NULL
List of 21
 $ y            : num [1:3646] 0.3854 -0.2234 0.0613 -0.1008 8.3403 ...
 $ a            : NULL
 $ b            : NULL
 $ whichNa      : int [1:1011] 2636 2637 2638 2639 2640 2641 2642 2643 2644 2645 ...
 $ saveAt       : chr "X3/"
 $ nIter        : num 12000
 $ burnIn       : num 2000
 $ thin         : num 5
 $ weights      : num [1:3646] 1 1 1 1 1 1 1 1 1 1 ...
 $ verbose      : logi FALSE
 $ response_type: chr "gaussian"
 $ df0          : num 5
 $ S0           : num 427
 $ yHat         : num [1:3646] 10.43 1.28 3.56 4.32 3.57 ...
 $ SD.yHat      : num [1:3646] 4.07 4.76 4.61 4.96 5.12 ...
 $ mu           : num 23.3
 $ SD.mu        : num 1.22
 $ varE         : num 82.4
 $ SD.varE      : num 5.04
 $ fit          :List of 4
  ..$ logLikAtPostMean: num -9183
  ..$ postMeanLogLik  : num -9549
  ..$ pD              : num 732
  ..$ DIC             : num 19830
 $ ETA          :List of 3
  ..$ :List of 15
  .. ..$ V          : num [1:3646, 1:6] 0 0 0 0 0 0 0 0 0 0 ...
  .. .. ..- attr(*, "dimnames")=List of 2
  .. .. .. ..$ : chr [1:3646] "2020-21_11.107-5" "2020-21_12.90-53" "2020-21_12.93-4" "2020-21_14.37-103" ...
  .. .. .. ..$ : NULL
  .. ..$ d          : num [1:6] 1011 918 450 447 435 ...
  .. ..$ model      : chr "RKHS"
  .. ..$ Name       : chr "ETA_1"
  .. ..$ tolD       : num 1e-10
  .. ..$ levelsU    : int 6
  .. ..$ df0        : num 5
  .. ..$ R2         : num 0.167
  .. ..$ S0         : num 0.324
  .. ..$ u          : num [1:3646] -0.0149 -0.0149 -0.0149 -0.0149 -0.0149 ...
  .. ..$ varU       : num 0.114
  .. ..$ uStar      : num [1:6] -0.1498 -0.0748 0.4245 -0.7667 0.3112 ...
  .. ..$ NamefileOut: chr "X3/ETA_1_varU.dat"
  .. ..$ SD.u       : num [1:3646] 0.351 0.351 0.351 0.351 0.351 ...
  .. ..$ SD.varU    : num 0.158
  ..$ :List of 15
  .. ..$ V          : num [1:3646, 1:2737] 0.408 0 0 0 0 ...
  .. .. ..- attr(*, "dimnames")=List of 2
  .. .. .. ..$ : chr [1:3646] "2020-21_11.107-5" "2020-21_12.90-53" "2020-21_12.93-4" "2020-21_14.37-103" ...
  .. .. .. ..$ : chr [1:2737] "11.107-5" "12.90-53" "12.93-4" "13.27-142" ...
  .. ..$ d          : Named num [1:2737] 6 1 3 1 1 1 1 1 2 1 ...
  .. .. ..- attr(*, "names")= chr [1:2737] "11.107-5" "12.90-53" "12.93-4" "13.27-142" ...
  .. ..$ model      : chr "RKHS"
  .. ..$ Name       : chr "ETA_2"
  .. ..$ tolD       : num 1e-10
  .. ..$ levelsU    : int 2737
  .. ..$ df0        : num 5
  .. ..$ R2         : num 0.167
  .. ..$ S0         : num 148
  .. ..$ u          : num [1:3646] 0.171 -0.258 2.678 -1.494 1.9 ...
  .. ..$ varU       : num 30.6
  .. ..$ uStar      : num [1:2737] 0.42 -0.258 4.639 2.575 -1.494 ...
  .. ..$ NamefileOut: chr "X3/ETA_2_varU.dat"
  .. ..$ SD.u       : num [1:3646] 3.33 4.6 3.84 4.7 4.79 ...
  .. ..$ SD.varU    : num 5.41
  ..$ :List of 15
  .. ..$ V          : num [1:3646, 1:576] 0.010764 0.006644 0.010142 0.00602 -0.000353 ...
  .. .. ..- attr(*, "dimnames")=List of 2
  .. .. .. ..$ : chr [1:3646] "2020-21_11.107-5" "2020-21_12.90-53" "2020-21_12.93-4" "2020-21_14.37-103" ...
  .. .. .. ..$ : NULL
  .. ..$ d          : num [1:576] 1718 767 374 228 121 ...
  .. ..$ model      : chr "RKHS"
  .. ..$ Name       : chr "ETA_3"
  .. ..$ tolD       : num 1e-10
  .. ..$ levelsU    : int 576
  .. ..$ df0        : num 5
  .. ..$ R2         : num 0.167
  .. ..$ S0         : num 31.2
  .. ..$ u          : num [1:3646] -13 -21.8 -22.4 -17.5 -21.6 ...
  .. ..$ varU       : num 1294
  .. ..$ uStar      : num [1:576] -419 276 711 -122 -374 ...
  .. ..$ NamefileOut: chr "X3/ETA_3_varU.dat"
  .. ..$ SD.u       : num [1:3646] 2.93 2.43 3.17 2.55 2.78 ...
  .. ..$ SD.varU    : num 220
 - attr(*, "class")= chr "BGLR"
NULL
List of 21
 $ y            : num [1:3646] 0.1023 0.00692 0.09019 -0.21089 -0.06127 ...
 $ a            : NULL
 $ b            : NULL
 $ whichNa      : int [1:1011] 2636 2637 2638 2639 2640 2641 2642 2643 2644 2645 ...
 $ saveAt       : chr "X1/"
 $ nIter        : num 12000
 $ burnIn       : num 2000
 $ thin         : num 5
 $ weights      : num [1:3646] 1 1 1 1 1 1 1 1 1 1 ...
 $ verbose      : logi FALSE
 $ response_type: chr "gaussian"
 $ df0          : num 5
 $ S0           : num 145
 $ yHat         : num [1:3646] 5.111 -0.127 -0.338 -0.113 0.16 ...
 $ SD.yHat      : num [1:3646] 1.55 2.76 1.86 2.79 2.76 ...
 $ mu           : num 4.38
 $ SD.mu        : num 0.6
 $ varE         : num 9.08
 $ SD.varE      : num 0.581
 $ fit          :List of 4
  ..$ logLikAtPostMean: num -5778
  ..$ postMeanLogLik  : num -6638
  ..$ pD              : num 1720
  ..$ DIC             : num 14996
 $ ETA          :List of 3
  ..$ :List of 15
  .. ..$ V          : num [1:3646, 1:6] 0 0 0 0 0 0 0 0 0 0 ...
  .. .. ..- attr(*, "dimnames")=List of 2
  .. .. .. ..$ : chr [1:3646] "2020-21_11.107-5" "2020-21_12.90-53" "2020-21_12.93-4" "2020-21_14.37-103" ...
  .. .. .. ..$ : NULL
  .. ..$ d          : num [1:6] 1011 918 450 447 435 ...
  .. ..$ model      : chr "RKHS"
  .. ..$ Name       : chr "ETA_1"
  .. ..$ tolD       : num 1e-10
  .. ..$ levelsU    : int 6
  .. ..$ df0        : num 5
  .. ..$ R2         : num 0.167
  .. ..$ S0         : num 0.11
  .. ..$ u          : num [1:3646] -0.0143 -0.0143 -0.0143 -0.0143 -0.0143 ...
  .. ..$ varU       : num 0.044
  .. ..$ uStar      : num [1:6] 0.089 -0.0981 0.4645 1.6119 0.298 ...
  .. ..$ NamefileOut: chr "X1/ETA_1_varU.dat"
  .. ..$ SD.u       : num [1:3646] 0.196 0.196 0.196 0.196 0.196 ...
  .. ..$ SD.varU    : num 0.0602
  ..$ :List of 15
  .. ..$ V          : num [1:3646, 1:2737] 0.408 0 0 0 0 ...
  .. .. ..- attr(*, "dimnames")=List of 2
  .. .. .. ..$ : chr [1:3646] "2020-21_11.107-5" "2020-21_12.90-53" "2020-21_12.93-4" "2020-21_14.37-103" ...
  .. .. .. ..$ : chr [1:2737] "11.107-5" "12.90-53" "12.93-4" "13.27-142" ...
  .. ..$ d          : Named num [1:2737] 6 1 3 1 1 1 1 1 2 1 ...
  .. .. ..- attr(*, "names")= chr [1:2737] "11.107-5" "12.90-53" "12.93-4" "13.27-142" ...
  .. ..$ model      : chr "RKHS"
  .. ..$ Name       : chr "ETA_2"
  .. ..$ tolD       : num 1e-10
  .. ..$ levelsU    : int 2737
  .. ..$ df0        : num 5
  .. ..$ R2         : num 0.167
  .. ..$ S0         : num 50.1
  .. ..$ u          : num [1:3646] 4.5194 -0.1905 -1.6021 -0.0484 -1.2791 ...
  .. ..$ varU       : num 45
  .. ..$ uStar      : num [1:2737] 11.0702 -0.1905 -2.775 -1.1233 -0.0484 ...
  .. ..$ NamefileOut: chr "X1/ETA_2_varU.dat"
  .. ..$ SD.u       : num [1:3646] 1.4 2.8 1.82 2.86 2.83 ...
  .. ..$ SD.varU    : num 1.89
  ..$ :List of 15
  .. ..$ V          : num [1:3646, 1:576] 0.010764 0.006644 0.010142 0.00602 -0.000353 ...
  .. .. ..- attr(*, "dimnames")=List of 2
  .. .. .. ..$ : chr [1:3646] "2020-21_11.107-5" "2020-21_12.90-53" "2020-21_12.93-4" "2020-21_14.37-103" ...
  .. .. .. ..$ : NULL
  .. ..$ d          : num [1:576] 1718 767 374 228 121 ...
  .. ..$ model      : chr "RKHS"
  .. ..$ Name       : chr "ETA_3"
  .. ..$ tolD       : num 1e-10
  .. ..$ levelsU    : int 576
  .. ..$ df0        : num 5
  .. ..$ R2         : num 0.167
  .. ..$ S0         : num 10.5
  .. ..$ u          : num [1:3646] -3.77 -4.3 -3.1 -4.43 -2.92 ...
  .. ..$ varU       : num 27.6
  .. ..$ uStar      : num [1:576] -140.3 61.9 31.5 -36.6 21.8 ...
  .. ..$ NamefileOut: chr "X1/ETA_3_varU.dat"
  .. ..$ SD.u       : num [1:3646] 1.094 0.938 1.134 0.983 0.987 ...
  .. ..$ SD.varU    : num 9.23
 - attr(*, "class")= chr "BGLR"
NULL
List of 21
 $ y            : num [1:3646] -0.573 11.702 0.323 2.302 4.538 ...
 $ a            : NULL
 $ b            : NULL
 $ whichNa      : int [1:1011] 2636 2637 2638 2639 2640 2641 2642 2643 2644 2645 ...
 $ saveAt       : chr "X4/"
 $ nIter        : num 12000
 $ burnIn       : num 2000
 $ thin         : num 5
 $ weights      : num [1:3646] 1 1 1 1 1 1 1 1 1 1 ...
 $ verbose      : logi FALSE
 $ response_type: chr "gaussian"
 $ df0          : num 5
 $ S0           : num 418
 $ yHat         : num [1:3646] 2.02 7.9 2.75 8.64 4.76 ...
 $ SD.yHat      : num [1:3646] 4.05 4.67 4.52 4.83 4.87 ...
 $ mu           : num 21.7
 $ SD.mu        : num 1.16
 $ varE         : num 82.6
 $ SD.varE      : num 5.27
 $ fit          :List of 4
  ..$ logLikAtPostMean: num -9197
  ..$ postMeanLogLik  : num -9551
  ..$ pD              : num 707
  ..$ DIC             : num 19809
 $ ETA          :List of 3
  ..$ :List of 15
  .. ..$ V          : num [1:3646, 1:6] 0 0 0 0 0 0 0 0 0 0 ...
  .. .. ..- attr(*, "dimnames")=List of 2
  .. .. .. ..$ : chr [1:3646] "2020-21_11.107-5" "2020-21_12.90-53" "2020-21_12.93-4" "2020-21_14.37-103" ...
  .. .. .. ..$ : NULL
  .. ..$ d          : num [1:6] 1011 918 450 447 435 ...
  .. ..$ model      : chr "RKHS"
  .. ..$ Name       : chr "ETA_1"
  .. ..$ tolD       : num 1e-10
  .. ..$ levelsU    : int 6
  .. ..$ df0        : num 5
  .. ..$ R2         : num 0.167
  .. ..$ S0         : num 0.317
  .. ..$ u          : num [1:3646] 0.00204 0.00204 0.00204 0.00204 0.00204 ...
  .. ..$ varU       : num 0.103
  .. ..$ uStar      : num [1:6] 0.1737 -0.3592 -0.665 0.0548 -0.0425 ...
  .. ..$ NamefileOut: chr "X4/ETA_1_varU.dat"
  .. ..$ SD.u       : num [1:3646] 0.317 0.317 0.317 0.317 0.317 ...
  .. ..$ SD.varU    : num 0.105
  ..$ :List of 15
  .. ..$ V          : num [1:3646, 1:2737] 0.408 0 0 0 0 ...
  .. .. ..- attr(*, "dimnames")=List of 2
  .. .. .. ..$ : chr [1:3646] "2020-21_11.107-5" "2020-21_12.90-53" "2020-21_12.93-4" "2020-21_14.37-103" ...
  .. .. .. ..$ : chr [1:2737] "11.107-5" "12.90-53" "12.93-4" "13.27-142" ...
  .. ..$ d          : Named num [1:2737] 6 1 3 1 1 1 1 1 2 1 ...
  .. .. ..- attr(*, "names")= chr [1:2737] "11.107-5" "12.90-53" "12.93-4" "13.27-142" ...
  .. ..$ model      : chr "RKHS"
  .. ..$ Name       : chr "ETA_2"
  .. ..$ tolD       : num 1e-10
  .. ..$ levelsU    : int 2737
  .. ..$ df0        : num 5
  .. ..$ R2         : num 0.167
  .. ..$ S0         : num 145
  .. ..$ u          : num [1:3646] -0.917 1.364 2.195 -2.532 -0.444 ...
  .. ..$ varU       : num 29.7
  .. ..$ uStar      : num [1:2737] -2.247 1.364 3.802 0.193 -2.532 ...
  .. ..$ NamefileOut: chr "X4/ETA_2_varU.dat"
  .. ..$ SD.u       : num [1:3646] 3.27 4.53 3.93 4.69 4.67 ...
  .. ..$ SD.varU    : num 5.41
  ..$ :List of 15
  .. ..$ V          : num [1:3646, 1:576] 0.010764 0.006644 0.010142 0.00602 -0.000353 ...
  .. .. ..- attr(*, "dimnames")=List of 2
  .. .. .. ..$ : chr [1:3646] "2020-21_11.107-5" "2020-21_12.90-53" "2020-21_12.93-4" "2020-21_14.37-103" ...
  .. .. .. ..$ : NULL
  .. ..$ d          : num [1:576] 1718 767 374 228 121 ...
  .. ..$ model      : chr "RKHS"
  .. ..$ Name       : chr "ETA_3"
  .. ..$ tolD       : num 1e-10
  .. ..$ levelsU    : int 576
  .. ..$ df0        : num 5
  .. ..$ R2         : num 0.167
  .. ..$ S0         : num 30.5
  .. ..$ u          : num [1:3646] -18.8 -15.2 -21.1 -10.5 -16.5 ...
  .. ..$ varU       : num 930
  .. ..$ uStar      : num [1:576] -518.1 121.6 670.9 54.8 -397.3 ...
  .. ..$ NamefileOut: chr "X4/ETA_3_varU.dat"
  .. ..$ SD.u       : num [1:3646] 2.91 2.18 3.03 2.31 2.62 ...
  .. ..$ SD.varU    : num 190
 - attr(*, "class")= chr "BGLR"
NULL
List of 21
 $ y            : num [1:3646] 0.1023 0.00692 0.09019 -0.21089 -0.06127 ...
 $ a            : NULL
 $ b            : NULL
 $ whichNa      : int [1:1011] 2636 2637 2638 2639 2640 2641 2642 2643 2644 2645 ...
 $ saveAt       : chr "X1/"
 $ nIter        : num 12000
 $ burnIn       : num 2000
 $ thin         : num 5
 $ weights      : num [1:3646] 1 1 1 1 1 1 1 1 1 1 ...
 $ verbose      : logi FALSE
 $ response_type: chr "gaussian"
 $ df0          : num 5
 $ S0           : num 145
 $ yHat         : num [1:3646] 5.111 -0.127 -0.338 -0.113 0.16 ...
 $ SD.yHat      : num [1:3646] 1.55 2.76 1.86 2.79 2.76 ...
 $ mu           : num 4.38
 $ SD.mu        : num 0.6
 $ varE         : num 9.08
 $ SD.varE      : num 0.581
 $ fit          :List of 4
  ..$ logLikAtPostMean: num -5778
  ..$ postMeanLogLik  : num -6638
  ..$ pD              : num 1720
  ..$ DIC             : num 14996
 $ ETA          :List of 3
  ..$ :List of 15
  .. ..$ V          : num [1:3646, 1:6] 0 0 0 0 0 0 0 0 0 0 ...
  .. .. ..- attr(*, "dimnames")=List of 2
  .. .. .. ..$ : chr [1:3646] "2020-21_11.107-5" "2020-21_12.90-53" "2020-21_12.93-4" "2020-21_14.37-103" ...
  .. .. .. ..$ : NULL
  .. ..$ d          : num [1:6] 1011 918 450 447 435 ...
  .. ..$ model      : chr "RKHS"
  .. ..$ Name       : chr "ETA_1"
  .. ..$ tolD       : num 1e-10
  .. ..$ levelsU    : int 6
  .. ..$ df0        : num 5
  .. ..$ R2         : num 0.167
  .. ..$ S0         : num 0.11
  .. ..$ u          : num [1:3646] -0.0143 -0.0143 -0.0143 -0.0143 -0.0143 ...
  .. ..$ varU       : num 0.044
  .. ..$ uStar      : num [1:6] 0.089 -0.0981 0.4645 1.6119 0.298 ...
  .. ..$ NamefileOut: chr "X1/ETA_1_varU.dat"
  .. ..$ SD.u       : num [1:3646] 0.196 0.196 0.196 0.196 0.196 ...
  .. ..$ SD.varU    : num 0.0602
  ..$ :List of 15
  .. ..$ V          : num [1:3646, 1:2737] 0.408 0 0 0 0 ...
  .. .. ..- attr(*, "dimnames")=List of 2
  .. .. .. ..$ : chr [1:3646] "2020-21_11.107-5" "2020-21_12.90-53" "2020-21_12.93-4" "2020-21_14.37-103" ...
  .. .. .. ..$ : chr [1:2737] "11.107-5" "12.90-53" "12.93-4" "13.27-142" ...
  .. ..$ d          : Named num [1:2737] 6 1 3 1 1 1 1 1 2 1 ...
  .. .. ..- attr(*, "names")= chr [1:2737] "11.107-5" "12.90-53" "12.93-4" "13.27-142" ...
  .. ..$ model      : chr "RKHS"
  .. ..$ Name       : chr "ETA_2"
  .. ..$ tolD       : num 1e-10
  .. ..$ levelsU    : int 2737
  .. ..$ df0        : num 5
  .. ..$ R2         : num 0.167
  .. ..$ S0         : num 50.1
  .. ..$ u          : num [1:3646] 4.5194 -0.1905 -1.6021 -0.0484 -1.2791 ...
  .. ..$ varU       : num 45
  .. ..$ uStar      : num [1:2737] 11.0702 -0.1905 -2.775 -1.1233 -0.0484 ...
  .. ..$ NamefileOut: chr "X1/ETA_2_varU.dat"
  .. ..$ SD.u       : num [1:3646] 1.4 2.8 1.82 2.86 2.83 ...
  .. ..$ SD.varU    : num 1.89
  ..$ :List of 15
  .. ..$ V          : num [1:3646, 1:576] 0.010764 0.006644 0.010142 0.00602 -0.000353 ...
  .. .. ..- attr(*, "dimnames")=List of 2
  .. .. .. ..$ : chr [1:3646] "2020-21_11.107-5" "2020-21_12.90-53" "2020-21_12.93-4" "2020-21_14.37-103" ...
  .. .. .. ..$ : NULL
  .. ..$ d          : num [1:576] 1718 767 374 228 121 ...
  .. ..$ model      : chr "RKHS"
  .. ..$ Name       : chr "ETA_3"
  .. ..$ tolD       : num 1e-10
  .. ..$ levelsU    : int 576
  .. ..$ df0        : num 5
  .. ..$ R2         : num 0.167
  .. ..$ S0         : num 10.5
  .. ..$ u          : num [1:3646] -3.77 -4.3 -3.1 -4.43 -2.92 ...
  .. ..$ varU       : num 27.6
  .. ..$ uStar      : num [1:576] -140.3 61.9 31.5 -36.6 21.8 ...
  .. ..$ NamefileOut: chr "X1/ETA_3_varU.dat"
  .. ..$ SD.u       : num [1:3646] 1.094 0.938 1.134 0.983 0.987 ...
  .. ..$ SD.varU    : num 9.23
 - attr(*, "class")= chr "BGLR"
NULL
List of 21
 $ y            : num [1:3646] -0.573 11.702 0.323 2.302 4.538 ...
 $ a            : NULL
 $ b            : NULL
 $ whichNa      : int [1:1011] 2636 2637 2638 2639 2640 2641 2642 2643 2644 2645 ...
 $ saveAt       : chr "X4/"
 $ nIter        : num 12000
 $ burnIn       : num 2000
 $ thin         : num 5
 $ weights      : num [1:3646] 1 1 1 1 1 1 1 1 1 1 ...
 $ verbose      : logi FALSE
 $ response_type: chr "gaussian"
 $ df0          : num 5
 $ S0           : num 418
 $ yHat         : num [1:3646] 2.02 7.9 2.75 8.64 4.76 ...
 $ SD.yHat      : num [1:3646] 4.05 4.67 4.52 4.83 4.87 ...
 $ mu           : num 21.7
 $ SD.mu        : num 1.16
 $ varE         : num 82.6
 $ SD.varE      : num 5.27
 $ fit          :List of 4
  ..$ logLikAtPostMean: num -9197
  ..$ postMeanLogLik  : num -9551
  ..$ pD              : num 707
  ..$ DIC             : num 19809
 $ ETA          :List of 3
  ..$ :List of 15
  .. ..$ V          : num [1:3646, 1:6] 0 0 0 0 0 0 0 0 0 0 ...
  .. .. ..- attr(*, "dimnames")=List of 2
  .. .. .. ..$ : chr [1:3646] "2020-21_11.107-5" "2020-21_12.90-53" "2020-21_12.93-4" "2020-21_14.37-103" ...
  .. .. .. ..$ : NULL
  .. ..$ d          : num [1:6] 1011 918 450 447 435 ...
  .. ..$ model      : chr "RKHS"
  .. ..$ Name       : chr "ETA_1"
  .. ..$ tolD       : num 1e-10
  .. ..$ levelsU    : int 6
  .. ..$ df0        : num 5
  .. ..$ R2         : num 0.167
  .. ..$ S0         : num 0.317
  .. ..$ u          : num [1:3646] 0.00204 0.00204 0.00204 0.00204 0.00204 ...
  .. ..$ varU       : num 0.103
  .. ..$ uStar      : num [1:6] 0.1737 -0.3592 -0.665 0.0548 -0.0425 ...
  .. ..$ NamefileOut: chr "X4/ETA_1_varU.dat"
  .. ..$ SD.u       : num [1:3646] 0.317 0.317 0.317 0.317 0.317 ...
  .. ..$ SD.varU    : num 0.105
  ..$ :List of 15
  .. ..$ V          : num [1:3646, 1:2737] 0.408 0 0 0 0 ...
  .. .. ..- attr(*, "dimnames")=List of 2
  .. .. .. ..$ : chr [1:3646] "2020-21_11.107-5" "2020-21_12.90-53" "2020-21_12.93-4" "2020-21_14.37-103" ...
  .. .. .. ..$ : chr [1:2737] "11.107-5" "12.90-53" "12.93-4" "13.27-142" ...
  .. ..$ d          : Named num [1:2737] 6 1 3 1 1 1 1 1 2 1 ...
  .. .. ..- attr(*, "names")= chr [1:2737] "11.107-5" "12.90-53" "12.93-4" "13.27-142" ...
  .. ..$ model      : chr "RKHS"
  .. ..$ Name       : chr "ETA_2"
  .. ..$ tolD       : num 1e-10
  .. ..$ levelsU    : int 2737
  .. ..$ df0        : num 5
  .. ..$ R2         : num 0.167
  .. ..$ S0         : num 145
  .. ..$ u          : num [1:3646] -0.917 1.364 2.195 -2.532 -0.444 ...
  .. ..$ varU       : num 29.7
  .. ..$ uStar      : num [1:2737] -2.247 1.364 3.802 0.193 -2.532 ...
  .. ..$ NamefileOut: chr "X4/ETA_2_varU.dat"
  .. ..$ SD.u       : num [1:3646] 3.27 4.53 3.93 4.69 4.67 ...
  .. ..$ SD.varU    : num 5.41
  ..$ :List of 15
  .. ..$ V          : num [1:3646, 1:576] 0.010764 0.006644 0.010142 0.00602 -0.000353 ...
  .. .. ..- attr(*, "dimnames")=List of 2
  .. .. .. ..$ : chr [1:3646] "2020-21_11.107-5" "2020-21_12.90-53" "2020-21_12.93-4" "2020-21_14.37-103" ...
  .. .. .. ..$ : NULL
  .. ..$ d          : num [1:576] 1718 767 374 228 121 ...
  .. ..$ model      : chr "RKHS"
  .. ..$ Name       : chr "ETA_3"
  .. ..$ tolD       : num 1e-10
  .. ..$ levelsU    : int 576
  .. ..$ df0        : num 5
  .. ..$ R2         : num 0.167
  .. ..$ S0         : num 30.5
  .. ..$ u          : num [1:3646] -18.8 -15.2 -21.1 -10.5 -16.5 ...
  .. ..$ varU       : num 930
  .. ..$ uStar      : num [1:576] -518.1 121.6 670.9 54.8 -397.3 ...
  .. ..$ NamefileOut: chr "X4/ETA_3_varU.dat"
  .. ..$ SD.u       : num [1:3646] 2.91 2.18 3.03 2.31 2.62 ...
  .. ..$ SD.varU    : num 190
 - attr(*, "class")= chr "BGLR"
NULL
List of 21
 $ y            : num [1:3646] 0.1023 0.00692 0.09019 -0.21089 -0.06127 ...
 $ a            : NULL
 $ b            : NULL
 $ whichNa      : int [1:1011] 2636 2637 2638 2639 2640 2641 2642 2643 2644 2645 ...
 $ saveAt       : chr "X1/"
 $ nIter        : num 12000
 $ burnIn       : num 2000
 $ thin         : num 5
 $ weights      : num [1:3646] 1 1 1 1 1 1 1 1 1 1 ...
 $ verbose      : logi FALSE
 $ response_type: chr "gaussian"
 $ df0          : num 5
 $ S0           : num 145
 $ yHat         : num [1:3646] 5.111 -0.127 -0.338 -0.113 0.16 ...
 $ SD.yHat      : num [1:3646] 1.55 2.76 1.86 2.79 2.76 ...
 $ mu           : num 4.38
 $ SD.mu        : num 0.6
 $ varE         : num 9.08
 $ SD.varE      : num 0.581
 $ fit          :List of 4
  ..$ logLikAtPostMean: num -5778
  ..$ postMeanLogLik  : num -6638
  ..$ pD              : num 1720
  ..$ DIC             : num 14996
 $ ETA          :List of 3
  ..$ :List of 15
  .. ..$ V          : num [1:3646, 1:6] 0 0 0 0 0 0 0 0 0 0 ...
  .. .. ..- attr(*, "dimnames")=List of 2
  .. .. .. ..$ : chr [1:3646] "2020-21_11.107-5" "2020-21_12.90-53" "2020-21_12.93-4" "2020-21_14.37-103" ...
  .. .. .. ..$ : NULL
  .. ..$ d          : num [1:6] 1011 918 450 447 435 ...
  .. ..$ model      : chr "RKHS"
  .. ..$ Name       : chr "ETA_1"
  .. ..$ tolD       : num 1e-10
  .. ..$ levelsU    : int 6
  .. ..$ df0        : num 5
  .. ..$ R2         : num 0.167
  .. ..$ S0         : num 0.11
  .. ..$ u          : num [1:3646] -0.0143 -0.0143 -0.0143 -0.0143 -0.0143 ...
  .. ..$ varU       : num 0.044
  .. ..$ uStar      : num [1:6] 0.089 -0.0981 0.4645 1.6119 0.298 ...
  .. ..$ NamefileOut: chr "X1/ETA_1_varU.dat"
  .. ..$ SD.u       : num [1:3646] 0.196 0.196 0.196 0.196 0.196 ...
  .. ..$ SD.varU    : num 0.0602
  ..$ :List of 15
  .. ..$ V          : num [1:3646, 1:2737] 0.408 0 0 0 0 ...
  .. .. ..- attr(*, "dimnames")=List of 2
  .. .. .. ..$ : chr [1:3646] "2020-21_11.107-5" "2020-21_12.90-53" "2020-21_12.93-4" "2020-21_14.37-103" ...
  .. .. .. ..$ : chr [1:2737] "11.107-5" "12.90-53" "12.93-4" "13.27-142" ...
  .. ..$ d          : Named num [1:2737] 6 1 3 1 1 1 1 1 2 1 ...
  .. .. ..- attr(*, "names")= chr [1:2737] "11.107-5" "12.90-53" "12.93-4" "13.27-142" ...
  .. ..$ model      : chr "RKHS"
  .. ..$ Name       : chr "ETA_2"
  .. ..$ tolD       : num 1e-10
  .. ..$ levelsU    : int 2737
  .. ..$ df0        : num 5
  .. ..$ R2         : num 0.167
  .. ..$ S0         : num 50.1
  .. ..$ u          : num [1:3646] 4.5194 -0.1905 -1.6021 -0.0484 -1.2791 ...
  .. ..$ varU       : num 45
  .. ..$ uStar      : num [1:2737] 11.0702 -0.1905 -2.775 -1.1233 -0.0484 ...
  .. ..$ NamefileOut: chr "X1/ETA_2_varU.dat"
  .. ..$ SD.u       : num [1:3646] 1.4 2.8 1.82 2.86 2.83 ...
  .. ..$ SD.varU    : num 1.89
  ..$ :List of 15
  .. ..$ V          : num [1:3646, 1:576] 0.010764 0.006644 0.010142 0.00602 -0.000353 ...
  .. .. ..- attr(*, "dimnames")=List of 2
  .. .. .. ..$ : chr [1:3646] "2020-21_11.107-5" "2020-21_12.90-53" "2020-21_12.93-4" "2020-21_14.37-103" ...
  .. .. .. ..$ : NULL
  .. ..$ d          : num [1:576] 1718 767 374 228 121 ...
  .. ..$ model      : chr "RKHS"
  .. ..$ Name       : chr "ETA_3"
  .. ..$ tolD       : num 1e-10
  .. ..$ levelsU    : int 576
  .. ..$ df0        : num 5
  .. ..$ R2         : num 0.167
  .. ..$ S0         : num 10.5
  .. ..$ u          : num [1:3646] -3.77 -4.3 -3.1 -4.43 -2.92 ...
  .. ..$ varU       : num 27.6
  .. ..$ uStar      : num [1:576] -140.3 61.9 31.5 -36.6 21.8 ...
  .. ..$ NamefileOut: chr "X1/ETA_3_varU.dat"
  .. ..$ SD.u       : num [1:3646] 1.094 0.938 1.134 0.983 0.987 ...
  .. ..$ SD.varU    : num 9.23
 - attr(*, "class")= chr "BGLR"
NULL
List of 21
 $ y            : num [1:3646] 3.728 6.443 -0.136 23.068 12.176 ...
 $ a            : NULL
 $ b            : NULL
 $ whichNa      : int [1:1011] 2636 2637 2638 2639 2640 2641 2642 2643 2644 2645 ...
 $ saveAt       : chr "X5/"
 $ nIter        : num 12000
 $ burnIn       : num 2000
 $ thin         : num 5
 $ weights      : num [1:3646] 1 1 1 1 1 1 1 1 1 1 ...
 $ verbose      : logi FALSE
 $ response_type: chr "gaussian"
 $ df0          : num 5
 $ S0           : num 556
 $ yHat         : num [1:3646] 6.815 9.278 0.243 13.262 8.397 ...
 $ SD.yHat      : num [1:3646] 4.58 4.94 4.89 4.99 5.08 ...
 $ mu           : num 17.5
 $ SD.mu        : num 1.46
 $ varE         : num 143
 $ SD.varE      : num 6.97
 $ fit          :List of 4
  ..$ logLikAtPostMean: num -10058
  ..$ postMeanLogLik  : num -10278
  ..$ pD              : num 440
  ..$ DIC             : num 20997
 $ ETA          :List of 3
  ..$ :List of 15
  .. ..$ V          : num [1:3646, 1:6] 0 0 0 0 0 0 0 0 0 0 ...
  .. .. ..- attr(*, "dimnames")=List of 2
  .. .. .. ..$ : chr [1:3646] "2020-21_11.107-5" "2020-21_12.90-53" "2020-21_12.93-4" "2020-21_14.37-103" ...
  .. .. .. ..$ : NULL
  .. ..$ d          : num [1:6] 1011 918 450 447 435 ...
  .. ..$ model      : chr "RKHS"
  .. ..$ Name       : chr "ETA_1"
  .. ..$ tolD       : num 1e-10
  .. ..$ levelsU    : int 6
  .. ..$ df0        : num 5
  .. ..$ R2         : num 0.167
  .. ..$ S0         : num 0.422
  .. ..$ u          : num [1:3646] -0.0175 -0.0175 -0.0175 -0.0175 -0.0175 ...
  .. ..$ varU       : num 0.141
  .. ..$ uStar      : num [1:6] -0.853499 -0.000833 -1.210374 0.878835 0.365207 ...
  .. ..$ NamefileOut: chr "X5/ETA_1_varU.dat"
  .. ..$ SD.u       : num [1:3646] 0.368 0.368 0.368 0.368 0.368 ...
  .. ..$ SD.varU    : num 0.16
  ..$ :List of 15
  .. ..$ V          : num [1:3646, 1:2737] 0.408 0 0 0 0 ...
  .. .. ..- attr(*, "dimnames")=List of 2
  .. .. .. ..$ : chr [1:3646] "2020-21_11.107-5" "2020-21_12.90-53" "2020-21_12.93-4" "2020-21_14.37-103" ...
  .. .. .. ..$ : chr [1:2737] "11.107-5" "12.90-53" "12.93-4" "13.27-142" ...
  .. ..$ d          : Named num [1:2737] 6 1 3 1 1 1 1 1 2 1 ...
  .. .. ..- attr(*, "names")= chr [1:2737] "11.107-5" "12.90-53" "12.93-4" "13.27-142" ...
  .. ..$ model      : chr "RKHS"
  .. ..$ Name       : chr "ETA_2"
  .. ..$ tolD       : num 1e-10
  .. ..$ levelsU    : int 2737
  .. ..$ df0        : num 5
  .. ..$ R2         : num 0.167
  .. ..$ S0         : num 193
  .. ..$ u          : num [1:3646] 0.818 -0.6 -3.938 1.855 0.632 ...
  .. ..$ varU       : num 25.8
  .. ..$ uStar      : num [1:2737] 2 -0.6 -6.82 0.95 1.86 ...
  .. ..$ NamefileOut: chr "X5/ETA_2_varU.dat"
  .. ..$ SD.u       : num [1:3646] 3.71 4.68 4.06 4.63 4.75 ...
  .. ..$ SD.varU    : num 6.18
  ..$ :List of 15
  .. ..$ V          : num [1:3646, 1:576] 0.010764 0.006644 0.010142 0.00602 -0.000353 ...
  .. .. ..- attr(*, "dimnames")=List of 2
  .. .. .. ..$ : chr [1:3646] "2020-21_11.107-5" "2020-21_12.90-53" "2020-21_12.93-4" "2020-21_14.37-103" ...
  .. .. .. ..$ : NULL
  .. ..$ d          : num [1:576] 1718 767 374 228 121 ...
  .. ..$ model      : chr "RKHS"
  .. ..$ Name       : chr "ETA_3"
  .. ..$ tolD       : num 1e-10
  .. ..$ levelsU    : int 576
  .. ..$ df0        : num 5
  .. ..$ R2         : num 0.167
  .. ..$ S0         : num 40.5
  .. ..$ u          : num [1:3646] -11.49 -7.61 -13.3 -6.08 -9.72 ...
  .. ..$ varU       : num 518
  .. ..$ uStar      : num [1:576] -272.9 50.6 314.8 190.9 -219 ...
  .. ..$ NamefileOut: chr "X5/ETA_3_varU.dat"
  .. ..$ SD.u       : num [1:3646] 3.17 2.45 3.17 2.62 2.84 ...
  .. ..$ SD.varU    : num 138
 - attr(*, "class")= chr "BGLR"
NULL
List of 21
 $ y            : num [1:3646] -0.573 11.702 0.323 2.302 4.538 ...
 $ a            : NULL
 $ b            : NULL
 $ whichNa      : int [1:1011] 2636 2637 2638 2639 2640 2641 2642 2643 2644 2645 ...
 $ saveAt       : chr "X4/"
 $ nIter        : num 12000
 $ burnIn       : num 2000
 $ thin         : num 5
 $ weights      : num [1:3646] 1 1 1 1 1 1 1 1 1 1 ...
 $ verbose      : logi FALSE
 $ response_type: chr "gaussian"
 $ df0          : num 5
 $ S0           : num 418
 $ yHat         : num [1:3646] 2.02 7.9 2.75 8.64 4.76 ...
 $ SD.yHat      : num [1:3646] 4.05 4.67 4.52 4.83 4.87 ...
 $ mu           : num 21.7
 $ SD.mu        : num 1.16
 $ varE         : num 82.6
 $ SD.varE      : num 5.27
 $ fit          :List of 4
  ..$ logLikAtPostMean: num -9197
  ..$ postMeanLogLik  : num -9551
  ..$ pD              : num 707
  ..$ DIC             : num 19809
 $ ETA          :List of 3
  ..$ :List of 15
  .. ..$ V          : num [1:3646, 1:6] 0 0 0 0 0 0 0 0 0 0 ...
  .. .. ..- attr(*, "dimnames")=List of 2
  .. .. .. ..$ : chr [1:3646] "2020-21_11.107-5" "2020-21_12.90-53" "2020-21_12.93-4" "2020-21_14.37-103" ...
  .. .. .. ..$ : NULL
  .. ..$ d          : num [1:6] 1011 918 450 447 435 ...
  .. ..$ model      : chr "RKHS"
  .. ..$ Name       : chr "ETA_1"
  .. ..$ tolD       : num 1e-10
  .. ..$ levelsU    : int 6
  .. ..$ df0        : num 5
  .. ..$ R2         : num 0.167
  .. ..$ S0         : num 0.317
  .. ..$ u          : num [1:3646] 0.00204 0.00204 0.00204 0.00204 0.00204 ...
  .. ..$ varU       : num 0.103
  .. ..$ uStar      : num [1:6] 0.1737 -0.3592 -0.665 0.0548 -0.0425 ...
  .. ..$ NamefileOut: chr "X4/ETA_1_varU.dat"
  .. ..$ SD.u       : num [1:3646] 0.317 0.317 0.317 0.317 0.317 ...
  .. ..$ SD.varU    : num 0.105
  ..$ :List of 15
  .. ..$ V          : num [1:3646, 1:2737] 0.408 0 0 0 0 ...
  .. .. ..- attr(*, "dimnames")=List of 2
  .. .. .. ..$ : chr [1:3646] "2020-21_11.107-5" "2020-21_12.90-53" "2020-21_12.93-4" "2020-21_14.37-103" ...
  .. .. .. ..$ : chr [1:2737] "11.107-5" "12.90-53" "12.93-4" "13.27-142" ...
  .. ..$ d          : Named num [1:2737] 6 1 3 1 1 1 1 1 2 1 ...
  .. .. ..- attr(*, "names")= chr [1:2737] "11.107-5" "12.90-53" "12.93-4" "13.27-142" ...
  .. ..$ model      : chr "RKHS"
  .. ..$ Name       : chr "ETA_2"
  .. ..$ tolD       : num 1e-10
  .. ..$ levelsU    : int 2737
  .. ..$ df0        : num 5
  .. ..$ R2         : num 0.167
  .. ..$ S0         : num 145
  .. ..$ u          : num [1:3646] -0.917 1.364 2.195 -2.532 -0.444 ...
  .. ..$ varU       : num 29.7
  .. ..$ uStar      : num [1:2737] -2.247 1.364 3.802 0.193 -2.532 ...
  .. ..$ NamefileOut: chr "X4/ETA_2_varU.dat"
  .. ..$ SD.u       : num [1:3646] 3.27 4.53 3.93 4.69 4.67 ...
  .. ..$ SD.varU    : num 5.41
  ..$ :List of 15
  .. ..$ V          : num [1:3646, 1:576] 0.010764 0.006644 0.010142 0.00602 -0.000353 ...
  .. .. ..- attr(*, "dimnames")=List of 2
  .. .. .. ..$ : chr [1:3646] "2020-21_11.107-5" "2020-21_12.90-53" "2020-21_12.93-4" "2020-21_14.37-103" ...
  .. .. .. ..$ : NULL
  .. ..$ d          : num [1:576] 1718 767 374 228 121 ...
  .. ..$ model      : chr "RKHS"
  .. ..$ Name       : chr "ETA_3"
  .. ..$ tolD       : num 1e-10
  .. ..$ levelsU    : int 576
  .. ..$ df0        : num 5
  .. ..$ R2         : num 0.167
  .. ..$ S0         : num 30.5
  .. ..$ u          : num [1:3646] -18.8 -15.2 -21.1 -10.5 -16.5 ...
  .. ..$ varU       : num 930
  .. ..$ uStar      : num [1:576] -518.1 121.6 670.9 54.8 -397.3 ...
  .. ..$ NamefileOut: chr "X4/ETA_3_varU.dat"
  .. ..$ SD.u       : num [1:3646] 2.91 2.18 3.03 2.31 2.62 ...
  .. ..$ SD.varU    : num 190
 - attr(*, "class")= chr "BGLR"
NULL
List of 21
 $ y            : num [1:3646] -0.573 11.702 0.323 2.302 4.538 ...
 $ a            : NULL
 $ b            : NULL
 $ whichNa      : int [1:1011] 2636 2637 2638 2639 2640 2641 2642 2643 2644 2645 ...
 $ saveAt       : chr "X4/"
 $ nIter        : num 12000
 $ burnIn       : num 2000
 $ thin         : num 5
 $ weights      : num [1:3646] 1 1 1 1 1 1 1 1 1 1 ...
 $ verbose      : logi FALSE
 $ response_type: chr "gaussian"
 $ df0          : num 5
 $ S0           : num 418
 $ yHat         : num [1:3646] 2.02 7.9 2.75 8.64 4.76 ...
 $ SD.yHat      : num [1:3646] 4.05 4.67 4.52 4.83 4.87 ...
 $ mu           : num 21.7
 $ SD.mu        : num 1.16
 $ varE         : num 82.6
 $ SD.varE      : num 5.27
 $ fit          :List of 4
  ..$ logLikAtPostMean: num -9197
  ..$ postMeanLogLik  : num -9551
  ..$ pD              : num 707
  ..$ DIC             : num 19809
 $ ETA          :List of 3
  ..$ :List of 15
  .. ..$ V          : num [1:3646, 1:6] 0 0 0 0 0 0 0 0 0 0 ...
  .. .. ..- attr(*, "dimnames")=List of 2
  .. .. .. ..$ : chr [1:3646] "2020-21_11.107-5" "2020-21_12.90-53" "2020-21_12.93-4" "2020-21_14.37-103" ...
  .. .. .. ..$ : NULL
  .. ..$ d          : num [1:6] 1011 918 450 447 435 ...
  .. ..$ model      : chr "RKHS"
  .. ..$ Name       : chr "ETA_1"
  .. ..$ tolD       : num 1e-10
  .. ..$ levelsU    : int 6
  .. ..$ df0        : num 5
  .. ..$ R2         : num 0.167
  .. ..$ S0         : num 0.317
  .. ..$ u          : num [1:3646] 0.00204 0.00204 0.00204 0.00204 0.00204 ...
  .. ..$ varU       : num 0.103
  .. ..$ uStar      : num [1:6] 0.1737 -0.3592 -0.665 0.0548 -0.0425 ...
  .. ..$ NamefileOut: chr "X4/ETA_1_varU.dat"
  .. ..$ SD.u       : num [1:3646] 0.317 0.317 0.317 0.317 0.317 ...
  .. ..$ SD.varU    : num 0.105
  ..$ :List of 15
  .. ..$ V          : num [1:3646, 1:2737] 0.408 0 0 0 0 ...
  .. .. ..- attr(*, "dimnames")=List of 2
  .. .. .. ..$ : chr [1:3646] "2020-21_11.107-5" "2020-21_12.90-53" "2020-21_12.93-4" "2020-21_14.37-103" ...
  .. .. .. ..$ : chr [1:2737] "11.107-5" "12.90-53" "12.93-4" "13.27-142" ...
  .. ..$ d          : Named num [1:2737] 6 1 3 1 1 1 1 1 2 1 ...
  .. .. ..- attr(*, "names")= chr [1:2737] "11.107-5" "12.90-53" "12.93-4" "13.27-142" ...
  .. ..$ model      : chr "RKHS"
  .. ..$ Name       : chr "ETA_2"
  .. ..$ tolD       : num 1e-10
  .. ..$ levelsU    : int 2737
  .. ..$ df0        : num 5
  .. ..$ R2         : num 0.167
  .. ..$ S0         : num 145
  .. ..$ u          : num [1:3646] -0.917 1.364 2.195 -2.532 -0.444 ...
  .. ..$ varU       : num 29.7
  .. ..$ uStar      : num [1:2737] -2.247 1.364 3.802 0.193 -2.532 ...
  .. ..$ NamefileOut: chr "X4/ETA_2_varU.dat"
  .. ..$ SD.u       : num [1:3646] 3.27 4.53 3.93 4.69 4.67 ...
  .. ..$ SD.varU    : num 5.41
  ..$ :List of 15
  .. ..$ V          : num [1:3646, 1:576] 0.010764 0.006644 0.010142 0.00602 -0.000353 ...
  .. .. ..- attr(*, "dimnames")=List of 2
  .. .. .. ..$ : chr [1:3646] "2020-21_11.107-5" "2020-21_12.90-53" "2020-21_12.93-4" "2020-21_14.37-103" ...
  .. .. .. ..$ : NULL
  .. ..$ d          : num [1:576] 1718 767 374 228 121 ...
  .. ..$ model      : chr "RKHS"
  .. ..$ Name       : chr "ETA_3"
  .. ..$ tolD       : num 1e-10
  .. ..$ levelsU    : int 576
  .. ..$ df0        : num 5
  .. ..$ R2         : num 0.167
  .. ..$ S0         : num 30.5
  .. ..$ u          : num [1:3646] -18.8 -15.2 -21.1 -10.5 -16.5 ...
  .. ..$ varU       : num 930
  .. ..$ uStar      : num [1:576] -518.1 121.6 670.9 54.8 -397.3 ...
  .. ..$ NamefileOut: chr "X4/ETA_3_varU.dat"
  .. ..$ SD.u       : num [1:3646] 2.91 2.18 3.03 2.31 2.62 ...
  .. ..$ SD.varU    : num 190
 - attr(*, "class")= chr "BGLR"
NULL
List of 21
 $ y            : num [1:3646] -0.573 11.702 0.323 2.302 4.538 ...
 $ a            : NULL
 $ b            : NULL
 $ whichNa      : int [1:1011] 2636 2637 2638 2639 2640 2641 2642 2643 2644 2645 ...
 $ saveAt       : chr "X4/"
 $ nIter        : num 12000
 $ burnIn       : num 2000
 $ thin         : num 5
 $ weights      : num [1:3646] 1 1 1 1 1 1 1 1 1 1 ...
 $ verbose      : logi FALSE
 $ response_type: chr "gaussian"
 $ df0          : num 5
 $ S0           : num 418
 $ yHat         : num [1:3646] 2.02 7.9 2.75 8.64 4.76 ...
 $ SD.yHat      : num [1:3646] 4.05 4.67 4.52 4.83 4.87 ...
 $ mu           : num 21.7
 $ SD.mu        : num 1.16
 $ varE         : num 82.6
 $ SD.varE      : num 5.27
 $ fit          :List of 4
  ..$ logLikAtPostMean: num -9197
  ..$ postMeanLogLik  : num -9551
  ..$ pD              : num 707
  ..$ DIC             : num 19809
 $ ETA          :List of 3
  ..$ :List of 15
  .. ..$ V          : num [1:3646, 1:6] 0 0 0 0 0 0 0 0 0 0 ...
  .. .. ..- attr(*, "dimnames")=List of 2
  .. .. .. ..$ : chr [1:3646] "2020-21_11.107-5" "2020-21_12.90-53" "2020-21_12.93-4" "2020-21_14.37-103" ...
  .. .. .. ..$ : NULL
  .. ..$ d          : num [1:6] 1011 918 450 447 435 ...
  .. ..$ model      : chr "RKHS"
  .. ..$ Name       : chr "ETA_1"
  .. ..$ tolD       : num 1e-10
  .. ..$ levelsU    : int 6
  .. ..$ df0        : num 5
  .. ..$ R2         : num 0.167
  .. ..$ S0         : num 0.317
  .. ..$ u          : num [1:3646] 0.00204 0.00204 0.00204 0.00204 0.00204 ...
  .. ..$ varU       : num 0.103
  .. ..$ uStar      : num [1:6] 0.1737 -0.3592 -0.665 0.0548 -0.0425 ...
  .. ..$ NamefileOut: chr "X4/ETA_1_varU.dat"
  .. ..$ SD.u       : num [1:3646] 0.317 0.317 0.317 0.317 0.317 ...
  .. ..$ SD.varU    : num 0.105
  ..$ :List of 15
  .. ..$ V          : num [1:3646, 1:2737] 0.408 0 0 0 0 ...
  .. .. ..- attr(*, "dimnames")=List of 2
  .. .. .. ..$ : chr [1:3646] "2020-21_11.107-5" "2020-21_12.90-53" "2020-21_12.93-4" "2020-21_14.37-103" ...
  .. .. .. ..$ : chr [1:2737] "11.107-5" "12.90-53" "12.93-4" "13.27-142" ...
  .. ..$ d          : Named num [1:2737] 6 1 3 1 1 1 1 1 2 1 ...
  .. .. ..- attr(*, "names")= chr [1:2737] "11.107-5" "12.90-53" "12.93-4" "13.27-142" ...
  .. ..$ model      : chr "RKHS"
  .. ..$ Name       : chr "ETA_2"
  .. ..$ tolD       : num 1e-10
  .. ..$ levelsU    : int 2737
  .. ..$ df0        : num 5
  .. ..$ R2         : num 0.167
  .. ..$ S0         : num 145
  .. ..$ u          : num [1:3646] -0.917 1.364 2.195 -2.532 -0.444 ...
  .. ..$ varU       : num 29.7
  .. ..$ uStar      : num [1:2737] -2.247 1.364 3.802 0.193 -2.532 ...
  .. ..$ NamefileOut: chr "X4/ETA_2_varU.dat"
  .. ..$ SD.u       : num [1:3646] 3.27 4.53 3.93 4.69 4.67 ...
  .. ..$ SD.varU    : num 5.41
  ..$ :List of 15
  .. ..$ V          : num [1:3646, 1:576] 0.010764 0.006644 0.010142 0.00602 -0.000353 ...
  .. .. ..- attr(*, "dimnames")=List of 2
  .. .. .. ..$ : chr [1:3646] "2020-21_11.107-5" "2020-21_12.90-53" "2020-21_12.93-4" "2020-21_14.37-103" ...
  .. .. .. ..$ : NULL
  .. ..$ d          : num [1:576] 1718 767 374 228 121 ...
  .. ..$ model      : chr "RKHS"
  .. ..$ Name       : chr "ETA_3"
  .. ..$ tolD       : num 1e-10
  .. ..$ levelsU    : int 576
  .. ..$ df0        : num 5
  .. ..$ R2         : num 0.167
  .. ..$ S0         : num 30.5
  .. ..$ u          : num [1:3646] -18.8 -15.2 -21.1 -10.5 -16.5 ...
  .. ..$ varU       : num 930
  .. ..$ uStar      : num [1:576] -518.1 121.6 670.9 54.8 -397.3 ...
  .. ..$ NamefileOut: chr "X4/ETA_3_varU.dat"
  .. ..$ SD.u       : num [1:3646] 2.91 2.18 3.03 2.31 2.62 ...
  .. ..$ SD.varU    : num 190
 - attr(*, "class")= chr "BGLR"
NULL
List of 21
 $ y            : num [1:3646] 3.728 6.443 -0.136 23.068 12.176 ...
 $ a            : NULL
 $ b            : NULL
 $ whichNa      : int [1:1011] 2636 2637 2638 2639 2640 2641 2642 2643 2644 2645 ...
 $ saveAt       : chr "X5/"
 $ nIter        : num 12000
 $ burnIn       : num 2000
 $ thin         : num 5
 $ weights      : num [1:3646] 1 1 1 1 1 1 1 1 1 1 ...
 $ verbose      : logi FALSE
 $ response_type: chr "gaussian"
 $ df0          : num 5
 $ S0           : num 556
 $ yHat         : num [1:3646] 6.815 9.278 0.243 13.262 8.397 ...
 $ SD.yHat      : num [1:3646] 4.58 4.94 4.89 4.99 5.08 ...
 $ mu           : num 17.5
 $ SD.mu        : num 1.46
 $ varE         : num 143
 $ SD.varE      : num 6.97
 $ fit          :List of 4
  ..$ logLikAtPostMean: num -10058
  ..$ postMeanLogLik  : num -10278
  ..$ pD              : num 440
  ..$ DIC             : num 20997
 $ ETA          :List of 3
  ..$ :List of 15
  .. ..$ V          : num [1:3646, 1:6] 0 0 0 0 0 0 0 0 0 0 ...
  .. .. ..- attr(*, "dimnames")=List of 2
  .. .. .. ..$ : chr [1:3646] "2020-21_11.107-5" "2020-21_12.90-53" "2020-21_12.93-4" "2020-21_14.37-103" ...
  .. .. .. ..$ : NULL
  .. ..$ d          : num [1:6] 1011 918 450 447 435 ...
  .. ..$ model      : chr "RKHS"
  .. ..$ Name       : chr "ETA_1"
  .. ..$ tolD       : num 1e-10
  .. ..$ levelsU    : int 6
  .. ..$ df0        : num 5
  .. ..$ R2         : num 0.167
  .. ..$ S0         : num 0.422
  .. ..$ u          : num [1:3646] -0.0175 -0.0175 -0.0175 -0.0175 -0.0175 ...
  .. ..$ varU       : num 0.141
  .. ..$ uStar      : num [1:6] -0.853499 -0.000833 -1.210374 0.878835 0.365207 ...
  .. ..$ NamefileOut: chr "X5/ETA_1_varU.dat"
  .. ..$ SD.u       : num [1:3646] 0.368 0.368 0.368 0.368 0.368 ...
  .. ..$ SD.varU    : num 0.16
  ..$ :List of 15
  .. ..$ V          : num [1:3646, 1:2737] 0.408 0 0 0 0 ...
  .. .. ..- attr(*, "dimnames")=List of 2
  .. .. .. ..$ : chr [1:3646] "2020-21_11.107-5" "2020-21_12.90-53" "2020-21_12.93-4" "2020-21_14.37-103" ...
  .. .. .. ..$ : chr [1:2737] "11.107-5" "12.90-53" "12.93-4" "13.27-142" ...
  .. ..$ d          : Named num [1:2737] 6 1 3 1 1 1 1 1 2 1 ...
  .. .. ..- attr(*, "names")= chr [1:2737] "11.107-5" "12.90-53" "12.93-4" "13.27-142" ...
  .. ..$ model      : chr "RKHS"
  .. ..$ Name       : chr "ETA_2"
  .. ..$ tolD       : num 1e-10
  .. ..$ levelsU    : int 2737
  .. ..$ df0        : num 5
  .. ..$ R2         : num 0.167
  .. ..$ S0         : num 193
  .. ..$ u          : num [1:3646] 0.818 -0.6 -3.938 1.855 0.632 ...
  .. ..$ varU       : num 25.8
  .. ..$ uStar      : num [1:2737] 2 -0.6 -6.82 0.95 1.86 ...
  .. ..$ NamefileOut: chr "X5/ETA_2_varU.dat"
  .. ..$ SD.u       : num [1:3646] 3.71 4.68 4.06 4.63 4.75 ...
  .. ..$ SD.varU    : num 6.18
  ..$ :List of 15
  .. ..$ V          : num [1:3646, 1:576] 0.010764 0.006644 0.010142 0.00602 -0.000353 ...
  .. .. ..- attr(*, "dimnames")=List of 2
  .. .. .. ..$ : chr [1:3646] "2020-21_11.107-5" "2020-21_12.90-53" "2020-21_12.93-4" "2020-21_14.37-103" ...
  .. .. .. ..$ : NULL
  .. ..$ d          : num [1:576] 1718 767 374 228 121 ...
  .. ..$ model      : chr "RKHS"
  .. ..$ Name       : chr "ETA_3"
  .. ..$ tolD       : num 1e-10
  .. ..$ levelsU    : int 576
  .. ..$ df0        : num 5
  .. ..$ R2         : num 0.167
  .. ..$ S0         : num 40.5
  .. ..$ u          : num [1:3646] -11.49 -7.61 -13.3 -6.08 -9.72 ...
  .. ..$ varU       : num 518
  .. ..$ uStar      : num [1:576] -272.9 50.6 314.8 190.9 -219 ...
  .. ..$ NamefileOut: chr "X5/ETA_3_varU.dat"
  .. ..$ SD.u       : num [1:3646] 3.17 2.45 3.17 2.62 2.84 ...
  .. ..$ SD.varU    : num 138
 - attr(*, "class")= chr "BGLR"
NULL
List of 21
 $ y            : num [1:3646] 0.677 8.594 0.135 -0.135 3.535 ...
 $ a            : NULL
 $ b            : NULL
 $ whichNa      : int [1:1011] 2636 2637 2638 2639 2640 2641 2642 2643 2644 2645 ...
 $ saveAt       : chr "X6/"
 $ nIter        : num 12000
 $ burnIn       : num 2000
 $ thin         : num 5
 $ weights      : num [1:3646] 1 1 1 1 1 1 1 1 1 1 ...
 $ verbose      : logi FALSE
 $ response_type: chr "gaussian"
 $ df0          : num 5
 $ S0           : num 662
 $ yHat         : num [1:3646] 14.67 10.05 8.53 9.69 6.67 ...
 $ SD.yHat      : num [1:3646] 5.18 5.85 5.55 5.98 6.06 ...
 $ mu           : num 20.4
 $ SD.mu        : num 1.85
 $ varE         : num 180
 $ SD.varE      : num 8.87
 $ fit          :List of 4
  ..$ logLikAtPostMean: num -10337
  ..$ postMeanLogLik  : num -10577
  ..$ pD              : num 479
  ..$ DIC             : num 21634
 $ ETA          :List of 3
  ..$ :List of 15
  .. ..$ V          : num [1:3646, 1:6] 0 0 0 0 0 0 0 0 0 0 ...
  .. .. ..- attr(*, "dimnames")=List of 2
  .. .. .. ..$ : chr [1:3646] "2020-21_11.107-5" "2020-21_12.90-53" "2020-21_12.93-4" "2020-21_14.37-103" ...
  .. .. .. ..$ : NULL
  .. ..$ d          : num [1:6] 1011 918 450 447 435 ...
  .. ..$ model      : chr "RKHS"
  .. ..$ Name       : chr "ETA_1"
  .. ..$ tolD       : num 1e-10
  .. ..$ levelsU    : int 6
  .. ..$ df0        : num 5
  .. ..$ R2         : num 0.167
  .. ..$ S0         : num 0.502
  .. ..$ u          : num [1:3646] -0.018 -0.018 -0.018 -0.018 -0.018 ...
  .. ..$ varU       : num 0.19
  .. ..$ uStar      : num [1:6] 0.1559 -0.0904 -0.4343 -1.7157 0.375 ...
  .. ..$ NamefileOut: chr "X6/ETA_1_varU.dat"
  .. ..$ SD.u       : num [1:3646] 0.458 0.458 0.458 0.458 0.458 ...
  .. ..$ SD.varU    : num 0.362
  ..$ :List of 15
  .. ..$ V          : num [1:3646, 1:2737] 0.408 0 0 0 0 ...
  .. .. ..- attr(*, "dimnames")=List of 2
  .. .. .. ..$ : chr [1:3646] "2020-21_11.107-5" "2020-21_12.90-53" "2020-21_12.93-4" "2020-21_14.37-103" ...
  .. .. .. ..$ : chr [1:2737] "11.107-5" "12.90-53" "12.93-4" "13.27-142" ...
  .. ..$ d          : Named num [1:2737] 6 1 3 1 1 1 1 1 2 1 ...
  .. .. ..- attr(*, "names")= chr [1:2737] "11.107-5" "12.90-53" "12.93-4" "13.27-142" ...
  .. ..$ model      : chr "RKHS"
  .. ..$ Name       : chr "ETA_2"
  .. ..$ tolD       : num 1e-10
  .. ..$ levelsU    : int 2737
  .. ..$ df0        : num 5
  .. ..$ R2         : num 0.167
  .. ..$ S0         : num 229
  .. ..$ u          : num [1:3646] 2.5182 -0.0938 3.3075 -2.2905 -0.8235 ...
  .. ..$ varU       : num 38.3
  .. ..$ uStar      : num [1:2737] 6.1683 -0.0938 5.7287 0.7702 -2.2905 ...
  .. ..$ NamefileOut: chr "X6/ETA_2_varU.dat"
  .. ..$ SD.u       : num [1:3646] 4.48 5.68 4.93 5.68 5.65 ...
  .. ..$ SD.varU    : num 8.12
  ..$ :List of 15
  .. ..$ V          : num [1:3646, 1:576] 0.010764 0.006644 0.010142 0.00602 -0.000353 ...
  .. .. ..- attr(*, "dimnames")=List of 2
  .. .. .. ..$ : chr [1:3646] "2020-21_11.107-5" "2020-21_12.90-53" "2020-21_12.93-4" "2020-21_14.37-103" ...
  .. .. .. ..$ : NULL
  .. ..$ d          : num [1:576] 1718 767 374 228 121 ...
  .. ..$ model      : chr "RKHS"
  .. ..$ Name       : chr "ETA_3"
  .. ..$ tolD       : num 1e-10
  .. ..$ levelsU    : int 576
  .. ..$ df0        : num 5
  .. ..$ R2         : num 0.167
  .. ..$ S0         : num 48.2
  .. ..$ u          : num [1:3646] -8.2 -10.21 -15.13 -8.38 -12.85 ...
  .. ..$ varU       : num 443
  .. ..$ uStar      : num [1:576] -173.2 184.2 328.4 12.9 -237.9 ...
  .. ..$ NamefileOut: chr "X6/ETA_3_varU.dat"
  .. ..$ SD.u       : num [1:3646] 3.43 2.84 3.48 2.95 3.05 ...
  .. ..$ SD.varU    : num 146
 - attr(*, "class")= chr "BGLR"
NULL
List of 21
 $ y            : num [1:3646] 3.728 6.443 -0.136 23.068 12.176 ...
 $ a            : NULL
 $ b            : NULL
 $ whichNa      : int [1:1011] 2636 2637 2638 2639 2640 2641 2642 2643 2644 2645 ...
 $ saveAt       : chr "X5/"
 $ nIter        : num 12000
 $ burnIn       : num 2000
 $ thin         : num 5
 $ weights      : num [1:3646] 1 1 1 1 1 1 1 1 1 1 ...
 $ verbose      : logi FALSE
 $ response_type: chr "gaussian"
 $ df0          : num 5
 $ S0           : num 556
 $ yHat         : num [1:3646] 6.815 9.278 0.243 13.262 8.397 ...
 $ SD.yHat      : num [1:3646] 4.58 4.94 4.89 4.99 5.08 ...
 $ mu           : num 17.5
 $ SD.mu        : num 1.46
 $ varE         : num 143
 $ SD.varE      : num 6.97
 $ fit          :List of 4
  ..$ logLikAtPostMean: num -10058
  ..$ postMeanLogLik  : num -10278
  ..$ pD              : num 440
  ..$ DIC             : num 20997
 $ ETA          :List of 3
  ..$ :List of 15
  .. ..$ V          : num [1:3646, 1:6] 0 0 0 0 0 0 0 0 0 0 ...
  .. .. ..- attr(*, "dimnames")=List of 2
  .. .. .. ..$ : chr [1:3646] "2020-21_11.107-5" "2020-21_12.90-53" "2020-21_12.93-4" "2020-21_14.37-103" ...
  .. .. .. ..$ : NULL
  .. ..$ d          : num [1:6] 1011 918 450 447 435 ...
  .. ..$ model      : chr "RKHS"
  .. ..$ Name       : chr "ETA_1"
  .. ..$ tolD       : num 1e-10
  .. ..$ levelsU    : int 6
  .. ..$ df0        : num 5
  .. ..$ R2         : num 0.167
  .. ..$ S0         : num 0.422
  .. ..$ u          : num [1:3646] -0.0175 -0.0175 -0.0175 -0.0175 -0.0175 ...
  .. ..$ varU       : num 0.141
  .. ..$ uStar      : num [1:6] -0.853499 -0.000833 -1.210374 0.878835 0.365207 ...
  .. ..$ NamefileOut: chr "X5/ETA_1_varU.dat"
  .. ..$ SD.u       : num [1:3646] 0.368 0.368 0.368 0.368 0.368 ...
  .. ..$ SD.varU    : num 0.16
  ..$ :List of 15
  .. ..$ V          : num [1:3646, 1:2737] 0.408 0 0 0 0 ...
  .. .. ..- attr(*, "dimnames")=List of 2
  .. .. .. ..$ : chr [1:3646] "2020-21_11.107-5" "2020-21_12.90-53" "2020-21_12.93-4" "2020-21_14.37-103" ...
  .. .. .. ..$ : chr [1:2737] "11.107-5" "12.90-53" "12.93-4" "13.27-142" ...
  .. ..$ d          : Named num [1:2737] 6 1 3 1 1 1 1 1 2 1 ...
  .. .. ..- attr(*, "names")= chr [1:2737] "11.107-5" "12.90-53" "12.93-4" "13.27-142" ...
  .. ..$ model      : chr "RKHS"
  .. ..$ Name       : chr "ETA_2"
  .. ..$ tolD       : num 1e-10
  .. ..$ levelsU    : int 2737
  .. ..$ df0        : num 5
  .. ..$ R2         : num 0.167
  .. ..$ S0         : num 193
  .. ..$ u          : num [1:3646] 0.818 -0.6 -3.938 1.855 0.632 ...
  .. ..$ varU       : num 25.8
  .. ..$ uStar      : num [1:2737] 2 -0.6 -6.82 0.95 1.86 ...
  .. ..$ NamefileOut: chr "X5/ETA_2_varU.dat"
  .. ..$ SD.u       : num [1:3646] 3.71 4.68 4.06 4.63 4.75 ...
  .. ..$ SD.varU    : num 6.18
  ..$ :List of 15
  .. ..$ V          : num [1:3646, 1:576] 0.010764 0.006644 0.010142 0.00602 -0.000353 ...
  .. .. ..- attr(*, "dimnames")=List of 2
  .. .. .. ..$ : chr [1:3646] "2020-21_11.107-5" "2020-21_12.90-53" "2020-21_12.93-4" "2020-21_14.37-103" ...
  .. .. .. ..$ : NULL
  .. ..$ d          : num [1:576] 1718 767 374 228 121 ...
  .. ..$ model      : chr "RKHS"
  .. ..$ Name       : chr "ETA_3"
  .. ..$ tolD       : num 1e-10
  .. ..$ levelsU    : int 576
  .. ..$ df0        : num 5
  .. ..$ R2         : num 0.167
  .. ..$ S0         : num 40.5
  .. ..$ u          : num [1:3646] -11.49 -7.61 -13.3 -6.08 -9.72 ...
  .. ..$ varU       : num 518
  .. ..$ uStar      : num [1:576] -272.9 50.6 314.8 190.9 -219 ...
  .. ..$ NamefileOut: chr "X5/ETA_3_varU.dat"
  .. ..$ SD.u       : num [1:3646] 3.17 2.45 3.17 2.62 2.84 ...
  .. ..$ SD.varU    : num 138
 - attr(*, "class")= chr "BGLR"
NULL
List of 21
 $ y            : num [1:3646] 3.728 6.443 -0.136 23.068 12.176 ...
 $ a            : NULL
 $ b            : NULL
 $ whichNa      : int [1:1011] 2636 2637 2638 2639 2640 2641 2642 2643 2644 2645 ...
 $ saveAt       : chr "X5/"
 $ nIter        : num 12000
 $ burnIn       : num 2000
 $ thin         : num 5
 $ weights      : num [1:3646] 1 1 1 1 1 1 1 1 1 1 ...
 $ verbose      : logi FALSE
 $ response_type: chr "gaussian"
 $ df0          : num 5
 $ S0           : num 556
 $ yHat         : num [1:3646] 6.815 9.278 0.243 13.262 8.397 ...
 $ SD.yHat      : num [1:3646] 4.58 4.94 4.89 4.99 5.08 ...
 $ mu           : num 17.5
 $ SD.mu        : num 1.46
 $ varE         : num 143
 $ SD.varE      : num 6.97
 $ fit          :List of 4
  ..$ logLikAtPostMean: num -10058
  ..$ postMeanLogLik  : num -10278
  ..$ pD              : num 440
  ..$ DIC             : num 20997
 $ ETA          :List of 3
  ..$ :List of 15
  .. ..$ V          : num [1:3646, 1:6] 0 0 0 0 0 0 0 0 0 0 ...
  .. .. ..- attr(*, "dimnames")=List of 2
  .. .. .. ..$ : chr [1:3646] "2020-21_11.107-5" "2020-21_12.90-53" "2020-21_12.93-4" "2020-21_14.37-103" ...
  .. .. .. ..$ : NULL
  .. ..$ d          : num [1:6] 1011 918 450 447 435 ...
  .. ..$ model      : chr "RKHS"
  .. ..$ Name       : chr "ETA_1"
  .. ..$ tolD       : num 1e-10
  .. ..$ levelsU    : int 6
  .. ..$ df0        : num 5
  .. ..$ R2         : num 0.167
  .. ..$ S0         : num 0.422
  .. ..$ u          : num [1:3646] -0.0175 -0.0175 -0.0175 -0.0175 -0.0175 ...
  .. ..$ varU       : num 0.141
  .. ..$ uStar      : num [1:6] -0.853499 -0.000833 -1.210374 0.878835 0.365207 ...
  .. ..$ NamefileOut: chr "X5/ETA_1_varU.dat"
  .. ..$ SD.u       : num [1:3646] 0.368 0.368 0.368 0.368 0.368 ...
  .. ..$ SD.varU    : num 0.16
  ..$ :List of 15
  .. ..$ V          : num [1:3646, 1:2737] 0.408 0 0 0 0 ...
  .. .. ..- attr(*, "dimnames")=List of 2
  .. .. .. ..$ : chr [1:3646] "2020-21_11.107-5" "2020-21_12.90-53" "2020-21_12.93-4" "2020-21_14.37-103" ...
  .. .. .. ..$ : chr [1:2737] "11.107-5" "12.90-53" "12.93-4" "13.27-142" ...
  .. ..$ d          : Named num [1:2737] 6 1 3 1 1 1 1 1 2 1 ...
  .. .. ..- attr(*, "names")= chr [1:2737] "11.107-5" "12.90-53" "12.93-4" "13.27-142" ...
  .. ..$ model      : chr "RKHS"
  .. ..$ Name       : chr "ETA_2"
  .. ..$ tolD       : num 1e-10
  .. ..$ levelsU    : int 2737
  .. ..$ df0        : num 5
  .. ..$ R2         : num 0.167
  .. ..$ S0         : num 193
  .. ..$ u          : num [1:3646] 0.818 -0.6 -3.938 1.855 0.632 ...
  .. ..$ varU       : num 25.8
  .. ..$ uStar      : num [1:2737] 2 -0.6 -6.82 0.95 1.86 ...
  .. ..$ NamefileOut: chr "X5/ETA_2_varU.dat"
  .. ..$ SD.u       : num [1:3646] 3.71 4.68 4.06 4.63 4.75 ...
  .. ..$ SD.varU    : num 6.18
  ..$ :List of 15
  .. ..$ V          : num [1:3646, 1:576] 0.010764 0.006644 0.010142 0.00602 -0.000353 ...
  .. .. ..- attr(*, "dimnames")=List of 2
  .. .. .. ..$ : chr [1:3646] "2020-21_11.107-5" "2020-21_12.90-53" "2020-21_12.93-4" "2020-21_14.37-103" ...
  .. .. .. ..$ : NULL
  .. ..$ d          : num [1:576] 1718 767 374 228 121 ...
  .. ..$ model      : chr "RKHS"
  .. ..$ Name       : chr "ETA_3"
  .. ..$ tolD       : num 1e-10
  .. ..$ levelsU    : int 576
  .. ..$ df0        : num 5
  .. ..$ R2         : num 0.167
  .. ..$ S0         : num 40.5
  .. ..$ u          : num [1:3646] -11.49 -7.61 -13.3 -6.08 -9.72 ...
  .. ..$ varU       : num 518
  .. ..$ uStar      : num [1:576] -272.9 50.6 314.8 190.9 -219 ...
  .. ..$ NamefileOut: chr "X5/ETA_3_varU.dat"
  .. ..$ SD.u       : num [1:3646] 3.17 2.45 3.17 2.62 2.84 ...
  .. ..$ SD.varU    : num 138
 - attr(*, "class")= chr "BGLR"
NULL
List of 21
 $ y            : num [1:3646] 3.728 6.443 -0.136 23.068 12.176 ...
 $ a            : NULL
 $ b            : NULL
 $ whichNa      : int [1:1011] 2636 2637 2638 2639 2640 2641 2642 2643 2644 2645 ...
 $ saveAt       : chr "X5/"
 $ nIter        : num 12000
 $ burnIn       : num 2000
 $ thin         : num 5
 $ weights      : num [1:3646] 1 1 1 1 1 1 1 1 1 1 ...
 $ verbose      : logi FALSE
 $ response_type: chr "gaussian"
 $ df0          : num 5
 $ S0           : num 556
 $ yHat         : num [1:3646] 6.815 9.278 0.243 13.262 8.397 ...
 $ SD.yHat      : num [1:3646] 4.58 4.94 4.89 4.99 5.08 ...
 $ mu           : num 17.5
 $ SD.mu        : num 1.46
 $ varE         : num 143
 $ SD.varE      : num 6.97
 $ fit          :List of 4
  ..$ logLikAtPostMean: num -10058
  ..$ postMeanLogLik  : num -10278
  ..$ pD              : num 440
  ..$ DIC             : num 20997
 $ ETA          :List of 3
  ..$ :List of 15
  .. ..$ V          : num [1:3646, 1:6] 0 0 0 0 0 0 0 0 0 0 ...
  .. .. ..- attr(*, "dimnames")=List of 2
  .. .. .. ..$ : chr [1:3646] "2020-21_11.107-5" "2020-21_12.90-53" "2020-21_12.93-4" "2020-21_14.37-103" ...
  .. .. .. ..$ : NULL
  .. ..$ d          : num [1:6] 1011 918 450 447 435 ...
  .. ..$ model      : chr "RKHS"
  .. ..$ Name       : chr "ETA_1"
  .. ..$ tolD       : num 1e-10
  .. ..$ levelsU    : int 6
  .. ..$ df0        : num 5
  .. ..$ R2         : num 0.167
  .. ..$ S0         : num 0.422
  .. ..$ u          : num [1:3646] -0.0175 -0.0175 -0.0175 -0.0175 -0.0175 ...
  .. ..$ varU       : num 0.141
  .. ..$ uStar      : num [1:6] -0.853499 -0.000833 -1.210374 0.878835 0.365207 ...
  .. ..$ NamefileOut: chr "X5/ETA_1_varU.dat"
  .. ..$ SD.u       : num [1:3646] 0.368 0.368 0.368 0.368 0.368 ...
  .. ..$ SD.varU    : num 0.16
  ..$ :List of 15
  .. ..$ V          : num [1:3646, 1:2737] 0.408 0 0 0 0 ...
  .. .. ..- attr(*, "dimnames")=List of 2
  .. .. .. ..$ : chr [1:3646] "2020-21_11.107-5" "2020-21_12.90-53" "2020-21_12.93-4" "2020-21_14.37-103" ...
  .. .. .. ..$ : chr [1:2737] "11.107-5" "12.90-53" "12.93-4" "13.27-142" ...
  .. ..$ d          : Named num [1:2737] 6 1 3 1 1 1 1 1 2 1 ...
  .. .. ..- attr(*, "names")= chr [1:2737] "11.107-5" "12.90-53" "12.93-4" "13.27-142" ...
  .. ..$ model      : chr "RKHS"
  .. ..$ Name       : chr "ETA_2"
  .. ..$ tolD       : num 1e-10
  .. ..$ levelsU    : int 2737
  .. ..$ df0        : num 5
  .. ..$ R2         : num 0.167
  .. ..$ S0         : num 193
  .. ..$ u          : num [1:3646] 0.818 -0.6 -3.938 1.855 0.632 ...
  .. ..$ varU       : num 25.8
  .. ..$ uStar      : num [1:2737] 2 -0.6 -6.82 0.95 1.86 ...
  .. ..$ NamefileOut: chr "X5/ETA_2_varU.dat"
  .. ..$ SD.u       : num [1:3646] 3.71 4.68 4.06 4.63 4.75 ...
  .. ..$ SD.varU    : num 6.18
  ..$ :List of 15
  .. ..$ V          : num [1:3646, 1:576] 0.010764 0.006644 0.010142 0.00602 -0.000353 ...
  .. .. ..- attr(*, "dimnames")=List of 2
  .. .. .. ..$ : chr [1:3646] "2020-21_11.107-5" "2020-21_12.90-53" "2020-21_12.93-4" "2020-21_14.37-103" ...
  .. .. .. ..$ : NULL
  .. ..$ d          : num [1:576] 1718 767 374 228 121 ...
  .. ..$ model      : chr "RKHS"
  .. ..$ Name       : chr "ETA_3"
  .. ..$ tolD       : num 1e-10
  .. ..$ levelsU    : int 576
  .. ..$ df0        : num 5
  .. ..$ R2         : num 0.167
  .. ..$ S0         : num 40.5
  .. ..$ u          : num [1:3646] -11.49 -7.61 -13.3 -6.08 -9.72 ...
  .. ..$ varU       : num 518
  .. ..$ uStar      : num [1:576] -272.9 50.6 314.8 190.9 -219 ...
  .. ..$ NamefileOut: chr "X5/ETA_3_varU.dat"
  .. ..$ SD.u       : num [1:3646] 3.17 2.45 3.17 2.62 2.84 ...
  .. ..$ SD.varU    : num 138
 - attr(*, "class")= chr "BGLR"
NULL
List of 21
 $ y            : num [1:3646] -0.16528 5.64926 0.00647 4.7282 3.29357 ...
 $ a            : NULL
 $ b            : NULL
 $ whichNa      : int [1:1011] 2636 2637 2638 2639 2640 2641 2642 2643 2644 2645 ...
 $ saveAt       : chr "X2/"
 $ nIter        : num 12000
 $ burnIn       : num 2000
 $ thin         : num 5
 $ weights      : num [1:3646] 1 1 1 1 1 1 1 1 1 1 ...
 $ verbose      : logi FALSE
 $ response_type: chr "gaussian"
 $ df0          : num 5
 $ S0           : num 499
 $ yHat         : num [1:3646] 9.93 4.71 6.96 4.5 3.48 ...
 $ SD.yHat      : num [1:3646] 3.35 5.18 3.78 5.4 5.3 ...
 $ mu           : num 14.5
 $ SD.mu        : num 1.44
 $ varE         : num 37.4
 $ SD.varE      : num 2.81
 $ fit          :List of 4
  ..$ logLikAtPostMean: num -7727
  ..$ postMeanLogLik  : num -8500
  ..$ pD              : num 1546
  ..$ DIC             : num 18547
 $ ETA          :List of 3
  ..$ :List of 15
  .. ..$ V          : num [1:3646, 1:6] 0 0 0 0 0 0 0 0 0 0 ...
  .. .. ..- attr(*, "dimnames")=List of 2
  .. .. .. ..$ : chr [1:3646] "2020-21_11.107-5" "2020-21_12.90-53" "2020-21_12.93-4" "2020-21_14.37-103" ...
  .. .. .. ..$ : NULL
  .. ..$ d          : num [1:6] 1011 918 450 447 435 ...
  .. ..$ model      : chr "RKHS"
  .. ..$ Name       : chr "ETA_1"
  .. ..$ tolD       : num 1e-10
  .. ..$ levelsU    : int 6
  .. ..$ df0        : num 5
  .. ..$ R2         : num 0.167
  .. ..$ S0         : num 0.379
  .. ..$ u          : num [1:3646] -0.0139 -0.0139 -0.0139 -0.0139 -0.0139 ...
  .. ..$ varU       : num 0.137
  .. ..$ uStar      : num [1:6] -0.564 0.336 0.678 -0.273 0.29 ...
  .. ..$ NamefileOut: chr "X2/ETA_1_varU.dat"
  .. ..$ SD.u       : num [1:3646] 0.357 0.357 0.357 0.357 0.357 ...
  .. ..$ SD.varU    : num 0.165
  ..$ :List of 15
  .. ..$ V          : num [1:3646, 1:2737] 0.408 0 0 0 0 ...
  .. .. ..- attr(*, "dimnames")=List of 2
  .. .. .. ..$ : chr [1:3646] "2020-21_11.107-5" "2020-21_12.90-53" "2020-21_12.93-4" "2020-21_14.37-103" ...
  .. .. .. ..$ : chr [1:2737] "11.107-5" "12.90-53" "12.93-4" "13.27-142" ...
  .. ..$ d          : Named num [1:2737] 6 1 3 1 1 1 1 1 2 1 ...
  .. .. ..- attr(*, "names")= chr [1:2737] "11.107-5" "12.90-53" "12.93-4" "13.27-142" ...
  .. ..$ model      : chr "RKHS"
  .. ..$ Name       : chr "ETA_2"
  .. ..$ tolD       : num 1e-10
  .. ..$ levelsU    : int 2737
  .. ..$ df0        : num 5
  .. ..$ R2         : num 0.167
  .. ..$ S0         : num 173
  .. ..$ u          : num [1:3646] 2.897 0.819 1.66 0.864 0.171 ...
  .. ..$ varU       : num 95.7
  .. ..$ uStar      : num [1:2737] 7.096 0.819 2.875 12.571 0.864 ...
  .. ..$ NamefileOut: chr "X2/ETA_2_varU.dat"
  .. ..$ SD.u       : num [1:3646] 2.75 5.3 3.57 5.5 5.45 ...
  .. ..$ SD.varU    : num 5.48
  ..$ :List of 15
  .. ..$ V          : num [1:3646, 1:576] 0.010764 0.006644 0.010142 0.00602 -0.000353 ...
  .. .. ..- attr(*, "dimnames")=List of 2
  .. .. .. ..$ : chr [1:3646] "2020-21_11.107-5" "2020-21_12.90-53" "2020-21_12.93-4" "2020-21_14.37-103" ...
  .. .. .. ..$ : NULL
  .. ..$ d          : num [1:576] 1718 767 374 228 121 ...
  .. ..$ model      : chr "RKHS"
  .. ..$ Name       : chr "ETA_3"
  .. ..$ tolD       : num 1e-10
  .. ..$ levelsU    : int 576
  .. ..$ df0        : num 5
  .. ..$ R2         : num 0.167
  .. ..$ S0         : num 36.4
  .. ..$ u          : num [1:3646] -7.45 -10.6 -9.18 -10.85 -11.18 ...
  .. ..$ varU       : num 513
  .. ..$ uStar      : num [1:576] -436.9 211.3 173.9 -117.9 -76.4 ...
  .. ..$ NamefileOut: chr "X2/ETA_3_varU.dat"
  .. ..$ SD.u       : num [1:3646] 2.65 2.2 2.75 2.31 2.53 ...
  .. ..$ SD.varU    : num 126
 - attr(*, "class")= chr "BGLR"
NULL
List of 21
 $ y            : num [1:3646] 3.728 6.443 -0.136 23.068 12.176 ...
 $ a            : NULL
 $ b            : NULL
 $ whichNa      : int [1:1011] 2636 2637 2638 2639 2640 2641 2642 2643 2644 2645 ...
 $ saveAt       : chr "X5/"
 $ nIter        : num 12000
 $ burnIn       : num 2000
 $ thin         : num 5
 $ weights      : num [1:3646] 1 1 1 1 1 1 1 1 1 1 ...
 $ verbose      : logi FALSE
 $ response_type: chr "gaussian"
 $ df0          : num 5
 $ S0           : num 556
 $ yHat         : num [1:3646] 6.815 9.278 0.243 13.262 8.397 ...
 $ SD.yHat      : num [1:3646] 4.58 4.94 4.89 4.99 5.08 ...
 $ mu           : num 17.5
 $ SD.mu        : num 1.46
 $ varE         : num 143
 $ SD.varE      : num 6.97
 $ fit          :List of 4
  ..$ logLikAtPostMean: num -10058
  ..$ postMeanLogLik  : num -10278
  ..$ pD              : num 440
  ..$ DIC             : num 20997
 $ ETA          :List of 3
  ..$ :List of 15
  .. ..$ V          : num [1:3646, 1:6] 0 0 0 0 0 0 0 0 0 0 ...
  .. .. ..- attr(*, "dimnames")=List of 2
  .. .. .. ..$ : chr [1:3646] "2020-21_11.107-5" "2020-21_12.90-53" "2020-21_12.93-4" "2020-21_14.37-103" ...
  .. .. .. ..$ : NULL
  .. ..$ d          : num [1:6] 1011 918 450 447 435 ...
  .. ..$ model      : chr "RKHS"
  .. ..$ Name       : chr "ETA_1"
  .. ..$ tolD       : num 1e-10
  .. ..$ levelsU    : int 6
  .. ..$ df0        : num 5
  .. ..$ R2         : num 0.167
  .. ..$ S0         : num 0.422
  .. ..$ u          : num [1:3646] -0.0175 -0.0175 -0.0175 -0.0175 -0.0175 ...
  .. ..$ varU       : num 0.141
  .. ..$ uStar      : num [1:6] -0.853499 -0.000833 -1.210374 0.878835 0.365207 ...
  .. ..$ NamefileOut: chr "X5/ETA_1_varU.dat"
  .. ..$ SD.u       : num [1:3646] 0.368 0.368 0.368 0.368 0.368 ...
  .. ..$ SD.varU    : num 0.16
  ..$ :List of 15
  .. ..$ V          : num [1:3646, 1:2737] 0.408 0 0 0 0 ...
  .. .. ..- attr(*, "dimnames")=List of 2
  .. .. .. ..$ : chr [1:3646] "2020-21_11.107-5" "2020-21_12.90-53" "2020-21_12.93-4" "2020-21_14.37-103" ...
  .. .. .. ..$ : chr [1:2737] "11.107-5" "12.90-53" "12.93-4" "13.27-142" ...
  .. ..$ d          : Named num [1:2737] 6 1 3 1 1 1 1 1 2 1 ...
  .. .. ..- attr(*, "names")= chr [1:2737] "11.107-5" "12.90-53" "12.93-4" "13.27-142" ...
  .. ..$ model      : chr "RKHS"
  .. ..$ Name       : chr "ETA_2"
  .. ..$ tolD       : num 1e-10
  .. ..$ levelsU    : int 2737
  .. ..$ df0        : num 5
  .. ..$ R2         : num 0.167
  .. ..$ S0         : num 193
  .. ..$ u          : num [1:3646] 0.818 -0.6 -3.938 1.855 0.632 ...
  .. ..$ varU       : num 25.8
  .. ..$ uStar      : num [1:2737] 2 -0.6 -6.82 0.95 1.86 ...
  .. ..$ NamefileOut: chr "X5/ETA_2_varU.dat"
  .. ..$ SD.u       : num [1:3646] 3.71 4.68 4.06 4.63 4.75 ...
  .. ..$ SD.varU    : num 6.18
  ..$ :List of 15
  .. ..$ V          : num [1:3646, 1:576] 0.010764 0.006644 0.010142 0.00602 -0.000353 ...
  .. .. ..- attr(*, "dimnames")=List of 2
  .. .. .. ..$ : chr [1:3646] "2020-21_11.107-5" "2020-21_12.90-53" "2020-21_12.93-4" "2020-21_14.37-103" ...
  .. .. .. ..$ : NULL
  .. ..$ d          : num [1:576] 1718 767 374 228 121 ...
  .. ..$ model      : chr "RKHS"
  .. ..$ Name       : chr "ETA_3"
  .. ..$ tolD       : num 1e-10
  .. ..$ levelsU    : int 576
  .. ..$ df0        : num 5
  .. ..$ R2         : num 0.167
  .. ..$ S0         : num 40.5
  .. ..$ u          : num [1:3646] -11.49 -7.61 -13.3 -6.08 -9.72 ...
  .. ..$ varU       : num 518
  .. ..$ uStar      : num [1:576] -272.9 50.6 314.8 190.9 -219 ...
  .. ..$ NamefileOut: chr "X5/ETA_3_varU.dat"
  .. ..$ SD.u       : num [1:3646] 3.17 2.45 3.17 2.62 2.84 ...
  .. ..$ SD.varU    : num 138
 - attr(*, "class")= chr "BGLR"
NULL
List of 21
 $ y            : num [1:3646] 0.677 8.594 0.135 -0.135 3.535 ...
 $ a            : NULL
 $ b            : NULL
 $ whichNa      : int [1:1011] 2636 2637 2638 2639 2640 2641 2642 2643 2644 2645 ...
 $ saveAt       : chr "X6/"
 $ nIter        : num 12000
 $ burnIn       : num 2000
 $ thin         : num 5
 $ weights      : num [1:3646] 1 1 1 1 1 1 1 1 1 1 ...
 $ verbose      : logi FALSE
 $ response_type: chr "gaussian"
 $ df0          : num 5
 $ S0           : num 662
 $ yHat         : num [1:3646] 14.67 10.05 8.53 9.69 6.67 ...
 $ SD.yHat      : num [1:3646] 5.18 5.85 5.55 5.98 6.06 ...
 $ mu           : num 20.4
 $ SD.mu        : num 1.85
 $ varE         : num 180
 $ SD.varE      : num 8.87
 $ fit          :List of 4
  ..$ logLikAtPostMean: num -10337
  ..$ postMeanLogLik  : num -10577
  ..$ pD              : num 479
  ..$ DIC             : num 21634
 $ ETA          :List of 3
  ..$ :List of 15
  .. ..$ V          : num [1:3646, 1:6] 0 0 0 0 0 0 0 0 0 0 ...
  .. .. ..- attr(*, "dimnames")=List of 2
  .. .. .. ..$ : chr [1:3646] "2020-21_11.107-5" "2020-21_12.90-53" "2020-21_12.93-4" "2020-21_14.37-103" ...
  .. .. .. ..$ : NULL
  .. ..$ d          : num [1:6] 1011 918 450 447 435 ...
  .. ..$ model      : chr "RKHS"
  .. ..$ Name       : chr "ETA_1"
  .. ..$ tolD       : num 1e-10
  .. ..$ levelsU    : int 6
  .. ..$ df0        : num 5
  .. ..$ R2         : num 0.167
  .. ..$ S0         : num 0.502
  .. ..$ u          : num [1:3646] -0.018 -0.018 -0.018 -0.018 -0.018 ...
  .. ..$ varU       : num 0.19
  .. ..$ uStar      : num [1:6] 0.1559 -0.0904 -0.4343 -1.7157 0.375 ...
  .. ..$ NamefileOut: chr "X6/ETA_1_varU.dat"
  .. ..$ SD.u       : num [1:3646] 0.458 0.458 0.458 0.458 0.458 ...
  .. ..$ SD.varU    : num 0.362
  ..$ :List of 15
  .. ..$ V          : num [1:3646, 1:2737] 0.408 0 0 0 0 ...
  .. .. ..- attr(*, "dimnames")=List of 2
  .. .. .. ..$ : chr [1:3646] "2020-21_11.107-5" "2020-21_12.90-53" "2020-21_12.93-4" "2020-21_14.37-103" ...
  .. .. .. ..$ : chr [1:2737] "11.107-5" "12.90-53" "12.93-4" "13.27-142" ...
  .. ..$ d          : Named num [1:2737] 6 1 3 1 1 1 1 1 2 1 ...
  .. .. ..- attr(*, "names")= chr [1:2737] "11.107-5" "12.90-53" "12.93-4" "13.27-142" ...
  .. ..$ model      : chr "RKHS"
  .. ..$ Name       : chr "ETA_2"
  .. ..$ tolD       : num 1e-10
  .. ..$ levelsU    : int 2737
  .. ..$ df0        : num 5
  .. ..$ R2         : num 0.167
  .. ..$ S0         : num 229
  .. ..$ u          : num [1:3646] 2.5182 -0.0938 3.3075 -2.2905 -0.8235 ...
  .. ..$ varU       : num 38.3
  .. ..$ uStar      : num [1:2737] 6.1683 -0.0938 5.7287 0.7702 -2.2905 ...
  .. ..$ NamefileOut: chr "X6/ETA_2_varU.dat"
  .. ..$ SD.u       : num [1:3646] 4.48 5.68 4.93 5.68 5.65 ...
  .. ..$ SD.varU    : num 8.12
  ..$ :List of 15
  .. ..$ V          : num [1:3646, 1:576] 0.010764 0.006644 0.010142 0.00602 -0.000353 ...
  .. .. ..- attr(*, "dimnames")=List of 2
  .. .. .. ..$ : chr [1:3646] "2020-21_11.107-5" "2020-21_12.90-53" "2020-21_12.93-4" "2020-21_14.37-103" ...
  .. .. .. ..$ : NULL
  .. ..$ d          : num [1:576] 1718 767 374 228 121 ...
  .. ..$ model      : chr "RKHS"
  .. ..$ Name       : chr "ETA_3"
  .. ..$ tolD       : num 1e-10
  .. ..$ levelsU    : int 576
  .. ..$ df0        : num 5
  .. ..$ R2         : num 0.167
  .. ..$ S0         : num 48.2
  .. ..$ u          : num [1:3646] -8.2 -10.21 -15.13 -8.38 -12.85 ...
  .. ..$ varU       : num 443
  .. ..$ uStar      : num [1:576] -173.2 184.2 328.4 12.9 -237.9 ...
  .. ..$ NamefileOut: chr "X6/ETA_3_varU.dat"
  .. ..$ SD.u       : num [1:3646] 3.43 2.84 3.48 2.95 3.05 ...
  .. ..$ SD.varU    : num 146
 - attr(*, "class")= chr "BGLR"
NULL
List of 21
 $ y            : num [1:3646] 34.557 32 37.708 62.27 0.585 ...
 $ a            : NULL
 $ b            : NULL
 $ whichNa      : int [1:1011] 2636 2637 2638 2639 2640 2641 2642 2643 2644 2645 ...
 $ saveAt       : chr "X7/"
 $ nIter        : num 12000
 $ burnIn       : num 2000
 $ thin         : num 5
 $ weights      : num [1:3646] 1 1 1 1 1 1 1 1 1 1 ...
 $ verbose      : logi FALSE
 $ response_type: chr "gaussian"
 $ df0          : num 5
 $ S0           : num 1094
 $ yHat         : num [1:3646] 34 20 21.1 26.8 11 ...
 $ SD.yHat      : num [1:3646] 6.29 6.85 6.97 7.17 7 ...
 $ mu           : num 23.6
 $ SD.mu        : num 2.18
 $ varE         : num 300
 $ SD.varE      : num 13.8
 $ fit          :List of 4
  ..$ logLikAtPostMean: num -11050
  ..$ postMeanLogLik  : num -11251
  ..$ pD              : num 401
  ..$ DIC             : num 22902
 $ ETA          :List of 3
  ..$ :List of 15
  .. ..$ V          : num [1:3646, 1:6] 0 0 0 0 0 0 0 0 0 0 ...
  .. .. ..- attr(*, "dimnames")=List of 2
  .. .. .. ..$ : chr [1:3646] "2020-21_11.107-5" "2020-21_12.90-53" "2020-21_12.93-4" "2020-21_14.37-103" ...
  .. .. .. ..$ : NULL
  .. ..$ d          : num [1:6] 1011 918 450 447 435 ...
  .. ..$ model      : chr "RKHS"
  .. ..$ Name       : chr "ETA_1"
  .. ..$ tolD       : num 1e-10
  .. ..$ levelsU    : int 6
  .. ..$ df0        : num 5
  .. ..$ R2         : num 0.167
  .. ..$ S0         : num 0.831
  .. ..$ u          : num [1:3646] 0.0229 0.0229 0.0229 0.0229 0.0229 ...
  .. ..$ varU       : num 0.287
  .. ..$ uStar      : num [1:6] 0.208 -0.297 0.0837 -1.071 -0.4776 ...
  .. ..$ NamefileOut: chr "X7/ETA_1_varU.dat"
  .. ..$ SD.u       : num [1:3646] 0.53 0.53 0.53 0.53 0.53 ...
  .. ..$ SD.varU    : num 0.353
  ..$ :List of 15
  .. ..$ V          : num [1:3646, 1:2737] 0.408 0 0 0 0 ...
  .. .. ..- attr(*, "dimnames")=List of 2
  .. .. .. ..$ : chr [1:3646] "2020-21_11.107-5" "2020-21_12.90-53" "2020-21_12.93-4" "2020-21_14.37-103" ...
  .. .. .. ..$ : chr [1:2737] "11.107-5" "12.90-53" "12.93-4" "13.27-142" ...
  .. ..$ d          : Named num [1:2737] 6 1 3 1 1 1 1 1 2 1 ...
  .. .. ..- attr(*, "names")= chr [1:2737] "11.107-5" "12.90-53" "12.93-4" "13.27-142" ...
  .. ..$ model      : chr "RKHS"
  .. ..$ Name       : chr "ETA_2"
  .. ..$ tolD       : num 1e-10
  .. ..$ levelsU    : int 2737
  .. ..$ df0        : num 5
  .. ..$ R2         : num 0.167
  .. ..$ S0         : num 379
  .. ..$ u          : num [1:3646] 6.33 2.03 9.59 5.49 -1.3 ...
  .. ..$ varU       : num 47.5
  .. ..$ uStar      : num [1:2737] 15.507 2.025 16.602 0.405 5.493 ...
  .. ..$ NamefileOut: chr "X7/ETA_2_varU.dat"
  .. ..$ SD.u       : num [1:3646] 5.07 6.49 6 6.54 6.34 ...
  .. ..$ SD.varU    : num 12
  ..$ :List of 15
  .. ..$ V          : num [1:3646, 1:576] 0.010764 0.006644 0.010142 0.00602 -0.000353 ...
  .. .. ..- attr(*, "dimnames")=List of 2
  .. .. .. ..$ : chr [1:3646] "2020-21_11.107-5" "2020-21_12.90-53" "2020-21_12.93-4" "2020-21_14.37-103" ...
  .. .. .. ..$ : NULL
  .. ..$ d          : num [1:576] 1718 767 374 228 121 ...
  .. ..$ model      : chr "RKHS"
  .. ..$ Name       : chr "ETA_3"
  .. ..$ tolD       : num 1e-10
  .. ..$ levelsU    : int 576
  .. ..$ df0        : num 5
  .. ..$ R2         : num 0.167
  .. ..$ S0         : num 79.8
  .. ..$ u          : num [1:3646] 3.97 -5.71 -12.16 -2.35 -11.38 ...
  .. ..$ varU       : num 873
  .. ..$ uStar      : num [1:576] 5.74 143.36 95.18 238.57 -47.13 ...
  .. ..$ NamefileOut: chr "X7/ETA_3_varU.dat"
  .. ..$ SD.u       : num [1:3646] 4.55 3.42 4.48 3.9 3.95 ...
  .. ..$ SD.varU    : num 279
 - attr(*, "class")= chr "BGLR"
NULL
List of 21
 $ y            : num [1:3646] 0.677 8.594 0.135 -0.135 3.535 ...
 $ a            : NULL
 $ b            : NULL
 $ whichNa      : int [1:1011] 2636 2637 2638 2639 2640 2641 2642 2643 2644 2645 ...
 $ saveAt       : chr "X6/"
 $ nIter        : num 12000
 $ burnIn       : num 2000
 $ thin         : num 5
 $ weights      : num [1:3646] 1 1 1 1 1 1 1 1 1 1 ...
 $ verbose      : logi FALSE
 $ response_type: chr "gaussian"
 $ df0          : num 5
 $ S0           : num 662
 $ yHat         : num [1:3646] 14.67 10.05 8.53 9.69 6.67 ...
 $ SD.yHat      : num [1:3646] 5.18 5.85 5.55 5.98 6.06 ...
 $ mu           : num 20.4
 $ SD.mu        : num 1.85
 $ varE         : num 180
 $ SD.varE      : num 8.87
 $ fit          :List of 4
  ..$ logLikAtPostMean: num -10337
  ..$ postMeanLogLik  : num -10577
  ..$ pD              : num 479
  ..$ DIC             : num 21634
 $ ETA          :List of 3
  ..$ :List of 15
  .. ..$ V          : num [1:3646, 1:6] 0 0 0 0 0 0 0 0 0 0 ...
  .. .. ..- attr(*, "dimnames")=List of 2
  .. .. .. ..$ : chr [1:3646] "2020-21_11.107-5" "2020-21_12.90-53" "2020-21_12.93-4" "2020-21_14.37-103" ...
  .. .. .. ..$ : NULL
  .. ..$ d          : num [1:6] 1011 918 450 447 435 ...
  .. ..$ model      : chr "RKHS"
  .. ..$ Name       : chr "ETA_1"
  .. ..$ tolD       : num 1e-10
  .. ..$ levelsU    : int 6
  .. ..$ df0        : num 5
  .. ..$ R2         : num 0.167
  .. ..$ S0         : num 0.502
  .. ..$ u          : num [1:3646] -0.018 -0.018 -0.018 -0.018 -0.018 ...
  .. ..$ varU       : num 0.19
  .. ..$ uStar      : num [1:6] 0.1559 -0.0904 -0.4343 -1.7157 0.375 ...
  .. ..$ NamefileOut: chr "X6/ETA_1_varU.dat"
  .. ..$ SD.u       : num [1:3646] 0.458 0.458 0.458 0.458 0.458 ...
  .. ..$ SD.varU    : num 0.362
  ..$ :List of 15
  .. ..$ V          : num [1:3646, 1:2737] 0.408 0 0 0 0 ...
  .. .. ..- attr(*, "dimnames")=List of 2
  .. .. .. ..$ : chr [1:3646] "2020-21_11.107-5" "2020-21_12.90-53" "2020-21_12.93-4" "2020-21_14.37-103" ...
  .. .. .. ..$ : chr [1:2737] "11.107-5" "12.90-53" "12.93-4" "13.27-142" ...
  .. ..$ d          : Named num [1:2737] 6 1 3 1 1 1 1 1 2 1 ...
  .. .. ..- attr(*, "names")= chr [1:2737] "11.107-5" "12.90-53" "12.93-4" "13.27-142" ...
  .. ..$ model      : chr "RKHS"
  .. ..$ Name       : chr "ETA_2"
  .. ..$ tolD       : num 1e-10
  .. ..$ levelsU    : int 2737
  .. ..$ df0        : num 5
  .. ..$ R2         : num 0.167
  .. ..$ S0         : num 229
  .. ..$ u          : num [1:3646] 2.5182 -0.0938 3.3075 -2.2905 -0.8235 ...
  .. ..$ varU       : num 38.3
  .. ..$ uStar      : num [1:2737] 6.1683 -0.0938 5.7287 0.7702 -2.2905 ...
  .. ..$ NamefileOut: chr "X6/ETA_2_varU.dat"
  .. ..$ SD.u       : num [1:3646] 4.48 5.68 4.93 5.68 5.65 ...
  .. ..$ SD.varU    : num 8.12
  ..$ :List of 15
  .. ..$ V          : num [1:3646, 1:576] 0.010764 0.006644 0.010142 0.00602 -0.000353 ...
  .. .. ..- attr(*, "dimnames")=List of 2
  .. .. .. ..$ : chr [1:3646] "2020-21_11.107-5" "2020-21_12.90-53" "2020-21_12.93-4" "2020-21_14.37-103" ...
  .. .. .. ..$ : NULL
  .. ..$ d          : num [1:576] 1718 767 374 228 121 ...
  .. ..$ model      : chr "RKHS"
  .. ..$ Name       : chr "ETA_3"
  .. ..$ tolD       : num 1e-10
  .. ..$ levelsU    : int 576
  .. ..$ df0        : num 5
  .. ..$ R2         : num 0.167
  .. ..$ S0         : num 48.2
  .. ..$ u          : num [1:3646] -8.2 -10.21 -15.13 -8.38 -12.85 ...
  .. ..$ varU       : num 443
  .. ..$ uStar      : num [1:576] -173.2 184.2 328.4 12.9 -237.9 ...
  .. ..$ NamefileOut: chr "X6/ETA_3_varU.dat"
  .. ..$ SD.u       : num [1:3646] 3.43 2.84 3.48 2.95 3.05 ...
  .. ..$ SD.varU    : num 146
 - attr(*, "class")= chr "BGLR"
NULL
List of 21
 $ y            : num [1:3646] 0.677 8.594 0.135 -0.135 3.535 ...
 $ a            : NULL
 $ b            : NULL
 $ whichNa      : int [1:1011] 2636 2637 2638 2639 2640 2641 2642 2643 2644 2645 ...
 $ saveAt       : chr "X6/"
 $ nIter        : num 12000
 $ burnIn       : num 2000
 $ thin         : num 5
 $ weights      : num [1:3646] 1 1 1 1 1 1 1 1 1 1 ...
 $ verbose      : logi FALSE
 $ response_type: chr "gaussian"
 $ df0          : num 5
 $ S0           : num 662
 $ yHat         : num [1:3646] 14.67 10.05 8.53 9.69 6.67 ...
 $ SD.yHat      : num [1:3646] 5.18 5.85 5.55 5.98 6.06 ...
 $ mu           : num 20.4
 $ SD.mu        : num 1.85
 $ varE         : num 180
 $ SD.varE      : num 8.87
 $ fit          :List of 4
  ..$ logLikAtPostMean: num -10337
  ..$ postMeanLogLik  : num -10577
  ..$ pD              : num 479
  ..$ DIC             : num 21634
 $ ETA          :List of 3
  ..$ :List of 15
  .. ..$ V          : num [1:3646, 1:6] 0 0 0 0 0 0 0 0 0 0 ...
  .. .. ..- attr(*, "dimnames")=List of 2
  .. .. .. ..$ : chr [1:3646] "2020-21_11.107-5" "2020-21_12.90-53" "2020-21_12.93-4" "2020-21_14.37-103" ...
  .. .. .. ..$ : NULL
  .. ..$ d          : num [1:6] 1011 918 450 447 435 ...
  .. ..$ model      : chr "RKHS"
  .. ..$ Name       : chr "ETA_1"
  .. ..$ tolD       : num 1e-10
  .. ..$ levelsU    : int 6
  .. ..$ df0        : num 5
  .. ..$ R2         : num 0.167
  .. ..$ S0         : num 0.502
  .. ..$ u          : num [1:3646] -0.018 -0.018 -0.018 -0.018 -0.018 ...
  .. ..$ varU       : num 0.19
  .. ..$ uStar      : num [1:6] 0.1559 -0.0904 -0.4343 -1.7157 0.375 ...
  .. ..$ NamefileOut: chr "X6/ETA_1_varU.dat"
  .. ..$ SD.u       : num [1:3646] 0.458 0.458 0.458 0.458 0.458 ...
  .. ..$ SD.varU    : num 0.362
  ..$ :List of 15
  .. ..$ V          : num [1:3646, 1:2737] 0.408 0 0 0 0 ...
  .. .. ..- attr(*, "dimnames")=List of 2
  .. .. .. ..$ : chr [1:3646] "2020-21_11.107-5" "2020-21_12.90-53" "2020-21_12.93-4" "2020-21_14.37-103" ...
  .. .. .. ..$ : chr [1:2737] "11.107-5" "12.90-53" "12.93-4" "13.27-142" ...
  .. ..$ d          : Named num [1:2737] 6 1 3 1 1 1 1 1 2 1 ...
  .. .. ..- attr(*, "names")= chr [1:2737] "11.107-5" "12.90-53" "12.93-4" "13.27-142" ...
  .. ..$ model      : chr "RKHS"
  .. ..$ Name       : chr "ETA_2"
  .. ..$ tolD       : num 1e-10
  .. ..$ levelsU    : int 2737
  .. ..$ df0        : num 5
  .. ..$ R2         : num 0.167
  .. ..$ S0         : num 229
  .. ..$ u          : num [1:3646] 2.5182 -0.0938 3.3075 -2.2905 -0.8235 ...
  .. ..$ varU       : num 38.3
  .. ..$ uStar      : num [1:2737] 6.1683 -0.0938 5.7287 0.7702 -2.2905 ...
  .. ..$ NamefileOut: chr "X6/ETA_2_varU.dat"
  .. ..$ SD.u       : num [1:3646] 4.48 5.68 4.93 5.68 5.65 ...
  .. ..$ SD.varU    : num 8.12
  ..$ :List of 15
  .. ..$ V          : num [1:3646, 1:576] 0.010764 0.006644 0.010142 0.00602 -0.000353 ...
  .. .. ..- attr(*, "dimnames")=List of 2
  .. .. .. ..$ : chr [1:3646] "2020-21_11.107-5" "2020-21_12.90-53" "2020-21_12.93-4" "2020-21_14.37-103" ...
  .. .. .. ..$ : NULL
  .. ..$ d          : num [1:576] 1718 767 374 228 121 ...
  .. ..$ model      : chr "RKHS"
  .. ..$ Name       : chr "ETA_3"
  .. ..$ tolD       : num 1e-10
  .. ..$ levelsU    : int 576
  .. ..$ df0        : num 5
  .. ..$ R2         : num 0.167
  .. ..$ S0         : num 48.2
  .. ..$ u          : num [1:3646] -8.2 -10.21 -15.13 -8.38 -12.85 ...
  .. ..$ varU       : num 443
  .. ..$ uStar      : num [1:576] -173.2 184.2 328.4 12.9 -237.9 ...
  .. ..$ NamefileOut: chr "X6/ETA_3_varU.dat"
  .. ..$ SD.u       : num [1:3646] 3.43 2.84 3.48 2.95 3.05 ...
  .. ..$ SD.varU    : num 146
 - attr(*, "class")= chr "BGLR"
NULL
List of 21
 $ y            : num [1:3646] 0.677 8.594 0.135 -0.135 3.535 ...
 $ a            : NULL
 $ b            : NULL
 $ whichNa      : int [1:1011] 2636 2637 2638 2639 2640 2641 2642 2643 2644 2645 ...
 $ saveAt       : chr "X6/"
 $ nIter        : num 12000
 $ burnIn       : num 2000
 $ thin         : num 5
 $ weights      : num [1:3646] 1 1 1 1 1 1 1 1 1 1 ...
 $ verbose      : logi FALSE
 $ response_type: chr "gaussian"
 $ df0          : num 5
 $ S0           : num 662
 $ yHat         : num [1:3646] 14.67 10.05 8.53 9.69 6.67 ...
 $ SD.yHat      : num [1:3646] 5.18 5.85 5.55 5.98 6.06 ...
 $ mu           : num 20.4
 $ SD.mu        : num 1.85
 $ varE         : num 180
 $ SD.varE      : num 8.87
 $ fit          :List of 4
  ..$ logLikAtPostMean: num -10337
  ..$ postMeanLogLik  : num -10577
  ..$ pD              : num 479
  ..$ DIC             : num 21634
 $ ETA          :List of 3
  ..$ :List of 15
  .. ..$ V          : num [1:3646, 1:6] 0 0 0 0 0 0 0 0 0 0 ...
  .. .. ..- attr(*, "dimnames")=List of 2
  .. .. .. ..$ : chr [1:3646] "2020-21_11.107-5" "2020-21_12.90-53" "2020-21_12.93-4" "2020-21_14.37-103" ...
  .. .. .. ..$ : NULL
  .. ..$ d          : num [1:6] 1011 918 450 447 435 ...
  .. ..$ model      : chr "RKHS"
  .. ..$ Name       : chr "ETA_1"
  .. ..$ tolD       : num 1e-10
  .. ..$ levelsU    : int 6
  .. ..$ df0        : num 5
  .. ..$ R2         : num 0.167
  .. ..$ S0         : num 0.502
  .. ..$ u          : num [1:3646] -0.018 -0.018 -0.018 -0.018 -0.018 ...
  .. ..$ varU       : num 0.19
  .. ..$ uStar      : num [1:6] 0.1559 -0.0904 -0.4343 -1.7157 0.375 ...
  .. ..$ NamefileOut: chr "X6/ETA_1_varU.dat"
  .. ..$ SD.u       : num [1:3646] 0.458 0.458 0.458 0.458 0.458 ...
  .. ..$ SD.varU    : num 0.362
  ..$ :List of 15
  .. ..$ V          : num [1:3646, 1:2737] 0.408 0 0 0 0 ...
  .. .. ..- attr(*, "dimnames")=List of 2
  .. .. .. ..$ : chr [1:3646] "2020-21_11.107-5" "2020-21_12.90-53" "2020-21_12.93-4" "2020-21_14.37-103" ...
  .. .. .. ..$ : chr [1:2737] "11.107-5" "12.90-53" "12.93-4" "13.27-142" ...
  .. ..$ d          : Named num [1:2737] 6 1 3 1 1 1 1 1 2 1 ...
  .. .. ..- attr(*, "names")= chr [1:2737] "11.107-5" "12.90-53" "12.93-4" "13.27-142" ...
  .. ..$ model      : chr "RKHS"
  .. ..$ Name       : chr "ETA_2"
  .. ..$ tolD       : num 1e-10
  .. ..$ levelsU    : int 2737
  .. ..$ df0        : num 5
  .. ..$ R2         : num 0.167
  .. ..$ S0         : num 229
  .. ..$ u          : num [1:3646] 2.5182 -0.0938 3.3075 -2.2905 -0.8235 ...
  .. ..$ varU       : num 38.3
  .. ..$ uStar      : num [1:2737] 6.1683 -0.0938 5.7287 0.7702 -2.2905 ...
  .. ..$ NamefileOut: chr "X6/ETA_2_varU.dat"
  .. ..$ SD.u       : num [1:3646] 4.48 5.68 4.93 5.68 5.65 ...
  .. ..$ SD.varU    : num 8.12
  ..$ :List of 15
  .. ..$ V          : num [1:3646, 1:576] 0.010764 0.006644 0.010142 0.00602 -0.000353 ...
  .. .. ..- attr(*, "dimnames")=List of 2
  .. .. .. ..$ : chr [1:3646] "2020-21_11.107-5" "2020-21_12.90-53" "2020-21_12.93-4" "2020-21_14.37-103" ...
  .. .. .. ..$ : NULL
  .. ..$ d          : num [1:576] 1718 767 374 228 121 ...
  .. ..$ model      : chr "RKHS"
  .. ..$ Name       : chr "ETA_3"
  .. ..$ tolD       : num 1e-10
  .. ..$ levelsU    : int 576
  .. ..$ df0        : num 5
  .. ..$ R2         : num 0.167
  .. ..$ S0         : num 48.2
  .. ..$ u          : num [1:3646] -8.2 -10.21 -15.13 -8.38 -12.85 ...
  .. ..$ varU       : num 443
  .. ..$ uStar      : num [1:576] -173.2 184.2 328.4 12.9 -237.9 ...
  .. ..$ NamefileOut: chr "X6/ETA_3_varU.dat"
  .. ..$ SD.u       : num [1:3646] 3.43 2.84 3.48 2.95 3.05 ...
  .. ..$ SD.varU    : num 146
 - attr(*, "class")= chr "BGLR"
NULL
List of 21
 $ y            : num [1:3646] 37 54.4 79 41.2 22.2 ...
 $ a            : NULL
 $ b            : NULL
 $ whichNa      : int [1:1011] 2636 2637 2638 2639 2640 2641 2642 2643 2644 2645 ...
 $ saveAt       : chr "X8/"
 $ nIter        : num 12000
 $ burnIn       : num 2000
 $ thin         : num 5
 $ weights      : num [1:3646] 1 1 1 1 1 1 1 1 1 1 ...
 $ verbose      : logi FALSE
 $ response_type: chr "gaussian"
 $ df0          : num 5
 $ S0           : num 2022
 $ yHat         : num [1:3646] 51.1 35.2 53.6 38.6 22.6 ...
 $ SD.yHat      : num [1:3646] 7.79 8.27 9.38 8.52 8.43 ...
 $ mu           : num 36.5
 $ SD.mu        : num 3.01
 $ varE         : num 474
 $ SD.varE      : num 21.1
 $ fit          :List of 4
  ..$ logLikAtPostMean: num -11661
  ..$ postMeanLogLik  : num -11856
  ..$ pD              : num 389
  ..$ DIC             : num 24100
 $ ETA          :List of 3
  ..$ :List of 15
  .. ..$ V          : num [1:3646, 1:6] 0 0 0 0 0 0 0 0 0 0 ...
  .. .. ..- attr(*, "dimnames")=List of 2
  .. .. .. ..$ : chr [1:3646] "2020-21_11.107-5" "2020-21_12.90-53" "2020-21_12.93-4" "2020-21_14.37-103" ...
  .. .. .. ..$ : NULL
  .. ..$ d          : num [1:6] 1011 918 450 447 435 ...
  .. ..$ model      : chr "RKHS"
  .. ..$ Name       : chr "ETA_1"
  .. ..$ tolD       : num 1e-10
  .. ..$ levelsU    : int 6
  .. ..$ df0        : num 5
  .. ..$ R2         : num 0.167
  .. ..$ S0         : num 1.53
  .. ..$ u          : num [1:3646] 0.0352 0.0352 0.0352 0.0352 0.0352 ...
  .. ..$ varU       : num 0.473
  .. ..$ uStar      : num [1:6] -0.056 0.1149 -0.3108 -0.0249 -0.7338 ...
  .. ..$ NamefileOut: chr "X8/ETA_1_varU.dat"
  .. ..$ SD.u       : num [1:3646] 0.707 0.707 0.707 0.707 0.707 ...
  .. ..$ SD.varU    : num 0.443
  ..$ :List of 15
  .. ..$ V          : num [1:3646, 1:2737] 0.408 0 0 0 0 ...
  .. .. ..- attr(*, "dimnames")=List of 2
  .. .. .. ..$ : chr [1:3646] "2020-21_11.107-5" "2020-21_12.90-53" "2020-21_12.93-4" "2020-21_14.37-103" ...
  .. .. .. ..$ : chr [1:2737] "11.107-5" "12.90-53" "12.93-4" "13.27-142" ...
  .. ..$ d          : Named num [1:2737] 6 1 3 1 1 1 1 1 2 1 ...
  .. .. ..- attr(*, "names")= chr [1:2737] "11.107-5" "12.90-53" "12.93-4" "13.27-142" ...
  .. ..$ model      : chr "RKHS"
  .. ..$ Name       : chr "ETA_2"
  .. ..$ tolD       : num 1e-10
  .. ..$ levelsU    : int 2737
  .. ..$ df0        : num 5
  .. ..$ R2         : num 0.167
  .. ..$ S0         : num 700
  .. ..$ u          : num [1:3646] 1.538 2.489 20.909 0.512 0.393 ...
  .. ..$ varU       : num 66.5
  .. ..$ uStar      : num [1:2737] 3.767 2.489 36.216 0.358 0.512 ...
  .. ..$ NamefileOut: chr "X8/ETA_2_varU.dat"
  .. ..$ SD.u       : num [1:3646] 6.09 7.64 7.92 7.66 7.41 ...
  .. ..$ SD.varU    : num 16.3
  ..$ :List of 15
  .. ..$ V          : num [1:3646, 1:576] 0.010764 0.006644 0.010142 0.00602 -0.000353 ...
  .. .. ..- attr(*, "dimnames")=List of 2
  .. .. .. ..$ : chr [1:3646] "2020-21_11.107-5" "2020-21_12.90-53" "2020-21_12.93-4" "2020-21_14.37-103" ...
  .. .. .. ..$ : NULL
  .. ..$ d          : num [1:576] 1718 767 374 228 121 ...
  .. ..$ model      : chr "RKHS"
  .. ..$ Name       : chr "ETA_3"
  .. ..$ tolD       : num 1e-10
  .. ..$ levelsU    : int 576
  .. ..$ df0        : num 5
  .. ..$ R2         : num 0.167
  .. ..$ S0         : num 147
  .. ..$ u          : num [1:3646] 13.03 -3.88 -3.9 1.5 -14.4 ...
  .. ..$ varU       : num 2447
  .. ..$ uStar      : num [1:576] -195.2 -10.3 216.9 560.9 -106.9 ...
  .. ..$ NamefileOut: chr "X8/ETA_3_varU.dat"
  .. ..$ SD.u       : num [1:3646] 5.9 4.81 6.01 5.24 5.35 ...
  .. ..$ SD.varU    : num 637
 - attr(*, "class")= chr "BGLR"
NULL
List of 21
 $ y            : num [1:3646] 0.677 8.594 0.135 -0.135 3.535 ...
 $ a            : NULL
 $ b            : NULL
 $ whichNa      : int [1:1011] 2636 2637 2638 2639 2640 2641 2642 2643 2644 2645 ...
 $ saveAt       : chr "X6/"
 $ nIter        : num 12000
 $ burnIn       : num 2000
 $ thin         : num 5
 $ weights      : num [1:3646] 1 1 1 1 1 1 1 1 1 1 ...
 $ verbose      : logi FALSE
 $ response_type: chr "gaussian"
 $ df0          : num 5
 $ S0           : num 662
 $ yHat         : num [1:3646] 14.67 10.05 8.53 9.69 6.67 ...
 $ SD.yHat      : num [1:3646] 5.18 5.85 5.55 5.98 6.06 ...
 $ mu           : num 20.4
 $ SD.mu        : num 1.85
 $ varE         : num 180
 $ SD.varE      : num 8.87
 $ fit          :List of 4
  ..$ logLikAtPostMean: num -10337
  ..$ postMeanLogLik  : num -10577
  ..$ pD              : num 479
  ..$ DIC             : num 21634
 $ ETA          :List of 3
  ..$ :List of 15
  .. ..$ V          : num [1:3646, 1:6] 0 0 0 0 0 0 0 0 0 0 ...
  .. .. ..- attr(*, "dimnames")=List of 2
  .. .. .. ..$ : chr [1:3646] "2020-21_11.107-5" "2020-21_12.90-53" "2020-21_12.93-4" "2020-21_14.37-103" ...
  .. .. .. ..$ : NULL
  .. ..$ d          : num [1:6] 1011 918 450 447 435 ...
  .. ..$ model      : chr "RKHS"
  .. ..$ Name       : chr "ETA_1"
  .. ..$ tolD       : num 1e-10
  .. ..$ levelsU    : int 6
  .. ..$ df0        : num 5
  .. ..$ R2         : num 0.167
  .. ..$ S0         : num 0.502
  .. ..$ u          : num [1:3646] -0.018 -0.018 -0.018 -0.018 -0.018 ...
  .. ..$ varU       : num 0.19
  .. ..$ uStar      : num [1:6] 0.1559 -0.0904 -0.4343 -1.7157 0.375 ...
  .. ..$ NamefileOut: chr "X6/ETA_1_varU.dat"
  .. ..$ SD.u       : num [1:3646] 0.458 0.458 0.458 0.458 0.458 ...
  .. ..$ SD.varU    : num 0.362
  ..$ :List of 15
  .. ..$ V          : num [1:3646, 1:2737] 0.408 0 0 0 0 ...
  .. .. ..- attr(*, "dimnames")=List of 2
  .. .. .. ..$ : chr [1:3646] "2020-21_11.107-5" "2020-21_12.90-53" "2020-21_12.93-4" "2020-21_14.37-103" ...
  .. .. .. ..$ : chr [1:2737] "11.107-5" "12.90-53" "12.93-4" "13.27-142" ...
  .. ..$ d          : Named num [1:2737] 6 1 3 1 1 1 1 1 2 1 ...
  .. .. ..- attr(*, "names")= chr [1:2737] "11.107-5" "12.90-53" "12.93-4" "13.27-142" ...
  .. ..$ model      : chr "RKHS"
  .. ..$ Name       : chr "ETA_2"
  .. ..$ tolD       : num 1e-10
  .. ..$ levelsU    : int 2737
  .. ..$ df0        : num 5
  .. ..$ R2         : num 0.167
  .. ..$ S0         : num 229
  .. ..$ u          : num [1:3646] 2.5182 -0.0938 3.3075 -2.2905 -0.8235 ...
  .. ..$ varU       : num 38.3
  .. ..$ uStar      : num [1:2737] 6.1683 -0.0938 5.7287 0.7702 -2.2905 ...
  .. ..$ NamefileOut: chr "X6/ETA_2_varU.dat"
  .. ..$ SD.u       : num [1:3646] 4.48 5.68 4.93 5.68 5.65 ...
  .. ..$ SD.varU    : num 8.12
  ..$ :List of 15
  .. ..$ V          : num [1:3646, 1:576] 0.010764 0.006644 0.010142 0.00602 -0.000353 ...
  .. .. ..- attr(*, "dimnames")=List of 2
  .. .. .. ..$ : chr [1:3646] "2020-21_11.107-5" "2020-21_12.90-53" "2020-21_12.93-4" "2020-21_14.37-103" ...
  .. .. .. ..$ : NULL
  .. ..$ d          : num [1:576] 1718 767 374 228 121 ...
  .. ..$ model      : chr "RKHS"
  .. ..$ Name       : chr "ETA_3"
  .. ..$ tolD       : num 1e-10
  .. ..$ levelsU    : int 576
  .. ..$ df0        : num 5
  .. ..$ R2         : num 0.167
  .. ..$ S0         : num 48.2
  .. ..$ u          : num [1:3646] -8.2 -10.21 -15.13 -8.38 -12.85 ...
  .. ..$ varU       : num 443
  .. ..$ uStar      : num [1:576] -173.2 184.2 328.4 12.9 -237.9 ...
  .. ..$ NamefileOut: chr "X6/ETA_3_varU.dat"
  .. ..$ SD.u       : num [1:3646] 3.43 2.84 3.48 2.95 3.05 ...
  .. ..$ SD.varU    : num 146
 - attr(*, "class")= chr "BGLR"
NULL
List of 21
 $ y            : num [1:3646] 34.557 32 37.708 62.27 0.585 ...
 $ a            : NULL
 $ b            : NULL
 $ whichNa      : int [1:1011] 2636 2637 2638 2639 2640 2641 2642 2643 2644 2645 ...
 $ saveAt       : chr "X7/"
 $ nIter        : num 12000
 $ burnIn       : num 2000
 $ thin         : num 5
 $ weights      : num [1:3646] 1 1 1 1 1 1 1 1 1 1 ...
 $ verbose      : logi FALSE
 $ response_type: chr "gaussian"
 $ df0          : num 5
 $ S0           : num 1094
 $ yHat         : num [1:3646] 34 20 21.1 26.8 11 ...
 $ SD.yHat      : num [1:3646] 6.29 6.85 6.97 7.17 7 ...
 $ mu           : num 23.6
 $ SD.mu        : num 2.18
 $ varE         : num 300
 $ SD.varE      : num 13.8
 $ fit          :List of 4
  ..$ logLikAtPostMean: num -11050
  ..$ postMeanLogLik  : num -11251
  ..$ pD              : num 401
  ..$ DIC             : num 22902
 $ ETA          :List of 3
  ..$ :List of 15
  .. ..$ V          : num [1:3646, 1:6] 0 0 0 0 0 0 0 0 0 0 ...
  .. .. ..- attr(*, "dimnames")=List of 2
  .. .. .. ..$ : chr [1:3646] "2020-21_11.107-5" "2020-21_12.90-53" "2020-21_12.93-4" "2020-21_14.37-103" ...
  .. .. .. ..$ : NULL
  .. ..$ d          : num [1:6] 1011 918 450 447 435 ...
  .. ..$ model      : chr "RKHS"
  .. ..$ Name       : chr "ETA_1"
  .. ..$ tolD       : num 1e-10
  .. ..$ levelsU    : int 6
  .. ..$ df0        : num 5
  .. ..$ R2         : num 0.167
  .. ..$ S0         : num 0.831
  .. ..$ u          : num [1:3646] 0.0229 0.0229 0.0229 0.0229 0.0229 ...
  .. ..$ varU       : num 0.287
  .. ..$ uStar      : num [1:6] 0.208 -0.297 0.0837 -1.071 -0.4776 ...
  .. ..$ NamefileOut: chr "X7/ETA_1_varU.dat"
  .. ..$ SD.u       : num [1:3646] 0.53 0.53 0.53 0.53 0.53 ...
  .. ..$ SD.varU    : num 0.353
  ..$ :List of 15
  .. ..$ V          : num [1:3646, 1:2737] 0.408 0 0 0 0 ...
  .. .. ..- attr(*, "dimnames")=List of 2
  .. .. .. ..$ : chr [1:3646] "2020-21_11.107-5" "2020-21_12.90-53" "2020-21_12.93-4" "2020-21_14.37-103" ...
  .. .. .. ..$ : chr [1:2737] "11.107-5" "12.90-53" "12.93-4" "13.27-142" ...
  .. ..$ d          : Named num [1:2737] 6 1 3 1 1 1 1 1 2 1 ...
  .. .. ..- attr(*, "names")= chr [1:2737] "11.107-5" "12.90-53" "12.93-4" "13.27-142" ...
  .. ..$ model      : chr "RKHS"
  .. ..$ Name       : chr "ETA_2"
  .. ..$ tolD       : num 1e-10
  .. ..$ levelsU    : int 2737
  .. ..$ df0        : num 5
  .. ..$ R2         : num 0.167
  .. ..$ S0         : num 379
  .. ..$ u          : num [1:3646] 6.33 2.03 9.59 5.49 -1.3 ...
  .. ..$ varU       : num 47.5
  .. ..$ uStar      : num [1:2737] 15.507 2.025 16.602 0.405 5.493 ...
  .. ..$ NamefileOut: chr "X7/ETA_2_varU.dat"
  .. ..$ SD.u       : num [1:3646] 5.07 6.49 6 6.54 6.34 ...
  .. ..$ SD.varU    : num 12
  ..$ :List of 15
  .. ..$ V          : num [1:3646, 1:576] 0.010764 0.006644 0.010142 0.00602 -0.000353 ...
  .. .. ..- attr(*, "dimnames")=List of 2
  .. .. .. ..$ : chr [1:3646] "2020-21_11.107-5" "2020-21_12.90-53" "2020-21_12.93-4" "2020-21_14.37-103" ...
  .. .. .. ..$ : NULL
  .. ..$ d          : num [1:576] 1718 767 374 228 121 ...
  .. ..$ model      : chr "RKHS"
  .. ..$ Name       : chr "ETA_3"
  .. ..$ tolD       : num 1e-10
  .. ..$ levelsU    : int 576
  .. ..$ df0        : num 5
  .. ..$ R2         : num 0.167
  .. ..$ S0         : num 79.8
  .. ..$ u          : num [1:3646] 3.97 -5.71 -12.16 -2.35 -11.38 ...
  .. ..$ varU       : num 873
  .. ..$ uStar      : num [1:576] 5.74 143.36 95.18 238.57 -47.13 ...
  .. ..$ NamefileOut: chr "X7/ETA_3_varU.dat"
  .. ..$ SD.u       : num [1:3646] 4.55 3.42 4.48 3.9 3.95 ...
  .. ..$ SD.varU    : num 279
 - attr(*, "class")= chr "BGLR"
NULL
List of 21
 $ y            : num [1:3646] 34.557 32 37.708 62.27 0.585 ...
 $ a            : NULL
 $ b            : NULL
 $ whichNa      : int [1:1011] 2636 2637 2638 2639 2640 2641 2642 2643 2644 2645 ...
 $ saveAt       : chr "X7/"
 $ nIter        : num 12000
 $ burnIn       : num 2000
 $ thin         : num 5
 $ weights      : num [1:3646] 1 1 1 1 1 1 1 1 1 1 ...
 $ verbose      : logi FALSE
 $ response_type: chr "gaussian"
 $ df0          : num 5
 $ S0           : num 1094
 $ yHat         : num [1:3646] 34 20 21.1 26.8 11 ...
 $ SD.yHat      : num [1:3646] 6.29 6.85 6.97 7.17 7 ...
 $ mu           : num 23.6
 $ SD.mu        : num 2.18
 $ varE         : num 300
 $ SD.varE      : num 13.8
 $ fit          :List of 4
  ..$ logLikAtPostMean: num -11050
  ..$ postMeanLogLik  : num -11251
  ..$ pD              : num 401
  ..$ DIC             : num 22902
 $ ETA          :List of 3
  ..$ :List of 15
  .. ..$ V          : num [1:3646, 1:6] 0 0 0 0 0 0 0 0 0 0 ...
  .. .. ..- attr(*, "dimnames")=List of 2
  .. .. .. ..$ : chr [1:3646] "2020-21_11.107-5" "2020-21_12.90-53" "2020-21_12.93-4" "2020-21_14.37-103" ...
  .. .. .. ..$ : NULL
  .. ..$ d          : num [1:6] 1011 918 450 447 435 ...
  .. ..$ model      : chr "RKHS"
  .. ..$ Name       : chr "ETA_1"
  .. ..$ tolD       : num 1e-10
  .. ..$ levelsU    : int 6
  .. ..$ df0        : num 5
  .. ..$ R2         : num 0.167
  .. ..$ S0         : num 0.831
  .. ..$ u          : num [1:3646] 0.0229 0.0229 0.0229 0.0229 0.0229 ...
  .. ..$ varU       : num 0.287
  .. ..$ uStar      : num [1:6] 0.208 -0.297 0.0837 -1.071 -0.4776 ...
  .. ..$ NamefileOut: chr "X7/ETA_1_varU.dat"
  .. ..$ SD.u       : num [1:3646] 0.53 0.53 0.53 0.53 0.53 ...
  .. ..$ SD.varU    : num 0.353
  ..$ :List of 15
  .. ..$ V          : num [1:3646, 1:2737] 0.408 0 0 0 0 ...
  .. .. ..- attr(*, "dimnames")=List of 2
  .. .. .. ..$ : chr [1:3646] "2020-21_11.107-5" "2020-21_12.90-53" "2020-21_12.93-4" "2020-21_14.37-103" ...
  .. .. .. ..$ : chr [1:2737] "11.107-5" "12.90-53" "12.93-4" "13.27-142" ...
  .. ..$ d          : Named num [1:2737] 6 1 3 1 1 1 1 1 2 1 ...
  .. .. ..- attr(*, "names")= chr [1:2737] "11.107-5" "12.90-53" "12.93-4" "13.27-142" ...
  .. ..$ model      : chr "RKHS"
  .. ..$ Name       : chr "ETA_2"
  .. ..$ tolD       : num 1e-10
  .. ..$ levelsU    : int 2737
  .. ..$ df0        : num 5
  .. ..$ R2         : num 0.167
  .. ..$ S0         : num 379
  .. ..$ u          : num [1:3646] 6.33 2.03 9.59 5.49 -1.3 ...
  .. ..$ varU       : num 47.5
  .. ..$ uStar      : num [1:2737] 15.507 2.025 16.602 0.405 5.493 ...
  .. ..$ NamefileOut: chr "X7/ETA_2_varU.dat"
  .. ..$ SD.u       : num [1:3646] 5.07 6.49 6 6.54 6.34 ...
  .. ..$ SD.varU    : num 12
  ..$ :List of 15
  .. ..$ V          : num [1:3646, 1:576] 0.010764 0.006644 0.010142 0.00602 -0.000353 ...
  .. .. ..- attr(*, "dimnames")=List of 2
  .. .. .. ..$ : chr [1:3646] "2020-21_11.107-5" "2020-21_12.90-53" "2020-21_12.93-4" "2020-21_14.37-103" ...
  .. .. .. ..$ : NULL
  .. ..$ d          : num [1:576] 1718 767 374 228 121 ...
  .. ..$ model      : chr "RKHS"
  .. ..$ Name       : chr "ETA_3"
  .. ..$ tolD       : num 1e-10
  .. ..$ levelsU    : int 576
  .. ..$ df0        : num 5
  .. ..$ R2         : num 0.167
  .. ..$ S0         : num 79.8
  .. ..$ u          : num [1:3646] 3.97 -5.71 -12.16 -2.35 -11.38 ...
  .. ..$ varU       : num 873
  .. ..$ uStar      : num [1:576] 5.74 143.36 95.18 238.57 -47.13 ...
  .. ..$ NamefileOut: chr "X7/ETA_3_varU.dat"
  .. ..$ SD.u       : num [1:3646] 4.55 3.42 4.48 3.9 3.95 ...
  .. ..$ SD.varU    : num 279
 - attr(*, "class")= chr "BGLR"
NULL
List of 21
 $ y            : num [1:3646] 34.557 32 37.708 62.27 0.585 ...
 $ a            : NULL
 $ b            : NULL
 $ whichNa      : int [1:1011] 2636 2637 2638 2639 2640 2641 2642 2643 2644 2645 ...
 $ saveAt       : chr "X7/"
 $ nIter        : num 12000
 $ burnIn       : num 2000
 $ thin         : num 5
 $ weights      : num [1:3646] 1 1 1 1 1 1 1 1 1 1 ...
 $ verbose      : logi FALSE
 $ response_type: chr "gaussian"
 $ df0          : num 5
 $ S0           : num 1094
 $ yHat         : num [1:3646] 34 20 21.1 26.8 11 ...
 $ SD.yHat      : num [1:3646] 6.29 6.85 6.97 7.17 7 ...
 $ mu           : num 23.6
 $ SD.mu        : num 2.18
 $ varE         : num 300
 $ SD.varE      : num 13.8
 $ fit          :List of 4
  ..$ logLikAtPostMean: num -11050
  ..$ postMeanLogLik  : num -11251
  ..$ pD              : num 401
  ..$ DIC             : num 22902
 $ ETA          :List of 3
  ..$ :List of 15
  .. ..$ V          : num [1:3646, 1:6] 0 0 0 0 0 0 0 0 0 0 ...
  .. .. ..- attr(*, "dimnames")=List of 2
  .. .. .. ..$ : chr [1:3646] "2020-21_11.107-5" "2020-21_12.90-53" "2020-21_12.93-4" "2020-21_14.37-103" ...
  .. .. .. ..$ : NULL
  .. ..$ d          : num [1:6] 1011 918 450 447 435 ...
  .. ..$ model      : chr "RKHS"
  .. ..$ Name       : chr "ETA_1"
  .. ..$ tolD       : num 1e-10
  .. ..$ levelsU    : int 6
  .. ..$ df0        : num 5
  .. ..$ R2         : num 0.167
  .. ..$ S0         : num 0.831
  .. ..$ u          : num [1:3646] 0.0229 0.0229 0.0229 0.0229 0.0229 ...
  .. ..$ varU       : num 0.287
  .. ..$ uStar      : num [1:6] 0.208 -0.297 0.0837 -1.071 -0.4776 ...
  .. ..$ NamefileOut: chr "X7/ETA_1_varU.dat"
  .. ..$ SD.u       : num [1:3646] 0.53 0.53 0.53 0.53 0.53 ...
  .. ..$ SD.varU    : num 0.353
  ..$ :List of 15
  .. ..$ V          : num [1:3646, 1:2737] 0.408 0 0 0 0 ...
  .. .. ..- attr(*, "dimnames")=List of 2
  .. .. .. ..$ : chr [1:3646] "2020-21_11.107-5" "2020-21_12.90-53" "2020-21_12.93-4" "2020-21_14.37-103" ...
  .. .. .. ..$ : chr [1:2737] "11.107-5" "12.90-53" "12.93-4" "13.27-142" ...
  .. ..$ d          : Named num [1:2737] 6 1 3 1 1 1 1 1 2 1 ...
  .. .. ..- attr(*, "names")= chr [1:2737] "11.107-5" "12.90-53" "12.93-4" "13.27-142" ...
  .. ..$ model      : chr "RKHS"
  .. ..$ Name       : chr "ETA_2"
  .. ..$ tolD       : num 1e-10
  .. ..$ levelsU    : int 2737
  .. ..$ df0        : num 5
  .. ..$ R2         : num 0.167
  .. ..$ S0         : num 379
  .. ..$ u          : num [1:3646] 6.33 2.03 9.59 5.49 -1.3 ...
  .. ..$ varU       : num 47.5
  .. ..$ uStar      : num [1:2737] 15.507 2.025 16.602 0.405 5.493 ...
  .. ..$ NamefileOut: chr "X7/ETA_2_varU.dat"
  .. ..$ SD.u       : num [1:3646] 5.07 6.49 6 6.54 6.34 ...
  .. ..$ SD.varU    : num 12
  ..$ :List of 15
  .. ..$ V          : num [1:3646, 1:576] 0.010764 0.006644 0.010142 0.00602 -0.000353 ...
  .. .. ..- attr(*, "dimnames")=List of 2
  .. .. .. ..$ : chr [1:3646] "2020-21_11.107-5" "2020-21_12.90-53" "2020-21_12.93-4" "2020-21_14.37-103" ...
  .. .. .. ..$ : NULL
  .. ..$ d          : num [1:576] 1718 767 374 228 121 ...
  .. ..$ model      : chr "RKHS"
  .. ..$ Name       : chr "ETA_3"
  .. ..$ tolD       : num 1e-10
  .. ..$ levelsU    : int 576
  .. ..$ df0        : num 5
  .. ..$ R2         : num 0.167
  .. ..$ S0         : num 79.8
  .. ..$ u          : num [1:3646] 3.97 -5.71 -12.16 -2.35 -11.38 ...
  .. ..$ varU       : num 873
  .. ..$ uStar      : num [1:576] 5.74 143.36 95.18 238.57 -47.13 ...
  .. ..$ NamefileOut: chr "X7/ETA_3_varU.dat"
  .. ..$ SD.u       : num [1:3646] 4.55 3.42 4.48 3.9 3.95 ...
  .. ..$ SD.varU    : num 279
 - attr(*, "class")= chr "BGLR"
NULL
List of 21
 $ y            : num [1:3646] 34.557 32 37.708 62.27 0.585 ...
 $ a            : NULL
 $ b            : NULL
 $ whichNa      : int [1:1011] 2636 2637 2638 2639 2640 2641 2642 2643 2644 2645 ...
 $ saveAt       : chr "X7/"
 $ nIter        : num 12000
 $ burnIn       : num 2000
 $ thin         : num 5
 $ weights      : num [1:3646] 1 1 1 1 1 1 1 1 1 1 ...
 $ verbose      : logi FALSE
 $ response_type: chr "gaussian"
 $ df0          : num 5
 $ S0           : num 1094
 $ yHat         : num [1:3646] 34 20 21.1 26.8 11 ...
 $ SD.yHat      : num [1:3646] 6.29 6.85 6.97 7.17 7 ...
 $ mu           : num 23.6
 $ SD.mu        : num 2.18
 $ varE         : num 300
 $ SD.varE      : num 13.8
 $ fit          :List of 4
  ..$ logLikAtPostMean: num -11050
  ..$ postMeanLogLik  : num -11251
  ..$ pD              : num 401
  ..$ DIC             : num 22902
 $ ETA          :List of 3
  ..$ :List of 15
  .. ..$ V          : num [1:3646, 1:6] 0 0 0 0 0 0 0 0 0 0 ...
  .. .. ..- attr(*, "dimnames")=List of 2
  .. .. .. ..$ : chr [1:3646] "2020-21_11.107-5" "2020-21_12.90-53" "2020-21_12.93-4" "2020-21_14.37-103" ...
  .. .. .. ..$ : NULL
  .. ..$ d          : num [1:6] 1011 918 450 447 435 ...
  .. ..$ model      : chr "RKHS"
  .. ..$ Name       : chr "ETA_1"
  .. ..$ tolD       : num 1e-10
  .. ..$ levelsU    : int 6
  .. ..$ df0        : num 5
  .. ..$ R2         : num 0.167
  .. ..$ S0         : num 0.831
  .. ..$ u          : num [1:3646] 0.0229 0.0229 0.0229 0.0229 0.0229 ...
  .. ..$ varU       : num 0.287
  .. ..$ uStar      : num [1:6] 0.208 -0.297 0.0837 -1.071 -0.4776 ...
  .. ..$ NamefileOut: chr "X7/ETA_1_varU.dat"
  .. ..$ SD.u       : num [1:3646] 0.53 0.53 0.53 0.53 0.53 ...
  .. ..$ SD.varU    : num 0.353
  ..$ :List of 15
  .. ..$ V          : num [1:3646, 1:2737] 0.408 0 0 0 0 ...
  .. .. ..- attr(*, "dimnames")=List of 2
  .. .. .. ..$ : chr [1:3646] "2020-21_11.107-5" "2020-21_12.90-53" "2020-21_12.93-4" "2020-21_14.37-103" ...
  .. .. .. ..$ : chr [1:2737] "11.107-5" "12.90-53" "12.93-4" "13.27-142" ...
  .. ..$ d          : Named num [1:2737] 6 1 3 1 1 1 1 1 2 1 ...
  .. .. ..- attr(*, "names")= chr [1:2737] "11.107-5" "12.90-53" "12.93-4" "13.27-142" ...
  .. ..$ model      : chr "RKHS"
  .. ..$ Name       : chr "ETA_2"
  .. ..$ tolD       : num 1e-10
  .. ..$ levelsU    : int 2737
  .. ..$ df0        : num 5
  .. ..$ R2         : num 0.167
  .. ..$ S0         : num 379
  .. ..$ u          : num [1:3646] 6.33 2.03 9.59 5.49 -1.3 ...
  .. ..$ varU       : num 47.5
  .. ..$ uStar      : num [1:2737] 15.507 2.025 16.602 0.405 5.493 ...
  .. ..$ NamefileOut: chr "X7/ETA_2_varU.dat"
  .. ..$ SD.u       : num [1:3646] 5.07 6.49 6 6.54 6.34 ...
  .. ..$ SD.varU    : num 12
  ..$ :List of 15
  .. ..$ V          : num [1:3646, 1:576] 0.010764 0.006644 0.010142 0.00602 -0.000353 ...
  .. .. ..- attr(*, "dimnames")=List of 2
  .. .. .. ..$ : chr [1:3646] "2020-21_11.107-5" "2020-21_12.90-53" "2020-21_12.93-4" "2020-21_14.37-103" ...
  .. .. .. ..$ : NULL
  .. ..$ d          : num [1:576] 1718 767 374 228 121 ...
  .. ..$ model      : chr "RKHS"
  .. ..$ Name       : chr "ETA_3"
  .. ..$ tolD       : num 1e-10
  .. ..$ levelsU    : int 576
  .. ..$ df0        : num 5
  .. ..$ R2         : num 0.167
  .. ..$ S0         : num 79.8
  .. ..$ u          : num [1:3646] 3.97 -5.71 -12.16 -2.35 -11.38 ...
  .. ..$ varU       : num 873
  .. ..$ uStar      : num [1:576] 5.74 143.36 95.18 238.57 -47.13 ...
  .. ..$ NamefileOut: chr "X7/ETA_3_varU.dat"
  .. ..$ SD.u       : num [1:3646] 4.55 3.42 4.48 3.9 3.95 ...
  .. ..$ SD.varU    : num 279
 - attr(*, "class")= chr "BGLR"
NULL
List of 21
 $ y            : num [1:3646] 91.8 39 66.8 33 24.3 ...
 $ a            : NULL
 $ b            : NULL
 $ whichNa      : int [1:1011] 2636 2637 2638 2639 2640 2641 2642 2643 2644 2645 ...
 $ saveAt       : chr "X9/"
 $ nIter        : num 12000
 $ burnIn       : num 2000
 $ thin         : num 5
 $ weights      : num [1:3646] 1 1 1 1 1 1 1 1 1 1 ...
 $ verbose      : logi FALSE
 $ response_type: chr "gaussian"
 $ df0          : num 5
 $ S0           : num 3012
 $ yHat         : num [1:3646] 55.2 29.7 49 34.9 21.8 ...
 $ SD.yHat      : num [1:3646] 8.55 8.48 9.22 8.87 8.8 ...
 $ mu           : num 43.8
 $ SD.mu        : num 3.08
 $ varE         : num 562
 $ SD.varE      : num 21.8
 $ fit          :List of 4
  ..$ logLikAtPostMean: num -11898
  ..$ postMeanLogLik  : num -12080
  ..$ pD              : num 364
  ..$ DIC             : num 24524
 $ ETA          :List of 3
  ..$ :List of 15
  .. ..$ V          : num [1:3646, 1:6] 0 0 0 0 0 0 0 0 0 0 ...
  .. .. ..- attr(*, "dimnames")=List of 2
  .. .. .. ..$ : chr [1:3646] "2020-21_11.107-5" "2020-21_12.90-53" "2020-21_12.93-4" "2020-21_14.37-103" ...
  .. .. .. ..$ : NULL
  .. ..$ d          : num [1:6] 1011 918 450 447 435 ...
  .. ..$ model      : chr "RKHS"
  .. ..$ Name       : chr "ETA_1"
  .. ..$ tolD       : num 1e-10
  .. ..$ levelsU    : int 6
  .. ..$ df0        : num 5
  .. ..$ R2         : num 0.167
  .. ..$ S0         : num 2.29
  .. ..$ u          : num [1:3646] -0.0209 -0.0209 -0.0209 -0.0209 -0.0209 ...
  .. ..$ varU       : num 0.768
  .. ..$ uStar      : num [1:6] -0.362 -1.715 -0.2 3.206 0.435 ...
  .. ..$ NamefileOut: chr "X9/ETA_1_varU.dat"
  .. ..$ SD.u       : num [1:3646] 0.881 0.881 0.881 0.881 0.881 ...
  .. ..$ SD.varU    : num 0.921
  ..$ :List of 15
  .. ..$ V          : num [1:3646, 1:2737] 0.408 0 0 0 0 ...
  .. .. ..- attr(*, "dimnames")=List of 2
  .. .. .. ..$ : chr [1:3646] "2020-21_11.107-5" "2020-21_12.90-53" "2020-21_12.93-4" "2020-21_14.37-103" ...
  .. .. .. ..$ : chr [1:2737] "11.107-5" "12.90-53" "12.93-4" "13.27-142" ...
  .. ..$ d          : Named num [1:2737] 6 1 3 1 1 1 1 1 2 1 ...
  .. .. ..- attr(*, "names")= chr [1:2737] "11.107-5" "12.90-53" "12.93-4" "13.27-142" ...
  .. ..$ model      : chr "RKHS"
  .. ..$ Name       : chr "ETA_2"
  .. ..$ tolD       : num 1e-10
  .. ..$ levelsU    : int 2737
  .. ..$ df0        : num 5
  .. ..$ R2         : num 0.167
  .. ..$ S0         : num 1043
  .. ..$ u          : num [1:3646] 5.963 1.114 10.047 -0.22 0.358 ...
  .. ..$ varU       : num 69.6
  .. ..$ uStar      : num [1:2737] 14.61 1.11 17.4 -1.4 -0.22 ...
  .. ..$ NamefileOut: chr "X9/ETA_2_varU.dat"
  .. ..$ SD.u       : num [1:3646] 6.51 7.85 7.45 7.84 7.67 ...
  .. ..$ SD.varU    : num 14.9
  ..$ :List of 15
  .. ..$ V          : num [1:3646, 1:576] 0.010764 0.006644 0.010142 0.00602 -0.000353 ...
  .. .. ..- attr(*, "dimnames")=List of 2
  .. .. .. ..$ : chr [1:3646] "2020-21_11.107-5" "2020-21_12.90-53" "2020-21_12.93-4" "2020-21_14.37-103" ...
  .. .. .. ..$ : NULL
  .. ..$ d          : num [1:576] 1718 767 374 228 121 ...
  .. ..$ model      : chr "RKHS"
  .. ..$ Name       : chr "ETA_3"
  .. ..$ tolD       : num 1e-10
  .. ..$ levelsU    : int 576
  .. ..$ df0        : num 5
  .. ..$ R2         : num 0.167
  .. ..$ S0         : num 220
  .. ..$ u          : num [1:3646] 5.48 -15.17 -4.83 -8.63 -22.38 ...
  .. ..$ varU       : num 3224
  .. ..$ uStar      : num [1:576] 222.5 100.4 479.6 923.9 21.8 ...
  .. ..$ NamefileOut: chr "X9/ETA_3_varU.dat"
  .. ..$ SD.u       : num [1:3646] 6.59 5.27 6.73 5.47 5.8 ...
  .. ..$ SD.varU    : num 791
 - attr(*, "class")= chr "BGLR"
NULL
List of 21
 $ y            : num [1:3646] -0.16528 5.64926 0.00647 4.7282 3.29357 ...
 $ a            : NULL
 $ b            : NULL
 $ whichNa      : int [1:1011] 2636 2637 2638 2639 2640 2641 2642 2643 2644 2645 ...
 $ saveAt       : chr "X2/"
 $ nIter        : num 12000
 $ burnIn       : num 2000
 $ thin         : num 5
 $ weights      : num [1:3646] 1 1 1 1 1 1 1 1 1 1 ...
 $ verbose      : logi FALSE
 $ response_type: chr "gaussian"
 $ df0          : num 5
 $ S0           : num 499
 $ yHat         : num [1:3646] 9.93 4.71 6.96 4.5 3.48 ...
 $ SD.yHat      : num [1:3646] 3.35 5.18 3.78 5.4 5.3 ...
 $ mu           : num 14.5
 $ SD.mu        : num 1.44
 $ varE         : num 37.4
 $ SD.varE      : num 2.81
 $ fit          :List of 4
  ..$ logLikAtPostMean: num -7727
  ..$ postMeanLogLik  : num -8500
  ..$ pD              : num 1546
  ..$ DIC             : num 18547
 $ ETA          :List of 3
  ..$ :List of 15
  .. ..$ V          : num [1:3646, 1:6] 0 0 0 0 0 0 0 0 0 0 ...
  .. .. ..- attr(*, "dimnames")=List of 2
  .. .. .. ..$ : chr [1:3646] "2020-21_11.107-5" "2020-21_12.90-53" "2020-21_12.93-4" "2020-21_14.37-103" ...
  .. .. .. ..$ : NULL
  .. ..$ d          : num [1:6] 1011 918 450 447 435 ...
  .. ..$ model      : chr "RKHS"
  .. ..$ Name       : chr "ETA_1"
  .. ..$ tolD       : num 1e-10
  .. ..$ levelsU    : int 6
  .. ..$ df0        : num 5
  .. ..$ R2         : num 0.167
  .. ..$ S0         : num 0.379
  .. ..$ u          : num [1:3646] -0.0139 -0.0139 -0.0139 -0.0139 -0.0139 ...
  .. ..$ varU       : num 0.137
  .. ..$ uStar      : num [1:6] -0.564 0.336 0.678 -0.273 0.29 ...
  .. ..$ NamefileOut: chr "X2/ETA_1_varU.dat"
  .. ..$ SD.u       : num [1:3646] 0.357 0.357 0.357 0.357 0.357 ...
  .. ..$ SD.varU    : num 0.165
  ..$ :List of 15
  .. ..$ V          : num [1:3646, 1:2737] 0.408 0 0 0 0 ...
  .. .. ..- attr(*, "dimnames")=List of 2
  .. .. .. ..$ : chr [1:3646] "2020-21_11.107-5" "2020-21_12.90-53" "2020-21_12.93-4" "2020-21_14.37-103" ...
  .. .. .. ..$ : chr [1:2737] "11.107-5" "12.90-53" "12.93-4" "13.27-142" ...
  .. ..$ d          : Named num [1:2737] 6 1 3 1 1 1 1 1 2 1 ...
  .. .. ..- attr(*, "names")= chr [1:2737] "11.107-5" "12.90-53" "12.93-4" "13.27-142" ...
  .. ..$ model      : chr "RKHS"
  .. ..$ Name       : chr "ETA_2"
  .. ..$ tolD       : num 1e-10
  .. ..$ levelsU    : int 2737
  .. ..$ df0        : num 5
  .. ..$ R2         : num 0.167
  .. ..$ S0         : num 173
  .. ..$ u          : num [1:3646] 2.897 0.819 1.66 0.864 0.171 ...
  .. ..$ varU       : num 95.7
  .. ..$ uStar      : num [1:2737] 7.096 0.819 2.875 12.571 0.864 ...
  .. ..$ NamefileOut: chr "X2/ETA_2_varU.dat"
  .. ..$ SD.u       : num [1:3646] 2.75 5.3 3.57 5.5 5.45 ...
  .. ..$ SD.varU    : num 5.48
  ..$ :List of 15
  .. ..$ V          : num [1:3646, 1:576] 0.010764 0.006644 0.010142 0.00602 -0.000353 ...
  .. .. ..- attr(*, "dimnames")=List of 2
  .. .. .. ..$ : chr [1:3646] "2020-21_11.107-5" "2020-21_12.90-53" "2020-21_12.93-4" "2020-21_14.37-103" ...
  .. .. .. ..$ : NULL
  .. ..$ d          : num [1:576] 1718 767 374 228 121 ...
  .. ..$ model      : chr "RKHS"
  .. ..$ Name       : chr "ETA_3"
  .. ..$ tolD       : num 1e-10
  .. ..$ levelsU    : int 576
  .. ..$ df0        : num 5
  .. ..$ R2         : num 0.167
  .. ..$ S0         : num 36.4
  .. ..$ u          : num [1:3646] -7.45 -10.6 -9.18 -10.85 -11.18 ...
  .. ..$ varU       : num 513
  .. ..$ uStar      : num [1:576] -436.9 211.3 173.9 -117.9 -76.4 ...
  .. ..$ NamefileOut: chr "X2/ETA_3_varU.dat"
  .. ..$ SD.u       : num [1:3646] 2.65 2.2 2.75 2.31 2.53 ...
  .. ..$ SD.varU    : num 126
 - attr(*, "class")= chr "BGLR"
NULL
List of 21
 $ y            : num [1:3646] 37 54.4 79 41.2 22.2 ...
 $ a            : NULL
 $ b            : NULL
 $ whichNa      : int [1:1011] 2636 2637 2638 2639 2640 2641 2642 2643 2644 2645 ...
 $ saveAt       : chr "X8/"
 $ nIter        : num 12000
 $ burnIn       : num 2000
 $ thin         : num 5
 $ weights      : num [1:3646] 1 1 1 1 1 1 1 1 1 1 ...
 $ verbose      : logi FALSE
 $ response_type: chr "gaussian"
 $ df0          : num 5
 $ S0           : num 2022
 $ yHat         : num [1:3646] 51.1 35.2 53.6 38.6 22.6 ...
 $ SD.yHat      : num [1:3646] 7.79 8.27 9.38 8.52 8.43 ...
 $ mu           : num 36.5
 $ SD.mu        : num 3.01
 $ varE         : num 474
 $ SD.varE      : num 21.1
 $ fit          :List of 4
  ..$ logLikAtPostMean: num -11661
  ..$ postMeanLogLik  : num -11856
  ..$ pD              : num 389
  ..$ DIC             : num 24100
 $ ETA          :List of 3
  ..$ :List of 15
  .. ..$ V          : num [1:3646, 1:6] 0 0 0 0 0 0 0 0 0 0 ...
  .. .. ..- attr(*, "dimnames")=List of 2
  .. .. .. ..$ : chr [1:3646] "2020-21_11.107-5" "2020-21_12.90-53" "2020-21_12.93-4" "2020-21_14.37-103" ...
  .. .. .. ..$ : NULL
  .. ..$ d          : num [1:6] 1011 918 450 447 435 ...
  .. ..$ model      : chr "RKHS"
  .. ..$ Name       : chr "ETA_1"
  .. ..$ tolD       : num 1e-10
  .. ..$ levelsU    : int 6
  .. ..$ df0        : num 5
  .. ..$ R2         : num 0.167
  .. ..$ S0         : num 1.53
  .. ..$ u          : num [1:3646] 0.0352 0.0352 0.0352 0.0352 0.0352 ...
  .. ..$ varU       : num 0.473
  .. ..$ uStar      : num [1:6] -0.056 0.1149 -0.3108 -0.0249 -0.7338 ...
  .. ..$ NamefileOut: chr "X8/ETA_1_varU.dat"
  .. ..$ SD.u       : num [1:3646] 0.707 0.707 0.707 0.707 0.707 ...
  .. ..$ SD.varU    : num 0.443
  ..$ :List of 15
  .. ..$ V          : num [1:3646, 1:2737] 0.408 0 0 0 0 ...
  .. .. ..- attr(*, "dimnames")=List of 2
  .. .. .. ..$ : chr [1:3646] "2020-21_11.107-5" "2020-21_12.90-53" "2020-21_12.93-4" "2020-21_14.37-103" ...
  .. .. .. ..$ : chr [1:2737] "11.107-5" "12.90-53" "12.93-4" "13.27-142" ...
  .. ..$ d          : Named num [1:2737] 6 1 3 1 1 1 1 1 2 1 ...
  .. .. ..- attr(*, "names")= chr [1:2737] "11.107-5" "12.90-53" "12.93-4" "13.27-142" ...
  .. ..$ model      : chr "RKHS"
  .. ..$ Name       : chr "ETA_2"
  .. ..$ tolD       : num 1e-10
  .. ..$ levelsU    : int 2737
  .. ..$ df0        : num 5
  .. ..$ R2         : num 0.167
  .. ..$ S0         : num 700
  .. ..$ u          : num [1:3646] 1.538 2.489 20.909 0.512 0.393 ...
  .. ..$ varU       : num 66.5
  .. ..$ uStar      : num [1:2737] 3.767 2.489 36.216 0.358 0.512 ...
  .. ..$ NamefileOut: chr "X8/ETA_2_varU.dat"
  .. ..$ SD.u       : num [1:3646] 6.09 7.64 7.92 7.66 7.41 ...
  .. ..$ SD.varU    : num 16.3
  ..$ :List of 15
  .. ..$ V          : num [1:3646, 1:576] 0.010764 0.006644 0.010142 0.00602 -0.000353 ...
  .. .. ..- attr(*, "dimnames")=List of 2
  .. .. .. ..$ : chr [1:3646] "2020-21_11.107-5" "2020-21_12.90-53" "2020-21_12.93-4" "2020-21_14.37-103" ...
  .. .. .. ..$ : NULL
  .. ..$ d          : num [1:576] 1718 767 374 228 121 ...
  .. ..$ model      : chr "RKHS"
  .. ..$ Name       : chr "ETA_3"
  .. ..$ tolD       : num 1e-10
  .. ..$ levelsU    : int 576
  .. ..$ df0        : num 5
  .. ..$ R2         : num 0.167
  .. ..$ S0         : num 147
  .. ..$ u          : num [1:3646] 13.03 -3.88 -3.9 1.5 -14.4 ...
  .. ..$ varU       : num 2447
  .. ..$ uStar      : num [1:576] -195.2 -10.3 216.9 560.9 -106.9 ...
  .. ..$ NamefileOut: chr "X8/ETA_3_varU.dat"
  .. ..$ SD.u       : num [1:3646] 5.9 4.81 6.01 5.24 5.35 ...
  .. ..$ SD.varU    : num 637
 - attr(*, "class")= chr "BGLR"
NULL
List of 21
 $ y            : num [1:3646] 34.557 32 37.708 62.27 0.585 ...
 $ a            : NULL
 $ b            : NULL
 $ whichNa      : int [1:1011] 2636 2637 2638 2639 2640 2641 2642 2643 2644 2645 ...
 $ saveAt       : chr "X7/"
 $ nIter        : num 12000
 $ burnIn       : num 2000
 $ thin         : num 5
 $ weights      : num [1:3646] 1 1 1 1 1 1 1 1 1 1 ...
 $ verbose      : logi FALSE
 $ response_type: chr "gaussian"
 $ df0          : num 5
 $ S0           : num 1094
 $ yHat         : num [1:3646] 34 20 21.1 26.8 11 ...
 $ SD.yHat      : num [1:3646] 6.29 6.85 6.97 7.17 7 ...
 $ mu           : num 23.6
 $ SD.mu        : num 2.18
 $ varE         : num 300
 $ SD.varE      : num 13.8
 $ fit          :List of 4
  ..$ logLikAtPostMean: num -11050
  ..$ postMeanLogLik  : num -11251
  ..$ pD              : num 401
  ..$ DIC             : num 22902
 $ ETA          :List of 3
  ..$ :List of 15
  .. ..$ V          : num [1:3646, 1:6] 0 0 0 0 0 0 0 0 0 0 ...
  .. .. ..- attr(*, "dimnames")=List of 2
  .. .. .. ..$ : chr [1:3646] "2020-21_11.107-5" "2020-21_12.90-53" "2020-21_12.93-4" "2020-21_14.37-103" ...
  .. .. .. ..$ : NULL
  .. ..$ d          : num [1:6] 1011 918 450 447 435 ...
  .. ..$ model      : chr "RKHS"
  .. ..$ Name       : chr "ETA_1"
  .. ..$ tolD       : num 1e-10
  .. ..$ levelsU    : int 6
  .. ..$ df0        : num 5
  .. ..$ R2         : num 0.167
  .. ..$ S0         : num 0.831
  .. ..$ u          : num [1:3646] 0.0229 0.0229 0.0229 0.0229 0.0229 ...
  .. ..$ varU       : num 0.287
  .. ..$ uStar      : num [1:6] 0.208 -0.297 0.0837 -1.071 -0.4776 ...
  .. ..$ NamefileOut: chr "X7/ETA_1_varU.dat"
  .. ..$ SD.u       : num [1:3646] 0.53 0.53 0.53 0.53 0.53 ...
  .. ..$ SD.varU    : num 0.353
  ..$ :List of 15
  .. ..$ V          : num [1:3646, 1:2737] 0.408 0 0 0 0 ...
  .. .. ..- attr(*, "dimnames")=List of 2
  .. .. .. ..$ : chr [1:3646] "2020-21_11.107-5" "2020-21_12.90-53" "2020-21_12.93-4" "2020-21_14.37-103" ...
  .. .. .. ..$ : chr [1:2737] "11.107-5" "12.90-53" "12.93-4" "13.27-142" ...
  .. ..$ d          : Named num [1:2737] 6 1 3 1 1 1 1 1 2 1 ...
  .. .. ..- attr(*, "names")= chr [1:2737] "11.107-5" "12.90-53" "12.93-4" "13.27-142" ...
  .. ..$ model      : chr "RKHS"
  .. ..$ Name       : chr "ETA_2"
  .. ..$ tolD       : num 1e-10
  .. ..$ levelsU    : int 2737
  .. ..$ df0        : num 5
  .. ..$ R2         : num 0.167
  .. ..$ S0         : num 379
  .. ..$ u          : num [1:3646] 6.33 2.03 9.59 5.49 -1.3 ...
  .. ..$ varU       : num 47.5
  .. ..$ uStar      : num [1:2737] 15.507 2.025 16.602 0.405 5.493 ...
  .. ..$ NamefileOut: chr "X7/ETA_2_varU.dat"
  .. ..$ SD.u       : num [1:3646] 5.07 6.49 6 6.54 6.34 ...
  .. ..$ SD.varU    : num 12
  ..$ :List of 15
  .. ..$ V          : num [1:3646, 1:576] 0.010764 0.006644 0.010142 0.00602 -0.000353 ...
  .. .. ..- attr(*, "dimnames")=List of 2
  .. .. .. ..$ : chr [1:3646] "2020-21_11.107-5" "2020-21_12.90-53" "2020-21_12.93-4" "2020-21_14.37-103" ...
  .. .. .. ..$ : NULL
  .. ..$ d          : num [1:576] 1718 767 374 228 121 ...
  .. ..$ model      : chr "RKHS"
  .. ..$ Name       : chr "ETA_3"
  .. ..$ tolD       : num 1e-10
  .. ..$ levelsU    : int 576
  .. ..$ df0        : num 5
  .. ..$ R2         : num 0.167
  .. ..$ S0         : num 79.8
  .. ..$ u          : num [1:3646] 3.97 -5.71 -12.16 -2.35 -11.38 ...
  .. ..$ varU       : num 873
  .. ..$ uStar      : num [1:576] 5.74 143.36 95.18 238.57 -47.13 ...
  .. ..$ NamefileOut: chr "X7/ETA_3_varU.dat"
  .. ..$ SD.u       : num [1:3646] 4.55 3.42 4.48 3.9 3.95 ...
  .. ..$ SD.varU    : num 279
 - attr(*, "class")= chr "BGLR"
NULL
List of 21
 $ y            : num [1:3646] 37 54.4 79 41.2 22.2 ...
 $ a            : NULL
 $ b            : NULL
 $ whichNa      : int [1:1011] 2636 2637 2638 2639 2640 2641 2642 2643 2644 2645 ...
 $ saveAt       : chr "X8/"
 $ nIter        : num 12000
 $ burnIn       : num 2000
 $ thin         : num 5
 $ weights      : num [1:3646] 1 1 1 1 1 1 1 1 1 1 ...
 $ verbose      : logi FALSE
 $ response_type: chr "gaussian"
 $ df0          : num 5
 $ S0           : num 2022
 $ yHat         : num [1:3646] 51.1 35.2 53.6 38.6 22.6 ...
 $ SD.yHat      : num [1:3646] 7.79 8.27 9.38 8.52 8.43 ...
 $ mu           : num 36.5
 $ SD.mu        : num 3.01
 $ varE         : num 474
 $ SD.varE      : num 21.1
 $ fit          :List of 4
  ..$ logLikAtPostMean: num -11661
  ..$ postMeanLogLik  : num -11856
  ..$ pD              : num 389
  ..$ DIC             : num 24100
 $ ETA          :List of 3
  ..$ :List of 15
  .. ..$ V          : num [1:3646, 1:6] 0 0 0 0 0 0 0 0 0 0 ...
  .. .. ..- attr(*, "dimnames")=List of 2
  .. .. .. ..$ : chr [1:3646] "2020-21_11.107-5" "2020-21_12.90-53" "2020-21_12.93-4" "2020-21_14.37-103" ...
  .. .. .. ..$ : NULL
  .. ..$ d          : num [1:6] 1011 918 450 447 435 ...
  .. ..$ model      : chr "RKHS"
  .. ..$ Name       : chr "ETA_1"
  .. ..$ tolD       : num 1e-10
  .. ..$ levelsU    : int 6
  .. ..$ df0        : num 5
  .. ..$ R2         : num 0.167
  .. ..$ S0         : num 1.53
  .. ..$ u          : num [1:3646] 0.0352 0.0352 0.0352 0.0352 0.0352 ...
  .. ..$ varU       : num 0.473
  .. ..$ uStar      : num [1:6] -0.056 0.1149 -0.3108 -0.0249 -0.7338 ...
  .. ..$ NamefileOut: chr "X8/ETA_1_varU.dat"
  .. ..$ SD.u       : num [1:3646] 0.707 0.707 0.707 0.707 0.707 ...
  .. ..$ SD.varU    : num 0.443
  ..$ :List of 15
  .. ..$ V          : num [1:3646, 1:2737] 0.408 0 0 0 0 ...
  .. .. ..- attr(*, "dimnames")=List of 2
  .. .. .. ..$ : chr [1:3646] "2020-21_11.107-5" "2020-21_12.90-53" "2020-21_12.93-4" "2020-21_14.37-103" ...
  .. .. .. ..$ : chr [1:2737] "11.107-5" "12.90-53" "12.93-4" "13.27-142" ...
  .. ..$ d          : Named num [1:2737] 6 1 3 1 1 1 1 1 2 1 ...
  .. .. ..- attr(*, "names")= chr [1:2737] "11.107-5" "12.90-53" "12.93-4" "13.27-142" ...
  .. ..$ model      : chr "RKHS"
  .. ..$ Name       : chr "ETA_2"
  .. ..$ tolD       : num 1e-10
  .. ..$ levelsU    : int 2737
  .. ..$ df0        : num 5
  .. ..$ R2         : num 0.167
  .. ..$ S0         : num 700
  .. ..$ u          : num [1:3646] 1.538 2.489 20.909 0.512 0.393 ...
  .. ..$ varU       : num 66.5
  .. ..$ uStar      : num [1:2737] 3.767 2.489 36.216 0.358 0.512 ...
  .. ..$ NamefileOut: chr "X8/ETA_2_varU.dat"
  .. ..$ SD.u       : num [1:3646] 6.09 7.64 7.92 7.66 7.41 ...
  .. ..$ SD.varU    : num 16.3
  ..$ :List of 15
  .. ..$ V          : num [1:3646, 1:576] 0.010764 0.006644 0.010142 0.00602 -0.000353 ...
  .. .. ..- attr(*, "dimnames")=List of 2
  .. .. .. ..$ : chr [1:3646] "2020-21_11.107-5" "2020-21_12.90-53" "2020-21_12.93-4" "2020-21_14.37-103" ...
  .. .. .. ..$ : NULL
  .. ..$ d          : num [1:576] 1718 767 374 228 121 ...
  .. ..$ model      : chr "RKHS"
  .. ..$ Name       : chr "ETA_3"
  .. ..$ tolD       : num 1e-10
  .. ..$ levelsU    : int 576
  .. ..$ df0        : num 5
  .. ..$ R2         : num 0.167
  .. ..$ S0         : num 147
  .. ..$ u          : num [1:3646] 13.03 -3.88 -3.9 1.5 -14.4 ...
  .. ..$ varU       : num 2447
  .. ..$ uStar      : num [1:576] -195.2 -10.3 216.9 560.9 -106.9 ...
  .. ..$ NamefileOut: chr "X8/ETA_3_varU.dat"
  .. ..$ SD.u       : num [1:3646] 5.9 4.81 6.01 5.24 5.35 ...
  .. ..$ SD.varU    : num 637
 - attr(*, "class")= chr "BGLR"
NULL
List of 21
 $ y            : num [1:3646] -0.16528 5.64926 0.00647 4.7282 3.29357 ...
 $ a            : NULL
 $ b            : NULL
 $ whichNa      : int [1:1011] 2636 2637 2638 2639 2640 2641 2642 2643 2644 2645 ...
 $ saveAt       : chr "X2/"
 $ nIter        : num 12000
 $ burnIn       : num 2000
 $ thin         : num 5
 $ weights      : num [1:3646] 1 1 1 1 1 1 1 1 1 1 ...
 $ verbose      : logi FALSE
 $ response_type: chr "gaussian"
 $ df0          : num 5
 $ S0           : num 499
 $ yHat         : num [1:3646] 9.93 4.71 6.96 4.5 3.48 ...
 $ SD.yHat      : num [1:3646] 3.35 5.18 3.78 5.4 5.3 ...
 $ mu           : num 14.5
 $ SD.mu        : num 1.44
 $ varE         : num 37.4
 $ SD.varE      : num 2.81
 $ fit          :List of 4
  ..$ logLikAtPostMean: num -7727
  ..$ postMeanLogLik  : num -8500
  ..$ pD              : num 1546
  ..$ DIC             : num 18547
 $ ETA          :List of 3
  ..$ :List of 15
  .. ..$ V          : num [1:3646, 1:6] 0 0 0 0 0 0 0 0 0 0 ...
  .. .. ..- attr(*, "dimnames")=List of 2
  .. .. .. ..$ : chr [1:3646] "2020-21_11.107-5" "2020-21_12.90-53" "2020-21_12.93-4" "2020-21_14.37-103" ...
  .. .. .. ..$ : NULL
  .. ..$ d          : num [1:6] 1011 918 450 447 435 ...
  .. ..$ model      : chr "RKHS"
  .. ..$ Name       : chr "ETA_1"
  .. ..$ tolD       : num 1e-10
  .. ..$ levelsU    : int 6
  .. ..$ df0        : num 5
  .. ..$ R2         : num 0.167
  .. ..$ S0         : num 0.379
  .. ..$ u          : num [1:3646] -0.0139 -0.0139 -0.0139 -0.0139 -0.0139 ...
  .. ..$ varU       : num 0.137
  .. ..$ uStar      : num [1:6] -0.564 0.336 0.678 -0.273 0.29 ...
  .. ..$ NamefileOut: chr "X2/ETA_1_varU.dat"
  .. ..$ SD.u       : num [1:3646] 0.357 0.357 0.357 0.357 0.357 ...
  .. ..$ SD.varU    : num 0.165
  ..$ :List of 15
  .. ..$ V          : num [1:3646, 1:2737] 0.408 0 0 0 0 ...
  .. .. ..- attr(*, "dimnames")=List of 2
  .. .. .. ..$ : chr [1:3646] "2020-21_11.107-5" "2020-21_12.90-53" "2020-21_12.93-4" "2020-21_14.37-103" ...
  .. .. .. ..$ : chr [1:2737] "11.107-5" "12.90-53" "12.93-4" "13.27-142" ...
  .. ..$ d          : Named num [1:2737] 6 1 3 1 1 1 1 1 2 1 ...
  .. .. ..- attr(*, "names")= chr [1:2737] "11.107-5" "12.90-53" "12.93-4" "13.27-142" ...
  .. ..$ model      : chr "RKHS"
  .. ..$ Name       : chr "ETA_2"
  .. ..$ tolD       : num 1e-10
  .. ..$ levelsU    : int 2737
  .. ..$ df0        : num 5
  .. ..$ R2         : num 0.167
  .. ..$ S0         : num 173
  .. ..$ u          : num [1:3646] 2.897 0.819 1.66 0.864 0.171 ...
  .. ..$ varU       : num 95.7
  .. ..$ uStar      : num [1:2737] 7.096 0.819 2.875 12.571 0.864 ...
  .. ..$ NamefileOut: chr "X2/ETA_2_varU.dat"
  .. ..$ SD.u       : num [1:3646] 2.75 5.3 3.57 5.5 5.45 ...
  .. ..$ SD.varU    : num 5.48
  ..$ :List of 15
  .. ..$ V          : num [1:3646, 1:576] 0.010764 0.006644 0.010142 0.00602 -0.000353 ...
  .. .. ..- attr(*, "dimnames")=List of 2
  .. .. .. ..$ : chr [1:3646] "2020-21_11.107-5" "2020-21_12.90-53" "2020-21_12.93-4" "2020-21_14.37-103" ...
  .. .. .. ..$ : NULL
  .. ..$ d          : num [1:576] 1718 767 374 228 121 ...
  .. ..$ model      : chr "RKHS"
  .. ..$ Name       : chr "ETA_3"
  .. ..$ tolD       : num 1e-10
  .. ..$ levelsU    : int 576
  .. ..$ df0        : num 5
  .. ..$ R2         : num 0.167
  .. ..$ S0         : num 36.4
  .. ..$ u          : num [1:3646] -7.45 -10.6 -9.18 -10.85 -11.18 ...
  .. ..$ varU       : num 513
  .. ..$ uStar      : num [1:576] -436.9 211.3 173.9 -117.9 -76.4 ...
  .. ..$ NamefileOut: chr "X2/ETA_3_varU.dat"
  .. ..$ SD.u       : num [1:3646] 2.65 2.2 2.75 2.31 2.53 ...
  .. ..$ SD.varU    : num 126
 - attr(*, "class")= chr "BGLR"
NULL
List of 21
 $ y            : num [1:3646] 37 54.4 79 41.2 22.2 ...
 $ a            : NULL
 $ b            : NULL
 $ whichNa      : int [1:1011] 2636 2637 2638 2639 2640 2641 2642 2643 2644 2645 ...
 $ saveAt       : chr "X8/"
 $ nIter        : num 12000
 $ burnIn       : num 2000
 $ thin         : num 5
 $ weights      : num [1:3646] 1 1 1 1 1 1 1 1 1 1 ...
 $ verbose      : logi FALSE
 $ response_type: chr "gaussian"
 $ df0          : num 5
 $ S0           : num 2022
 $ yHat         : num [1:3646] 51.1 35.2 53.6 38.6 22.6 ...
 $ SD.yHat      : num [1:3646] 7.79 8.27 9.38 8.52 8.43 ...
 $ mu           : num 36.5
 $ SD.mu        : num 3.01
 $ varE         : num 474
 $ SD.varE      : num 21.1
 $ fit          :List of 4
  ..$ logLikAtPostMean: num -11661
  ..$ postMeanLogLik  : num -11856
  ..$ pD              : num 389
  ..$ DIC             : num 24100
 $ ETA          :List of 3
  ..$ :List of 15
  .. ..$ V          : num [1:3646, 1:6] 0 0 0 0 0 0 0 0 0 0 ...
  .. .. ..- attr(*, "dimnames")=List of 2
  .. .. .. ..$ : chr [1:3646] "2020-21_11.107-5" "2020-21_12.90-53" "2020-21_12.93-4" "2020-21_14.37-103" ...
  .. .. .. ..$ : NULL
  .. ..$ d          : num [1:6] 1011 918 450 447 435 ...
  .. ..$ model      : chr "RKHS"
  .. ..$ Name       : chr "ETA_1"
  .. ..$ tolD       : num 1e-10
  .. ..$ levelsU    : int 6
  .. ..$ df0        : num 5
  .. ..$ R2         : num 0.167
  .. ..$ S0         : num 1.53
  .. ..$ u          : num [1:3646] 0.0352 0.0352 0.0352 0.0352 0.0352 ...
  .. ..$ varU       : num 0.473
  .. ..$ uStar      : num [1:6] -0.056 0.1149 -0.3108 -0.0249 -0.7338 ...
  .. ..$ NamefileOut: chr "X8/ETA_1_varU.dat"
  .. ..$ SD.u       : num [1:3646] 0.707 0.707 0.707 0.707 0.707 ...
  .. ..$ SD.varU    : num 0.443
  ..$ :List of 15
  .. ..$ V          : num [1:3646, 1:2737] 0.408 0 0 0 0 ...
  .. .. ..- attr(*, "dimnames")=List of 2
  .. .. .. ..$ : chr [1:3646] "2020-21_11.107-5" "2020-21_12.90-53" "2020-21_12.93-4" "2020-21_14.37-103" ...
  .. .. .. ..$ : chr [1:2737] "11.107-5" "12.90-53" "12.93-4" "13.27-142" ...
  .. ..$ d          : Named num [1:2737] 6 1 3 1 1 1 1 1 2 1 ...
  .. .. ..- attr(*, "names")= chr [1:2737] "11.107-5" "12.90-53" "12.93-4" "13.27-142" ...
  .. ..$ model      : chr "RKHS"
  .. ..$ Name       : chr "ETA_2"
  .. ..$ tolD       : num 1e-10
  .. ..$ levelsU    : int 2737
  .. ..$ df0        : num 5
  .. ..$ R2         : num 0.167
  .. ..$ S0         : num 700
  .. ..$ u          : num [1:3646] 1.538 2.489 20.909 0.512 0.393 ...
  .. ..$ varU       : num 66.5
  .. ..$ uStar      : num [1:2737] 3.767 2.489 36.216 0.358 0.512 ...
  .. ..$ NamefileOut: chr "X8/ETA_2_varU.dat"
  .. ..$ SD.u       : num [1:3646] 6.09 7.64 7.92 7.66 7.41 ...
  .. ..$ SD.varU    : num 16.3
  ..$ :List of 15
  .. ..$ V          : num [1:3646, 1:576] 0.010764 0.006644 0.010142 0.00602 -0.000353 ...
  .. .. ..- attr(*, "dimnames")=List of 2
  .. .. .. ..$ : chr [1:3646] "2020-21_11.107-5" "2020-21_12.90-53" "2020-21_12.93-4" "2020-21_14.37-103" ...
  .. .. .. ..$ : NULL
  .. ..$ d          : num [1:576] 1718 767 374 228 121 ...
  .. ..$ model      : chr "RKHS"
  .. ..$ Name       : chr "ETA_3"
  .. ..$ tolD       : num 1e-10
  .. ..$ levelsU    : int 576
  .. ..$ df0        : num 5
  .. ..$ R2         : num 0.167
  .. ..$ S0         : num 147
  .. ..$ u          : num [1:3646] 13.03 -3.88 -3.9 1.5 -14.4 ...
  .. ..$ varU       : num 2447
  .. ..$ uStar      : num [1:576] -195.2 -10.3 216.9 560.9 -106.9 ...
  .. ..$ NamefileOut: chr "X8/ETA_3_varU.dat"
  .. ..$ SD.u       : num [1:3646] 5.9 4.81 6.01 5.24 5.35 ...
  .. ..$ SD.varU    : num 637
 - attr(*, "class")= chr "BGLR"
NULL
List of 21
 $ y            : num [1:3646] -0.16528 5.64926 0.00647 4.7282 3.29357 ...
 $ a            : NULL
 $ b            : NULL
 $ whichNa      : int [1:1011] 2636 2637 2638 2639 2640 2641 2642 2643 2644 2645 ...
 $ saveAt       : chr "X2/"
 $ nIter        : num 12000
 $ burnIn       : num 2000
 $ thin         : num 5
 $ weights      : num [1:3646] 1 1 1 1 1 1 1 1 1 1 ...
 $ verbose      : logi FALSE
 $ response_type: chr "gaussian"
 $ df0          : num 5
 $ S0           : num 499
 $ yHat         : num [1:3646] 9.93 4.71 6.96 4.5 3.48 ...
 $ SD.yHat      : num [1:3646] 3.35 5.18 3.78 5.4 5.3 ...
 $ mu           : num 14.5
 $ SD.mu        : num 1.44
 $ varE         : num 37.4
 $ SD.varE      : num 2.81
 $ fit          :List of 4
  ..$ logLikAtPostMean: num -7727
  ..$ postMeanLogLik  : num -8500
  ..$ pD              : num 1546
  ..$ DIC             : num 18547
 $ ETA          :List of 3
  ..$ :List of 15
  .. ..$ V          : num [1:3646, 1:6] 0 0 0 0 0 0 0 0 0 0 ...
  .. .. ..- attr(*, "dimnames")=List of 2
  .. .. .. ..$ : chr [1:3646] "2020-21_11.107-5" "2020-21_12.90-53" "2020-21_12.93-4" "2020-21_14.37-103" ...
  .. .. .. ..$ : NULL
  .. ..$ d          : num [1:6] 1011 918 450 447 435 ...
  .. ..$ model      : chr "RKHS"
  .. ..$ Name       : chr "ETA_1"
  .. ..$ tolD       : num 1e-10
  .. ..$ levelsU    : int 6
  .. ..$ df0        : num 5
  .. ..$ R2         : num 0.167
  .. ..$ S0         : num 0.379
  .. ..$ u          : num [1:3646] -0.0139 -0.0139 -0.0139 -0.0139 -0.0139 ...
  .. ..$ varU       : num 0.137
  .. ..$ uStar      : num [1:6] -0.564 0.336 0.678 -0.273 0.29 ...
  .. ..$ NamefileOut: chr "X2/ETA_1_varU.dat"
  .. ..$ SD.u       : num [1:3646] 0.357 0.357 0.357 0.357 0.357 ...
  .. ..$ SD.varU    : num 0.165
  ..$ :List of 15
  .. ..$ V          : num [1:3646, 1:2737] 0.408 0 0 0 0 ...
  .. .. ..- attr(*, "dimnames")=List of 2
  .. .. .. ..$ : chr [1:3646] "2020-21_11.107-5" "2020-21_12.90-53" "2020-21_12.93-4" "2020-21_14.37-103" ...
  .. .. .. ..$ : chr [1:2737] "11.107-5" "12.90-53" "12.93-4" "13.27-142" ...
  .. ..$ d          : Named num [1:2737] 6 1 3 1 1 1 1 1 2 1 ...
  .. .. ..- attr(*, "names")= chr [1:2737] "11.107-5" "12.90-53" "12.93-4" "13.27-142" ...
  .. ..$ model      : chr "RKHS"
  .. ..$ Name       : chr "ETA_2"
  .. ..$ tolD       : num 1e-10
  .. ..$ levelsU    : int 2737
  .. ..$ df0        : num 5
  .. ..$ R2         : num 0.167
  .. ..$ S0         : num 173
  .. ..$ u          : num [1:3646] 2.897 0.819 1.66 0.864 0.171 ...
  .. ..$ varU       : num 95.7
  .. ..$ uStar      : num [1:2737] 7.096 0.819 2.875 12.571 0.864 ...
  .. ..$ NamefileOut: chr "X2/ETA_2_varU.dat"
  .. ..$ SD.u       : num [1:3646] 2.75 5.3 3.57 5.5 5.45 ...
  .. ..$ SD.varU    : num 5.48
  ..$ :List of 15
  .. ..$ V          : num [1:3646, 1:576] 0.010764 0.006644 0.010142 0.00602 -0.000353 ...
  .. .. ..- attr(*, "dimnames")=List of 2
  .. .. .. ..$ : chr [1:3646] "2020-21_11.107-5" "2020-21_12.90-53" "2020-21_12.93-4" "2020-21_14.37-103" ...
  .. .. .. ..$ : NULL
  .. ..$ d          : num [1:576] 1718 767 374 228 121 ...
  .. ..$ model      : chr "RKHS"
  .. ..$ Name       : chr "ETA_3"
  .. ..$ tolD       : num 1e-10
  .. ..$ levelsU    : int 576
  .. ..$ df0        : num 5
  .. ..$ R2         : num 0.167
  .. ..$ S0         : num 36.4
  .. ..$ u          : num [1:3646] -7.45 -10.6 -9.18 -10.85 -11.18 ...
  .. ..$ varU       : num 513
  .. ..$ uStar      : num [1:576] -436.9 211.3 173.9 -117.9 -76.4 ...
  .. ..$ NamefileOut: chr "X2/ETA_3_varU.dat"
  .. ..$ SD.u       : num [1:3646] 2.65 2.2 2.75 2.31 2.53 ...
  .. ..$ SD.varU    : num 126
 - attr(*, "class")= chr "BGLR"
NULL
List of 21
 $ y            : num [1:3646] 154.538 29.272 69.207 65.857 0.606 ...
 $ a            : NULL
 $ b            : NULL
 $ whichNa      : int [1:1011] 2636 2637 2638 2639 2640 2641 2642 2643 2644 2645 ...
 $ saveAt       : chr "X10/"
 $ nIter        : num 12000
 $ burnIn       : num 2000
 $ thin         : num 5
 $ weights      : num [1:3646] 1 1 1 1 1 1 1 1 1 1 ...
 $ verbose      : logi FALSE
 $ response_type: chr "gaussian"
 $ df0          : num 5
 $ S0           : num 3450
 $ yHat         : num [1:3646] 55.75 30.46 48.31 30.79 8.56 ...
 $ SD.yHat      : num [1:3646] 8.2 7.97 8.57 8.25 8.61 ...
 $ mu           : num 30.8
 $ SD.mu        : num 2.86
 $ varE         : num 525
 $ SD.varE      : num 18.8
 $ fit          :List of 4
  ..$ logLikAtPostMean: num -11815
  ..$ postMeanLogLik  : num -11989
  ..$ pD              : num 348
  ..$ DIC             : num 24326
 $ ETA          :List of 3
  ..$ :List of 15
  .. ..$ V          : num [1:3646, 1:6] 0 0 0 0 0 0 0 0 0 0 ...
  .. .. ..- attr(*, "dimnames")=List of 2
  .. .. .. ..$ : chr [1:3646] "2020-21_11.107-5" "2020-21_12.90-53" "2020-21_12.93-4" "2020-21_14.37-103" ...
  .. .. .. ..$ : NULL
  .. ..$ d          : num [1:6] 1011 918 450 447 435 ...
  .. ..$ model      : chr "RKHS"
  .. ..$ Name       : chr "ETA_1"
  .. ..$ tolD       : num 1e-10
  .. ..$ levelsU    : int 6
  .. ..$ df0        : num 5
  .. ..$ R2         : num 0.167
  .. ..$ S0         : num 2.62
  .. ..$ u          : num [1:3646] -0.00362 -0.00362 -0.00362 -0.00362 -0.00362 ...
  .. ..$ varU       : num 0.925
  .. ..$ uStar      : num [1:6] 0.3808 -2.6095 2.153 3.046 0.0755 ...
  .. ..$ NamefileOut: chr "X10/ETA_1_varU.dat"
  .. ..$ SD.u       : num [1:3646] 0.96 0.96 0.96 0.96 0.96 ...
  .. ..$ SD.varU    : num 1.27
  ..$ :List of 15
  .. ..$ V          : num [1:3646, 1:2737] 0.408 0 0 0 0 ...
  .. .. ..- attr(*, "dimnames")=List of 2
  .. .. .. ..$ : chr [1:3646] "2020-21_11.107-5" "2020-21_12.90-53" "2020-21_12.93-4" "2020-21_14.37-103" ...
  .. .. .. ..$ : chr [1:2737] "11.107-5" "12.90-53" "12.93-4" "13.27-142" ...
  .. ..$ d          : Named num [1:2737] 6 1 3 1 1 1 1 1 2 1 ...
  .. .. ..- attr(*, "names")= chr [1:2737] "11.107-5" "12.90-53" "12.93-4" "13.27-142" ...
  .. ..$ model      : chr "RKHS"
  .. ..$ Name       : chr "ETA_2"
  .. ..$ tolD       : num 1e-10
  .. ..$ levelsU    : int 2737
  .. ..$ df0        : num 5
  .. ..$ R2         : num 0.167
  .. ..$ S0         : num 1195
  .. ..$ u          : num [1:3646] 6.366 -0.203 5.305 4.263 -0.934 ...
  .. ..$ varU       : num 61.4
  .. ..$ uStar      : num [1:2737] 15.594 -0.203 9.189 -4.306 4.263 ...
  .. ..$ NamefileOut: chr "X10/ETA_2_varU.dat"
  .. ..$ SD.u       : num [1:3646] 6.16 7.31 6.79 7.44 7.46 ...
  .. ..$ SD.varU    : num 10
  ..$ :List of 15
  .. ..$ V          : num [1:3646, 1:576] 0.010764 0.006644 0.010142 0.00602 -0.000353 ...
  .. .. ..- attr(*, "dimnames")=List of 2
  .. .. .. ..$ : chr [1:3646] "2020-21_11.107-5" "2020-21_12.90-53" "2020-21_12.93-4" "2020-21_14.37-103" ...
  .. .. .. ..$ : NULL
  .. ..$ d          : num [1:576] 1718 767 374 228 121 ...
  .. ..$ model      : chr "RKHS"
  .. ..$ Name       : chr "ETA_3"
  .. ..$ tolD       : num 1e-10
  .. ..$ levelsU    : int 576
  .. ..$ df0        : num 5
  .. ..$ R2         : num 0.167
  .. ..$ S0         : num 251
  .. ..$ u          : num [1:3646] 18.599 -0.129 12.215 -4.266 -21.291 ...
  .. ..$ varU       : num 2636
  .. ..$ uStar      : num [1:576] 1450 345 -204 161 381 ...
  .. ..$ NamefileOut: chr "X10/ETA_3_varU.dat"
  .. ..$ SD.u       : num [1:3646] 6.49 4.93 6.27 5.07 5.58 ...
  .. ..$ SD.varU    : num 725
 - attr(*, "class")= chr "BGLR"
NULL
List of 21
 $ y            : num [1:3646] 37 54.4 79 41.2 22.2 ...
 $ a            : NULL
 $ b            : NULL
 $ whichNa      : int [1:1011] 2636 2637 2638 2639 2640 2641 2642 2643 2644 2645 ...
 $ saveAt       : chr "X8/"
 $ nIter        : num 12000
 $ burnIn       : num 2000
 $ thin         : num 5
 $ weights      : num [1:3646] 1 1 1 1 1 1 1 1 1 1 ...
 $ verbose      : logi FALSE
 $ response_type: chr "gaussian"
 $ df0          : num 5
 $ S0           : num 2022
 $ yHat         : num [1:3646] 51.1 35.2 53.6 38.6 22.6 ...
 $ SD.yHat      : num [1:3646] 7.79 8.27 9.38 8.52 8.43 ...
 $ mu           : num 36.5
 $ SD.mu        : num 3.01
 $ varE         : num 474
 $ SD.varE      : num 21.1
 $ fit          :List of 4
  ..$ logLikAtPostMean: num -11661
  ..$ postMeanLogLik  : num -11856
  ..$ pD              : num 389
  ..$ DIC             : num 24100
 $ ETA          :List of 3
  ..$ :List of 15
  .. ..$ V          : num [1:3646, 1:6] 0 0 0 0 0 0 0 0 0 0 ...
  .. .. ..- attr(*, "dimnames")=List of 2
  .. .. .. ..$ : chr [1:3646] "2020-21_11.107-5" "2020-21_12.90-53" "2020-21_12.93-4" "2020-21_14.37-103" ...
  .. .. .. ..$ : NULL
  .. ..$ d          : num [1:6] 1011 918 450 447 435 ...
  .. ..$ model      : chr "RKHS"
  .. ..$ Name       : chr "ETA_1"
  .. ..$ tolD       : num 1e-10
  .. ..$ levelsU    : int 6
  .. ..$ df0        : num 5
  .. ..$ R2         : num 0.167
  .. ..$ S0         : num 1.53
  .. ..$ u          : num [1:3646] 0.0352 0.0352 0.0352 0.0352 0.0352 ...
  .. ..$ varU       : num 0.473
  .. ..$ uStar      : num [1:6] -0.056 0.1149 -0.3108 -0.0249 -0.7338 ...
  .. ..$ NamefileOut: chr "X8/ETA_1_varU.dat"
  .. ..$ SD.u       : num [1:3646] 0.707 0.707 0.707 0.707 0.707 ...
  .. ..$ SD.varU    : num 0.443
  ..$ :List of 15
  .. ..$ V          : num [1:3646, 1:2737] 0.408 0 0 0 0 ...
  .. .. ..- attr(*, "dimnames")=List of 2
  .. .. .. ..$ : chr [1:3646] "2020-21_11.107-5" "2020-21_12.90-53" "2020-21_12.93-4" "2020-21_14.37-103" ...
  .. .. .. ..$ : chr [1:2737] "11.107-5" "12.90-53" "12.93-4" "13.27-142" ...
  .. ..$ d          : Named num [1:2737] 6 1 3 1 1 1 1 1 2 1 ...
  .. .. ..- attr(*, "names")= chr [1:2737] "11.107-5" "12.90-53" "12.93-4" "13.27-142" ...
  .. ..$ model      : chr "RKHS"
  .. ..$ Name       : chr "ETA_2"
  .. ..$ tolD       : num 1e-10
  .. ..$ levelsU    : int 2737
  .. ..$ df0        : num 5
  .. ..$ R2         : num 0.167
  .. ..$ S0         : num 700
  .. ..$ u          : num [1:3646] 1.538 2.489 20.909 0.512 0.393 ...
  .. ..$ varU       : num 66.5
  .. ..$ uStar      : num [1:2737] 3.767 2.489 36.216 0.358 0.512 ...
  .. ..$ NamefileOut: chr "X8/ETA_2_varU.dat"
  .. ..$ SD.u       : num [1:3646] 6.09 7.64 7.92 7.66 7.41 ...
  .. ..$ SD.varU    : num 16.3
  ..$ :List of 15
  .. ..$ V          : num [1:3646, 1:576] 0.010764 0.006644 0.010142 0.00602 -0.000353 ...
  .. .. ..- attr(*, "dimnames")=List of 2
  .. .. .. ..$ : chr [1:3646] "2020-21_11.107-5" "2020-21_12.90-53" "2020-21_12.93-4" "2020-21_14.37-103" ...
  .. .. .. ..$ : NULL
  .. ..$ d          : num [1:576] 1718 767 374 228 121 ...
  .. ..$ model      : chr "RKHS"
  .. ..$ Name       : chr "ETA_3"
  .. ..$ tolD       : num 1e-10
  .. ..$ levelsU    : int 576
  .. ..$ df0        : num 5
  .. ..$ R2         : num 0.167
  .. ..$ S0         : num 147
  .. ..$ u          : num [1:3646] 13.03 -3.88 -3.9 1.5 -14.4 ...
  .. ..$ varU       : num 2447
  .. ..$ uStar      : num [1:576] -195.2 -10.3 216.9 560.9 -106.9 ...
  .. ..$ NamefileOut: chr "X8/ETA_3_varU.dat"
  .. ..$ SD.u       : num [1:3646] 5.9 4.81 6.01 5.24 5.35 ...
  .. ..$ SD.varU    : num 637
 - attr(*, "class")= chr "BGLR"
NULL
List of 21
 $ y            : num [1:3646] 91.8 39 66.8 33 24.3 ...
 $ a            : NULL
 $ b            : NULL
 $ whichNa      : int [1:1011] 2636 2637 2638 2639 2640 2641 2642 2643 2644 2645 ...
 $ saveAt       : chr "X9/"
 $ nIter        : num 12000
 $ burnIn       : num 2000
 $ thin         : num 5
 $ weights      : num [1:3646] 1 1 1 1 1 1 1 1 1 1 ...
 $ verbose      : logi FALSE
 $ response_type: chr "gaussian"
 $ df0          : num 5
 $ S0           : num 3012
 $ yHat         : num [1:3646] 55.2 29.7 49 34.9 21.8 ...
 $ SD.yHat      : num [1:3646] 8.55 8.48 9.22 8.87 8.8 ...
 $ mu           : num 43.8
 $ SD.mu        : num 3.08
 $ varE         : num 562
 $ SD.varE      : num 21.8
 $ fit          :List of 4
  ..$ logLikAtPostMean: num -11898
  ..$ postMeanLogLik  : num -12080
  ..$ pD              : num 364
  ..$ DIC             : num 24524
 $ ETA          :List of 3
  ..$ :List of 15
  .. ..$ V          : num [1:3646, 1:6] 0 0 0 0 0 0 0 0 0 0 ...
  .. .. ..- attr(*, "dimnames")=List of 2
  .. .. .. ..$ : chr [1:3646] "2020-21_11.107-5" "2020-21_12.90-53" "2020-21_12.93-4" "2020-21_14.37-103" ...
  .. .. .. ..$ : NULL
  .. ..$ d          : num [1:6] 1011 918 450 447 435 ...
  .. ..$ model      : chr "RKHS"
  .. ..$ Name       : chr "ETA_1"
  .. ..$ tolD       : num 1e-10
  .. ..$ levelsU    : int 6
  .. ..$ df0        : num 5
  .. ..$ R2         : num 0.167
  .. ..$ S0         : num 2.29
  .. ..$ u          : num [1:3646] -0.0209 -0.0209 -0.0209 -0.0209 -0.0209 ...
  .. ..$ varU       : num 0.768
  .. ..$ uStar      : num [1:6] -0.362 -1.715 -0.2 3.206 0.435 ...
  .. ..$ NamefileOut: chr "X9/ETA_1_varU.dat"
  .. ..$ SD.u       : num [1:3646] 0.881 0.881 0.881 0.881 0.881 ...
  .. ..$ SD.varU    : num 0.921
  ..$ :List of 15
  .. ..$ V          : num [1:3646, 1:2737] 0.408 0 0 0 0 ...
  .. .. ..- attr(*, "dimnames")=List of 2
  .. .. .. ..$ : chr [1:3646] "2020-21_11.107-5" "2020-21_12.90-53" "2020-21_12.93-4" "2020-21_14.37-103" ...
  .. .. .. ..$ : chr [1:2737] "11.107-5" "12.90-53" "12.93-4" "13.27-142" ...
  .. ..$ d          : Named num [1:2737] 6 1 3 1 1 1 1 1 2 1 ...
  .. .. ..- attr(*, "names")= chr [1:2737] "11.107-5" "12.90-53" "12.93-4" "13.27-142" ...
  .. ..$ model      : chr "RKHS"
  .. ..$ Name       : chr "ETA_2"
  .. ..$ tolD       : num 1e-10
  .. ..$ levelsU    : int 2737
  .. ..$ df0        : num 5
  .. ..$ R2         : num 0.167
  .. ..$ S0         : num 1043
  .. ..$ u          : num [1:3646] 5.963 1.114 10.047 -0.22 0.358 ...
  .. ..$ varU       : num 69.6
  .. ..$ uStar      : num [1:2737] 14.61 1.11 17.4 -1.4 -0.22 ...
  .. ..$ NamefileOut: chr "X9/ETA_2_varU.dat"
  .. ..$ SD.u       : num [1:3646] 6.51 7.85 7.45 7.84 7.67 ...
  .. ..$ SD.varU    : num 14.9
  ..$ :List of 15
  .. ..$ V          : num [1:3646, 1:576] 0.010764 0.006644 0.010142 0.00602 -0.000353 ...
  .. .. ..- attr(*, "dimnames")=List of 2
  .. .. .. ..$ : chr [1:3646] "2020-21_11.107-5" "2020-21_12.90-53" "2020-21_12.93-4" "2020-21_14.37-103" ...
  .. .. .. ..$ : NULL
  .. ..$ d          : num [1:576] 1718 767 374 228 121 ...
  .. ..$ model      : chr "RKHS"
  .. ..$ Name       : chr "ETA_3"
  .. ..$ tolD       : num 1e-10
  .. ..$ levelsU    : int 576
  .. ..$ df0        : num 5
  .. ..$ R2         : num 0.167
  .. ..$ S0         : num 220
  .. ..$ u          : num [1:3646] 5.48 -15.17 -4.83 -8.63 -22.38 ...
  .. ..$ varU       : num 3224
  .. ..$ uStar      : num [1:576] 222.5 100.4 479.6 923.9 21.8 ...
  .. ..$ NamefileOut: chr "X9/ETA_3_varU.dat"
  .. ..$ SD.u       : num [1:3646] 6.59 5.27 6.73 5.47 5.8 ...
  .. ..$ SD.varU    : num 791
 - attr(*, "class")= chr "BGLR"
NULL
List of 21
 $ y            : num [1:3646] 91.8 39 66.8 33 24.3 ...
 $ a            : NULL
 $ b            : NULL
 $ whichNa      : int [1:1011] 2636 2637 2638 2639 2640 2641 2642 2643 2644 2645 ...
 $ saveAt       : chr "X9/"
 $ nIter        : num 12000
 $ burnIn       : num 2000
 $ thin         : num 5
 $ weights      : num [1:3646] 1 1 1 1 1 1 1 1 1 1 ...
 $ verbose      : logi FALSE
 $ response_type: chr "gaussian"
 $ df0          : num 5
 $ S0           : num 3012
 $ yHat         : num [1:3646] 55.2 29.7 49 34.9 21.8 ...
 $ SD.yHat      : num [1:3646] 8.55 8.48 9.22 8.87 8.8 ...
 $ mu           : num 43.8
 $ SD.mu        : num 3.08
 $ varE         : num 562
 $ SD.varE      : num 21.8
 $ fit          :List of 4
  ..$ logLikAtPostMean: num -11898
  ..$ postMeanLogLik  : num -12080
  ..$ pD              : num 364
  ..$ DIC             : num 24524
 $ ETA          :List of 3
  ..$ :List of 15
  .. ..$ V          : num [1:3646, 1:6] 0 0 0 0 0 0 0 0 0 0 ...
  .. .. ..- attr(*, "dimnames")=List of 2
  .. .. .. ..$ : chr [1:3646] "2020-21_11.107-5" "2020-21_12.90-53" "2020-21_12.93-4" "2020-21_14.37-103" ...
  .. .. .. ..$ : NULL
  .. ..$ d          : num [1:6] 1011 918 450 447 435 ...
  .. ..$ model      : chr "RKHS"
  .. ..$ Name       : chr "ETA_1"
  .. ..$ tolD       : num 1e-10
  .. ..$ levelsU    : int 6
  .. ..$ df0        : num 5
  .. ..$ R2         : num 0.167
  .. ..$ S0         : num 2.29
  .. ..$ u          : num [1:3646] -0.0209 -0.0209 -0.0209 -0.0209 -0.0209 ...
  .. ..$ varU       : num 0.768
  .. ..$ uStar      : num [1:6] -0.362 -1.715 -0.2 3.206 0.435 ...
  .. ..$ NamefileOut: chr "X9/ETA_1_varU.dat"
  .. ..$ SD.u       : num [1:3646] 0.881 0.881 0.881 0.881 0.881 ...
  .. ..$ SD.varU    : num 0.921
  ..$ :List of 15
  .. ..$ V          : num [1:3646, 1:2737] 0.408 0 0 0 0 ...
  .. .. ..- attr(*, "dimnames")=List of 2
  .. .. .. ..$ : chr [1:3646] "2020-21_11.107-5" "2020-21_12.90-53" "2020-21_12.93-4" "2020-21_14.37-103" ...
  .. .. .. ..$ : chr [1:2737] "11.107-5" "12.90-53" "12.93-4" "13.27-142" ...
  .. ..$ d          : Named num [1:2737] 6 1 3 1 1 1 1 1 2 1 ...
  .. .. ..- attr(*, "names")= chr [1:2737] "11.107-5" "12.90-53" "12.93-4" "13.27-142" ...
  .. ..$ model      : chr "RKHS"
  .. ..$ Name       : chr "ETA_2"
  .. ..$ tolD       : num 1e-10
  .. ..$ levelsU    : int 2737
  .. ..$ df0        : num 5
  .. ..$ R2         : num 0.167
  .. ..$ S0         : num 1043
  .. ..$ u          : num [1:3646] 5.963 1.114 10.047 -0.22 0.358 ...
  .. ..$ varU       : num 69.6
  .. ..$ uStar      : num [1:2737] 14.61 1.11 17.4 -1.4 -0.22 ...
  .. ..$ NamefileOut: chr "X9/ETA_2_varU.dat"
  .. ..$ SD.u       : num [1:3646] 6.51 7.85 7.45 7.84 7.67 ...
  .. ..$ SD.varU    : num 14.9
  ..$ :List of 15
  .. ..$ V          : num [1:3646, 1:576] 0.010764 0.006644 0.010142 0.00602 -0.000353 ...
  .. .. ..- attr(*, "dimnames")=List of 2
  .. .. .. ..$ : chr [1:3646] "2020-21_11.107-5" "2020-21_12.90-53" "2020-21_12.93-4" "2020-21_14.37-103" ...
  .. .. .. ..$ : NULL
  .. ..$ d          : num [1:576] 1718 767 374 228 121 ...
  .. ..$ model      : chr "RKHS"
  .. ..$ Name       : chr "ETA_3"
  .. ..$ tolD       : num 1e-10
  .. ..$ levelsU    : int 576
  .. ..$ df0        : num 5
  .. ..$ R2         : num 0.167
  .. ..$ S0         : num 220
  .. ..$ u          : num [1:3646] 5.48 -15.17 -4.83 -8.63 -22.38 ...
  .. ..$ varU       : num 3224
  .. ..$ uStar      : num [1:576] 222.5 100.4 479.6 923.9 21.8 ...
  .. ..$ NamefileOut: chr "X9/ETA_3_varU.dat"
  .. ..$ SD.u       : num [1:3646] 6.59 5.27 6.73 5.47 5.8 ...
  .. ..$ SD.varU    : num 791
 - attr(*, "class")= chr "BGLR"
NULL
List of 21
 $ y            : num [1:3646] 37 54.4 79 41.2 22.2 ...
 $ a            : NULL
 $ b            : NULL
 $ whichNa      : int [1:1011] 2636 2637 2638 2639 2640 2641 2642 2643 2644 2645 ...
 $ saveAt       : chr "X8/"
 $ nIter        : num 12000
 $ burnIn       : num 2000
 $ thin         : num 5
 $ weights      : num [1:3646] 1 1 1 1 1 1 1 1 1 1 ...
 $ verbose      : logi FALSE
 $ response_type: chr "gaussian"
 $ df0          : num 5
 $ S0           : num 2022
 $ yHat         : num [1:3646] 51.1 35.2 53.6 38.6 22.6 ...
 $ SD.yHat      : num [1:3646] 7.79 8.27 9.38 8.52 8.43 ...
 $ mu           : num 36.5
 $ SD.mu        : num 3.01
 $ varE         : num 474
 $ SD.varE      : num 21.1
 $ fit          :List of 4
  ..$ logLikAtPostMean: num -11661
  ..$ postMeanLogLik  : num -11856
  ..$ pD              : num 389
  ..$ DIC             : num 24100
 $ ETA          :List of 3
  ..$ :List of 15
  .. ..$ V          : num [1:3646, 1:6] 0 0 0 0 0 0 0 0 0 0 ...
  .. .. ..- attr(*, "dimnames")=List of 2
  .. .. .. ..$ : chr [1:3646] "2020-21_11.107-5" "2020-21_12.90-53" "2020-21_12.93-4" "2020-21_14.37-103" ...
  .. .. .. ..$ : NULL
  .. ..$ d          : num [1:6] 1011 918 450 447 435 ...
  .. ..$ model      : chr "RKHS"
  .. ..$ Name       : chr "ETA_1"
  .. ..$ tolD       : num 1e-10
  .. ..$ levelsU    : int 6
  .. ..$ df0        : num 5
  .. ..$ R2         : num 0.167
  .. ..$ S0         : num 1.53
  .. ..$ u          : num [1:3646] 0.0352 0.0352 0.0352 0.0352 0.0352 ...
  .. ..$ varU       : num 0.473
  .. ..$ uStar      : num [1:6] -0.056 0.1149 -0.3108 -0.0249 -0.7338 ...
  .. ..$ NamefileOut: chr "X8/ETA_1_varU.dat"
  .. ..$ SD.u       : num [1:3646] 0.707 0.707 0.707 0.707 0.707 ...
  .. ..$ SD.varU    : num 0.443
  ..$ :List of 15
  .. ..$ V          : num [1:3646, 1:2737] 0.408 0 0 0 0 ...
  .. .. ..- attr(*, "dimnames")=List of 2
  .. .. .. ..$ : chr [1:3646] "2020-21_11.107-5" "2020-21_12.90-53" "2020-21_12.93-4" "2020-21_14.37-103" ...
  .. .. .. ..$ : chr [1:2737] "11.107-5" "12.90-53" "12.93-4" "13.27-142" ...
  .. ..$ d          : Named num [1:2737] 6 1 3 1 1 1 1 1 2 1 ...
  .. .. ..- attr(*, "names")= chr [1:2737] "11.107-5" "12.90-53" "12.93-4" "13.27-142" ...
  .. ..$ model      : chr "RKHS"
  .. ..$ Name       : chr "ETA_2"
  .. ..$ tolD       : num 1e-10
  .. ..$ levelsU    : int 2737
  .. ..$ df0        : num 5
  .. ..$ R2         : num 0.167
  .. ..$ S0         : num 700
  .. ..$ u          : num [1:3646] 1.538 2.489 20.909 0.512 0.393 ...
  .. ..$ varU       : num 66.5
  .. ..$ uStar      : num [1:2737] 3.767 2.489 36.216 0.358 0.512 ...
  .. ..$ NamefileOut: chr "X8/ETA_2_varU.dat"
  .. ..$ SD.u       : num [1:3646] 6.09 7.64 7.92 7.66 7.41 ...
  .. ..$ SD.varU    : num 16.3
  ..$ :List of 15
  .. ..$ V          : num [1:3646, 1:576] 0.010764 0.006644 0.010142 0.00602 -0.000353 ...
  .. .. ..- attr(*, "dimnames")=List of 2
  .. .. .. ..$ : chr [1:3646] "2020-21_11.107-5" "2020-21_12.90-53" "2020-21_12.93-4" "2020-21_14.37-103" ...
  .. .. .. ..$ : NULL
  .. ..$ d          : num [1:576] 1718 767 374 228 121 ...
  .. ..$ model      : chr "RKHS"
  .. ..$ Name       : chr "ETA_3"
  .. ..$ tolD       : num 1e-10
  .. ..$ levelsU    : int 576
  .. ..$ df0        : num 5
  .. ..$ R2         : num 0.167
  .. ..$ S0         : num 147
  .. ..$ u          : num [1:3646] 13.03 -3.88 -3.9 1.5 -14.4 ...
  .. ..$ varU       : num 2447
  .. ..$ uStar      : num [1:576] -195.2 -10.3 216.9 560.9 -106.9 ...
  .. ..$ NamefileOut: chr "X8/ETA_3_varU.dat"
  .. ..$ SD.u       : num [1:3646] 5.9 4.81 6.01 5.24 5.35 ...
  .. ..$ SD.varU    : num 637
 - attr(*, "class")= chr "BGLR"
NULL
List of 21
 $ y            : num [1:3646] 91.8 39 66.8 33 24.3 ...
 $ a            : NULL
 $ b            : NULL
 $ whichNa      : int [1:1011] 2636 2637 2638 2639 2640 2641 2642 2643 2644 2645 ...
 $ saveAt       : chr "X9/"
 $ nIter        : num 12000
 $ burnIn       : num 2000
 $ thin         : num 5
 $ weights      : num [1:3646] 1 1 1 1 1 1 1 1 1 1 ...
 $ verbose      : logi FALSE
 $ response_type: chr "gaussian"
 $ df0          : num 5
 $ S0           : num 3012
 $ yHat         : num [1:3646] 55.2 29.7 49 34.9 21.8 ...
 $ SD.yHat      : num [1:3646] 8.55 8.48 9.22 8.87 8.8 ...
 $ mu           : num 43.8
 $ SD.mu        : num 3.08
 $ varE         : num 562
 $ SD.varE      : num 21.8
 $ fit          :List of 4
  ..$ logLikAtPostMean: num -11898
  ..$ postMeanLogLik  : num -12080
  ..$ pD              : num 364
  ..$ DIC             : num 24524
 $ ETA          :List of 3
  ..$ :List of 15
  .. ..$ V          : num [1:3646, 1:6] 0 0 0 0 0 0 0 0 0 0 ...
  .. .. ..- attr(*, "dimnames")=List of 2
  .. .. .. ..$ : chr [1:3646] "2020-21_11.107-5" "2020-21_12.90-53" "2020-21_12.93-4" "2020-21_14.37-103" ...
  .. .. .. ..$ : NULL
  .. ..$ d          : num [1:6] 1011 918 450 447 435 ...
  .. ..$ model      : chr "RKHS"
  .. ..$ Name       : chr "ETA_1"
  .. ..$ tolD       : num 1e-10
  .. ..$ levelsU    : int 6
  .. ..$ df0        : num 5
  .. ..$ R2         : num 0.167
  .. ..$ S0         : num 2.29
  .. ..$ u          : num [1:3646] -0.0209 -0.0209 -0.0209 -0.0209 -0.0209 ...
  .. ..$ varU       : num 0.768
  .. ..$ uStar      : num [1:6] -0.362 -1.715 -0.2 3.206 0.435 ...
  .. ..$ NamefileOut: chr "X9/ETA_1_varU.dat"
  .. ..$ SD.u       : num [1:3646] 0.881 0.881 0.881 0.881 0.881 ...
  .. ..$ SD.varU    : num 0.921
  ..$ :List of 15
  .. ..$ V          : num [1:3646, 1:2737] 0.408 0 0 0 0 ...
  .. .. ..- attr(*, "dimnames")=List of 2
  .. .. .. ..$ : chr [1:3646] "2020-21_11.107-5" "2020-21_12.90-53" "2020-21_12.93-4" "2020-21_14.37-103" ...
  .. .. .. ..$ : chr [1:2737] "11.107-5" "12.90-53" "12.93-4" "13.27-142" ...
  .. ..$ d          : Named num [1:2737] 6 1 3 1 1 1 1 1 2 1 ...
  .. .. ..- attr(*, "names")= chr [1:2737] "11.107-5" "12.90-53" "12.93-4" "13.27-142" ...
  .. ..$ model      : chr "RKHS"
  .. ..$ Name       : chr "ETA_2"
  .. ..$ tolD       : num 1e-10
  .. ..$ levelsU    : int 2737
  .. ..$ df0        : num 5
  .. ..$ R2         : num 0.167
  .. ..$ S0         : num 1043
  .. ..$ u          : num [1:3646] 5.963 1.114 10.047 -0.22 0.358 ...
  .. ..$ varU       : num 69.6
  .. ..$ uStar      : num [1:2737] 14.61 1.11 17.4 -1.4 -0.22 ...
  .. ..$ NamefileOut: chr "X9/ETA_2_varU.dat"
  .. ..$ SD.u       : num [1:3646] 6.51 7.85 7.45 7.84 7.67 ...
  .. ..$ SD.varU    : num 14.9
  ..$ :List of 15
  .. ..$ V          : num [1:3646, 1:576] 0.010764 0.006644 0.010142 0.00602 -0.000353 ...
  .. .. ..- attr(*, "dimnames")=List of 2
  .. .. .. ..$ : chr [1:3646] "2020-21_11.107-5" "2020-21_12.90-53" "2020-21_12.93-4" "2020-21_14.37-103" ...
  .. .. .. ..$ : NULL
  .. ..$ d          : num [1:576] 1718 767 374 228 121 ...
  .. ..$ model      : chr "RKHS"
  .. ..$ Name       : chr "ETA_3"
  .. ..$ tolD       : num 1e-10
  .. ..$ levelsU    : int 576
  .. ..$ df0        : num 5
  .. ..$ R2         : num 0.167
  .. ..$ S0         : num 220
  .. ..$ u          : num [1:3646] 5.48 -15.17 -4.83 -8.63 -22.38 ...
  .. ..$ varU       : num 3224
  .. ..$ uStar      : num [1:576] 222.5 100.4 479.6 923.9 21.8 ...
  .. ..$ NamefileOut: chr "X9/ETA_3_varU.dat"
  .. ..$ SD.u       : num [1:3646] 6.59 5.27 6.73 5.47 5.8 ...
  .. ..$ SD.varU    : num 791
 - attr(*, "class")= chr "BGLR"
NULL
List of 21
 $ y            : num [1:3646] 0.3854 -0.2234 0.0613 -0.1008 8.3403 ...
 $ a            : NULL
 $ b            : NULL
 $ whichNa      : int [1:1011] 2636 2637 2638 2639 2640 2641 2642 2643 2644 2645 ...
 $ saveAt       : chr "X3/"
 $ nIter        : num 12000
 $ burnIn       : num 2000
 $ thin         : num 5
 $ weights      : num [1:3646] 1 1 1 1 1 1 1 1 1 1 ...
 $ verbose      : logi FALSE
 $ response_type: chr "gaussian"
 $ df0          : num 5
 $ S0           : num 427
 $ yHat         : num [1:3646] 10.43 1.28 3.56 4.32 3.57 ...
 $ SD.yHat      : num [1:3646] 4.07 4.76 4.61 4.96 5.12 ...
 $ mu           : num 23.3
 $ SD.mu        : num 1.22
 $ varE         : num 82.4
 $ SD.varE      : num 5.04
 $ fit          :List of 4
  ..$ logLikAtPostMean: num -9183
  ..$ postMeanLogLik  : num -9549
  ..$ pD              : num 732
  ..$ DIC             : num 19830
 $ ETA          :List of 3
  ..$ :List of 15
  .. ..$ V          : num [1:3646, 1:6] 0 0 0 0 0 0 0 0 0 0 ...
  .. .. ..- attr(*, "dimnames")=List of 2
  .. .. .. ..$ : chr [1:3646] "2020-21_11.107-5" "2020-21_12.90-53" "2020-21_12.93-4" "2020-21_14.37-103" ...
  .. .. .. ..$ : NULL
  .. ..$ d          : num [1:6] 1011 918 450 447 435 ...
  .. ..$ model      : chr "RKHS"
  .. ..$ Name       : chr "ETA_1"
  .. ..$ tolD       : num 1e-10
  .. ..$ levelsU    : int 6
  .. ..$ df0        : num 5
  .. ..$ R2         : num 0.167
  .. ..$ S0         : num 0.324
  .. ..$ u          : num [1:3646] -0.0149 -0.0149 -0.0149 -0.0149 -0.0149 ...
  .. ..$ varU       : num 0.114
  .. ..$ uStar      : num [1:6] -0.1498 -0.0748 0.4245 -0.7667 0.3112 ...
  .. ..$ NamefileOut: chr "X3/ETA_1_varU.dat"
  .. ..$ SD.u       : num [1:3646] 0.351 0.351 0.351 0.351 0.351 ...
  .. ..$ SD.varU    : num 0.158
  ..$ :List of 15
  .. ..$ V          : num [1:3646, 1:2737] 0.408 0 0 0 0 ...
  .. .. ..- attr(*, "dimnames")=List of 2
  .. .. .. ..$ : chr [1:3646] "2020-21_11.107-5" "2020-21_12.90-53" "2020-21_12.93-4" "2020-21_14.37-103" ...
  .. .. .. ..$ : chr [1:2737] "11.107-5" "12.90-53" "12.93-4" "13.27-142" ...
  .. ..$ d          : Named num [1:2737] 6 1 3 1 1 1 1 1 2 1 ...
  .. .. ..- attr(*, "names")= chr [1:2737] "11.107-5" "12.90-53" "12.93-4" "13.27-142" ...
  .. ..$ model      : chr "RKHS"
  .. ..$ Name       : chr "ETA_2"
  .. ..$ tolD       : num 1e-10
  .. ..$ levelsU    : int 2737
  .. ..$ df0        : num 5
  .. ..$ R2         : num 0.167
  .. ..$ S0         : num 148
  .. ..$ u          : num [1:3646] 0.171 -0.258 2.678 -1.494 1.9 ...
  .. ..$ varU       : num 30.6
  .. ..$ uStar      : num [1:2737] 0.42 -0.258 4.639 2.575 -1.494 ...
  .. ..$ NamefileOut: chr "X3/ETA_2_varU.dat"
  .. ..$ SD.u       : num [1:3646] 3.33 4.6 3.84 4.7 4.79 ...
  .. ..$ SD.varU    : num 5.41
  ..$ :List of 15
  .. ..$ V          : num [1:3646, 1:576] 0.010764 0.006644 0.010142 0.00602 -0.000353 ...
  .. .. ..- attr(*, "dimnames")=List of 2
  .. .. .. ..$ : chr [1:3646] "2020-21_11.107-5" "2020-21_12.90-53" "2020-21_12.93-4" "2020-21_14.37-103" ...
  .. .. .. ..$ : NULL
  .. ..$ d          : num [1:576] 1718 767 374 228 121 ...
  .. ..$ model      : chr "RKHS"
  .. ..$ Name       : chr "ETA_3"
  .. ..$ tolD       : num 1e-10
  .. ..$ levelsU    : int 576
  .. ..$ df0        : num 5
  .. ..$ R2         : num 0.167
  .. ..$ S0         : num 31.2
  .. ..$ u          : num [1:3646] -13 -21.8 -22.4 -17.5 -21.6 ...
  .. ..$ varU       : num 1294
  .. ..$ uStar      : num [1:576] -419 276 711 -122 -374 ...
  .. ..$ NamefileOut: chr "X3/ETA_3_varU.dat"
  .. ..$ SD.u       : num [1:3646] 2.93 2.43 3.17 2.55 2.78 ...
  .. ..$ SD.varU    : num 220
 - attr(*, "class")= chr "BGLR"
NULL
List of 21
 $ y            : num [1:3646] 0.1023 0.00692 0.09019 0 0 ...
 $ a            : NULL
 $ b            : NULL
 $ whichNa      : int [1:1011] 2636 2637 2638 2639 2640 2641 2642 2643 2644 2645 ...
 $ saveAt       : chr "X1_cum/"
 $ nIter        : num 12000
 $ burnIn       : num 2000
 $ thin         : num 5
 $ weights      : num [1:3646] 1 1 1 1 1 1 1 1 1 1 ...
 $ verbose      : logi FALSE
 $ response_type: chr "gaussian"
 $ df0          : num 5
 $ S0           : num 144
 $ yHat         : num [1:3646] 5.1225 0.0738 -0.3061 0.0469 0.2964 ...
 $ SD.yHat      : num [1:3646] 1.51 2.74 1.81 2.72 2.77 ...
 $ mu           : num 4.24
 $ SD.mu        : num 0.653
 $ varE         : num 9.01
 $ SD.varE      : num 0.574
 $ fit          :List of 4
  ..$ logLikAtPostMean: num -5769
  ..$ postMeanLogLik  : num -6627
  ..$ pD              : num 1715
  ..$ DIC             : num 14969
 $ ETA          :List of 3
  ..$ :List of 15
  .. ..$ V          : num [1:3646, 1:6] 0 0 0 0 0 0 0 0 0 0 ...
  .. .. ..- attr(*, "dimnames")=List of 2
  .. .. .. ..$ : chr [1:3646] "2020-21_11.107-5" "2020-21_12.90-53" "2020-21_12.93-4" "2020-21_14.37-103" ...
  .. .. .. ..$ : NULL
  .. ..$ d          : num [1:6] 1011 918 450 447 435 ...
  .. ..$ model      : chr "RKHS"
  .. ..$ Name       : chr "ETA_1"
  .. ..$ tolD       : num 1e-10
  .. ..$ levelsU    : int 6
  .. ..$ df0        : num 5
  .. ..$ R2         : num 0.167
  .. ..$ S0         : num 0.109
  .. ..$ u          : num [1:3646] -0.631 -0.631 -0.631 -0.631 -0.631 ...
  .. ..$ varU       : num 1.13
  .. ..$ uStar      : num [1:6] 13.62 -4.2 9.38 10.6 13.15 ...
  .. ..$ NamefileOut: chr "X1_cum/ETA_1_varU.dat"
  .. ..$ SD.u       : num [1:3646] 1.71 1.71 1.71 1.71 1.71 ...
  .. ..$ SD.varU    : num 2.68
  ..$ :List of 15
  .. ..$ V          : num [1:3646, 1:2737] 0.408 0 0 0 0 ...
  .. .. ..- attr(*, "dimnames")=List of 2
  .. .. .. ..$ : chr [1:3646] "2020-21_11.107-5" "2020-21_12.90-53" "2020-21_12.93-4" "2020-21_14.37-103" ...
  .. .. .. ..$ : chr [1:2737] "11.107-5" "12.90-53" "12.93-4" "13.27-142" ...
  .. ..$ d          : Named num [1:2737] 6 1 3 1 1 1 1 1 2 1 ...
  .. .. ..- attr(*, "names")= chr [1:2737] "11.107-5" "12.90-53" "12.93-4" "13.27-142" ...
  .. ..$ model      : chr "RKHS"
  .. ..$ Name       : chr "ETA_2"
  .. ..$ tolD       : num 1e-10
  .. ..$ levelsU    : int 2737
  .. ..$ df0        : num 5
  .. ..$ R2         : num 0.167
  .. ..$ S0         : num 49.8
  .. ..$ u          : num [1:3646] 4.5797 -0.1491 -1.3913 -0.0702 -1.1219 ...
  .. ..$ varU       : num 44.6
  .. ..$ uStar      : num [1:2737] 11.218 -0.1491 -2.4097 -1.039 -0.0702 ...
  .. ..$ NamefileOut: chr "X1_cum/ETA_2_varU.dat"
  .. ..$ SD.u       : num [1:3646] 1.36 2.79 1.77 2.79 2.83 ...
  .. ..$ SD.varU    : num 1.9
  ..$ :List of 15
  .. ..$ V          : num [1:3646, 1:576] 0.010764 0.006644 0.010142 0.00602 -0.000353 ...
  .. .. ..- attr(*, "dimnames")=List of 2
  .. .. .. ..$ : chr [1:3646] "2020-21_11.107-5" "2020-21_12.90-53" "2020-21_12.93-4" "2020-21_14.37-103" ...
  .. .. .. ..$ : NULL
  .. ..$ d          : num [1:576] 1718 767 374 228 121 ...
  .. ..$ model      : chr "RKHS"
  .. ..$ Name       : chr "ETA_3"
  .. ..$ tolD       : num 1e-10
  .. ..$ levelsU    : int 576
  .. ..$ df0        : num 5
  .. ..$ R2         : num 0.167
  .. ..$ S0         : num 10.5
  .. ..$ u          : num [1:3646] -3.07 -3.39 -2.53 -3.49 -2.19 ...
  .. ..$ varU       : num 21.5
  .. ..$ uStar      : num [1:576] -124.25 48.89 9.11 -28.7 24.77 ...
  .. ..$ NamefileOut: chr "X1_cum/ETA_3_varU.dat"
  .. ..$ SD.u       : num [1:3646] 1.66 1.64 1.61 1.75 1.55 ...
  .. ..$ SD.varU    : num 10.2
 - attr(*, "class")= chr "BGLR"
NULL
List of 21
 $ y            : num [1:3646] 91.8 39 66.8 33 24.3 ...
 $ a            : NULL
 $ b            : NULL
 $ whichNa      : int [1:1011] 2636 2637 2638 2639 2640 2641 2642 2643 2644 2645 ...
 $ saveAt       : chr "X9/"
 $ nIter        : num 12000
 $ burnIn       : num 2000
 $ thin         : num 5
 $ weights      : num [1:3646] 1 1 1 1 1 1 1 1 1 1 ...
 $ verbose      : logi FALSE
 $ response_type: chr "gaussian"
 $ df0          : num 5
 $ S0           : num 3012
 $ yHat         : num [1:3646] 55.2 29.7 49 34.9 21.8 ...
 $ SD.yHat      : num [1:3646] 8.55 8.48 9.22 8.87 8.8 ...
 $ mu           : num 43.8
 $ SD.mu        : num 3.08
 $ varE         : num 562
 $ SD.varE      : num 21.8
 $ fit          :List of 4
  ..$ logLikAtPostMean: num -11898
  ..$ postMeanLogLik  : num -12080
  ..$ pD              : num 364
  ..$ DIC             : num 24524
 $ ETA          :List of 3
  ..$ :List of 15
  .. ..$ V          : num [1:3646, 1:6] 0 0 0 0 0 0 0 0 0 0 ...
  .. .. ..- attr(*, "dimnames")=List of 2
  .. .. .. ..$ : chr [1:3646] "2020-21_11.107-5" "2020-21_12.90-53" "2020-21_12.93-4" "2020-21_14.37-103" ...
  .. .. .. ..$ : NULL
  .. ..$ d          : num [1:6] 1011 918 450 447 435 ...
  .. ..$ model      : chr "RKHS"
  .. ..$ Name       : chr "ETA_1"
  .. ..$ tolD       : num 1e-10
  .. ..$ levelsU    : int 6
  .. ..$ df0        : num 5
  .. ..$ R2         : num 0.167
  .. ..$ S0         : num 2.29
  .. ..$ u          : num [1:3646] -0.0209 -0.0209 -0.0209 -0.0209 -0.0209 ...
  .. ..$ varU       : num 0.768
  .. ..$ uStar      : num [1:6] -0.362 -1.715 -0.2 3.206 0.435 ...
  .. ..$ NamefileOut: chr "X9/ETA_1_varU.dat"
  .. ..$ SD.u       : num [1:3646] 0.881 0.881 0.881 0.881 0.881 ...
  .. ..$ SD.varU    : num 0.921
  ..$ :List of 15
  .. ..$ V          : num [1:3646, 1:2737] 0.408 0 0 0 0 ...
  .. .. ..- attr(*, "dimnames")=List of 2
  .. .. .. ..$ : chr [1:3646] "2020-21_11.107-5" "2020-21_12.90-53" "2020-21_12.93-4" "2020-21_14.37-103" ...
  .. .. .. ..$ : chr [1:2737] "11.107-5" "12.90-53" "12.93-4" "13.27-142" ...
  .. ..$ d          : Named num [1:2737] 6 1 3 1 1 1 1 1 2 1 ...
  .. .. ..- attr(*, "names")= chr [1:2737] "11.107-5" "12.90-53" "12.93-4" "13.27-142" ...
  .. ..$ model      : chr "RKHS"
  .. ..$ Name       : chr "ETA_2"
  .. ..$ tolD       : num 1e-10
  .. ..$ levelsU    : int 2737
  .. ..$ df0        : num 5
  .. ..$ R2         : num 0.167
  .. ..$ S0         : num 1043
  .. ..$ u          : num [1:3646] 5.963 1.114 10.047 -0.22 0.358 ...
  .. ..$ varU       : num 69.6
  .. ..$ uStar      : num [1:2737] 14.61 1.11 17.4 -1.4 -0.22 ...
  .. ..$ NamefileOut: chr "X9/ETA_2_varU.dat"
  .. ..$ SD.u       : num [1:3646] 6.51 7.85 7.45 7.84 7.67 ...
  .. ..$ SD.varU    : num 14.9
  ..$ :List of 15
  .. ..$ V          : num [1:3646, 1:576] 0.010764 0.006644 0.010142 0.00602 -0.000353 ...
  .. .. ..- attr(*, "dimnames")=List of 2
  .. .. .. ..$ : chr [1:3646] "2020-21_11.107-5" "2020-21_12.90-53" "2020-21_12.93-4" "2020-21_14.37-103" ...
  .. .. .. ..$ : NULL
  .. ..$ d          : num [1:576] 1718 767 374 228 121 ...
  .. ..$ model      : chr "RKHS"
  .. ..$ Name       : chr "ETA_3"
  .. ..$ tolD       : num 1e-10
  .. ..$ levelsU    : int 576
  .. ..$ df0        : num 5
  .. ..$ R2         : num 0.167
  .. ..$ S0         : num 220
  .. ..$ u          : num [1:3646] 5.48 -15.17 -4.83 -8.63 -22.38 ...
  .. ..$ varU       : num 3224
  .. ..$ uStar      : num [1:576] 222.5 100.4 479.6 923.9 21.8 ...
  .. ..$ NamefileOut: chr "X9/ETA_3_varU.dat"
  .. ..$ SD.u       : num [1:3646] 6.59 5.27 6.73 5.47 5.8 ...
  .. ..$ SD.varU    : num 791
 - attr(*, "class")= chr "BGLR"
NULL
List of 21
 $ y            : num [1:3646] 154.538 29.272 69.207 65.857 0.606 ...
 $ a            : NULL
 $ b            : NULL
 $ whichNa      : int [1:1011] 2636 2637 2638 2639 2640 2641 2642 2643 2644 2645 ...
 $ saveAt       : chr "X10/"
 $ nIter        : num 12000
 $ burnIn       : num 2000
 $ thin         : num 5
 $ weights      : num [1:3646] 1 1 1 1 1 1 1 1 1 1 ...
 $ verbose      : logi FALSE
 $ response_type: chr "gaussian"
 $ df0          : num 5
 $ S0           : num 3450
 $ yHat         : num [1:3646] 55.75 30.46 48.31 30.79 8.56 ...
 $ SD.yHat      : num [1:3646] 8.2 7.97 8.57 8.25 8.61 ...
 $ mu           : num 30.8
 $ SD.mu        : num 2.86
 $ varE         : num 525
 $ SD.varE      : num 18.8
 $ fit          :List of 4
  ..$ logLikAtPostMean: num -11815
  ..$ postMeanLogLik  : num -11989
  ..$ pD              : num 348
  ..$ DIC             : num 24326
 $ ETA          :List of 3
  ..$ :List of 15
  .. ..$ V          : num [1:3646, 1:6] 0 0 0 0 0 0 0 0 0 0 ...
  .. .. ..- attr(*, "dimnames")=List of 2
  .. .. .. ..$ : chr [1:3646] "2020-21_11.107-5" "2020-21_12.90-53" "2020-21_12.93-4" "2020-21_14.37-103" ...
  .. .. .. ..$ : NULL
  .. ..$ d          : num [1:6] 1011 918 450 447 435 ...
  .. ..$ model      : chr "RKHS"
  .. ..$ Name       : chr "ETA_1"
  .. ..$ tolD       : num 1e-10
  .. ..$ levelsU    : int 6
  .. ..$ df0        : num 5
  .. ..$ R2         : num 0.167
  .. ..$ S0         : num 2.62
  .. ..$ u          : num [1:3646] -0.00362 -0.00362 -0.00362 -0.00362 -0.00362 ...
  .. ..$ varU       : num 0.925
  .. ..$ uStar      : num [1:6] 0.3808 -2.6095 2.153 3.046 0.0755 ...
  .. ..$ NamefileOut: chr "X10/ETA_1_varU.dat"
  .. ..$ SD.u       : num [1:3646] 0.96 0.96 0.96 0.96 0.96 ...
  .. ..$ SD.varU    : num 1.27
  ..$ :List of 15
  .. ..$ V          : num [1:3646, 1:2737] 0.408 0 0 0 0 ...
  .. .. ..- attr(*, "dimnames")=List of 2
  .. .. .. ..$ : chr [1:3646] "2020-21_11.107-5" "2020-21_12.90-53" "2020-21_12.93-4" "2020-21_14.37-103" ...
  .. .. .. ..$ : chr [1:2737] "11.107-5" "12.90-53" "12.93-4" "13.27-142" ...
  .. ..$ d          : Named num [1:2737] 6 1 3 1 1 1 1 1 2 1 ...
  .. .. ..- attr(*, "names")= chr [1:2737] "11.107-5" "12.90-53" "12.93-4" "13.27-142" ...
  .. ..$ model      : chr "RKHS"
  .. ..$ Name       : chr "ETA_2"
  .. ..$ tolD       : num 1e-10
  .. ..$ levelsU    : int 2737
  .. ..$ df0        : num 5
  .. ..$ R2         : num 0.167
  .. ..$ S0         : num 1195
  .. ..$ u          : num [1:3646] 6.366 -0.203 5.305 4.263 -0.934 ...
  .. ..$ varU       : num 61.4
  .. ..$ uStar      : num [1:2737] 15.594 -0.203 9.189 -4.306 4.263 ...
  .. ..$ NamefileOut: chr "X10/ETA_2_varU.dat"
  .. ..$ SD.u       : num [1:3646] 6.16 7.31 6.79 7.44 7.46 ...
  .. ..$ SD.varU    : num 10
  ..$ :List of 15
  .. ..$ V          : num [1:3646, 1:576] 0.010764 0.006644 0.010142 0.00602 -0.000353 ...
  .. .. ..- attr(*, "dimnames")=List of 2
  .. .. .. ..$ : chr [1:3646] "2020-21_11.107-5" "2020-21_12.90-53" "2020-21_12.93-4" "2020-21_14.37-103" ...
  .. .. .. ..$ : NULL
  .. ..$ d          : num [1:576] 1718 767 374 228 121 ...
  .. ..$ model      : chr "RKHS"
  .. ..$ Name       : chr "ETA_3"
  .. ..$ tolD       : num 1e-10
  .. ..$ levelsU    : int 576
  .. ..$ df0        : num 5
  .. ..$ R2         : num 0.167
  .. ..$ S0         : num 251
  .. ..$ u          : num [1:3646] 18.599 -0.129 12.215 -4.266 -21.291 ...
  .. ..$ varU       : num 2636
  .. ..$ uStar      : num [1:576] 1450 345 -204 161 381 ...
  .. ..$ NamefileOut: chr "X10/ETA_3_varU.dat"
  .. ..$ SD.u       : num [1:3646] 6.49 4.93 6.27 5.07 5.58 ...
  .. ..$ SD.varU    : num 725
 - attr(*, "class")= chr "BGLR"
NULL
List of 21
 $ y            : num [1:3646] 154.538 29.272 69.207 65.857 0.606 ...
 $ a            : NULL
 $ b            : NULL
 $ whichNa      : int [1:1011] 2636 2637 2638 2639 2640 2641 2642 2643 2644 2645 ...
 $ saveAt       : chr "X10/"
 $ nIter        : num 12000
 $ burnIn       : num 2000
 $ thin         : num 5
 $ weights      : num [1:3646] 1 1 1 1 1 1 1 1 1 1 ...
 $ verbose      : logi FALSE
 $ response_type: chr "gaussian"
 $ df0          : num 5
 $ S0           : num 3450
 $ yHat         : num [1:3646] 55.75 30.46 48.31 30.79 8.56 ...
 $ SD.yHat      : num [1:3646] 8.2 7.97 8.57 8.25 8.61 ...
 $ mu           : num 30.8
 $ SD.mu        : num 2.86
 $ varE         : num 525
 $ SD.varE      : num 18.8
 $ fit          :List of 4
  ..$ logLikAtPostMean: num -11815
  ..$ postMeanLogLik  : num -11989
  ..$ pD              : num 348
  ..$ DIC             : num 24326
 $ ETA          :List of 3
  ..$ :List of 15
  .. ..$ V          : num [1:3646, 1:6] 0 0 0 0 0 0 0 0 0 0 ...
  .. .. ..- attr(*, "dimnames")=List of 2
  .. .. .. ..$ : chr [1:3646] "2020-21_11.107-5" "2020-21_12.90-53" "2020-21_12.93-4" "2020-21_14.37-103" ...
  .. .. .. ..$ : NULL
  .. ..$ d          : num [1:6] 1011 918 450 447 435 ...
  .. ..$ model      : chr "RKHS"
  .. ..$ Name       : chr "ETA_1"
  .. ..$ tolD       : num 1e-10
  .. ..$ levelsU    : int 6
  .. ..$ df0        : num 5
  .. ..$ R2         : num 0.167
  .. ..$ S0         : num 2.62
  .. ..$ u          : num [1:3646] -0.00362 -0.00362 -0.00362 -0.00362 -0.00362 ...
  .. ..$ varU       : num 0.925
  .. ..$ uStar      : num [1:6] 0.3808 -2.6095 2.153 3.046 0.0755 ...
  .. ..$ NamefileOut: chr "X10/ETA_1_varU.dat"
  .. ..$ SD.u       : num [1:3646] 0.96 0.96 0.96 0.96 0.96 ...
  .. ..$ SD.varU    : num 1.27
  ..$ :List of 15
  .. ..$ V          : num [1:3646, 1:2737] 0.408 0 0 0 0 ...
  .. .. ..- attr(*, "dimnames")=List of 2
  .. .. .. ..$ : chr [1:3646] "2020-21_11.107-5" "2020-21_12.90-53" "2020-21_12.93-4" "2020-21_14.37-103" ...
  .. .. .. ..$ : chr [1:2737] "11.107-5" "12.90-53" "12.93-4" "13.27-142" ...
  .. ..$ d          : Named num [1:2737] 6 1 3 1 1 1 1 1 2 1 ...
  .. .. ..- attr(*, "names")= chr [1:2737] "11.107-5" "12.90-53" "12.93-4" "13.27-142" ...
  .. ..$ model      : chr "RKHS"
  .. ..$ Name       : chr "ETA_2"
  .. ..$ tolD       : num 1e-10
  .. ..$ levelsU    : int 2737
  .. ..$ df0        : num 5
  .. ..$ R2         : num 0.167
  .. ..$ S0         : num 1195
  .. ..$ u          : num [1:3646] 6.366 -0.203 5.305 4.263 -0.934 ...
  .. ..$ varU       : num 61.4
  .. ..$ uStar      : num [1:2737] 15.594 -0.203 9.189 -4.306 4.263 ...
  .. ..$ NamefileOut: chr "X10/ETA_2_varU.dat"
  .. ..$ SD.u       : num [1:3646] 6.16 7.31 6.79 7.44 7.46 ...
  .. ..$ SD.varU    : num 10
  ..$ :List of 15
  .. ..$ V          : num [1:3646, 1:576] 0.010764 0.006644 0.010142 0.00602 -0.000353 ...
  .. .. ..- attr(*, "dimnames")=List of 2
  .. .. .. ..$ : chr [1:3646] "2020-21_11.107-5" "2020-21_12.90-53" "2020-21_12.93-4" "2020-21_14.37-103" ...
  .. .. .. ..$ : NULL
  .. ..$ d          : num [1:576] 1718 767 374 228 121 ...
  .. ..$ model      : chr "RKHS"
  .. ..$ Name       : chr "ETA_3"
  .. ..$ tolD       : num 1e-10
  .. ..$ levelsU    : int 576
  .. ..$ df0        : num 5
  .. ..$ R2         : num 0.167
  .. ..$ S0         : num 251
  .. ..$ u          : num [1:3646] 18.599 -0.129 12.215 -4.266 -21.291 ...
  .. ..$ varU       : num 2636
  .. ..$ uStar      : num [1:576] 1450 345 -204 161 381 ...
  .. ..$ NamefileOut: chr "X10/ETA_3_varU.dat"
  .. ..$ SD.u       : num [1:3646] 6.49 4.93 6.27 5.07 5.58 ...
  .. ..$ SD.varU    : num 725
 - attr(*, "class")= chr "BGLR"
NULL
List of 21
 $ y            : num [1:3646] 154.538 29.272 69.207 65.857 0.606 ...
 $ a            : NULL
 $ b            : NULL
 $ whichNa      : int [1:1011] 2636 2637 2638 2639 2640 2641 2642 2643 2644 2645 ...
 $ saveAt       : chr "X10/"
 $ nIter        : num 12000
 $ burnIn       : num 2000
 $ thin         : num 5
 $ weights      : num [1:3646] 1 1 1 1 1 1 1 1 1 1 ...
 $ verbose      : logi FALSE
 $ response_type: chr "gaussian"
 $ df0          : num 5
 $ S0           : num 3450
 $ yHat         : num [1:3646] 55.75 30.46 48.31 30.79 8.56 ...
 $ SD.yHat      : num [1:3646] 8.2 7.97 8.57 8.25 8.61 ...
 $ mu           : num 30.8
 $ SD.mu        : num 2.86
 $ varE         : num 525
 $ SD.varE      : num 18.8
 $ fit          :List of 4
  ..$ logLikAtPostMean: num -11815
  ..$ postMeanLogLik  : num -11989
  ..$ pD              : num 348
  ..$ DIC             : num 24326
 $ ETA          :List of 3
  ..$ :List of 15
  .. ..$ V          : num [1:3646, 1:6] 0 0 0 0 0 0 0 0 0 0 ...
  .. .. ..- attr(*, "dimnames")=List of 2
  .. .. .. ..$ : chr [1:3646] "2020-21_11.107-5" "2020-21_12.90-53" "2020-21_12.93-4" "2020-21_14.37-103" ...
  .. .. .. ..$ : NULL
  .. ..$ d          : num [1:6] 1011 918 450 447 435 ...
  .. ..$ model      : chr "RKHS"
  .. ..$ Name       : chr "ETA_1"
  .. ..$ tolD       : num 1e-10
  .. ..$ levelsU    : int 6
  .. ..$ df0        : num 5
  .. ..$ R2         : num 0.167
  .. ..$ S0         : num 2.62
  .. ..$ u          : num [1:3646] -0.00362 -0.00362 -0.00362 -0.00362 -0.00362 ...
  .. ..$ varU       : num 0.925
  .. ..$ uStar      : num [1:6] 0.3808 -2.6095 2.153 3.046 0.0755 ...
  .. ..$ NamefileOut: chr "X10/ETA_1_varU.dat"
  .. ..$ SD.u       : num [1:3646] 0.96 0.96 0.96 0.96 0.96 ...
  .. ..$ SD.varU    : num 1.27
  ..$ :List of 15
  .. ..$ V          : num [1:3646, 1:2737] 0.408 0 0 0 0 ...
  .. .. ..- attr(*, "dimnames")=List of 2
  .. .. .. ..$ : chr [1:3646] "2020-21_11.107-5" "2020-21_12.90-53" "2020-21_12.93-4" "2020-21_14.37-103" ...
  .. .. .. ..$ : chr [1:2737] "11.107-5" "12.90-53" "12.93-4" "13.27-142" ...
  .. ..$ d          : Named num [1:2737] 6 1 3 1 1 1 1 1 2 1 ...
  .. .. ..- attr(*, "names")= chr [1:2737] "11.107-5" "12.90-53" "12.93-4" "13.27-142" ...
  .. ..$ model      : chr "RKHS"
  .. ..$ Name       : chr "ETA_2"
  .. ..$ tolD       : num 1e-10
  .. ..$ levelsU    : int 2737
  .. ..$ df0        : num 5
  .. ..$ R2         : num 0.167
  .. ..$ S0         : num 1195
  .. ..$ u          : num [1:3646] 6.366 -0.203 5.305 4.263 -0.934 ...
  .. ..$ varU       : num 61.4
  .. ..$ uStar      : num [1:2737] 15.594 -0.203 9.189 -4.306 4.263 ...
  .. ..$ NamefileOut: chr "X10/ETA_2_varU.dat"
  .. ..$ SD.u       : num [1:3646] 6.16 7.31 6.79 7.44 7.46 ...
  .. ..$ SD.varU    : num 10
  ..$ :List of 15
  .. ..$ V          : num [1:3646, 1:576] 0.010764 0.006644 0.010142 0.00602 -0.000353 ...
  .. .. ..- attr(*, "dimnames")=List of 2
  .. .. .. ..$ : chr [1:3646] "2020-21_11.107-5" "2020-21_12.90-53" "2020-21_12.93-4" "2020-21_14.37-103" ...
  .. .. .. ..$ : NULL
  .. ..$ d          : num [1:576] 1718 767 374 228 121 ...
  .. ..$ model      : chr "RKHS"
  .. ..$ Name       : chr "ETA_3"
  .. ..$ tolD       : num 1e-10
  .. ..$ levelsU    : int 576
  .. ..$ df0        : num 5
  .. ..$ R2         : num 0.167
  .. ..$ S0         : num 251
  .. ..$ u          : num [1:3646] 18.599 -0.129 12.215 -4.266 -21.291 ...
  .. ..$ varU       : num 2636
  .. ..$ uStar      : num [1:576] 1450 345 -204 161 381 ...
  .. ..$ NamefileOut: chr "X10/ETA_3_varU.dat"
  .. ..$ SD.u       : num [1:3646] 6.49 4.93 6.27 5.07 5.58 ...
  .. ..$ SD.varU    : num 725
 - attr(*, "class")= chr "BGLR"
NULL
List of 21
 $ y            : num [1:3646] 0.1023 5.6562 0.0967 4.7282 3.2936 ...
 $ a            : NULL
 $ b            : NULL
 $ whichNa      : int [1:1011] 2636 2637 2638 2639 2640 2641 2642 2643 2644 2645 ...
 $ saveAt       : chr "X2_cum/"
 $ nIter        : num 12000
 $ burnIn       : num 2000
 $ thin         : num 5
 $ weights      : num [1:3646] 1 1 1 1 1 1 1 1 1 1 ...
 $ verbose      : logi FALSE
 $ response_type: chr "gaussian"
 $ df0          : num 5
 $ S0           : num 845
 $ yHat         : num [1:3646] 14.52 5.11 6.89 4.22 3.71 ...
 $ SD.yHat      : num [1:3646] 3.91 6.22 4.45 6.18 6.17 ...
 $ mu           : num 17.5
 $ SD.mu        : num 1.35
 $ varE         : num 51.1
 $ SD.varE      : num 3.59
 $ fit          :List of 4
  ..$ logLikAtPostMean: num -8101
  ..$ postMeanLogLik  : num -8913
  ..$ pD              : num 1623
  ..$ DIC             : num 19448
 $ ETA          :List of 3
  ..$ :List of 15
  .. ..$ V          : num [1:3646, 1:6] 0 0 0 0 0 0 0 0 0 0 ...
  .. .. ..- attr(*, "dimnames")=List of 2
  .. .. .. ..$ : chr [1:3646] "2020-21_11.107-5" "2020-21_12.90-53" "2020-21_12.93-4" "2020-21_14.37-103" ...
  .. .. .. ..$ : NULL
  .. ..$ d          : num [1:6] 1011 918 450 447 435 ...
  .. ..$ model      : chr "RKHS"
  .. ..$ Name       : chr "ETA_1"
  .. ..$ tolD       : num 1e-10
  .. ..$ levelsU    : int 6
  .. ..$ df0        : num 5
  .. ..$ R2         : num 0.167
  .. ..$ S0         : num 0.642
  .. ..$ u          : num [1:3646] -0.0321 -0.0321 -0.0321 -0.0321 -0.0321 ...
  .. ..$ varU       : num 0.232
  .. ..$ uStar      : num [1:6] -0.431 -0.295 1.127 0.988 0.669 ...
  .. ..$ NamefileOut: chr "X2_cum/ETA_1_varU.dat"
  .. ..$ SD.u       : num [1:3646] 0.489 0.489 0.489 0.489 0.489 ...
  .. ..$ SD.varU    : num 0.286
  ..$ :List of 15
  .. ..$ V          : num [1:3646, 1:2737] 0.408 0 0 0 0 ...
  .. .. ..- attr(*, "dimnames")=List of 2
  .. .. .. ..$ : chr [1:3646] "2020-21_11.107-5" "2020-21_12.90-53" "2020-21_12.93-4" "2020-21_14.37-103" ...
  .. .. .. ..$ : chr [1:2737] "11.107-5" "12.90-53" "12.93-4" "13.27-142" ...
  .. ..$ d          : Named num [1:2737] 6 1 3 1 1 1 1 1 2 1 ...
  .. .. ..- attr(*, "names")= chr [1:2737] "11.107-5" "12.90-53" "12.93-4" "13.27-142" ...
  .. ..$ model      : chr "RKHS"
  .. ..$ Name       : chr "ETA_2"
  .. ..$ tolD       : num 1e-10
  .. ..$ levelsU    : int 2737
  .. ..$ df0        : num 5
  .. ..$ R2         : num 0.167
  .. ..$ S0         : num 293
  .. ..$ u          : num [1:3646] 7.323 1.412 0.416 1.055 -0.938 ...
  .. ..$ varU       : num 165
  .. ..$ uStar      : num [1:2737] 17.94 1.41 0.72 13.27 1.05 ...
  .. ..$ NamefileOut: chr "X2_cum/ETA_2_varU.dat"
  .. ..$ SD.u       : num [1:3646] 3.38 6.36 4.26 6.43 6.38 ...
  .. ..$ SD.varU    : num 8.29
  ..$ :List of 15
  .. ..$ V          : num [1:3646, 1:576] 0.010764 0.006644 0.010142 0.00602 -0.000353 ...
  .. .. ..- attr(*, "dimnames")=List of 2
  .. .. .. ..$ : chr [1:3646] "2020-21_11.107-5" "2020-21_12.90-53" "2020-21_12.93-4" "2020-21_14.37-103" ...
  .. .. .. ..$ : NULL
  .. ..$ d          : num [1:576] 1718 767 374 228 121 ...
  .. ..$ model      : chr "RKHS"
  .. ..$ Name       : chr "ETA_3"
  .. ..$ tolD       : num 1e-10
  .. ..$ levelsU    : int 576
  .. ..$ df0        : num 5
  .. ..$ R2         : num 0.167
  .. ..$ S0         : num 61.6
  .. ..$ u          : num [1:3646] -10.3 -13.8 -11 -14.4 -12.9 ...
  .. ..$ varU       : num 624
  .. ..$ uStar      : num [1:576] -541.17 266.73 91.78 -147.97 3.83 ...
  .. ..$ NamefileOut: chr "X2_cum/ETA_3_varU.dat"
  .. ..$ SD.u       : num [1:3646] 2.96 2.33 3.19 2.53 2.77 ...
  .. ..$ SD.varU    : num 158
 - attr(*, "class")= chr "BGLR"
NULL
List of 21
 $ y            : num [1:3646] 91.8 39 66.8 33 24.3 ...
 $ a            : NULL
 $ b            : NULL
 $ whichNa      : int [1:1011] 2636 2637 2638 2639 2640 2641 2642 2643 2644 2645 ...
 $ saveAt       : chr "X9/"
 $ nIter        : num 12000
 $ burnIn       : num 2000
 $ thin         : num 5
 $ weights      : num [1:3646] 1 1 1 1 1 1 1 1 1 1 ...
 $ verbose      : logi FALSE
 $ response_type: chr "gaussian"
 $ df0          : num 5
 $ S0           : num 3012
 $ yHat         : num [1:3646] 55.2 29.7 49 34.9 21.8 ...
 $ SD.yHat      : num [1:3646] 8.55 8.48 9.22 8.87 8.8 ...
 $ mu           : num 43.8
 $ SD.mu        : num 3.08
 $ varE         : num 562
 $ SD.varE      : num 21.8
 $ fit          :List of 4
  ..$ logLikAtPostMean: num -11898
  ..$ postMeanLogLik  : num -12080
  ..$ pD              : num 364
  ..$ DIC             : num 24524
 $ ETA          :List of 3
  ..$ :List of 15
  .. ..$ V          : num [1:3646, 1:6] 0 0 0 0 0 0 0 0 0 0 ...
  .. .. ..- attr(*, "dimnames")=List of 2
  .. .. .. ..$ : chr [1:3646] "2020-21_11.107-5" "2020-21_12.90-53" "2020-21_12.93-4" "2020-21_14.37-103" ...
  .. .. .. ..$ : NULL
  .. ..$ d          : num [1:6] 1011 918 450 447 435 ...
  .. ..$ model      : chr "RKHS"
  .. ..$ Name       : chr "ETA_1"
  .. ..$ tolD       : num 1e-10
  .. ..$ levelsU    : int 6
  .. ..$ df0        : num 5
  .. ..$ R2         : num 0.167
  .. ..$ S0         : num 2.29
  .. ..$ u          : num [1:3646] -0.0209 -0.0209 -0.0209 -0.0209 -0.0209 ...
  .. ..$ varU       : num 0.768
  .. ..$ uStar      : num [1:6] -0.362 -1.715 -0.2 3.206 0.435 ...
  .. ..$ NamefileOut: chr "X9/ETA_1_varU.dat"
  .. ..$ SD.u       : num [1:3646] 0.881 0.881 0.881 0.881 0.881 ...
  .. ..$ SD.varU    : num 0.921
  ..$ :List of 15
  .. ..$ V          : num [1:3646, 1:2737] 0.408 0 0 0 0 ...
  .. .. ..- attr(*, "dimnames")=List of 2
  .. .. .. ..$ : chr [1:3646] "2020-21_11.107-5" "2020-21_12.90-53" "2020-21_12.93-4" "2020-21_14.37-103" ...
  .. .. .. ..$ : chr [1:2737] "11.107-5" "12.90-53" "12.93-4" "13.27-142" ...
  .. ..$ d          : Named num [1:2737] 6 1 3 1 1 1 1 1 2 1 ...
  .. .. ..- attr(*, "names")= chr [1:2737] "11.107-5" "12.90-53" "12.93-4" "13.27-142" ...
  .. ..$ model      : chr "RKHS"
  .. ..$ Name       : chr "ETA_2"
  .. ..$ tolD       : num 1e-10
  .. ..$ levelsU    : int 2737
  .. ..$ df0        : num 5
  .. ..$ R2         : num 0.167
  .. ..$ S0         : num 1043
  .. ..$ u          : num [1:3646] 5.963 1.114 10.047 -0.22 0.358 ...
  .. ..$ varU       : num 69.6
  .. ..$ uStar      : num [1:2737] 14.61 1.11 17.4 -1.4 -0.22 ...
  .. ..$ NamefileOut: chr "X9/ETA_2_varU.dat"
  .. ..$ SD.u       : num [1:3646] 6.51 7.85 7.45 7.84 7.67 ...
  .. ..$ SD.varU    : num 14.9
  ..$ :List of 15
  .. ..$ V          : num [1:3646, 1:576] 0.010764 0.006644 0.010142 0.00602 -0.000353 ...
  .. .. ..- attr(*, "dimnames")=List of 2
  .. .. .. ..$ : chr [1:3646] "2020-21_11.107-5" "2020-21_12.90-53" "2020-21_12.93-4" "2020-21_14.37-103" ...
  .. .. .. ..$ : NULL
  .. ..$ d          : num [1:576] 1718 767 374 228 121 ...
  .. ..$ model      : chr "RKHS"
  .. ..$ Name       : chr "ETA_3"
  .. ..$ tolD       : num 1e-10
  .. ..$ levelsU    : int 576
  .. ..$ df0        : num 5
  .. ..$ R2         : num 0.167
  .. ..$ S0         : num 220
  .. ..$ u          : num [1:3646] 5.48 -15.17 -4.83 -8.63 -22.38 ...
  .. ..$ varU       : num 3224
  .. ..$ uStar      : num [1:576] 222.5 100.4 479.6 923.9 21.8 ...
  .. ..$ NamefileOut: chr "X9/ETA_3_varU.dat"
  .. ..$ SD.u       : num [1:3646] 6.59 5.27 6.73 5.47 5.8 ...
  .. ..$ SD.varU    : num 791
 - attr(*, "class")= chr "BGLR"
NULL
List of 21
 $ y            : num [1:3646] 154.538 29.272 69.207 65.857 0.606 ...
 $ a            : NULL
 $ b            : NULL
 $ whichNa      : int [1:1011] 2636 2637 2638 2639 2640 2641 2642 2643 2644 2645 ...
 $ saveAt       : chr "X10/"
 $ nIter        : num 12000
 $ burnIn       : num 2000
 $ thin         : num 5
 $ weights      : num [1:3646] 1 1 1 1 1 1 1 1 1 1 ...
 $ verbose      : logi FALSE
 $ response_type: chr "gaussian"
 $ df0          : num 5
 $ S0           : num 3450
 $ yHat         : num [1:3646] 55.75 30.46 48.31 30.79 8.56 ...
 $ SD.yHat      : num [1:3646] 8.2 7.97 8.57 8.25 8.61 ...
 $ mu           : num 30.8
 $ SD.mu        : num 2.86
 $ varE         : num 525
 $ SD.varE      : num 18.8
 $ fit          :List of 4
  ..$ logLikAtPostMean: num -11815
  ..$ postMeanLogLik  : num -11989
  ..$ pD              : num 348
  ..$ DIC             : num 24326
 $ ETA          :List of 3
  ..$ :List of 15
  .. ..$ V          : num [1:3646, 1:6] 0 0 0 0 0 0 0 0 0 0 ...
  .. .. ..- attr(*, "dimnames")=List of 2
  .. .. .. ..$ : chr [1:3646] "2020-21_11.107-5" "2020-21_12.90-53" "2020-21_12.93-4" "2020-21_14.37-103" ...
  .. .. .. ..$ : NULL
  .. ..$ d          : num [1:6] 1011 918 450 447 435 ...
  .. ..$ model      : chr "RKHS"
  .. ..$ Name       : chr "ETA_1"
  .. ..$ tolD       : num 1e-10
  .. ..$ levelsU    : int 6
  .. ..$ df0        : num 5
  .. ..$ R2         : num 0.167
  .. ..$ S0         : num 2.62
  .. ..$ u          : num [1:3646] -0.00362 -0.00362 -0.00362 -0.00362 -0.00362 ...
  .. ..$ varU       : num 0.925
  .. ..$ uStar      : num [1:6] 0.3808 -2.6095 2.153 3.046 0.0755 ...
  .. ..$ NamefileOut: chr "X10/ETA_1_varU.dat"
  .. ..$ SD.u       : num [1:3646] 0.96 0.96 0.96 0.96 0.96 ...
  .. ..$ SD.varU    : num 1.27
  ..$ :List of 15
  .. ..$ V          : num [1:3646, 1:2737] 0.408 0 0 0 0 ...
  .. .. ..- attr(*, "dimnames")=List of 2
  .. .. .. ..$ : chr [1:3646] "2020-21_11.107-5" "2020-21_12.90-53" "2020-21_12.93-4" "2020-21_14.37-103" ...
  .. .. .. ..$ : chr [1:2737] "11.107-5" "12.90-53" "12.93-4" "13.27-142" ...
  .. ..$ d          : Named num [1:2737] 6 1 3 1 1 1 1 1 2 1 ...
  .. .. ..- attr(*, "names")= chr [1:2737] "11.107-5" "12.90-53" "12.93-4" "13.27-142" ...
  .. ..$ model      : chr "RKHS"
  .. ..$ Name       : chr "ETA_2"
  .. ..$ tolD       : num 1e-10
  .. ..$ levelsU    : int 2737
  .. ..$ df0        : num 5
  .. ..$ R2         : num 0.167
  .. ..$ S0         : num 1195
  .. ..$ u          : num [1:3646] 6.366 -0.203 5.305 4.263 -0.934 ...
  .. ..$ varU       : num 61.4
  .. ..$ uStar      : num [1:2737] 15.594 -0.203 9.189 -4.306 4.263 ...
  .. ..$ NamefileOut: chr "X10/ETA_2_varU.dat"
  .. ..$ SD.u       : num [1:3646] 6.16 7.31 6.79 7.44 7.46 ...
  .. ..$ SD.varU    : num 10
  ..$ :List of 15
  .. ..$ V          : num [1:3646, 1:576] 0.010764 0.006644 0.010142 0.00602 -0.000353 ...
  .. .. ..- attr(*, "dimnames")=List of 2
  .. .. .. ..$ : chr [1:3646] "2020-21_11.107-5" "2020-21_12.90-53" "2020-21_12.93-4" "2020-21_14.37-103" ...
  .. .. .. ..$ : NULL
  .. ..$ d          : num [1:576] 1718 767 374 228 121 ...
  .. ..$ model      : chr "RKHS"
  .. ..$ Name       : chr "ETA_3"
  .. ..$ tolD       : num 1e-10
  .. ..$ levelsU    : int 576
  .. ..$ df0        : num 5
  .. ..$ R2         : num 0.167
  .. ..$ S0         : num 251
  .. ..$ u          : num [1:3646] 18.599 -0.129 12.215 -4.266 -21.291 ...
  .. ..$ varU       : num 2636
  .. ..$ uStar      : num [1:576] 1450 345 -204 161 381 ...
  .. ..$ NamefileOut: chr "X10/ETA_3_varU.dat"
  .. ..$ SD.u       : num [1:3646] 6.49 4.93 6.27 5.07 5.58 ...
  .. ..$ SD.varU    : num 725
 - attr(*, "class")= chr "BGLR"
NULL
List of 21
 $ y            : num [1:3646] 0.488 5.656 0.158 4.728 11.634 ...
 $ a            : NULL
 $ b            : NULL
 $ whichNa      : int [1:1011] 2636 2637 2638 2639 2640 2641 2642 2643 2644 2645 ...
 $ saveAt       : chr "X3_cum/"
 $ nIter        : num 12000
 $ burnIn       : num 2000
 $ thin         : num 5
 $ weights      : num [1:3646] 1 1 1 1 1 1 1 1 1 1 ...
 $ verbose      : logi FALSE
 $ response_type: chr "gaussian"
 $ df0          : num 5
 $ S0           : num 1647
 $ yHat         : num [1:3646] 25.96 4.97 12.49 7.95 8.7 ...
 $ SD.yHat      : num [1:3646] 6.77 9.23 7.44 9.2 9.28 ...
 $ mu           : num 44
 $ SD.mu        : num 2.82
 $ varE         : num 182
 $ SD.varE      : num 14.3
 $ fit          :List of 4
  ..$ logLikAtPostMean: num -10045
  ..$ postMeanLogLik  : num -10587
  ..$ pD              : num 1084
  ..$ DIC             : num 22257
 $ ETA          :List of 3
  ..$ :List of 15
  .. ..$ V          : num [1:3646, 1:6] 0 0 0 0 0 0 0 0 0 0 ...
  .. .. ..- attr(*, "dimnames")=List of 2
  .. .. .. ..$ : chr [1:3646] "2020-21_11.107-5" "2020-21_12.90-53" "2020-21_12.93-4" "2020-21_14.37-103" ...
  .. .. .. ..$ : NULL
  .. ..$ d          : num [1:6] 1011 918 450 447 435 ...
  .. ..$ model      : chr "RKHS"
  .. ..$ Name       : chr "ETA_1"
  .. ..$ tolD       : num 1e-10
  .. ..$ levelsU    : int 6
  .. ..$ df0        : num 5
  .. ..$ R2         : num 0.167
  .. ..$ S0         : num 1.25
  .. ..$ u          : num [1:3646] -0.0144 -0.0144 -0.0144 -0.0144 -0.0144 ...
  .. ..$ varU       : num 0.432
  .. ..$ uStar      : num [1:6] -0.174 -0.28 0.917 -0.727 0.3 ...
  .. ..$ NamefileOut: chr "X3_cum/ETA_1_varU.dat"
  .. ..$ SD.u       : num [1:3646] 0.626 0.626 0.626 0.626 0.626 ...
  .. ..$ SD.varU    : num 0.505
  ..$ :List of 15
  .. ..$ V          : num [1:3646, 1:2737] 0.408 0 0 0 0 ...
  .. .. ..- attr(*, "dimnames")=List of 2
  .. .. .. ..$ : chr [1:3646] "2020-21_11.107-5" "2020-21_12.90-53" "2020-21_12.93-4" "2020-21_14.37-103" ...
  .. .. .. ..$ : chr [1:2737] "11.107-5" "12.90-53" "12.93-4" "13.27-142" ...
  .. ..$ d          : Named num [1:2737] 6 1 3 1 1 1 1 1 2 1 ...
  .. .. ..- attr(*, "names")= chr [1:2737] "11.107-5" "12.90-53" "12.93-4" "13.27-142" ...
  .. ..$ model      : chr "RKHS"
  .. ..$ Name       : chr "ETA_2"
  .. ..$ tolD       : num 1e-10
  .. ..$ levelsU    : int 2737
  .. ..$ df0        : num 5
  .. ..$ R2         : num 0.167
  .. ..$ S0         : num 570
  .. ..$ u          : num [1:3646] 6.291 0.948 4.129 -2.814 2.169 ...
  .. ..$ varU       : num 152
  .. ..$ uStar      : num [1:2737] 15.41 0.948 7.151 12.587 -2.814 ...
  .. ..$ NamefileOut: chr "X3_cum/ETA_2_varU.dat"
  .. ..$ SD.u       : num [1:3646] 5.58 9.16 6.76 9.17 9.3 ...
  .. ..$ SD.varU    : num 18.4
  ..$ :List of 15
  .. ..$ V          : num [1:3646, 1:576] 0.010764 0.006644 0.010142 0.00602 -0.000353 ...
  .. .. ..- attr(*, "dimnames")=List of 2
  .. .. .. ..$ : chr [1:3646] "2020-21_11.107-5" "2020-21_12.90-53" "2020-21_12.93-4" "2020-21_14.37-103" ...
  .. .. .. ..$ : NULL
  .. ..$ d          : num [1:576] 1718 767 374 228 121 ...
  .. ..$ model      : chr "RKHS"
  .. ..$ Name       : chr "ETA_3"
  .. ..$ tolD       : num 1e-10
  .. ..$ levelsU    : int 576
  .. ..$ df0        : num 5
  .. ..$ R2         : num 0.167
  .. ..$ S0         : num 120
  .. ..$ u          : num [1:3646] -24.3 -39.9 -35.6 -33.2 -37.4 ...
  .. ..$ varU       : num 3540
  .. ..$ uStar      : num [1:576] -1061 562 1057 -291 -468 ...
  .. ..$ NamefileOut: chr "X3_cum/ETA_3_varU.dat"
  .. ..$ SD.u       : num [1:3646] 5.28 4.53 5.6 4.69 5.05 ...
  .. ..$ SD.varU    : num 646
 - attr(*, "class")= chr "BGLR"
NULL
List of 21
 $ y            : num [1:3646] 0.1023 0.00692 0.09019 0 0 ...
 $ a            : NULL
 $ b            : NULL
 $ whichNa      : int [1:1011] 2636 2637 2638 2639 2640 2641 2642 2643 2644 2645 ...
 $ saveAt       : chr "X1_cum/"
 $ nIter        : num 12000
 $ burnIn       : num 2000
 $ thin         : num 5
 $ weights      : num [1:3646] 1 1 1 1 1 1 1 1 1 1 ...
 $ verbose      : logi FALSE
 $ response_type: chr "gaussian"
 $ df0          : num 5
 $ S0           : num 144
 $ yHat         : num [1:3646] 5.1225 0.0738 -0.3061 0.0469 0.2964 ...
 $ SD.yHat      : num [1:3646] 1.51 2.74 1.81 2.72 2.77 ...
 $ mu           : num 4.24
 $ SD.mu        : num 0.653
 $ varE         : num 9.01
 $ SD.varE      : num 0.574
 $ fit          :List of 4
  ..$ logLikAtPostMean: num -5769
  ..$ postMeanLogLik  : num -6627
  ..$ pD              : num 1715
  ..$ DIC             : num 14969
 $ ETA          :List of 3
  ..$ :List of 15
  .. ..$ V          : num [1:3646, 1:6] 0 0 0 0 0 0 0 0 0 0 ...
  .. .. ..- attr(*, "dimnames")=List of 2
  .. .. .. ..$ : chr [1:3646] "2020-21_11.107-5" "2020-21_12.90-53" "2020-21_12.93-4" "2020-21_14.37-103" ...
  .. .. .. ..$ : NULL
  .. ..$ d          : num [1:6] 1011 918 450 447 435 ...
  .. ..$ model      : chr "RKHS"
  .. ..$ Name       : chr "ETA_1"
  .. ..$ tolD       : num 1e-10
  .. ..$ levelsU    : int 6
  .. ..$ df0        : num 5
  .. ..$ R2         : num 0.167
  .. ..$ S0         : num 0.109
  .. ..$ u          : num [1:3646] -0.631 -0.631 -0.631 -0.631 -0.631 ...
  .. ..$ varU       : num 1.13
  .. ..$ uStar      : num [1:6] 13.62 -4.2 9.38 10.6 13.15 ...
  .. ..$ NamefileOut: chr "X1_cum/ETA_1_varU.dat"
  .. ..$ SD.u       : num [1:3646] 1.71 1.71 1.71 1.71 1.71 ...
  .. ..$ SD.varU    : num 2.68
  ..$ :List of 15
  .. ..$ V          : num [1:3646, 1:2737] 0.408 0 0 0 0 ...
  .. .. ..- attr(*, "dimnames")=List of 2
  .. .. .. ..$ : chr [1:3646] "2020-21_11.107-5" "2020-21_12.90-53" "2020-21_12.93-4" "2020-21_14.37-103" ...
  .. .. .. ..$ : chr [1:2737] "11.107-5" "12.90-53" "12.93-4" "13.27-142" ...
  .. ..$ d          : Named num [1:2737] 6 1 3 1 1 1 1 1 2 1 ...
  .. .. ..- attr(*, "names")= chr [1:2737] "11.107-5" "12.90-53" "12.93-4" "13.27-142" ...
  .. ..$ model      : chr "RKHS"
  .. ..$ Name       : chr "ETA_2"
  .. ..$ tolD       : num 1e-10
  .. ..$ levelsU    : int 2737
  .. ..$ df0        : num 5
  .. ..$ R2         : num 0.167
  .. ..$ S0         : num 49.8
  .. ..$ u          : num [1:3646] 4.5797 -0.1491 -1.3913 -0.0702 -1.1219 ...
  .. ..$ varU       : num 44.6
  .. ..$ uStar      : num [1:2737] 11.218 -0.1491 -2.4097 -1.039 -0.0702 ...
  .. ..$ NamefileOut: chr "X1_cum/ETA_2_varU.dat"
  .. ..$ SD.u       : num [1:3646] 1.36 2.79 1.77 2.79 2.83 ...
  .. ..$ SD.varU    : num 1.9
  ..$ :List of 15
  .. ..$ V          : num [1:3646, 1:576] 0.010764 0.006644 0.010142 0.00602 -0.000353 ...
  .. .. ..- attr(*, "dimnames")=List of 2
  .. .. .. ..$ : chr [1:3646] "2020-21_11.107-5" "2020-21_12.90-53" "2020-21_12.93-4" "2020-21_14.37-103" ...
  .. .. .. ..$ : NULL
  .. ..$ d          : num [1:576] 1718 767 374 228 121 ...
  .. ..$ model      : chr "RKHS"
  .. ..$ Name       : chr "ETA_3"
  .. ..$ tolD       : num 1e-10
  .. ..$ levelsU    : int 576
  .. ..$ df0        : num 5
  .. ..$ R2         : num 0.167
  .. ..$ S0         : num 10.5
  .. ..$ u          : num [1:3646] -3.07 -3.39 -2.53 -3.49 -2.19 ...
  .. ..$ varU       : num 21.5
  .. ..$ uStar      : num [1:576] -124.25 48.89 9.11 -28.7 24.77 ...
  .. ..$ NamefileOut: chr "X1_cum/ETA_3_varU.dat"
  .. ..$ SD.u       : num [1:3646] 1.66 1.64 1.61 1.75 1.55 ...
  .. ..$ SD.varU    : num 10.2
 - attr(*, "class")= chr "BGLR"
NULL
List of 21
 $ y            : num [1:3646] 0.1023 0.00692 0.09019 0 0 ...
 $ a            : NULL
 $ b            : NULL
 $ whichNa      : int [1:1011] 2636 2637 2638 2639 2640 2641 2642 2643 2644 2645 ...
 $ saveAt       : chr "X1_cum/"
 $ nIter        : num 12000
 $ burnIn       : num 2000
 $ thin         : num 5
 $ weights      : num [1:3646] 1 1 1 1 1 1 1 1 1 1 ...
 $ verbose      : logi FALSE
 $ response_type: chr "gaussian"
 $ df0          : num 5
 $ S0           : num 144
 $ yHat         : num [1:3646] 5.1225 0.0738 -0.3061 0.0469 0.2964 ...
 $ SD.yHat      : num [1:3646] 1.51 2.74 1.81 2.72 2.77 ...
 $ mu           : num 4.24
 $ SD.mu        : num 0.653
 $ varE         : num 9.01
 $ SD.varE      : num 0.574
 $ fit          :List of 4
  ..$ logLikAtPostMean: num -5769
  ..$ postMeanLogLik  : num -6627
  ..$ pD              : num 1715
  ..$ DIC             : num 14969
 $ ETA          :List of 3
  ..$ :List of 15
  .. ..$ V          : num [1:3646, 1:6] 0 0 0 0 0 0 0 0 0 0 ...
  .. .. ..- attr(*, "dimnames")=List of 2
  .. .. .. ..$ : chr [1:3646] "2020-21_11.107-5" "2020-21_12.90-53" "2020-21_12.93-4" "2020-21_14.37-103" ...
  .. .. .. ..$ : NULL
  .. ..$ d          : num [1:6] 1011 918 450 447 435 ...
  .. ..$ model      : chr "RKHS"
  .. ..$ Name       : chr "ETA_1"
  .. ..$ tolD       : num 1e-10
  .. ..$ levelsU    : int 6
  .. ..$ df0        : num 5
  .. ..$ R2         : num 0.167
  .. ..$ S0         : num 0.109
  .. ..$ u          : num [1:3646] -0.631 -0.631 -0.631 -0.631 -0.631 ...
  .. ..$ varU       : num 1.13
  .. ..$ uStar      : num [1:6] 13.62 -4.2 9.38 10.6 13.15 ...
  .. ..$ NamefileOut: chr "X1_cum/ETA_1_varU.dat"
  .. ..$ SD.u       : num [1:3646] 1.71 1.71 1.71 1.71 1.71 ...
  .. ..$ SD.varU    : num 2.68
  ..$ :List of 15
  .. ..$ V          : num [1:3646, 1:2737] 0.408 0 0 0 0 ...
  .. .. ..- attr(*, "dimnames")=List of 2
  .. .. .. ..$ : chr [1:3646] "2020-21_11.107-5" "2020-21_12.90-53" "2020-21_12.93-4" "2020-21_14.37-103" ...
  .. .. .. ..$ : chr [1:2737] "11.107-5" "12.90-53" "12.93-4" "13.27-142" ...
  .. ..$ d          : Named num [1:2737] 6 1 3 1 1 1 1 1 2 1 ...
  .. .. ..- attr(*, "names")= chr [1:2737] "11.107-5" "12.90-53" "12.93-4" "13.27-142" ...
  .. ..$ model      : chr "RKHS"
  .. ..$ Name       : chr "ETA_2"
  .. ..$ tolD       : num 1e-10
  .. ..$ levelsU    : int 2737
  .. ..$ df0        : num 5
  .. ..$ R2         : num 0.167
  .. ..$ S0         : num 49.8
  .. ..$ u          : num [1:3646] 4.5797 -0.1491 -1.3913 -0.0702 -1.1219 ...
  .. ..$ varU       : num 44.6
  .. ..$ uStar      : num [1:2737] 11.218 -0.1491 -2.4097 -1.039 -0.0702 ...
  .. ..$ NamefileOut: chr "X1_cum/ETA_2_varU.dat"
  .. ..$ SD.u       : num [1:3646] 1.36 2.79 1.77 2.79 2.83 ...
  .. ..$ SD.varU    : num 1.9
  ..$ :List of 15
  .. ..$ V          : num [1:3646, 1:576] 0.010764 0.006644 0.010142 0.00602 -0.000353 ...
  .. .. ..- attr(*, "dimnames")=List of 2
  .. .. .. ..$ : chr [1:3646] "2020-21_11.107-5" "2020-21_12.90-53" "2020-21_12.93-4" "2020-21_14.37-103" ...
  .. .. .. ..$ : NULL
  .. ..$ d          : num [1:576] 1718 767 374 228 121 ...
  .. ..$ model      : chr "RKHS"
  .. ..$ Name       : chr "ETA_3"
  .. ..$ tolD       : num 1e-10
  .. ..$ levelsU    : int 576
  .. ..$ df0        : num 5
  .. ..$ R2         : num 0.167
  .. ..$ S0         : num 10.5
  .. ..$ u          : num [1:3646] -3.07 -3.39 -2.53 -3.49 -2.19 ...
  .. ..$ varU       : num 21.5
  .. ..$ uStar      : num [1:576] -124.25 48.89 9.11 -28.7 24.77 ...
  .. ..$ NamefileOut: chr "X1_cum/ETA_3_varU.dat"
  .. ..$ SD.u       : num [1:3646] 1.66 1.64 1.61 1.75 1.55 ...
  .. ..$ SD.varU    : num 10.2
 - attr(*, "class")= chr "BGLR"
NULL
List of 21
 $ y            : num [1:3646] 0.1023 0.00692 0.09019 0 0 ...
 $ a            : NULL
 $ b            : NULL
 $ whichNa      : int [1:1011] 2636 2637 2638 2639 2640 2641 2642 2643 2644 2645 ...
 $ saveAt       : chr "X1_cum/"
 $ nIter        : num 12000
 $ burnIn       : num 2000
 $ thin         : num 5
 $ weights      : num [1:3646] 1 1 1 1 1 1 1 1 1 1 ...
 $ verbose      : logi FALSE
 $ response_type: chr "gaussian"
 $ df0          : num 5
 $ S0           : num 144
 $ yHat         : num [1:3646] 5.1225 0.0738 -0.3061 0.0469 0.2964 ...
 $ SD.yHat      : num [1:3646] 1.51 2.74 1.81 2.72 2.77 ...
 $ mu           : num 4.24
 $ SD.mu        : num 0.653
 $ varE         : num 9.01
 $ SD.varE      : num 0.574
 $ fit          :List of 4
  ..$ logLikAtPostMean: num -5769
  ..$ postMeanLogLik  : num -6627
  ..$ pD              : num 1715
  ..$ DIC             : num 14969
 $ ETA          :List of 3
  ..$ :List of 15
  .. ..$ V          : num [1:3646, 1:6] 0 0 0 0 0 0 0 0 0 0 ...
  .. .. ..- attr(*, "dimnames")=List of 2
  .. .. .. ..$ : chr [1:3646] "2020-21_11.107-5" "2020-21_12.90-53" "2020-21_12.93-4" "2020-21_14.37-103" ...
  .. .. .. ..$ : NULL
  .. ..$ d          : num [1:6] 1011 918 450 447 435 ...
  .. ..$ model      : chr "RKHS"
  .. ..$ Name       : chr "ETA_1"
  .. ..$ tolD       : num 1e-10
  .. ..$ levelsU    : int 6
  .. ..$ df0        : num 5
  .. ..$ R2         : num 0.167
  .. ..$ S0         : num 0.109
  .. ..$ u          : num [1:3646] -0.631 -0.631 -0.631 -0.631 -0.631 ...
  .. ..$ varU       : num 1.13
  .. ..$ uStar      : num [1:6] 13.62 -4.2 9.38 10.6 13.15 ...
  .. ..$ NamefileOut: chr "X1_cum/ETA_1_varU.dat"
  .. ..$ SD.u       : num [1:3646] 1.71 1.71 1.71 1.71 1.71 ...
  .. ..$ SD.varU    : num 2.68
  ..$ :List of 15
  .. ..$ V          : num [1:3646, 1:2737] 0.408 0 0 0 0 ...
  .. .. ..- attr(*, "dimnames")=List of 2
  .. .. .. ..$ : chr [1:3646] "2020-21_11.107-5" "2020-21_12.90-53" "2020-21_12.93-4" "2020-21_14.37-103" ...
  .. .. .. ..$ : chr [1:2737] "11.107-5" "12.90-53" "12.93-4" "13.27-142" ...
  .. ..$ d          : Named num [1:2737] 6 1 3 1 1 1 1 1 2 1 ...
  .. .. ..- attr(*, "names")= chr [1:2737] "11.107-5" "12.90-53" "12.93-4" "13.27-142" ...
  .. ..$ model      : chr "RKHS"
  .. ..$ Name       : chr "ETA_2"
  .. ..$ tolD       : num 1e-10
  .. ..$ levelsU    : int 2737
  .. ..$ df0        : num 5
  .. ..$ R2         : num 0.167
  .. ..$ S0         : num 49.8
  .. ..$ u          : num [1:3646] 4.5797 -0.1491 -1.3913 -0.0702 -1.1219 ...
  .. ..$ varU       : num 44.6
  .. ..$ uStar      : num [1:2737] 11.218 -0.1491 -2.4097 -1.039 -0.0702 ...
  .. ..$ NamefileOut: chr "X1_cum/ETA_2_varU.dat"
  .. ..$ SD.u       : num [1:3646] 1.36 2.79 1.77 2.79 2.83 ...
  .. ..$ SD.varU    : num 1.9
  ..$ :List of 15
  .. ..$ V          : num [1:3646, 1:576] 0.010764 0.006644 0.010142 0.00602 -0.000353 ...
  .. .. ..- attr(*, "dimnames")=List of 2
  .. .. .. ..$ : chr [1:3646] "2020-21_11.107-5" "2020-21_12.90-53" "2020-21_12.93-4" "2020-21_14.37-103" ...
  .. .. .. ..$ : NULL
  .. ..$ d          : num [1:576] 1718 767 374 228 121 ...
  .. ..$ model      : chr "RKHS"
  .. ..$ Name       : chr "ETA_3"
  .. ..$ tolD       : num 1e-10
  .. ..$ levelsU    : int 576
  .. ..$ df0        : num 5
  .. ..$ R2         : num 0.167
  .. ..$ S0         : num 10.5
  .. ..$ u          : num [1:3646] -3.07 -3.39 -2.53 -3.49 -2.19 ...
  .. ..$ varU       : num 21.5
  .. ..$ uStar      : num [1:576] -124.25 48.89 9.11 -28.7 24.77 ...
  .. ..$ NamefileOut: chr "X1_cum/ETA_3_varU.dat"
  .. ..$ SD.u       : num [1:3646] 1.66 1.64 1.61 1.75 1.55 ...
  .. ..$ SD.varU    : num 10.2
 - attr(*, "class")= chr "BGLR"
NULL
List of 21
 $ y            : num [1:3646] 154.538 29.272 69.207 65.857 0.606 ...
 $ a            : NULL
 $ b            : NULL
 $ whichNa      : int [1:1011] 2636 2637 2638 2639 2640 2641 2642 2643 2644 2645 ...
 $ saveAt       : chr "X10/"
 $ nIter        : num 12000
 $ burnIn       : num 2000
 $ thin         : num 5
 $ weights      : num [1:3646] 1 1 1 1 1 1 1 1 1 1 ...
 $ verbose      : logi FALSE
 $ response_type: chr "gaussian"
 $ df0          : num 5
 $ S0           : num 3450
 $ yHat         : num [1:3646] 55.75 30.46 48.31 30.79 8.56 ...
 $ SD.yHat      : num [1:3646] 8.2 7.97 8.57 8.25 8.61 ...
 $ mu           : num 30.8
 $ SD.mu        : num 2.86
 $ varE         : num 525
 $ SD.varE      : num 18.8
 $ fit          :List of 4
  ..$ logLikAtPostMean: num -11815
  ..$ postMeanLogLik  : num -11989
  ..$ pD              : num 348
  ..$ DIC             : num 24326
 $ ETA          :List of 3
  ..$ :List of 15
  .. ..$ V          : num [1:3646, 1:6] 0 0 0 0 0 0 0 0 0 0 ...
  .. .. ..- attr(*, "dimnames")=List of 2
  .. .. .. ..$ : chr [1:3646] "2020-21_11.107-5" "2020-21_12.90-53" "2020-21_12.93-4" "2020-21_14.37-103" ...
  .. .. .. ..$ : NULL
  .. ..$ d          : num [1:6] 1011 918 450 447 435 ...
  .. ..$ model      : chr "RKHS"
  .. ..$ Name       : chr "ETA_1"
  .. ..$ tolD       : num 1e-10
  .. ..$ levelsU    : int 6
  .. ..$ df0        : num 5
  .. ..$ R2         : num 0.167
  .. ..$ S0         : num 2.62
  .. ..$ u          : num [1:3646] -0.00362 -0.00362 -0.00362 -0.00362 -0.00362 ...
  .. ..$ varU       : num 0.925
  .. ..$ uStar      : num [1:6] 0.3808 -2.6095 2.153 3.046 0.0755 ...
  .. ..$ NamefileOut: chr "X10/ETA_1_varU.dat"
  .. ..$ SD.u       : num [1:3646] 0.96 0.96 0.96 0.96 0.96 ...
  .. ..$ SD.varU    : num 1.27
  ..$ :List of 15
  .. ..$ V          : num [1:3646, 1:2737] 0.408 0 0 0 0 ...
  .. .. ..- attr(*, "dimnames")=List of 2
  .. .. .. ..$ : chr [1:3646] "2020-21_11.107-5" "2020-21_12.90-53" "2020-21_12.93-4" "2020-21_14.37-103" ...
  .. .. .. ..$ : chr [1:2737] "11.107-5" "12.90-53" "12.93-4" "13.27-142" ...
  .. ..$ d          : Named num [1:2737] 6 1 3 1 1 1 1 1 2 1 ...
  .. .. ..- attr(*, "names")= chr [1:2737] "11.107-5" "12.90-53" "12.93-4" "13.27-142" ...
  .. ..$ model      : chr "RKHS"
  .. ..$ Name       : chr "ETA_2"
  .. ..$ tolD       : num 1e-10
  .. ..$ levelsU    : int 2737
  .. ..$ df0        : num 5
  .. ..$ R2         : num 0.167
  .. ..$ S0         : num 1195
  .. ..$ u          : num [1:3646] 6.366 -0.203 5.305 4.263 -0.934 ...
  .. ..$ varU       : num 61.4
  .. ..$ uStar      : num [1:2737] 15.594 -0.203 9.189 -4.306 4.263 ...
  .. ..$ NamefileOut: chr "X10/ETA_2_varU.dat"
  .. ..$ SD.u       : num [1:3646] 6.16 7.31 6.79 7.44 7.46 ...
  .. ..$ SD.varU    : num 10
  ..$ :List of 15
  .. ..$ V          : num [1:3646, 1:576] 0.010764 0.006644 0.010142 0.00602 -0.000353 ...
  .. .. ..- attr(*, "dimnames")=List of 2
  .. .. .. ..$ : chr [1:3646] "2020-21_11.107-5" "2020-21_12.90-53" "2020-21_12.93-4" "2020-21_14.37-103" ...
  .. .. .. ..$ : NULL
  .. ..$ d          : num [1:576] 1718 767 374 228 121 ...
  .. ..$ model      : chr "RKHS"
  .. ..$ Name       : chr "ETA_3"
  .. ..$ tolD       : num 1e-10
  .. ..$ levelsU    : int 576
  .. ..$ df0        : num 5
  .. ..$ R2         : num 0.167
  .. ..$ S0         : num 251
  .. ..$ u          : num [1:3646] 18.599 -0.129 12.215 -4.266 -21.291 ...
  .. ..$ varU       : num 2636
  .. ..$ uStar      : num [1:576] 1450 345 -204 161 381 ...
  .. ..$ NamefileOut: chr "X10/ETA_3_varU.dat"
  .. ..$ SD.u       : num [1:3646] 6.49 4.93 6.27 5.07 5.58 ...
  .. ..$ SD.varU    : num 725
 - attr(*, "class")= chr "BGLR"
NULL
List of 21
 $ y            : num [1:3646] 0.1023 0.00692 0.09019 0 0 ...
 $ a            : NULL
 $ b            : NULL
 $ whichNa      : int [1:1011] 2636 2637 2638 2639 2640 2641 2642 2643 2644 2645 ...
 $ saveAt       : chr "X1_cum/"
 $ nIter        : num 12000
 $ burnIn       : num 2000
 $ thin         : num 5
 $ weights      : num [1:3646] 1 1 1 1 1 1 1 1 1 1 ...
 $ verbose      : logi FALSE
 $ response_type: chr "gaussian"
 $ df0          : num 5
 $ S0           : num 144
 $ yHat         : num [1:3646] 5.1225 0.0738 -0.3061 0.0469 0.2964 ...
 $ SD.yHat      : num [1:3646] 1.51 2.74 1.81 2.72 2.77 ...
 $ mu           : num 4.24
 $ SD.mu        : num 0.653
 $ varE         : num 9.01
 $ SD.varE      : num 0.574
 $ fit          :List of 4
  ..$ logLikAtPostMean: num -5769
  ..$ postMeanLogLik  : num -6627
  ..$ pD              : num 1715
  ..$ DIC             : num 14969
 $ ETA          :List of 3
  ..$ :List of 15
  .. ..$ V          : num [1:3646, 1:6] 0 0 0 0 0 0 0 0 0 0 ...
  .. .. ..- attr(*, "dimnames")=List of 2
  .. .. .. ..$ : chr [1:3646] "2020-21_11.107-5" "2020-21_12.90-53" "2020-21_12.93-4" "2020-21_14.37-103" ...
  .. .. .. ..$ : NULL
  .. ..$ d          : num [1:6] 1011 918 450 447 435 ...
  .. ..$ model      : chr "RKHS"
  .. ..$ Name       : chr "ETA_1"
  .. ..$ tolD       : num 1e-10
  .. ..$ levelsU    : int 6
  .. ..$ df0        : num 5
  .. ..$ R2         : num 0.167
  .. ..$ S0         : num 0.109
  .. ..$ u          : num [1:3646] -0.631 -0.631 -0.631 -0.631 -0.631 ...
  .. ..$ varU       : num 1.13
  .. ..$ uStar      : num [1:6] 13.62 -4.2 9.38 10.6 13.15 ...
  .. ..$ NamefileOut: chr "X1_cum/ETA_1_varU.dat"
  .. ..$ SD.u       : num [1:3646] 1.71 1.71 1.71 1.71 1.71 ...
  .. ..$ SD.varU    : num 2.68
  ..$ :List of 15
  .. ..$ V          : num [1:3646, 1:2737] 0.408 0 0 0 0 ...
  .. .. ..- attr(*, "dimnames")=List of 2
  .. .. .. ..$ : chr [1:3646] "2020-21_11.107-5" "2020-21_12.90-53" "2020-21_12.93-4" "2020-21_14.37-103" ...
  .. .. .. ..$ : chr [1:2737] "11.107-5" "12.90-53" "12.93-4" "13.27-142" ...
  .. ..$ d          : Named num [1:2737] 6 1 3 1 1 1 1 1 2 1 ...
  .. .. ..- attr(*, "names")= chr [1:2737] "11.107-5" "12.90-53" "12.93-4" "13.27-142" ...
  .. ..$ model      : chr "RKHS"
  .. ..$ Name       : chr "ETA_2"
  .. ..$ tolD       : num 1e-10
  .. ..$ levelsU    : int 2737
  .. ..$ df0        : num 5
  .. ..$ R2         : num 0.167
  .. ..$ S0         : num 49.8
  .. ..$ u          : num [1:3646] 4.5797 -0.1491 -1.3913 -0.0702 -1.1219 ...
  .. ..$ varU       : num 44.6
  .. ..$ uStar      : num [1:2737] 11.218 -0.1491 -2.4097 -1.039 -0.0702 ...
  .. ..$ NamefileOut: chr "X1_cum/ETA_2_varU.dat"
  .. ..$ SD.u       : num [1:3646] 1.36 2.79 1.77 2.79 2.83 ...
  .. ..$ SD.varU    : num 1.9
  ..$ :List of 15
  .. ..$ V          : num [1:3646, 1:576] 0.010764 0.006644 0.010142 0.00602 -0.000353 ...
  .. .. ..- attr(*, "dimnames")=List of 2
  .. .. .. ..$ : chr [1:3646] "2020-21_11.107-5" "2020-21_12.90-53" "2020-21_12.93-4" "2020-21_14.37-103" ...
  .. .. .. ..$ : NULL
  .. ..$ d          : num [1:576] 1718 767 374 228 121 ...
  .. ..$ model      : chr "RKHS"
  .. ..$ Name       : chr "ETA_3"
  .. ..$ tolD       : num 1e-10
  .. ..$ levelsU    : int 576
  .. ..$ df0        : num 5
  .. ..$ R2         : num 0.167
  .. ..$ S0         : num 10.5
  .. ..$ u          : num [1:3646] -3.07 -3.39 -2.53 -3.49 -2.19 ...
  .. ..$ varU       : num 21.5
  .. ..$ uStar      : num [1:576] -124.25 48.89 9.11 -28.7 24.77 ...
  .. ..$ NamefileOut: chr "X1_cum/ETA_3_varU.dat"
  .. ..$ SD.u       : num [1:3646] 1.66 1.64 1.61 1.75 1.55 ...
  .. ..$ SD.varU    : num 10.2
 - attr(*, "class")= chr "BGLR"
NULL
List of 21
 $ y            : num [1:3646] 0.488 17.358 0.481 7.03 16.172 ...
 $ a            : NULL
 $ b            : NULL
 $ whichNa      : int [1:1011] 2636 2637 2638 2639 2640 2641 2642 2643 2644 2645 ...
 $ saveAt       : chr "X4_cum/"
 $ nIter        : num 12000
 $ burnIn       : num 2000
 $ thin         : num 5
 $ weights      : num [1:3646] 1 1 1 1 1 1 1 1 1 1 ...
 $ verbose      : logi FALSE
 $ response_type: chr "gaussian"
 $ df0          : num 5
 $ S0           : num 2535
 $ yHat         : num [1:3646] 27.4 12.6 15.6 15.7 14.2 ...
 $ SD.yHat      : num [1:3646] 8.34 11.06 9.6 10.77 11.45 ...
 $ mu           : num 68.3
 $ SD.mu        : num 3.07
 $ varE         : num 270
 $ SD.varE      : num 18.2
 $ fit          :List of 4
  ..$ logLikAtPostMean: num -10583
  ..$ postMeanLogLik  : num -11111
  ..$ pD              : num 1057
  ..$ DIC             : num 23279
 $ ETA          :List of 3
  ..$ :List of 15
  .. ..$ V          : num [1:3646, 1:6] 0 0 0 0 0 0 0 0 0 0 ...
  .. .. ..- attr(*, "dimnames")=List of 2
  .. .. .. ..$ : chr [1:3646] "2020-21_11.107-5" "2020-21_12.90-53" "2020-21_12.93-4" "2020-21_14.37-103" ...
  .. .. .. ..$ : NULL
  .. ..$ d          : num [1:6] 1011 918 450 447 435 ...
  .. ..$ model      : chr "RKHS"
  .. ..$ Name       : chr "ETA_1"
  .. ..$ tolD       : num 1e-10
  .. ..$ levelsU    : int 6
  .. ..$ df0        : num 5
  .. ..$ R2         : num 0.167
  .. ..$ S0         : num 1.92
  .. ..$ u          : num [1:3646] -0.0602 -0.0602 -0.0602 -0.0602 -0.0602 ...
  .. ..$ varU       : num 0.685
  .. ..$ uStar      : num [1:6] -0.322 -0.604 1.392 -0.93 1.255 ...
  .. ..$ NamefileOut: chr "X4_cum/ETA_1_varU.dat"
  .. ..$ SD.u       : num [1:3646] 0.819 0.819 0.819 0.819 0.819 ...
  .. ..$ SD.varU    : num 0.98
  ..$ :List of 15
  .. ..$ V          : num [1:3646, 1:2737] 0.408 0 0 0 0 ...
  .. .. ..- attr(*, "dimnames")=List of 2
  .. .. .. ..$ : chr [1:3646] "2020-21_11.107-5" "2020-21_12.90-53" "2020-21_12.93-4" "2020-21_14.37-103" ...
  .. .. .. ..$ : chr [1:2737] "11.107-5" "12.90-53" "12.93-4" "13.27-142" ...
  .. ..$ d          : Named num [1:2737] 6 1 3 1 1 1 1 1 2 1 ...
  .. .. ..- attr(*, "names")= chr [1:2737] "11.107-5" "12.90-53" "12.93-4" "13.27-142" ...
  .. ..$ model      : chr "RKHS"
  .. ..$ Name       : chr "ETA_2"
  .. ..$ tolD       : num 1e-10
  .. ..$ levelsU    : int 2737
  .. ..$ df0        : num 5
  .. ..$ R2         : num 0.167
  .. ..$ S0         : num 878
  .. ..$ u          : num [1:3646] 5.9 3.56 7.27 -6.47 1.63 ...
  .. ..$ varU       : num 204
  .. ..$ uStar      : num [1:2737] 14.45 3.56 12.59 10.72 -6.47 ...
  .. ..$ NamefileOut: chr "X4_cum/ETA_2_varU.dat"
  .. ..$ SD.u       : num [1:3646] 6.73 10.85 8.43 10.66 11.46 ...
  .. ..$ SD.varU    : num 22.5
  ..$ :List of 15
  .. ..$ V          : num [1:3646, 1:576] 0.010764 0.006644 0.010142 0.00602 -0.000353 ...
  .. .. ..- attr(*, "dimnames")=List of 2
  .. .. .. ..$ : chr [1:3646] "2020-21_11.107-5" "2020-21_12.90-53" "2020-21_12.93-4" "2020-21_14.37-103" ...
  .. .. .. ..$ : NULL
  .. ..$ d          : num [1:576] 1718 767 374 228 121 ...
  .. ..$ model      : chr "RKHS"
  .. ..$ Name       : chr "ETA_3"
  .. ..$ tolD       : num 1e-10
  .. ..$ levelsU    : int 576
  .. ..$ df0        : num 5
  .. ..$ R2         : num 0.167
  .. ..$ S0         : num 185
  .. ..$ u          : num [1:3646] -46.7 -59.2 -59.9 -46.1 -55.7 ...
  .. ..$ varU       : num 7905
  .. ..$ uStar      : num [1:576] -1662 699 1934 -250 -947 ...
  .. ..$ NamefileOut: chr "X4_cum/ETA_3_varU.dat"
  .. ..$ SD.u       : num [1:3646] 6.53 5.52 6.84 5.69 6.26 ...
  .. ..$ SD.varU    : num 1302
 - attr(*, "class")= chr "BGLR"
NULL
List of 21
 $ y            : num [1:3646] 0.3854 -0.2234 0.0613 -0.1008 8.3403 ...
 $ a            : NULL
 $ b            : NULL
 $ whichNa      : int [1:1011] 2636 2637 2638 2639 2640 2641 2642 2643 2644 2645 ...
 $ saveAt       : chr "X3/"
 $ nIter        : num 12000
 $ burnIn       : num 2000
 $ thin         : num 5
 $ weights      : num [1:3646] 1 1 1 1 1 1 1 1 1 1 ...
 $ verbose      : logi FALSE
 $ response_type: chr "gaussian"
 $ df0          : num 5
 $ S0           : num 427
 $ yHat         : num [1:3646] 10.43 1.28 3.56 4.32 3.57 ...
 $ SD.yHat      : num [1:3646] 4.07 4.76 4.61 4.96 5.12 ...
 $ mu           : num 23.3
 $ SD.mu        : num 1.22
 $ varE         : num 82.4
 $ SD.varE      : num 5.04
 $ fit          :List of 4
  ..$ logLikAtPostMean: num -9183
  ..$ postMeanLogLik  : num -9549
  ..$ pD              : num 732
  ..$ DIC             : num 19830
 $ ETA          :List of 3
  ..$ :List of 15
  .. ..$ V          : num [1:3646, 1:6] 0 0 0 0 0 0 0 0 0 0 ...
  .. .. ..- attr(*, "dimnames")=List of 2
  .. .. .. ..$ : chr [1:3646] "2020-21_11.107-5" "2020-21_12.90-53" "2020-21_12.93-4" "2020-21_14.37-103" ...
  .. .. .. ..$ : NULL
  .. ..$ d          : num [1:6] 1011 918 450 447 435 ...
  .. ..$ model      : chr "RKHS"
  .. ..$ Name       : chr "ETA_1"
  .. ..$ tolD       : num 1e-10
  .. ..$ levelsU    : int 6
  .. ..$ df0        : num 5
  .. ..$ R2         : num 0.167
  .. ..$ S0         : num 0.324
  .. ..$ u          : num [1:3646] -0.0149 -0.0149 -0.0149 -0.0149 -0.0149 ...
  .. ..$ varU       : num 0.114
  .. ..$ uStar      : num [1:6] -0.1498 -0.0748 0.4245 -0.7667 0.3112 ...
  .. ..$ NamefileOut: chr "X3/ETA_1_varU.dat"
  .. ..$ SD.u       : num [1:3646] 0.351 0.351 0.351 0.351 0.351 ...
  .. ..$ SD.varU    : num 0.158
  ..$ :List of 15
  .. ..$ V          : num [1:3646, 1:2737] 0.408 0 0 0 0 ...
  .. .. ..- attr(*, "dimnames")=List of 2
  .. .. .. ..$ : chr [1:3646] "2020-21_11.107-5" "2020-21_12.90-53" "2020-21_12.93-4" "2020-21_14.37-103" ...
  .. .. .. ..$ : chr [1:2737] "11.107-5" "12.90-53" "12.93-4" "13.27-142" ...
  .. ..$ d          : Named num [1:2737] 6 1 3 1 1 1 1 1 2 1 ...
  .. .. ..- attr(*, "names")= chr [1:2737] "11.107-5" "12.90-53" "12.93-4" "13.27-142" ...
  .. ..$ model      : chr "RKHS"
  .. ..$ Name       : chr "ETA_2"
  .. ..$ tolD       : num 1e-10
  .. ..$ levelsU    : int 2737
  .. ..$ df0        : num 5
  .. ..$ R2         : num 0.167
  .. ..$ S0         : num 148
  .. ..$ u          : num [1:3646] 0.171 -0.258 2.678 -1.494 1.9 ...
  .. ..$ varU       : num 30.6
  .. ..$ uStar      : num [1:2737] 0.42 -0.258 4.639 2.575 -1.494 ...
  .. ..$ NamefileOut: chr "X3/ETA_2_varU.dat"
  .. ..$ SD.u       : num [1:3646] 3.33 4.6 3.84 4.7 4.79 ...
  .. ..$ SD.varU    : num 5.41
  ..$ :List of 15
  .. ..$ V          : num [1:3646, 1:576] 0.010764 0.006644 0.010142 0.00602 -0.000353 ...
  .. .. ..- attr(*, "dimnames")=List of 2
  .. .. .. ..$ : chr [1:3646] "2020-21_11.107-5" "2020-21_12.90-53" "2020-21_12.93-4" "2020-21_14.37-103" ...
  .. .. .. ..$ : NULL
  .. ..$ d          : num [1:576] 1718 767 374 228 121 ...
  .. ..$ model      : chr "RKHS"
  .. ..$ Name       : chr "ETA_3"
  .. ..$ tolD       : num 1e-10
  .. ..$ levelsU    : int 576
  .. ..$ df0        : num 5
  .. ..$ R2         : num 0.167
  .. ..$ S0         : num 31.2
  .. ..$ u          : num [1:3646] -13 -21.8 -22.4 -17.5 -21.6 ...
  .. ..$ varU       : num 1294
  .. ..$ uStar      : num [1:576] -419 276 711 -122 -374 ...
  .. ..$ NamefileOut: chr "X3/ETA_3_varU.dat"
  .. ..$ SD.u       : num [1:3646] 2.93 2.43 3.17 2.55 2.78 ...
  .. ..$ SD.varU    : num 220
 - attr(*, "class")= chr "BGLR"
NULL
List of 21
 $ y            : num [1:3646] 0.1023 5.6562 0.0967 4.7282 3.2936 ...
 $ a            : NULL
 $ b            : NULL
 $ whichNa      : int [1:1011] 2636 2637 2638 2639 2640 2641 2642 2643 2644 2645 ...
 $ saveAt       : chr "X2_cum/"
 $ nIter        : num 12000
 $ burnIn       : num 2000
 $ thin         : num 5
 $ weights      : num [1:3646] 1 1 1 1 1 1 1 1 1 1 ...
 $ verbose      : logi FALSE
 $ response_type: chr "gaussian"
 $ df0          : num 5
 $ S0           : num 845
 $ yHat         : num [1:3646] 14.52 5.11 6.89 4.22 3.71 ...
 $ SD.yHat      : num [1:3646] 3.91 6.22 4.45 6.18 6.17 ...
 $ mu           : num 17.5
 $ SD.mu        : num 1.35
 $ varE         : num 51.1
 $ SD.varE      : num 3.59
 $ fit          :List of 4
  ..$ logLikAtPostMean: num -8101
  ..$ postMeanLogLik  : num -8913
  ..$ pD              : num 1623
  ..$ DIC             : num 19448
 $ ETA          :List of 3
  ..$ :List of 15
  .. ..$ V          : num [1:3646, 1:6] 0 0 0 0 0 0 0 0 0 0 ...
  .. .. ..- attr(*, "dimnames")=List of 2
  .. .. .. ..$ : chr [1:3646] "2020-21_11.107-5" "2020-21_12.90-53" "2020-21_12.93-4" "2020-21_14.37-103" ...
  .. .. .. ..$ : NULL
  .. ..$ d          : num [1:6] 1011 918 450 447 435 ...
  .. ..$ model      : chr "RKHS"
  .. ..$ Name       : chr "ETA_1"
  .. ..$ tolD       : num 1e-10
  .. ..$ levelsU    : int 6
  .. ..$ df0        : num 5
  .. ..$ R2         : num 0.167
  .. ..$ S0         : num 0.642
  .. ..$ u          : num [1:3646] -0.0321 -0.0321 -0.0321 -0.0321 -0.0321 ...
  .. ..$ varU       : num 0.232
  .. ..$ uStar      : num [1:6] -0.431 -0.295 1.127 0.988 0.669 ...
  .. ..$ NamefileOut: chr "X2_cum/ETA_1_varU.dat"
  .. ..$ SD.u       : num [1:3646] 0.489 0.489 0.489 0.489 0.489 ...
  .. ..$ SD.varU    : num 0.286
  ..$ :List of 15
  .. ..$ V          : num [1:3646, 1:2737] 0.408 0 0 0 0 ...
  .. .. ..- attr(*, "dimnames")=List of 2
  .. .. .. ..$ : chr [1:3646] "2020-21_11.107-5" "2020-21_12.90-53" "2020-21_12.93-4" "2020-21_14.37-103" ...
  .. .. .. ..$ : chr [1:2737] "11.107-5" "12.90-53" "12.93-4" "13.27-142" ...
  .. ..$ d          : Named num [1:2737] 6 1 3 1 1 1 1 1 2 1 ...
  .. .. ..- attr(*, "names")= chr [1:2737] "11.107-5" "12.90-53" "12.93-4" "13.27-142" ...
  .. ..$ model      : chr "RKHS"
  .. ..$ Name       : chr "ETA_2"
  .. ..$ tolD       : num 1e-10
  .. ..$ levelsU    : int 2737
  .. ..$ df0        : num 5
  .. ..$ R2         : num 0.167
  .. ..$ S0         : num 293
  .. ..$ u          : num [1:3646] 7.323 1.412 0.416 1.055 -0.938 ...
  .. ..$ varU       : num 165
  .. ..$ uStar      : num [1:2737] 17.94 1.41 0.72 13.27 1.05 ...
  .. ..$ NamefileOut: chr "X2_cum/ETA_2_varU.dat"
  .. ..$ SD.u       : num [1:3646] 3.38 6.36 4.26 6.43 6.38 ...
  .. ..$ SD.varU    : num 8.29
  ..$ :List of 15
  .. ..$ V          : num [1:3646, 1:576] 0.010764 0.006644 0.010142 0.00602 -0.000353 ...
  .. .. ..- attr(*, "dimnames")=List of 2
  .. .. .. ..$ : chr [1:3646] "2020-21_11.107-5" "2020-21_12.90-53" "2020-21_12.93-4" "2020-21_14.37-103" ...
  .. .. .. ..$ : NULL
  .. ..$ d          : num [1:576] 1718 767 374 228 121 ...
  .. ..$ model      : chr "RKHS"
  .. ..$ Name       : chr "ETA_3"
  .. ..$ tolD       : num 1e-10
  .. ..$ levelsU    : int 576
  .. ..$ df0        : num 5
  .. ..$ R2         : num 0.167
  .. ..$ S0         : num 61.6
  .. ..$ u          : num [1:3646] -10.3 -13.8 -11 -14.4 -12.9 ...
  .. ..$ varU       : num 624
  .. ..$ uStar      : num [1:576] -541.17 266.73 91.78 -147.97 3.83 ...
  .. ..$ NamefileOut: chr "X2_cum/ETA_3_varU.dat"
  .. ..$ SD.u       : num [1:3646] 2.96 2.33 3.19 2.53 2.77 ...
  .. ..$ SD.varU    : num 158
 - attr(*, "class")= chr "BGLR"
NULL
List of 21
 $ y            : num [1:3646] -0.573 11.702 0.323 2.302 4.538 ...
 $ a            : NULL
 $ b            : NULL
 $ whichNa      : int [1:1011] 2636 2637 2638 2639 2640 2641 2642 2643 2644 2645 ...
 $ saveAt       : chr "X4/"
 $ nIter        : num 12000
 $ burnIn       : num 2000
 $ thin         : num 5
 $ weights      : num [1:3646] 1 1 1 1 1 1 1 1 1 1 ...
 $ verbose      : logi FALSE
 $ response_type: chr "gaussian"
 $ df0          : num 5
 $ S0           : num 418
 $ yHat         : num [1:3646] 2.02 7.9 2.75 8.64 4.76 ...
 $ SD.yHat      : num [1:3646] 4.05 4.67 4.52 4.83 4.87 ...
 $ mu           : num 21.7
 $ SD.mu        : num 1.16
 $ varE         : num 82.6
 $ SD.varE      : num 5.27
 $ fit          :List of 4
  ..$ logLikAtPostMean: num -9197
  ..$ postMeanLogLik  : num -9551
  ..$ pD              : num 707
  ..$ DIC             : num 19809
 $ ETA          :List of 3
  ..$ :List of 15
  .. ..$ V          : num [1:3646, 1:6] 0 0 0 0 0 0 0 0 0 0 ...
  .. .. ..- attr(*, "dimnames")=List of 2
  .. .. .. ..$ : chr [1:3646] "2020-21_11.107-5" "2020-21_12.90-53" "2020-21_12.93-4" "2020-21_14.37-103" ...
  .. .. .. ..$ : NULL
  .. ..$ d          : num [1:6] 1011 918 450 447 435 ...
  .. ..$ model      : chr "RKHS"
  .. ..$ Name       : chr "ETA_1"
  .. ..$ tolD       : num 1e-10
  .. ..$ levelsU    : int 6
  .. ..$ df0        : num 5
  .. ..$ R2         : num 0.167
  .. ..$ S0         : num 0.317
  .. ..$ u          : num [1:3646] 0.00204 0.00204 0.00204 0.00204 0.00204 ...
  .. ..$ varU       : num 0.103
  .. ..$ uStar      : num [1:6] 0.1737 -0.3592 -0.665 0.0548 -0.0425 ...
  .. ..$ NamefileOut: chr "X4/ETA_1_varU.dat"
  .. ..$ SD.u       : num [1:3646] 0.317 0.317 0.317 0.317 0.317 ...
  .. ..$ SD.varU    : num 0.105
  ..$ :List of 15
  .. ..$ V          : num [1:3646, 1:2737] 0.408 0 0 0 0 ...
  .. .. ..- attr(*, "dimnames")=List of 2
  .. .. .. ..$ : chr [1:3646] "2020-21_11.107-5" "2020-21_12.90-53" "2020-21_12.93-4" "2020-21_14.37-103" ...
  .. .. .. ..$ : chr [1:2737] "11.107-5" "12.90-53" "12.93-4" "13.27-142" ...
  .. ..$ d          : Named num [1:2737] 6 1 3 1 1 1 1 1 2 1 ...
  .. .. ..- attr(*, "names")= chr [1:2737] "11.107-5" "12.90-53" "12.93-4" "13.27-142" ...
  .. ..$ model      : chr "RKHS"
  .. ..$ Name       : chr "ETA_2"
  .. ..$ tolD       : num 1e-10
  .. ..$ levelsU    : int 2737
  .. ..$ df0        : num 5
  .. ..$ R2         : num 0.167
  .. ..$ S0         : num 145
  .. ..$ u          : num [1:3646] -0.917 1.364 2.195 -2.532 -0.444 ...
  .. ..$ varU       : num 29.7
  .. ..$ uStar      : num [1:2737] -2.247 1.364 3.802 0.193 -2.532 ...
  .. ..$ NamefileOut: chr "X4/ETA_2_varU.dat"
  .. ..$ SD.u       : num [1:3646] 3.27 4.53 3.93 4.69 4.67 ...
  .. ..$ SD.varU    : num 5.41
  ..$ :List of 15
  .. ..$ V          : num [1:3646, 1:576] 0.010764 0.006644 0.010142 0.00602 -0.000353 ...
  .. .. ..- attr(*, "dimnames")=List of 2
  .. .. .. ..$ : chr [1:3646] "2020-21_11.107-5" "2020-21_12.90-53" "2020-21_12.93-4" "2020-21_14.37-103" ...
  .. .. .. ..$ : NULL
  .. ..$ d          : num [1:576] 1718 767 374 228 121 ...
  .. ..$ model      : chr "RKHS"
  .. ..$ Name       : chr "ETA_3"
  .. ..$ tolD       : num 1e-10
  .. ..$ levelsU    : int 576
  .. ..$ df0        : num 5
  .. ..$ R2         : num 0.167
  .. ..$ S0         : num 30.5
  .. ..$ u          : num [1:3646] -18.8 -15.2 -21.1 -10.5 -16.5 ...
  .. ..$ varU       : num 930
  .. ..$ uStar      : num [1:576] -518.1 121.6 670.9 54.8 -397.3 ...
  .. ..$ NamefileOut: chr "X4/ETA_3_varU.dat"
  .. ..$ SD.u       : num [1:3646] 2.91 2.18 3.03 2.31 2.62 ...
  .. ..$ SD.varU    : num 190
 - attr(*, "class")= chr "BGLR"
NULL
List of 21
 $ y            : num [1:3646] 0.3854 -0.2234 0.0613 -0.1008 8.3403 ...
 $ a            : NULL
 $ b            : NULL
 $ whichNa      : int [1:1011] 2636 2637 2638 2639 2640 2641 2642 2643 2644 2645 ...
 $ saveAt       : chr "X3/"
 $ nIter        : num 12000
 $ burnIn       : num 2000
 $ thin         : num 5
 $ weights      : num [1:3646] 1 1 1 1 1 1 1 1 1 1 ...
 $ verbose      : logi FALSE
 $ response_type: chr "gaussian"
 $ df0          : num 5
 $ S0           : num 427
 $ yHat         : num [1:3646] 10.43 1.28 3.56 4.32 3.57 ...
 $ SD.yHat      : num [1:3646] 4.07 4.76 4.61 4.96 5.12 ...
 $ mu           : num 23.3
 $ SD.mu        : num 1.22
 $ varE         : num 82.4
 $ SD.varE      : num 5.04
 $ fit          :List of 4
  ..$ logLikAtPostMean: num -9183
  ..$ postMeanLogLik  : num -9549
  ..$ pD              : num 732
  ..$ DIC             : num 19830
 $ ETA          :List of 3
  ..$ :List of 15
  .. ..$ V          : num [1:3646, 1:6] 0 0 0 0 0 0 0 0 0 0 ...
  .. .. ..- attr(*, "dimnames")=List of 2
  .. .. .. ..$ : chr [1:3646] "2020-21_11.107-5" "2020-21_12.90-53" "2020-21_12.93-4" "2020-21_14.37-103" ...
  .. .. .. ..$ : NULL
  .. ..$ d          : num [1:6] 1011 918 450 447 435 ...
  .. ..$ model      : chr "RKHS"
  .. ..$ Name       : chr "ETA_1"
  .. ..$ tolD       : num 1e-10
  .. ..$ levelsU    : int 6
  .. ..$ df0        : num 5
  .. ..$ R2         : num 0.167
  .. ..$ S0         : num 0.324
  .. ..$ u          : num [1:3646] -0.0149 -0.0149 -0.0149 -0.0149 -0.0149 ...
  .. ..$ varU       : num 0.114
  .. ..$ uStar      : num [1:6] -0.1498 -0.0748 0.4245 -0.7667 0.3112 ...
  .. ..$ NamefileOut: chr "X3/ETA_1_varU.dat"
  .. ..$ SD.u       : num [1:3646] 0.351 0.351 0.351 0.351 0.351 ...
  .. ..$ SD.varU    : num 0.158
  ..$ :List of 15
  .. ..$ V          : num [1:3646, 1:2737] 0.408 0 0 0 0 ...
  .. .. ..- attr(*, "dimnames")=List of 2
  .. .. .. ..$ : chr [1:3646] "2020-21_11.107-5" "2020-21_12.90-53" "2020-21_12.93-4" "2020-21_14.37-103" ...
  .. .. .. ..$ : chr [1:2737] "11.107-5" "12.90-53" "12.93-4" "13.27-142" ...
  .. ..$ d          : Named num [1:2737] 6 1 3 1 1 1 1 1 2 1 ...
  .. .. ..- attr(*, "names")= chr [1:2737] "11.107-5" "12.90-53" "12.93-4" "13.27-142" ...
  .. ..$ model      : chr "RKHS"
  .. ..$ Name       : chr "ETA_2"
  .. ..$ tolD       : num 1e-10
  .. ..$ levelsU    : int 2737
  .. ..$ df0        : num 5
  .. ..$ R2         : num 0.167
  .. ..$ S0         : num 148
  .. ..$ u          : num [1:3646] 0.171 -0.258 2.678 -1.494 1.9 ...
  .. ..$ varU       : num 30.6
  .. ..$ uStar      : num [1:2737] 0.42 -0.258 4.639 2.575 -1.494 ...
  .. ..$ NamefileOut: chr "X3/ETA_2_varU.dat"
  .. ..$ SD.u       : num [1:3646] 3.33 4.6 3.84 4.7 4.79 ...
  .. ..$ SD.varU    : num 5.41
  ..$ :List of 15
  .. ..$ V          : num [1:3646, 1:576] 0.010764 0.006644 0.010142 0.00602 -0.000353 ...
  .. .. ..- attr(*, "dimnames")=List of 2
  .. .. .. ..$ : chr [1:3646] "2020-21_11.107-5" "2020-21_12.90-53" "2020-21_12.93-4" "2020-21_14.37-103" ...
  .. .. .. ..$ : NULL
  .. ..$ d          : num [1:576] 1718 767 374 228 121 ...
  .. ..$ model      : chr "RKHS"
  .. ..$ Name       : chr "ETA_3"
  .. ..$ tolD       : num 1e-10
  .. ..$ levelsU    : int 576
  .. ..$ df0        : num 5
  .. ..$ R2         : num 0.167
  .. ..$ S0         : num 31.2
  .. ..$ u          : num [1:3646] -13 -21.8 -22.4 -17.5 -21.6 ...
  .. ..$ varU       : num 1294
  .. ..$ uStar      : num [1:576] -419 276 711 -122 -374 ...
  .. ..$ NamefileOut: chr "X3/ETA_3_varU.dat"
  .. ..$ SD.u       : num [1:3646] 2.93 2.43 3.17 2.55 2.78 ...
  .. ..$ SD.varU    : num 220
 - attr(*, "class")= chr "BGLR"
NULL
List of 21
 $ y            : num [1:3646] 0.1023 5.6562 0.0967 4.7282 3.2936 ...
 $ a            : NULL
 $ b            : NULL
 $ whichNa      : int [1:1011] 2636 2637 2638 2639 2640 2641 2642 2643 2644 2645 ...
 $ saveAt       : chr "X2_cum/"
 $ nIter        : num 12000
 $ burnIn       : num 2000
 $ thin         : num 5
 $ weights      : num [1:3646] 1 1 1 1 1 1 1 1 1 1 ...
 $ verbose      : logi FALSE
 $ response_type: chr "gaussian"
 $ df0          : num 5
 $ S0           : num 845
 $ yHat         : num [1:3646] 14.52 5.11 6.89 4.22 3.71 ...
 $ SD.yHat      : num [1:3646] 3.91 6.22 4.45 6.18 6.17 ...
 $ mu           : num 17.5
 $ SD.mu        : num 1.35
 $ varE         : num 51.1
 $ SD.varE      : num 3.59
 $ fit          :List of 4
  ..$ logLikAtPostMean: num -8101
  ..$ postMeanLogLik  : num -8913
  ..$ pD              : num 1623
  ..$ DIC             : num 19448
 $ ETA          :List of 3
  ..$ :List of 15
  .. ..$ V          : num [1:3646, 1:6] 0 0 0 0 0 0 0 0 0 0 ...
  .. .. ..- attr(*, "dimnames")=List of 2
  .. .. .. ..$ : chr [1:3646] "2020-21_11.107-5" "2020-21_12.90-53" "2020-21_12.93-4" "2020-21_14.37-103" ...
  .. .. .. ..$ : NULL
  .. ..$ d          : num [1:6] 1011 918 450 447 435 ...
  .. ..$ model      : chr "RKHS"
  .. ..$ Name       : chr "ETA_1"
  .. ..$ tolD       : num 1e-10
  .. ..$ levelsU    : int 6
  .. ..$ df0        : num 5
  .. ..$ R2         : num 0.167
  .. ..$ S0         : num 0.642
  .. ..$ u          : num [1:3646] -0.0321 -0.0321 -0.0321 -0.0321 -0.0321 ...
  .. ..$ varU       : num 0.232
  .. ..$ uStar      : num [1:6] -0.431 -0.295 1.127 0.988 0.669 ...
  .. ..$ NamefileOut: chr "X2_cum/ETA_1_varU.dat"
  .. ..$ SD.u       : num [1:3646] 0.489 0.489 0.489 0.489 0.489 ...
  .. ..$ SD.varU    : num 0.286
  ..$ :List of 15
  .. ..$ V          : num [1:3646, 1:2737] 0.408 0 0 0 0 ...
  .. .. ..- attr(*, "dimnames")=List of 2
  .. .. .. ..$ : chr [1:3646] "2020-21_11.107-5" "2020-21_12.90-53" "2020-21_12.93-4" "2020-21_14.37-103" ...
  .. .. .. ..$ : chr [1:2737] "11.107-5" "12.90-53" "12.93-4" "13.27-142" ...
  .. ..$ d          : Named num [1:2737] 6 1 3 1 1 1 1 1 2 1 ...
  .. .. ..- attr(*, "names")= chr [1:2737] "11.107-5" "12.90-53" "12.93-4" "13.27-142" ...
  .. ..$ model      : chr "RKHS"
  .. ..$ Name       : chr "ETA_2"
  .. ..$ tolD       : num 1e-10
  .. ..$ levelsU    : int 2737
  .. ..$ df0        : num 5
  .. ..$ R2         : num 0.167
  .. ..$ S0         : num 293
  .. ..$ u          : num [1:3646] 7.323 1.412 0.416 1.055 -0.938 ...
  .. ..$ varU       : num 165
  .. ..$ uStar      : num [1:2737] 17.94 1.41 0.72 13.27 1.05 ...
  .. ..$ NamefileOut: chr "X2_cum/ETA_2_varU.dat"
  .. ..$ SD.u       : num [1:3646] 3.38 6.36 4.26 6.43 6.38 ...
  .. ..$ SD.varU    : num 8.29
  ..$ :List of 15
  .. ..$ V          : num [1:3646, 1:576] 0.010764 0.006644 0.010142 0.00602 -0.000353 ...
  .. .. ..- attr(*, "dimnames")=List of 2
  .. .. .. ..$ : chr [1:3646] "2020-21_11.107-5" "2020-21_12.90-53" "2020-21_12.93-4" "2020-21_14.37-103" ...
  .. .. .. ..$ : NULL
  .. ..$ d          : num [1:576] 1718 767 374 228 121 ...
  .. ..$ model      : chr "RKHS"
  .. ..$ Name       : chr "ETA_3"
  .. ..$ tolD       : num 1e-10
  .. ..$ levelsU    : int 576
  .. ..$ df0        : num 5
  .. ..$ R2         : num 0.167
  .. ..$ S0         : num 61.6
  .. ..$ u          : num [1:3646] -10.3 -13.8 -11 -14.4 -12.9 ...
  .. ..$ varU       : num 624
  .. ..$ uStar      : num [1:576] -541.17 266.73 91.78 -147.97 3.83 ...
  .. ..$ NamefileOut: chr "X2_cum/ETA_3_varU.dat"
  .. ..$ SD.u       : num [1:3646] 2.96 2.33 3.19 2.53 2.77 ...
  .. ..$ SD.varU    : num 158
 - attr(*, "class")= chr "BGLR"
NULL
List of 21
 $ y            : num [1:3646] 0.1023 5.6562 0.0967 4.7282 3.2936 ...
 $ a            : NULL
 $ b            : NULL
 $ whichNa      : int [1:1011] 2636 2637 2638 2639 2640 2641 2642 2643 2644 2645 ...
 $ saveAt       : chr "X2_cum/"
 $ nIter        : num 12000
 $ burnIn       : num 2000
 $ thin         : num 5
 $ weights      : num [1:3646] 1 1 1 1 1 1 1 1 1 1 ...
 $ verbose      : logi FALSE
 $ response_type: chr "gaussian"
 $ df0          : num 5
 $ S0           : num 845
 $ yHat         : num [1:3646] 14.52 5.11 6.89 4.22 3.71 ...
 $ SD.yHat      : num [1:3646] 3.91 6.22 4.45 6.18 6.17 ...
 $ mu           : num 17.5
 $ SD.mu        : num 1.35
 $ varE         : num 51.1
 $ SD.varE      : num 3.59
 $ fit          :List of 4
  ..$ logLikAtPostMean: num -8101
  ..$ postMeanLogLik  : num -8913
  ..$ pD              : num 1623
  ..$ DIC             : num 19448
 $ ETA          :List of 3
  ..$ :List of 15
  .. ..$ V          : num [1:3646, 1:6] 0 0 0 0 0 0 0 0 0 0 ...
  .. .. ..- attr(*, "dimnames")=List of 2
  .. .. .. ..$ : chr [1:3646] "2020-21_11.107-5" "2020-21_12.90-53" "2020-21_12.93-4" "2020-21_14.37-103" ...
  .. .. .. ..$ : NULL
  .. ..$ d          : num [1:6] 1011 918 450 447 435 ...
  .. ..$ model      : chr "RKHS"
  .. ..$ Name       : chr "ETA_1"
  .. ..$ tolD       : num 1e-10
  .. ..$ levelsU    : int 6
  .. ..$ df0        : num 5
  .. ..$ R2         : num 0.167
  .. ..$ S0         : num 0.642
  .. ..$ u          : num [1:3646] -0.0321 -0.0321 -0.0321 -0.0321 -0.0321 ...
  .. ..$ varU       : num 0.232
  .. ..$ uStar      : num [1:6] -0.431 -0.295 1.127 0.988 0.669 ...
  .. ..$ NamefileOut: chr "X2_cum/ETA_1_varU.dat"
  .. ..$ SD.u       : num [1:3646] 0.489 0.489 0.489 0.489 0.489 ...
  .. ..$ SD.varU    : num 0.286
  ..$ :List of 15
  .. ..$ V          : num [1:3646, 1:2737] 0.408 0 0 0 0 ...
  .. .. ..- attr(*, "dimnames")=List of 2
  .. .. .. ..$ : chr [1:3646] "2020-21_11.107-5" "2020-21_12.90-53" "2020-21_12.93-4" "2020-21_14.37-103" ...
  .. .. .. ..$ : chr [1:2737] "11.107-5" "12.90-53" "12.93-4" "13.27-142" ...
  .. ..$ d          : Named num [1:2737] 6 1 3 1 1 1 1 1 2 1 ...
  .. .. ..- attr(*, "names")= chr [1:2737] "11.107-5" "12.90-53" "12.93-4" "13.27-142" ...
  .. ..$ model      : chr "RKHS"
  .. ..$ Name       : chr "ETA_2"
  .. ..$ tolD       : num 1e-10
  .. ..$ levelsU    : int 2737
  .. ..$ df0        : num 5
  .. ..$ R2         : num 0.167
  .. ..$ S0         : num 293
  .. ..$ u          : num [1:3646] 7.323 1.412 0.416 1.055 -0.938 ...
  .. ..$ varU       : num 165
  .. ..$ uStar      : num [1:2737] 17.94 1.41 0.72 13.27 1.05 ...
  .. ..$ NamefileOut: chr "X2_cum/ETA_2_varU.dat"
  .. ..$ SD.u       : num [1:3646] 3.38 6.36 4.26 6.43 6.38 ...
  .. ..$ SD.varU    : num 8.29
  ..$ :List of 15
  .. ..$ V          : num [1:3646, 1:576] 0.010764 0.006644 0.010142 0.00602 -0.000353 ...
  .. .. ..- attr(*, "dimnames")=List of 2
  .. .. .. ..$ : chr [1:3646] "2020-21_11.107-5" "2020-21_12.90-53" "2020-21_12.93-4" "2020-21_14.37-103" ...
  .. .. .. ..$ : NULL
  .. ..$ d          : num [1:576] 1718 767 374 228 121 ...
  .. ..$ model      : chr "RKHS"
  .. ..$ Name       : chr "ETA_3"
  .. ..$ tolD       : num 1e-10
  .. ..$ levelsU    : int 576
  .. ..$ df0        : num 5
  .. ..$ R2         : num 0.167
  .. ..$ S0         : num 61.6
  .. ..$ u          : num [1:3646] -10.3 -13.8 -11 -14.4 -12.9 ...
  .. ..$ varU       : num 624
  .. ..$ uStar      : num [1:576] -541.17 266.73 91.78 -147.97 3.83 ...
  .. ..$ NamefileOut: chr "X2_cum/ETA_3_varU.dat"
  .. ..$ SD.u       : num [1:3646] 2.96 2.33 3.19 2.53 2.77 ...
  .. ..$ SD.varU    : num 158
 - attr(*, "class")= chr "BGLR"
NULL
List of 21
 $ y            : num [1:3646] 0.3854 -0.2234 0.0613 -0.1008 8.3403 ...
 $ a            : NULL
 $ b            : NULL
 $ whichNa      : int [1:1011] 2636 2637 2638 2639 2640 2641 2642 2643 2644 2645 ...
 $ saveAt       : chr "X3/"
 $ nIter        : num 12000
 $ burnIn       : num 2000
 $ thin         : num 5
 $ weights      : num [1:3646] 1 1 1 1 1 1 1 1 1 1 ...
 $ verbose      : logi FALSE
 $ response_type: chr "gaussian"
 $ df0          : num 5
 $ S0           : num 427
 $ yHat         : num [1:3646] 10.43 1.28 3.56 4.32 3.57 ...
 $ SD.yHat      : num [1:3646] 4.07 4.76 4.61 4.96 5.12 ...
 $ mu           : num 23.3
 $ SD.mu        : num 1.22
 $ varE         : num 82.4
 $ SD.varE      : num 5.04
 $ fit          :List of 4
  ..$ logLikAtPostMean: num -9183
  ..$ postMeanLogLik  : num -9549
  ..$ pD              : num 732
  ..$ DIC             : num 19830
 $ ETA          :List of 3
  ..$ :List of 15
  .. ..$ V          : num [1:3646, 1:6] 0 0 0 0 0 0 0 0 0 0 ...
  .. .. ..- attr(*, "dimnames")=List of 2
  .. .. .. ..$ : chr [1:3646] "2020-21_11.107-5" "2020-21_12.90-53" "2020-21_12.93-4" "2020-21_14.37-103" ...
  .. .. .. ..$ : NULL
  .. ..$ d          : num [1:6] 1011 918 450 447 435 ...
  .. ..$ model      : chr "RKHS"
  .. ..$ Name       : chr "ETA_1"
  .. ..$ tolD       : num 1e-10
  .. ..$ levelsU    : int 6
  .. ..$ df0        : num 5
  .. ..$ R2         : num 0.167
  .. ..$ S0         : num 0.324
  .. ..$ u          : num [1:3646] -0.0149 -0.0149 -0.0149 -0.0149 -0.0149 ...
  .. ..$ varU       : num 0.114
  .. ..$ uStar      : num [1:6] -0.1498 -0.0748 0.4245 -0.7667 0.3112 ...
  .. ..$ NamefileOut: chr "X3/ETA_1_varU.dat"
  .. ..$ SD.u       : num [1:3646] 0.351 0.351 0.351 0.351 0.351 ...
  .. ..$ SD.varU    : num 0.158
  ..$ :List of 15
  .. ..$ V          : num [1:3646, 1:2737] 0.408 0 0 0 0 ...
  .. .. ..- attr(*, "dimnames")=List of 2
  .. .. .. ..$ : chr [1:3646] "2020-21_11.107-5" "2020-21_12.90-53" "2020-21_12.93-4" "2020-21_14.37-103" ...
  .. .. .. ..$ : chr [1:2737] "11.107-5" "12.90-53" "12.93-4" "13.27-142" ...
  .. ..$ d          : Named num [1:2737] 6 1 3 1 1 1 1 1 2 1 ...
  .. .. ..- attr(*, "names")= chr [1:2737] "11.107-5" "12.90-53" "12.93-4" "13.27-142" ...
  .. ..$ model      : chr "RKHS"
  .. ..$ Name       : chr "ETA_2"
  .. ..$ tolD       : num 1e-10
  .. ..$ levelsU    : int 2737
  .. ..$ df0        : num 5
  .. ..$ R2         : num 0.167
  .. ..$ S0         : num 148
  .. ..$ u          : num [1:3646] 0.171 -0.258 2.678 -1.494 1.9 ...
  .. ..$ varU       : num 30.6
  .. ..$ uStar      : num [1:2737] 0.42 -0.258 4.639 2.575 -1.494 ...
  .. ..$ NamefileOut: chr "X3/ETA_2_varU.dat"
  .. ..$ SD.u       : num [1:3646] 3.33 4.6 3.84 4.7 4.79 ...
  .. ..$ SD.varU    : num 5.41
  ..$ :List of 15
  .. ..$ V          : num [1:3646, 1:576] 0.010764 0.006644 0.010142 0.00602 -0.000353 ...
  .. .. ..- attr(*, "dimnames")=List of 2
  .. .. .. ..$ : chr [1:3646] "2020-21_11.107-5" "2020-21_12.90-53" "2020-21_12.93-4" "2020-21_14.37-103" ...
  .. .. .. ..$ : NULL
  .. ..$ d          : num [1:576] 1718 767 374 228 121 ...
  .. ..$ model      : chr "RKHS"
  .. ..$ Name       : chr "ETA_3"
  .. ..$ tolD       : num 1e-10
  .. ..$ levelsU    : int 576
  .. ..$ df0        : num 5
  .. ..$ R2         : num 0.167
  .. ..$ S0         : num 31.2
  .. ..$ u          : num [1:3646] -13 -21.8 -22.4 -17.5 -21.6 ...
  .. ..$ varU       : num 1294
  .. ..$ uStar      : num [1:576] -419 276 711 -122 -374 ...
  .. ..$ NamefileOut: chr "X3/ETA_3_varU.dat"
  .. ..$ SD.u       : num [1:3646] 2.93 2.43 3.17 2.55 2.78 ...
  .. ..$ SD.varU    : num 220
 - attr(*, "class")= chr "BGLR"
NULL
List of 21
 $ y            : num [1:3646] 4.216 23.801 0.481 30.098 28.348 ...
 $ a            : NULL
 $ b            : NULL
 $ whichNa      : int [1:1011] 2636 2637 2638 2639 2640 2641 2642 2643 2644 2645 ...
 $ saveAt       : chr "X5_cum/"
 $ nIter        : num 12000
 $ burnIn       : num 2000
 $ thin         : num 5
 $ weights      : num [1:3646] 1 1 1 1 1 1 1 1 1 1 ...
 $ verbose      : logi FALSE
 $ response_type: chr "gaussian"
 $ df0          : num 5
 $ S0           : num 3616
 $ yHat         : num [1:3646] 35.4 20.5 13.1 32.1 25.9 ...
 $ SD.yHat      : num [1:3646] 10.3 13.1 11.2 13.3 13.5 ...
 $ mu           : num 87
 $ SD.mu        : num 3.86
 $ varE         : num 413
 $ SD.varE      : num 27.2
 $ fit          :List of 4
  ..$ logLikAtPostMean: num -11173
  ..$ postMeanLogLik  : num -11671
  ..$ pD              : num 997
  ..$ DIC             : num 24340
 $ ETA          :List of 3
  ..$ :List of 15
  .. ..$ V          : num [1:3646, 1:6] 0 0 0 0 0 0 0 0 0 0 ...
  .. .. ..- attr(*, "dimnames")=List of 2
  .. .. .. ..$ : chr [1:3646] "2020-21_11.107-5" "2020-21_12.90-53" "2020-21_12.93-4" "2020-21_14.37-103" ...
  .. .. .. ..$ : NULL
  .. ..$ d          : num [1:6] 1011 918 450 447 435 ...
  .. ..$ model      : chr "RKHS"
  .. ..$ Name       : chr "ETA_1"
  .. ..$ tolD       : num 1e-10
  .. ..$ levelsU    : int 6
  .. ..$ df0        : num 5
  .. ..$ R2         : num 0.167
  .. ..$ S0         : num 2.74
  .. ..$ u          : num [1:3646] -0.00551 -0.00551 -0.00551 -0.00551 -0.00551 ...
  .. ..$ varU       : num 0.872
  .. ..$ uStar      : num [1:6] -1.693 -1.552 -0.273 -0.531 0.115 ...
  .. ..$ NamefileOut: chr "X5_cum/ETA_1_varU.dat"
  .. ..$ SD.u       : num [1:3646] 0.902 0.902 0.902 0.902 0.902 ...
  .. ..$ SD.varU    : num 0.841
  ..$ :List of 15
  .. ..$ V          : num [1:3646, 1:2737] 0.408 0 0 0 0 ...
  .. .. ..- attr(*, "dimnames")=List of 2
  .. .. .. ..$ : chr [1:3646] "2020-21_11.107-5" "2020-21_12.90-53" "2020-21_12.93-4" "2020-21_14.37-103" ...
  .. .. .. ..$ : chr [1:2737] "11.107-5" "12.90-53" "12.93-4" "13.27-142" ...
  .. ..$ d          : Named num [1:2737] 6 1 3 1 1 1 1 1 2 1 ...
  .. .. ..- attr(*, "names")= chr [1:2737] "11.107-5" "12.90-53" "12.93-4" "13.27-142" ...
  .. ..$ model      : chr "RKHS"
  .. ..$ Name       : chr "ETA_2"
  .. ..$ tolD       : num 1e-10
  .. ..$ levelsU    : int 2737
  .. ..$ df0        : num 5
  .. ..$ R2         : num 0.167
  .. ..$ S0         : num 1252
  .. ..$ u          : num [1:3646] 8.725 1.785 0.823 -0.552 1.105 ...
  .. ..$ varU       : num 275
  .. ..$ uStar      : num [1:2737] 21.371 1.785 1.425 11.687 -0.552 ...
  .. ..$ NamefileOut: chr "X5_cum/ETA_2_varU.dat"
  .. ..$ SD.u       : num [1:3646] 8.48 12.94 9.84 13.12 13.06 ...
  .. ..$ SD.varU    : num 32.4
  ..$ :List of 15
  .. ..$ V          : num [1:3646, 1:576] 0.010764 0.006644 0.010142 0.00602 -0.000353 ...
  .. .. ..- attr(*, "dimnames")=List of 2
  .. .. .. ..$ : chr [1:3646] "2020-21_11.107-5" "2020-21_12.90-53" "2020-21_12.93-4" "2020-21_14.37-103" ...
  .. .. .. ..$ : NULL
  .. ..$ d          : num [1:576] 1718 767 374 228 121 ...
  .. ..$ model      : chr "RKHS"
  .. ..$ Name       : chr "ETA_3"
  .. ..$ tolD       : num 1e-10
  .. ..$ levelsU    : int 576
  .. ..$ df0        : num 5
  .. ..$ R2         : num 0.167
  .. ..$ S0         : num 264
  .. ..$ u          : num [1:3646] -60.4 -68.4 -74.7 -54.3 -62.3 ...
  .. ..$ varU       : num 10774
  .. ..$ uStar      : num [1:576] -1967.9 759.2 2339 -66.7 -1220.4 ...
  .. ..$ NamefileOut: chr "X5_cum/ETA_3_varU.dat"
  .. ..$ SD.u       : num [1:3646] 7.96 6.69 8.41 6.65 7.75 ...
  .. ..$ SD.varU    : num 1812
 - attr(*, "class")= chr "BGLR"
NULL
List of 21
 $ y            : num [1:3646] 0.1023 0.00692 0.09019 0 0 ...
 $ a            : NULL
 $ b            : NULL
 $ whichNa      : int [1:1011] 2636 2637 2638 2639 2640 2641 2642 2643 2644 2645 ...
 $ saveAt       : chr "X1_cum/"
 $ nIter        : num 12000
 $ burnIn       : num 2000
 $ thin         : num 5
 $ weights      : num [1:3646] 1 1 1 1 1 1 1 1 1 1 ...
 $ verbose      : logi FALSE
 $ response_type: chr "gaussian"
 $ df0          : num 5
 $ S0           : num 144
 $ yHat         : num [1:3646] 5.1225 0.0738 -0.3061 0.0469 0.2964 ...
 $ SD.yHat      : num [1:3646] 1.51 2.74 1.81 2.72 2.77 ...
 $ mu           : num 4.24
 $ SD.mu        : num 0.653
 $ varE         : num 9.01
 $ SD.varE      : num 0.574
 $ fit          :List of 4
  ..$ logLikAtPostMean: num -5769
  ..$ postMeanLogLik  : num -6627
  ..$ pD              : num 1715
  ..$ DIC             : num 14969
 $ ETA          :List of 3
  ..$ :List of 15
  .. ..$ V          : num [1:3646, 1:6] 0 0 0 0 0 0 0 0 0 0 ...
  .. .. ..- attr(*, "dimnames")=List of 2
  .. .. .. ..$ : chr [1:3646] "2020-21_11.107-5" "2020-21_12.90-53" "2020-21_12.93-4" "2020-21_14.37-103" ...
  .. .. .. ..$ : NULL
  .. ..$ d          : num [1:6] 1011 918 450 447 435 ...
  .. ..$ model      : chr "RKHS"
  .. ..$ Name       : chr "ETA_1"
  .. ..$ tolD       : num 1e-10
  .. ..$ levelsU    : int 6
  .. ..$ df0        : num 5
  .. ..$ R2         : num 0.167
  .. ..$ S0         : num 0.109
  .. ..$ u          : num [1:3646] -0.631 -0.631 -0.631 -0.631 -0.631 ...
  .. ..$ varU       : num 1.13
  .. ..$ uStar      : num [1:6] 13.62 -4.2 9.38 10.6 13.15 ...
  .. ..$ NamefileOut: chr "X1_cum/ETA_1_varU.dat"
  .. ..$ SD.u       : num [1:3646] 1.71 1.71 1.71 1.71 1.71 ...
  .. ..$ SD.varU    : num 2.68
  ..$ :List of 15
  .. ..$ V          : num [1:3646, 1:2737] 0.408 0 0 0 0 ...
  .. .. ..- attr(*, "dimnames")=List of 2
  .. .. .. ..$ : chr [1:3646] "2020-21_11.107-5" "2020-21_12.90-53" "2020-21_12.93-4" "2020-21_14.37-103" ...
  .. .. .. ..$ : chr [1:2737] "11.107-5" "12.90-53" "12.93-4" "13.27-142" ...
  .. ..$ d          : Named num [1:2737] 6 1 3 1 1 1 1 1 2 1 ...
  .. .. ..- attr(*, "names")= chr [1:2737] "11.107-5" "12.90-53" "12.93-4" "13.27-142" ...
  .. ..$ model      : chr "RKHS"
  .. ..$ Name       : chr "ETA_2"
  .. ..$ tolD       : num 1e-10
  .. ..$ levelsU    : int 2737
  .. ..$ df0        : num 5
  .. ..$ R2         : num 0.167
  .. ..$ S0         : num 49.8
  .. ..$ u          : num [1:3646] 4.5797 -0.1491 -1.3913 -0.0702 -1.1219 ...
  .. ..$ varU       : num 44.6
  .. ..$ uStar      : num [1:2737] 11.218 -0.1491 -2.4097 -1.039 -0.0702 ...
  .. ..$ NamefileOut: chr "X1_cum/ETA_2_varU.dat"
  .. ..$ SD.u       : num [1:3646] 1.36 2.79 1.77 2.79 2.83 ...
  .. ..$ SD.varU    : num 1.9
  ..$ :List of 15
  .. ..$ V          : num [1:3646, 1:576] 0.010764 0.006644 0.010142 0.00602 -0.000353 ...
  .. .. ..- attr(*, "dimnames")=List of 2
  .. .. .. ..$ : chr [1:3646] "2020-21_11.107-5" "2020-21_12.90-53" "2020-21_12.93-4" "2020-21_14.37-103" ...
  .. .. .. ..$ : NULL
  .. ..$ d          : num [1:576] 1718 767 374 228 121 ...
  .. ..$ model      : chr "RKHS"
  .. ..$ Name       : chr "ETA_3"
  .. ..$ tolD       : num 1e-10
  .. ..$ levelsU    : int 576
  .. ..$ df0        : num 5
  .. ..$ R2         : num 0.167
  .. ..$ S0         : num 10.5
  .. ..$ u          : num [1:3646] -3.07 -3.39 -2.53 -3.49 -2.19 ...
  .. ..$ varU       : num 21.5
  .. ..$ uStar      : num [1:576] -124.25 48.89 9.11 -28.7 24.77 ...
  .. ..$ NamefileOut: chr "X1_cum/ETA_3_varU.dat"
  .. ..$ SD.u       : num [1:3646] 1.66 1.64 1.61 1.75 1.55 ...
  .. ..$ SD.varU    : num 10.2
 - attr(*, "class")= chr "BGLR"
NULL
List of 21
 $ y            : num [1:3646] 0.1023 5.6562 0.0967 4.7282 3.2936 ...
 $ a            : NULL
 $ b            : NULL
 $ whichNa      : int [1:1011] 2636 2637 2638 2639 2640 2641 2642 2643 2644 2645 ...
 $ saveAt       : chr "X2_cum/"
 $ nIter        : num 12000
 $ burnIn       : num 2000
 $ thin         : num 5
 $ weights      : num [1:3646] 1 1 1 1 1 1 1 1 1 1 ...
 $ verbose      : logi FALSE
 $ response_type: chr "gaussian"
 $ df0          : num 5
 $ S0           : num 845
 $ yHat         : num [1:3646] 14.52 5.11 6.89 4.22 3.71 ...
 $ SD.yHat      : num [1:3646] 3.91 6.22 4.45 6.18 6.17 ...
 $ mu           : num 17.5
 $ SD.mu        : num 1.35
 $ varE         : num 51.1
 $ SD.varE      : num 3.59
 $ fit          :List of 4
  ..$ logLikAtPostMean: num -8101
  ..$ postMeanLogLik  : num -8913
  ..$ pD              : num 1623
  ..$ DIC             : num 19448
 $ ETA          :List of 3
  ..$ :List of 15
  .. ..$ V          : num [1:3646, 1:6] 0 0 0 0 0 0 0 0 0 0 ...
  .. .. ..- attr(*, "dimnames")=List of 2
  .. .. .. ..$ : chr [1:3646] "2020-21_11.107-5" "2020-21_12.90-53" "2020-21_12.93-4" "2020-21_14.37-103" ...
  .. .. .. ..$ : NULL
  .. ..$ d          : num [1:6] 1011 918 450 447 435 ...
  .. ..$ model      : chr "RKHS"
  .. ..$ Name       : chr "ETA_1"
  .. ..$ tolD       : num 1e-10
  .. ..$ levelsU    : int 6
  .. ..$ df0        : num 5
  .. ..$ R2         : num 0.167
  .. ..$ S0         : num 0.642
  .. ..$ u          : num [1:3646] -0.0321 -0.0321 -0.0321 -0.0321 -0.0321 ...
  .. ..$ varU       : num 0.232
  .. ..$ uStar      : num [1:6] -0.431 -0.295 1.127 0.988 0.669 ...
  .. ..$ NamefileOut: chr "X2_cum/ETA_1_varU.dat"
  .. ..$ SD.u       : num [1:3646] 0.489 0.489 0.489 0.489 0.489 ...
  .. ..$ SD.varU    : num 0.286
  ..$ :List of 15
  .. ..$ V          : num [1:3646, 1:2737] 0.408 0 0 0 0 ...
  .. .. ..- attr(*, "dimnames")=List of 2
  .. .. .. ..$ : chr [1:3646] "2020-21_11.107-5" "2020-21_12.90-53" "2020-21_12.93-4" "2020-21_14.37-103" ...
  .. .. .. ..$ : chr [1:2737] "11.107-5" "12.90-53" "12.93-4" "13.27-142" ...
  .. ..$ d          : Named num [1:2737] 6 1 3 1 1 1 1 1 2 1 ...
  .. .. ..- attr(*, "names")= chr [1:2737] "11.107-5" "12.90-53" "12.93-4" "13.27-142" ...
  .. ..$ model      : chr "RKHS"
  .. ..$ Name       : chr "ETA_2"
  .. ..$ tolD       : num 1e-10
  .. ..$ levelsU    : int 2737
  .. ..$ df0        : num 5
  .. ..$ R2         : num 0.167
  .. ..$ S0         : num 293
  .. ..$ u          : num [1:3646] 7.323 1.412 0.416 1.055 -0.938 ...
  .. ..$ varU       : num 165
  .. ..$ uStar      : num [1:2737] 17.94 1.41 0.72 13.27 1.05 ...
  .. ..$ NamefileOut: chr "X2_cum/ETA_2_varU.dat"
  .. ..$ SD.u       : num [1:3646] 3.38 6.36 4.26 6.43 6.38 ...
  .. ..$ SD.varU    : num 8.29
  ..$ :List of 15
  .. ..$ V          : num [1:3646, 1:576] 0.010764 0.006644 0.010142 0.00602 -0.000353 ...
  .. .. ..- attr(*, "dimnames")=List of 2
  .. .. .. ..$ : chr [1:3646] "2020-21_11.107-5" "2020-21_12.90-53" "2020-21_12.93-4" "2020-21_14.37-103" ...
  .. .. .. ..$ : NULL
  .. ..$ d          : num [1:576] 1718 767 374 228 121 ...
  .. ..$ model      : chr "RKHS"
  .. ..$ Name       : chr "ETA_3"
  .. ..$ tolD       : num 1e-10
  .. ..$ levelsU    : int 576
  .. ..$ df0        : num 5
  .. ..$ R2         : num 0.167
  .. ..$ S0         : num 61.6
  .. ..$ u          : num [1:3646] -10.3 -13.8 -11 -14.4 -12.9 ...
  .. ..$ varU       : num 624
  .. ..$ uStar      : num [1:576] -541.17 266.73 91.78 -147.97 3.83 ...
  .. ..$ NamefileOut: chr "X2_cum/ETA_3_varU.dat"
  .. ..$ SD.u       : num [1:3646] 2.96 2.33 3.19 2.53 2.77 ...
  .. ..$ SD.varU    : num 158
 - attr(*, "class")= chr "BGLR"
NULL
List of 21
 $ y            : num [1:3646] 0.488 5.656 0.158 4.728 11.634 ...
 $ a            : NULL
 $ b            : NULL
 $ whichNa      : int [1:1011] 2636 2637 2638 2639 2640 2641 2642 2643 2644 2645 ...
 $ saveAt       : chr "X3_cum/"
 $ nIter        : num 12000
 $ burnIn       : num 2000
 $ thin         : num 5
 $ weights      : num [1:3646] 1 1 1 1 1 1 1 1 1 1 ...
 $ verbose      : logi FALSE
 $ response_type: chr "gaussian"
 $ df0          : num 5
 $ S0           : num 1647
 $ yHat         : num [1:3646] 25.96 4.97 12.49 7.95 8.7 ...
 $ SD.yHat      : num [1:3646] 6.77 9.23 7.44 9.2 9.28 ...
 $ mu           : num 44
 $ SD.mu        : num 2.82
 $ varE         : num 182
 $ SD.varE      : num 14.3
 $ fit          :List of 4
  ..$ logLikAtPostMean: num -10045
  ..$ postMeanLogLik  : num -10587
  ..$ pD              : num 1084
  ..$ DIC             : num 22257
 $ ETA          :List of 3
  ..$ :List of 15
  .. ..$ V          : num [1:3646, 1:6] 0 0 0 0 0 0 0 0 0 0 ...
  .. .. ..- attr(*, "dimnames")=List of 2
  .. .. .. ..$ : chr [1:3646] "2020-21_11.107-5" "2020-21_12.90-53" "2020-21_12.93-4" "2020-21_14.37-103" ...
  .. .. .. ..$ : NULL
  .. ..$ d          : num [1:6] 1011 918 450 447 435 ...
  .. ..$ model      : chr "RKHS"
  .. ..$ Name       : chr "ETA_1"
  .. ..$ tolD       : num 1e-10
  .. ..$ levelsU    : int 6
  .. ..$ df0        : num 5
  .. ..$ R2         : num 0.167
  .. ..$ S0         : num 1.25
  .. ..$ u          : num [1:3646] -0.0144 -0.0144 -0.0144 -0.0144 -0.0144 ...
  .. ..$ varU       : num 0.432
  .. ..$ uStar      : num [1:6] -0.174 -0.28 0.917 -0.727 0.3 ...
  .. ..$ NamefileOut: chr "X3_cum/ETA_1_varU.dat"
  .. ..$ SD.u       : num [1:3646] 0.626 0.626 0.626 0.626 0.626 ...
  .. ..$ SD.varU    : num 0.505
  ..$ :List of 15
  .. ..$ V          : num [1:3646, 1:2737] 0.408 0 0 0 0 ...
  .. .. ..- attr(*, "dimnames")=List of 2
  .. .. .. ..$ : chr [1:3646] "2020-21_11.107-5" "2020-21_12.90-53" "2020-21_12.93-4" "2020-21_14.37-103" ...
  .. .. .. ..$ : chr [1:2737] "11.107-5" "12.90-53" "12.93-4" "13.27-142" ...
  .. ..$ d          : Named num [1:2737] 6 1 3 1 1 1 1 1 2 1 ...
  .. .. ..- attr(*, "names")= chr [1:2737] "11.107-5" "12.90-53" "12.93-4" "13.27-142" ...
  .. ..$ model      : chr "RKHS"
  .. ..$ Name       : chr "ETA_2"
  .. ..$ tolD       : num 1e-10
  .. ..$ levelsU    : int 2737
  .. ..$ df0        : num 5
  .. ..$ R2         : num 0.167
  .. ..$ S0         : num 570
  .. ..$ u          : num [1:3646] 6.291 0.948 4.129 -2.814 2.169 ...
  .. ..$ varU       : num 152
  .. ..$ uStar      : num [1:2737] 15.41 0.948 7.151 12.587 -2.814 ...
  .. ..$ NamefileOut: chr "X3_cum/ETA_2_varU.dat"
  .. ..$ SD.u       : num [1:3646] 5.58 9.16 6.76 9.17 9.3 ...
  .. ..$ SD.varU    : num 18.4
  ..$ :List of 15
  .. ..$ V          : num [1:3646, 1:576] 0.010764 0.006644 0.010142 0.00602 -0.000353 ...
  .. .. ..- attr(*, "dimnames")=List of 2
  .. .. .. ..$ : chr [1:3646] "2020-21_11.107-5" "2020-21_12.90-53" "2020-21_12.93-4" "2020-21_14.37-103" ...
  .. .. .. ..$ : NULL
  .. ..$ d          : num [1:576] 1718 767 374 228 121 ...
  .. ..$ model      : chr "RKHS"
  .. ..$ Name       : chr "ETA_3"
  .. ..$ tolD       : num 1e-10
  .. ..$ levelsU    : int 576
  .. ..$ df0        : num 5
  .. ..$ R2         : num 0.167
  .. ..$ S0         : num 120
  .. ..$ u          : num [1:3646] -24.3 -39.9 -35.6 -33.2 -37.4 ...
  .. ..$ varU       : num 3540
  .. ..$ uStar      : num [1:576] -1061 562 1057 -291 -468 ...
  .. ..$ NamefileOut: chr "X3_cum/ETA_3_varU.dat"
  .. ..$ SD.u       : num [1:3646] 5.28 4.53 5.6 4.69 5.05 ...
  .. ..$ SD.varU    : num 646
 - attr(*, "class")= chr "BGLR"
NULL
List of 21
 $ y            : num [1:3646] 0.488 5.656 0.158 4.728 11.634 ...
 $ a            : NULL
 $ b            : NULL
 $ whichNa      : int [1:1011] 2636 2637 2638 2639 2640 2641 2642 2643 2644 2645 ...
 $ saveAt       : chr "X3_cum/"
 $ nIter        : num 12000
 $ burnIn       : num 2000
 $ thin         : num 5
 $ weights      : num [1:3646] 1 1 1 1 1 1 1 1 1 1 ...
 $ verbose      : logi FALSE
 $ response_type: chr "gaussian"
 $ df0          : num 5
 $ S0           : num 1647
 $ yHat         : num [1:3646] 25.96 4.97 12.49 7.95 8.7 ...
 $ SD.yHat      : num [1:3646] 6.77 9.23 7.44 9.2 9.28 ...
 $ mu           : num 44
 $ SD.mu        : num 2.82
 $ varE         : num 182
 $ SD.varE      : num 14.3
 $ fit          :List of 4
  ..$ logLikAtPostMean: num -10045
  ..$ postMeanLogLik  : num -10587
  ..$ pD              : num 1084
  ..$ DIC             : num 22257
 $ ETA          :List of 3
  ..$ :List of 15
  .. ..$ V          : num [1:3646, 1:6] 0 0 0 0 0 0 0 0 0 0 ...
  .. .. ..- attr(*, "dimnames")=List of 2
  .. .. .. ..$ : chr [1:3646] "2020-21_11.107-5" "2020-21_12.90-53" "2020-21_12.93-4" "2020-21_14.37-103" ...
  .. .. .. ..$ : NULL
  .. ..$ d          : num [1:6] 1011 918 450 447 435 ...
  .. ..$ model      : chr "RKHS"
  .. ..$ Name       : chr "ETA_1"
  .. ..$ tolD       : num 1e-10
  .. ..$ levelsU    : int 6
  .. ..$ df0        : num 5
  .. ..$ R2         : num 0.167
  .. ..$ S0         : num 1.25
  .. ..$ u          : num [1:3646] -0.0144 -0.0144 -0.0144 -0.0144 -0.0144 ...
  .. ..$ varU       : num 0.432
  .. ..$ uStar      : num [1:6] -0.174 -0.28 0.917 -0.727 0.3 ...
  .. ..$ NamefileOut: chr "X3_cum/ETA_1_varU.dat"
  .. ..$ SD.u       : num [1:3646] 0.626 0.626 0.626 0.626 0.626 ...
  .. ..$ SD.varU    : num 0.505
  ..$ :List of 15
  .. ..$ V          : num [1:3646, 1:2737] 0.408 0 0 0 0 ...
  .. .. ..- attr(*, "dimnames")=List of 2
  .. .. .. ..$ : chr [1:3646] "2020-21_11.107-5" "2020-21_12.90-53" "2020-21_12.93-4" "2020-21_14.37-103" ...
  .. .. .. ..$ : chr [1:2737] "11.107-5" "12.90-53" "12.93-4" "13.27-142" ...
  .. ..$ d          : Named num [1:2737] 6 1 3 1 1 1 1 1 2 1 ...
  .. .. ..- attr(*, "names")= chr [1:2737] "11.107-5" "12.90-53" "12.93-4" "13.27-142" ...
  .. ..$ model      : chr "RKHS"
  .. ..$ Name       : chr "ETA_2"
  .. ..$ tolD       : num 1e-10
  .. ..$ levelsU    : int 2737
  .. ..$ df0        : num 5
  .. ..$ R2         : num 0.167
  .. ..$ S0         : num 570
  .. ..$ u          : num [1:3646] 6.291 0.948 4.129 -2.814 2.169 ...
  .. ..$ varU       : num 152
  .. ..$ uStar      : num [1:2737] 15.41 0.948 7.151 12.587 -2.814 ...
  .. ..$ NamefileOut: chr "X3_cum/ETA_2_varU.dat"
  .. ..$ SD.u       : num [1:3646] 5.58 9.16 6.76 9.17 9.3 ...
  .. ..$ SD.varU    : num 18.4
  ..$ :List of 15
  .. ..$ V          : num [1:3646, 1:576] 0.010764 0.006644 0.010142 0.00602 -0.000353 ...
  .. .. ..- attr(*, "dimnames")=List of 2
  .. .. .. ..$ : chr [1:3646] "2020-21_11.107-5" "2020-21_12.90-53" "2020-21_12.93-4" "2020-21_14.37-103" ...
  .. .. .. ..$ : NULL
  .. ..$ d          : num [1:576] 1718 767 374 228 121 ...
  .. ..$ model      : chr "RKHS"
  .. ..$ Name       : chr "ETA_3"
  .. ..$ tolD       : num 1e-10
  .. ..$ levelsU    : int 576
  .. ..$ df0        : num 5
  .. ..$ R2         : num 0.167
  .. ..$ S0         : num 120
  .. ..$ u          : num [1:3646] -24.3 -39.9 -35.6 -33.2 -37.4 ...
  .. ..$ varU       : num 3540
  .. ..$ uStar      : num [1:576] -1061 562 1057 -291 -468 ...
  .. ..$ NamefileOut: chr "X3_cum/ETA_3_varU.dat"
  .. ..$ SD.u       : num [1:3646] 5.28 4.53 5.6 4.69 5.05 ...
  .. ..$ SD.varU    : num 646
 - attr(*, "class")= chr "BGLR"
NULL
List of 21
 $ y            : num [1:3646] 0.488 5.656 0.158 4.728 11.634 ...
 $ a            : NULL
 $ b            : NULL
 $ whichNa      : int [1:1011] 2636 2637 2638 2639 2640 2641 2642 2643 2644 2645 ...
 $ saveAt       : chr "X3_cum/"
 $ nIter        : num 12000
 $ burnIn       : num 2000
 $ thin         : num 5
 $ weights      : num [1:3646] 1 1 1 1 1 1 1 1 1 1 ...
 $ verbose      : logi FALSE
 $ response_type: chr "gaussian"
 $ df0          : num 5
 $ S0           : num 1647
 $ yHat         : num [1:3646] 25.96 4.97 12.49 7.95 8.7 ...
 $ SD.yHat      : num [1:3646] 6.77 9.23 7.44 9.2 9.28 ...
 $ mu           : num 44
 $ SD.mu        : num 2.82
 $ varE         : num 182
 $ SD.varE      : num 14.3
 $ fit          :List of 4
  ..$ logLikAtPostMean: num -10045
  ..$ postMeanLogLik  : num -10587
  ..$ pD              : num 1084
  ..$ DIC             : num 22257
 $ ETA          :List of 3
  ..$ :List of 15
  .. ..$ V          : num [1:3646, 1:6] 0 0 0 0 0 0 0 0 0 0 ...
  .. .. ..- attr(*, "dimnames")=List of 2
  .. .. .. ..$ : chr [1:3646] "2020-21_11.107-5" "2020-21_12.90-53" "2020-21_12.93-4" "2020-21_14.37-103" ...
  .. .. .. ..$ : NULL
  .. ..$ d          : num [1:6] 1011 918 450 447 435 ...
  .. ..$ model      : chr "RKHS"
  .. ..$ Name       : chr "ETA_1"
  .. ..$ tolD       : num 1e-10
  .. ..$ levelsU    : int 6
  .. ..$ df0        : num 5
  .. ..$ R2         : num 0.167
  .. ..$ S0         : num 1.25
  .. ..$ u          : num [1:3646] -0.0144 -0.0144 -0.0144 -0.0144 -0.0144 ...
  .. ..$ varU       : num 0.432
  .. ..$ uStar      : num [1:6] -0.174 -0.28 0.917 -0.727 0.3 ...
  .. ..$ NamefileOut: chr "X3_cum/ETA_1_varU.dat"
  .. ..$ SD.u       : num [1:3646] 0.626 0.626 0.626 0.626 0.626 ...
  .. ..$ SD.varU    : num 0.505
  ..$ :List of 15
  .. ..$ V          : num [1:3646, 1:2737] 0.408 0 0 0 0 ...
  .. .. ..- attr(*, "dimnames")=List of 2
  .. .. .. ..$ : chr [1:3646] "2020-21_11.107-5" "2020-21_12.90-53" "2020-21_12.93-4" "2020-21_14.37-103" ...
  .. .. .. ..$ : chr [1:2737] "11.107-5" "12.90-53" "12.93-4" "13.27-142" ...
  .. ..$ d          : Named num [1:2737] 6 1 3 1 1 1 1 1 2 1 ...
  .. .. ..- attr(*, "names")= chr [1:2737] "11.107-5" "12.90-53" "12.93-4" "13.27-142" ...
  .. ..$ model      : chr "RKHS"
  .. ..$ Name       : chr "ETA_2"
  .. ..$ tolD       : num 1e-10
  .. ..$ levelsU    : int 2737
  .. ..$ df0        : num 5
  .. ..$ R2         : num 0.167
  .. ..$ S0         : num 570
  .. ..$ u          : num [1:3646] 6.291 0.948 4.129 -2.814 2.169 ...
  .. ..$ varU       : num 152
  .. ..$ uStar      : num [1:2737] 15.41 0.948 7.151 12.587 -2.814 ...
  .. ..$ NamefileOut: chr "X3_cum/ETA_2_varU.dat"
  .. ..$ SD.u       : num [1:3646] 5.58 9.16 6.76 9.17 9.3 ...
  .. ..$ SD.varU    : num 18.4
  ..$ :List of 15
  .. ..$ V          : num [1:3646, 1:576] 0.010764 0.006644 0.010142 0.00602 -0.000353 ...
  .. .. ..- attr(*, "dimnames")=List of 2
  .. .. .. ..$ : chr [1:3646] "2020-21_11.107-5" "2020-21_12.90-53" "2020-21_12.93-4" "2020-21_14.37-103" ...
  .. .. .. ..$ : NULL
  .. ..$ d          : num [1:576] 1718 767 374 228 121 ...
  .. ..$ model      : chr "RKHS"
  .. ..$ Name       : chr "ETA_3"
  .. ..$ tolD       : num 1e-10
  .. ..$ levelsU    : int 576
  .. ..$ df0        : num 5
  .. ..$ R2         : num 0.167
  .. ..$ S0         : num 120
  .. ..$ u          : num [1:3646] -24.3 -39.9 -35.6 -33.2 -37.4 ...
  .. ..$ varU       : num 3540
  .. ..$ uStar      : num [1:576] -1061 562 1057 -291 -468 ...
  .. ..$ NamefileOut: chr "X3_cum/ETA_3_varU.dat"
  .. ..$ SD.u       : num [1:3646] 5.28 4.53 5.6 4.69 5.05 ...
  .. ..$ SD.varU    : num 646
 - attr(*, "class")= chr "BGLR"
NULL
List of 21
 $ y            : num [1:3646] 4.893 32.395 0.616 30.098 31.883 ...
 $ a            : NULL
 $ b            : NULL
 $ whichNa      : int [1:1011] 2636 2637 2638 2639 2640 2641 2642 2643 2644 2645 ...
 $ saveAt       : chr "X6_cum/"
 $ nIter        : num 12000
 $ burnIn       : num 2000
 $ thin         : num 5
 $ weights      : num [1:3646] 1 1 1 1 1 1 1 1 1 1 ...
 $ verbose      : logi FALSE
 $ response_type: chr "gaussian"
 $ df0          : num 5
 $ S0           : num 5038
 $ yHat         : num [1:3646] 51.1 30.2 23.5 40.8 31.9 ...
 $ SD.yHat      : num [1:3646] 12.3 16.2 13.9 16.3 16.7 ...
 $ mu           : num 111
 $ SD.mu        : num 5.67
 $ varE         : num 623
 $ SD.varE      : num 37.9
 $ fit          :List of 4
  ..$ logLikAtPostMean: num -11721
  ..$ postMeanLogLik  : num -12212
  ..$ pD              : num 982
  ..$ DIC             : num 25406
 $ ETA          :List of 3
  ..$ :List of 15
  .. ..$ V          : num [1:3646, 1:6] 0 0 0 0 0 0 0 0 0 0 ...
  .. .. ..- attr(*, "dimnames")=List of 2
  .. .. .. ..$ : chr [1:3646] "2020-21_11.107-5" "2020-21_12.90-53" "2020-21_12.93-4" "2020-21_14.37-103" ...
  .. .. .. ..$ : NULL
  .. ..$ d          : num [1:6] 1011 918 450 447 435 ...
  .. ..$ model      : chr "RKHS"
  .. ..$ Name       : chr "ETA_1"
  .. ..$ tolD       : num 1e-10
  .. ..$ levelsU    : int 6
  .. ..$ df0        : num 5
  .. ..$ R2         : num 0.167
  .. ..$ S0         : num 3.82
  .. ..$ u          : num [1:3646] -0.0118 -0.0118 -0.0118 -0.0118 -0.0118 ...
  .. ..$ varU       : num 1.25
  .. ..$ uStar      : num [1:6] 0.422 0.436 -2.231 -1.442 0.245 ...
  .. ..$ NamefileOut: chr "X6_cum/ETA_1_varU.dat"
  .. ..$ SD.u       : num [1:3646] 1.11 1.11 1.11 1.11 1.11 ...
  .. ..$ SD.varU    : num 1.13
  ..$ :List of 15
  .. ..$ V          : num [1:3646, 1:2737] 0.408 0 0 0 0 ...
  .. .. ..- attr(*, "dimnames")=List of 2
  .. .. .. ..$ : chr [1:3646] "2020-21_11.107-5" "2020-21_12.90-53" "2020-21_12.93-4" "2020-21_14.37-103" ...
  .. .. .. ..$ : chr [1:2737] "11.107-5" "12.90-53" "12.93-4" "13.27-142" ...
  .. ..$ d          : Named num [1:2737] 6 1 3 1 1 1 1 1 2 1 ...
  .. .. ..- attr(*, "names")= chr [1:2737] "11.107-5" "12.90-53" "12.93-4" "13.27-142" ...
  .. ..$ model      : chr "RKHS"
  .. ..$ Name       : chr "ETA_2"
  .. ..$ tolD       : num 1e-10
  .. ..$ levelsU    : int 2737
  .. ..$ df0        : num 5
  .. ..$ R2         : num 0.167
  .. ..$ S0         : num 1745
  .. ..$ u          : num [1:3646] 12.36 2.494 6.764 -6.745 -0.354 ...
  .. ..$ varU       : num 406
  .. ..$ uStar      : num [1:2737] 30.28 2.49 11.72 15.17 -6.75 ...
  .. ..$ NamefileOut: chr "X6_cum/ETA_2_varU.dat"
  .. ..$ SD.u       : num [1:3646] 9.77 15.84 12.58 15.93 16.01 ...
  .. ..$ SD.varU    : num 45.6
  ..$ :List of 15
  .. ..$ V          : num [1:3646, 1:576] 0.010764 0.006644 0.010142 0.00602 -0.000353 ...
  .. .. ..- attr(*, "dimnames")=List of 2
  .. .. .. ..$ : chr [1:3646] "2020-21_11.107-5" "2020-21_12.90-53" "2020-21_12.93-4" "2020-21_14.37-103" ...
  .. .. .. ..$ : NULL
  .. ..$ d          : num [1:576] 1718 767 374 228 121 ...
  .. ..$ model      : chr "RKHS"
  .. ..$ Name       : chr "ETA_3"
  .. ..$ tolD       : num 1e-10
  .. ..$ levelsU    : int 576
  .. ..$ df0        : num 5
  .. ..$ R2         : num 0.167
  .. ..$ S0         : num 367
  .. ..$ u          : num [1:3646] -72.3 -83.4 -94.3 -63.5 -78.9 ...
  .. ..$ varU       : num 13971
  .. ..$ uStar      : num [1:576] -2261.9 969.4 2954.5 -72.3 -1597.3 ...
  .. ..$ NamefileOut: chr "X6_cum/ETA_3_varU.dat"
  .. ..$ SD.u       : num [1:3646] 9.93 8.76 10.49 8.68 9.79 ...
  .. ..$ SD.varU    : num 2385
 - attr(*, "class")= chr "BGLR"
NULL
List of 21
 $ y            : num [1:3646] 0.488 5.656 0.158 4.728 11.634 ...
 $ a            : NULL
 $ b            : NULL
 $ whichNa      : int [1:1011] 2636 2637 2638 2639 2640 2641 2642 2643 2644 2645 ...
 $ saveAt       : chr "X3_cum/"
 $ nIter        : num 12000
 $ burnIn       : num 2000
 $ thin         : num 5
 $ weights      : num [1:3646] 1 1 1 1 1 1 1 1 1 1 ...
 $ verbose      : logi FALSE
 $ response_type: chr "gaussian"
 $ df0          : num 5
 $ S0           : num 1647
 $ yHat         : num [1:3646] 25.96 4.97 12.49 7.95 8.7 ...
 $ SD.yHat      : num [1:3646] 6.77 9.23 7.44 9.2 9.28 ...
 $ mu           : num 44
 $ SD.mu        : num 2.82
 $ varE         : num 182
 $ SD.varE      : num 14.3
 $ fit          :List of 4
  ..$ logLikAtPostMean: num -10045
  ..$ postMeanLogLik  : num -10587
  ..$ pD              : num 1084
  ..$ DIC             : num 22257
 $ ETA          :List of 3
  ..$ :List of 15
  .. ..$ V          : num [1:3646, 1:6] 0 0 0 0 0 0 0 0 0 0 ...
  .. .. ..- attr(*, "dimnames")=List of 2
  .. .. .. ..$ : chr [1:3646] "2020-21_11.107-5" "2020-21_12.90-53" "2020-21_12.93-4" "2020-21_14.37-103" ...
  .. .. .. ..$ : NULL
  .. ..$ d          : num [1:6] 1011 918 450 447 435 ...
  .. ..$ model      : chr "RKHS"
  .. ..$ Name       : chr "ETA_1"
  .. ..$ tolD       : num 1e-10
  .. ..$ levelsU    : int 6
  .. ..$ df0        : num 5
  .. ..$ R2         : num 0.167
  .. ..$ S0         : num 1.25
  .. ..$ u          : num [1:3646] -0.0144 -0.0144 -0.0144 -0.0144 -0.0144 ...
  .. ..$ varU       : num 0.432
  .. ..$ uStar      : num [1:6] -0.174 -0.28 0.917 -0.727 0.3 ...
  .. ..$ NamefileOut: chr "X3_cum/ETA_1_varU.dat"
  .. ..$ SD.u       : num [1:3646] 0.626 0.626 0.626 0.626 0.626 ...
  .. ..$ SD.varU    : num 0.505
  ..$ :List of 15
  .. ..$ V          : num [1:3646, 1:2737] 0.408 0 0 0 0 ...
  .. .. ..- attr(*, "dimnames")=List of 2
  .. .. .. ..$ : chr [1:3646] "2020-21_11.107-5" "2020-21_12.90-53" "2020-21_12.93-4" "2020-21_14.37-103" ...
  .. .. .. ..$ : chr [1:2737] "11.107-5" "12.90-53" "12.93-4" "13.27-142" ...
  .. ..$ d          : Named num [1:2737] 6 1 3 1 1 1 1 1 2 1 ...
  .. .. ..- attr(*, "names")= chr [1:2737] "11.107-5" "12.90-53" "12.93-4" "13.27-142" ...
  .. ..$ model      : chr "RKHS"
  .. ..$ Name       : chr "ETA_2"
  .. ..$ tolD       : num 1e-10
  .. ..$ levelsU    : int 2737
  .. ..$ df0        : num 5
  .. ..$ R2         : num 0.167
  .. ..$ S0         : num 570
  .. ..$ u          : num [1:3646] 6.291 0.948 4.129 -2.814 2.169 ...
  .. ..$ varU       : num 152
  .. ..$ uStar      : num [1:2737] 15.41 0.948 7.151 12.587 -2.814 ...
  .. ..$ NamefileOut: chr "X3_cum/ETA_2_varU.dat"
  .. ..$ SD.u       : num [1:3646] 5.58 9.16 6.76 9.17 9.3 ...
  .. ..$ SD.varU    : num 18.4
  ..$ :List of 15
  .. ..$ V          : num [1:3646, 1:576] 0.010764 0.006644 0.010142 0.00602 -0.000353 ...
  .. .. ..- attr(*, "dimnames")=List of 2
  .. .. .. ..$ : chr [1:3646] "2020-21_11.107-5" "2020-21_12.90-53" "2020-21_12.93-4" "2020-21_14.37-103" ...
  .. .. .. ..$ : NULL
  .. ..$ d          : num [1:576] 1718 767 374 228 121 ...
  .. ..$ model      : chr "RKHS"
  .. ..$ Name       : chr "ETA_3"
  .. ..$ tolD       : num 1e-10
  .. ..$ levelsU    : int 576
  .. ..$ df0        : num 5
  .. ..$ R2         : num 0.167
  .. ..$ S0         : num 120
  .. ..$ u          : num [1:3646] -24.3 -39.9 -35.6 -33.2 -37.4 ...
  .. ..$ varU       : num 3540
  .. ..$ uStar      : num [1:576] -1061 562 1057 -291 -468 ...
  .. ..$ NamefileOut: chr "X3_cum/ETA_3_varU.dat"
  .. ..$ SD.u       : num [1:3646] 5.28 4.53 5.6 4.69 5.05 ...
  .. ..$ SD.varU    : num 646
 - attr(*, "class")= chr "BGLR"
NULL
List of 21
 $ y            : num [1:3646] 0.488 17.358 0.481 7.03 16.172 ...
 $ a            : NULL
 $ b            : NULL
 $ whichNa      : int [1:1011] 2636 2637 2638 2639 2640 2641 2642 2643 2644 2645 ...
 $ saveAt       : chr "X4_cum/"
 $ nIter        : num 12000
 $ burnIn       : num 2000
 $ thin         : num 5
 $ weights      : num [1:3646] 1 1 1 1 1 1 1 1 1 1 ...
 $ verbose      : logi FALSE
 $ response_type: chr "gaussian"
 $ df0          : num 5
 $ S0           : num 2535
 $ yHat         : num [1:3646] 27.4 12.6 15.6 15.7 14.2 ...
 $ SD.yHat      : num [1:3646] 8.34 11.06 9.6 10.77 11.45 ...
 $ mu           : num 68.3
 $ SD.mu        : num 3.07
 $ varE         : num 270
 $ SD.varE      : num 18.2
 $ fit          :List of 4
  ..$ logLikAtPostMean: num -10583
  ..$ postMeanLogLik  : num -11111
  ..$ pD              : num 1057
  ..$ DIC             : num 23279
 $ ETA          :List of 3
  ..$ :List of 15
  .. ..$ V          : num [1:3646, 1:6] 0 0 0 0 0 0 0 0 0 0 ...
  .. .. ..- attr(*, "dimnames")=List of 2
  .. .. .. ..$ : chr [1:3646] "2020-21_11.107-5" "2020-21_12.90-53" "2020-21_12.93-4" "2020-21_14.37-103" ...
  .. .. .. ..$ : NULL
  .. ..$ d          : num [1:6] 1011 918 450 447 435 ...
  .. ..$ model      : chr "RKHS"
  .. ..$ Name       : chr "ETA_1"
  .. ..$ tolD       : num 1e-10
  .. ..$ levelsU    : int 6
  .. ..$ df0        : num 5
  .. ..$ R2         : num 0.167
  .. ..$ S0         : num 1.92
  .. ..$ u          : num [1:3646] -0.0602 -0.0602 -0.0602 -0.0602 -0.0602 ...
  .. ..$ varU       : num 0.685
  .. ..$ uStar      : num [1:6] -0.322 -0.604 1.392 -0.93 1.255 ...
  .. ..$ NamefileOut: chr "X4_cum/ETA_1_varU.dat"
  .. ..$ SD.u       : num [1:3646] 0.819 0.819 0.819 0.819 0.819 ...
  .. ..$ SD.varU    : num 0.98
  ..$ :List of 15
  .. ..$ V          : num [1:3646, 1:2737] 0.408 0 0 0 0 ...
  .. .. ..- attr(*, "dimnames")=List of 2
  .. .. .. ..$ : chr [1:3646] "2020-21_11.107-5" "2020-21_12.90-53" "2020-21_12.93-4" "2020-21_14.37-103" ...
  .. .. .. ..$ : chr [1:2737] "11.107-5" "12.90-53" "12.93-4" "13.27-142" ...
  .. ..$ d          : Named num [1:2737] 6 1 3 1 1 1 1 1 2 1 ...
  .. .. ..- attr(*, "names")= chr [1:2737] "11.107-5" "12.90-53" "12.93-4" "13.27-142" ...
  .. ..$ model      : chr "RKHS"
  .. ..$ Name       : chr "ETA_2"
  .. ..$ tolD       : num 1e-10
  .. ..$ levelsU    : int 2737
  .. ..$ df0        : num 5
  .. ..$ R2         : num 0.167
  .. ..$ S0         : num 878
  .. ..$ u          : num [1:3646] 5.9 3.56 7.27 -6.47 1.63 ...
  .. ..$ varU       : num 204
  .. ..$ uStar      : num [1:2737] 14.45 3.56 12.59 10.72 -6.47 ...
  .. ..$ NamefileOut: chr "X4_cum/ETA_2_varU.dat"
  .. ..$ SD.u       : num [1:3646] 6.73 10.85 8.43 10.66 11.46 ...
  .. ..$ SD.varU    : num 22.5
  ..$ :List of 15
  .. ..$ V          : num [1:3646, 1:576] 0.010764 0.006644 0.010142 0.00602 -0.000353 ...
  .. .. ..- attr(*, "dimnames")=List of 2
  .. .. .. ..$ : chr [1:3646] "2020-21_11.107-5" "2020-21_12.90-53" "2020-21_12.93-4" "2020-21_14.37-103" ...
  .. .. .. ..$ : NULL
  .. ..$ d          : num [1:576] 1718 767 374 228 121 ...
  .. ..$ model      : chr "RKHS"
  .. ..$ Name       : chr "ETA_3"
  .. ..$ tolD       : num 1e-10
  .. ..$ levelsU    : int 576
  .. ..$ df0        : num 5
  .. ..$ R2         : num 0.167
  .. ..$ S0         : num 185
  .. ..$ u          : num [1:3646] -46.7 -59.2 -59.9 -46.1 -55.7 ...
  .. ..$ varU       : num 7905
  .. ..$ uStar      : num [1:576] -1662 699 1934 -250 -947 ...
  .. ..$ NamefileOut: chr "X4_cum/ETA_3_varU.dat"
  .. ..$ SD.u       : num [1:3646] 6.53 5.52 6.84 5.69 6.26 ...
  .. ..$ SD.varU    : num 1302
 - attr(*, "class")= chr "BGLR"
NULL
List of 21
 $ y            : num [1:3646] 0.1023 5.6562 0.0967 4.7282 3.2936 ...
 $ a            : NULL
 $ b            : NULL
 $ whichNa      : int [1:1011] 2636 2637 2638 2639 2640 2641 2642 2643 2644 2645 ...
 $ saveAt       : chr "X2_cum/"
 $ nIter        : num 12000
 $ burnIn       : num 2000
 $ thin         : num 5
 $ weights      : num [1:3646] 1 1 1 1 1 1 1 1 1 1 ...
 $ verbose      : logi FALSE
 $ response_type: chr "gaussian"
 $ df0          : num 5
 $ S0           : num 845
 $ yHat         : num [1:3646] 14.52 5.11 6.89 4.22 3.71 ...
 $ SD.yHat      : num [1:3646] 3.91 6.22 4.45 6.18 6.17 ...
 $ mu           : num 17.5
 $ SD.mu        : num 1.35
 $ varE         : num 51.1
 $ SD.varE      : num 3.59
 $ fit          :List of 4
  ..$ logLikAtPostMean: num -8101
  ..$ postMeanLogLik  : num -8913
  ..$ pD              : num 1623
  ..$ DIC             : num 19448
 $ ETA          :List of 3
  ..$ :List of 15
  .. ..$ V          : num [1:3646, 1:6] 0 0 0 0 0 0 0 0 0 0 ...
  .. .. ..- attr(*, "dimnames")=List of 2
  .. .. .. ..$ : chr [1:3646] "2020-21_11.107-5" "2020-21_12.90-53" "2020-21_12.93-4" "2020-21_14.37-103" ...
  .. .. .. ..$ : NULL
  .. ..$ d          : num [1:6] 1011 918 450 447 435 ...
  .. ..$ model      : chr "RKHS"
  .. ..$ Name       : chr "ETA_1"
  .. ..$ tolD       : num 1e-10
  .. ..$ levelsU    : int 6
  .. ..$ df0        : num 5
  .. ..$ R2         : num 0.167
  .. ..$ S0         : num 0.642
  .. ..$ u          : num [1:3646] -0.0321 -0.0321 -0.0321 -0.0321 -0.0321 ...
  .. ..$ varU       : num 0.232
  .. ..$ uStar      : num [1:6] -0.431 -0.295 1.127 0.988 0.669 ...
  .. ..$ NamefileOut: chr "X2_cum/ETA_1_varU.dat"
  .. ..$ SD.u       : num [1:3646] 0.489 0.489 0.489 0.489 0.489 ...
  .. ..$ SD.varU    : num 0.286
  ..$ :List of 15
  .. ..$ V          : num [1:3646, 1:2737] 0.408 0 0 0 0 ...
  .. .. ..- attr(*, "dimnames")=List of 2
  .. .. .. ..$ : chr [1:3646] "2020-21_11.107-5" "2020-21_12.90-53" "2020-21_12.93-4" "2020-21_14.37-103" ...
  .. .. .. ..$ : chr [1:2737] "11.107-5" "12.90-53" "12.93-4" "13.27-142" ...
  .. ..$ d          : Named num [1:2737] 6 1 3 1 1 1 1 1 2 1 ...
  .. .. ..- attr(*, "names")= chr [1:2737] "11.107-5" "12.90-53" "12.93-4" "13.27-142" ...
  .. ..$ model      : chr "RKHS"
  .. ..$ Name       : chr "ETA_2"
  .. ..$ tolD       : num 1e-10
  .. ..$ levelsU    : int 2737
  .. ..$ df0        : num 5
  .. ..$ R2         : num 0.167
  .. ..$ S0         : num 293
  .. ..$ u          : num [1:3646] 7.323 1.412 0.416 1.055 -0.938 ...
  .. ..$ varU       : num 165
  .. ..$ uStar      : num [1:2737] 17.94 1.41 0.72 13.27 1.05 ...
  .. ..$ NamefileOut: chr "X2_cum/ETA_2_varU.dat"
  .. ..$ SD.u       : num [1:3646] 3.38 6.36 4.26 6.43 6.38 ...
  .. ..$ SD.varU    : num 8.29
  ..$ :List of 15
  .. ..$ V          : num [1:3646, 1:576] 0.010764 0.006644 0.010142 0.00602 -0.000353 ...
  .. .. ..- attr(*, "dimnames")=List of 2
  .. .. .. ..$ : chr [1:3646] "2020-21_11.107-5" "2020-21_12.90-53" "2020-21_12.93-4" "2020-21_14.37-103" ...
  .. .. .. ..$ : NULL
  .. ..$ d          : num [1:576] 1718 767 374 228 121 ...
  .. ..$ model      : chr "RKHS"
  .. ..$ Name       : chr "ETA_3"
  .. ..$ tolD       : num 1e-10
  .. ..$ levelsU    : int 576
  .. ..$ df0        : num 5
  .. ..$ R2         : num 0.167
  .. ..$ S0         : num 61.6
  .. ..$ u          : num [1:3646] -10.3 -13.8 -11 -14.4 -12.9 ...
  .. ..$ varU       : num 624
  .. ..$ uStar      : num [1:576] -541.17 266.73 91.78 -147.97 3.83 ...
  .. ..$ NamefileOut: chr "X2_cum/ETA_3_varU.dat"
  .. ..$ SD.u       : num [1:3646] 2.96 2.33 3.19 2.53 2.77 ...
  .. ..$ SD.varU    : num 158
 - attr(*, "class")= chr "BGLR"
NULL
List of 21
 $ y            : num [1:3646] 0.488 17.358 0.481 7.03 16.172 ...
 $ a            : NULL
 $ b            : NULL
 $ whichNa      : int [1:1011] 2636 2637 2638 2639 2640 2641 2642 2643 2644 2645 ...
 $ saveAt       : chr "X4_cum/"
 $ nIter        : num 12000
 $ burnIn       : num 2000
 $ thin         : num 5
 $ weights      : num [1:3646] 1 1 1 1 1 1 1 1 1 1 ...
 $ verbose      : logi FALSE
 $ response_type: chr "gaussian"
 $ df0          : num 5
 $ S0           : num 2535
 $ yHat         : num [1:3646] 27.4 12.6 15.6 15.7 14.2 ...
 $ SD.yHat      : num [1:3646] 8.34 11.06 9.6 10.77 11.45 ...
 $ mu           : num 68.3
 $ SD.mu        : num 3.07
 $ varE         : num 270
 $ SD.varE      : num 18.2
 $ fit          :List of 4
  ..$ logLikAtPostMean: num -10583
  ..$ postMeanLogLik  : num -11111
  ..$ pD              : num 1057
  ..$ DIC             : num 23279
 $ ETA          :List of 3
  ..$ :List of 15
  .. ..$ V          : num [1:3646, 1:6] 0 0 0 0 0 0 0 0 0 0 ...
  .. .. ..- attr(*, "dimnames")=List of 2
  .. .. .. ..$ : chr [1:3646] "2020-21_11.107-5" "2020-21_12.90-53" "2020-21_12.93-4" "2020-21_14.37-103" ...
  .. .. .. ..$ : NULL
  .. ..$ d          : num [1:6] 1011 918 450 447 435 ...
  .. ..$ model      : chr "RKHS"
  .. ..$ Name       : chr "ETA_1"
  .. ..$ tolD       : num 1e-10
  .. ..$ levelsU    : int 6
  .. ..$ df0        : num 5
  .. ..$ R2         : num 0.167
  .. ..$ S0         : num 1.92
  .. ..$ u          : num [1:3646] -0.0602 -0.0602 -0.0602 -0.0602 -0.0602 ...
  .. ..$ varU       : num 0.685
  .. ..$ uStar      : num [1:6] -0.322 -0.604 1.392 -0.93 1.255 ...
  .. ..$ NamefileOut: chr "X4_cum/ETA_1_varU.dat"
  .. ..$ SD.u       : num [1:3646] 0.819 0.819 0.819 0.819 0.819 ...
  .. ..$ SD.varU    : num 0.98
  ..$ :List of 15
  .. ..$ V          : num [1:3646, 1:2737] 0.408 0 0 0 0 ...
  .. .. ..- attr(*, "dimnames")=List of 2
  .. .. .. ..$ : chr [1:3646] "2020-21_11.107-5" "2020-21_12.90-53" "2020-21_12.93-4" "2020-21_14.37-103" ...
  .. .. .. ..$ : chr [1:2737] "11.107-5" "12.90-53" "12.93-4" "13.27-142" ...
  .. ..$ d          : Named num [1:2737] 6 1 3 1 1 1 1 1 2 1 ...
  .. .. ..- attr(*, "names")= chr [1:2737] "11.107-5" "12.90-53" "12.93-4" "13.27-142" ...
  .. ..$ model      : chr "RKHS"
  .. ..$ Name       : chr "ETA_2"
  .. ..$ tolD       : num 1e-10
  .. ..$ levelsU    : int 2737
  .. ..$ df0        : num 5
  .. ..$ R2         : num 0.167
  .. ..$ S0         : num 878
  .. ..$ u          : num [1:3646] 5.9 3.56 7.27 -6.47 1.63 ...
  .. ..$ varU       : num 204
  .. ..$ uStar      : num [1:2737] 14.45 3.56 12.59 10.72 -6.47 ...
  .. ..$ NamefileOut: chr "X4_cum/ETA_2_varU.dat"
  .. ..$ SD.u       : num [1:3646] 6.73 10.85 8.43 10.66 11.46 ...
  .. ..$ SD.varU    : num 22.5
  ..$ :List of 15
  .. ..$ V          : num [1:3646, 1:576] 0.010764 0.006644 0.010142 0.00602 -0.000353 ...
  .. .. ..- attr(*, "dimnames")=List of 2
  .. .. .. ..$ : chr [1:3646] "2020-21_11.107-5" "2020-21_12.90-53" "2020-21_12.93-4" "2020-21_14.37-103" ...
  .. .. .. ..$ : NULL
  .. ..$ d          : num [1:576] 1718 767 374 228 121 ...
  .. ..$ model      : chr "RKHS"
  .. ..$ Name       : chr "ETA_3"
  .. ..$ tolD       : num 1e-10
  .. ..$ levelsU    : int 576
  .. ..$ df0        : num 5
  .. ..$ R2         : num 0.167
  .. ..$ S0         : num 185
  .. ..$ u          : num [1:3646] -46.7 -59.2 -59.9 -46.1 -55.7 ...
  .. ..$ varU       : num 7905
  .. ..$ uStar      : num [1:576] -1662 699 1934 -250 -947 ...
  .. ..$ NamefileOut: chr "X4_cum/ETA_3_varU.dat"
  .. ..$ SD.u       : num [1:3646] 6.53 5.52 6.84 5.69 6.26 ...
  .. ..$ SD.varU    : num 1302
 - attr(*, "class")= chr "BGLR"
NULL
List of 21
 $ y            : num [1:3646] 39.5 64.4 38.3 92.4 32.5 ...
 $ a            : NULL
 $ b            : NULL
 $ whichNa      : int [1:1011] 2636 2637 2638 2639 2640 2641 2642 2643 2644 2645 ...
 $ saveAt       : chr "X7_cum/"
 $ nIter        : num 12000
 $ burnIn       : num 2000
 $ thin         : num 5
 $ weights      : num [1:3646] 1 1 1 1 1 1 1 1 1 1 ...
 $ verbose      : logi FALSE
 $ response_type: chr "gaussian"
 $ df0          : num 5
 $ S0           : num 7275
 $ yHat         : num [1:3646] 90.5 53.1 52.4 78.7 38.7 ...
 $ SD.yHat      : num [1:3646] 15.5 20 16.8 19.6 20.7 ...
 $ mu           : num 130
 $ SD.mu        : num 6
 $ varE         : num 958
 $ SD.varE      : num 57.9
 $ fit          :List of 4
  ..$ logLikAtPostMean: num -12295
  ..$ postMeanLogLik  : num -12780
  ..$ pD              : num 969
  ..$ DIC             : num 26529
 $ ETA          :List of 3
  ..$ :List of 15
  .. ..$ V          : num [1:3646, 1:6] 0 0 0 0 0 0 0 0 0 0 ...
  .. .. ..- attr(*, "dimnames")=List of 2
  .. .. .. ..$ : chr [1:3646] "2020-21_11.107-5" "2020-21_12.90-53" "2020-21_12.93-4" "2020-21_14.37-103" ...
  .. .. .. ..$ : NULL
  .. ..$ d          : num [1:6] 1011 918 450 447 435 ...
  .. ..$ model      : chr "RKHS"
  .. ..$ Name       : chr "ETA_1"
  .. ..$ tolD       : num 1e-10
  .. ..$ levelsU    : int 6
  .. ..$ df0        : num 5
  .. ..$ R2         : num 0.167
  .. ..$ S0         : num 5.52
  .. ..$ u          : num [1:3646] 0.0254 0.0254 0.0254 0.0254 0.0254 ...
  .. ..$ varU       : num 2.02
  .. ..$ uStar      : num [1:6] -0.743 -2.068 -0.244 -2.223 -0.531 ...
  .. ..$ NamefileOut: chr "X7_cum/ETA_1_varU.dat"
  .. ..$ SD.u       : num [1:3646] 1.42 1.42 1.42 1.42 1.42 ...
  .. ..$ SD.varU    : num 3.1
  ..$ :List of 15
  .. ..$ V          : num [1:3646, 1:2737] 0.408 0 0 0 0 ...
  .. .. ..- attr(*, "dimnames")=List of 2
  .. .. .. ..$ : chr [1:3646] "2020-21_11.107-5" "2020-21_12.90-53" "2020-21_12.93-4" "2020-21_14.37-103" ...
  .. .. .. ..$ : chr [1:2737] "11.107-5" "12.90-53" "12.93-4" "13.27-142" ...
  .. ..$ d          : Named num [1:2737] 6 1 3 1 1 1 1 1 2 1 ...
  .. .. ..- attr(*, "names")= chr [1:2737] "11.107-5" "12.90-53" "12.93-4" "13.27-142" ...
  .. ..$ model      : chr "RKHS"
  .. ..$ Name       : chr "ETA_2"
  .. ..$ tolD       : num 1e-10
  .. ..$ levelsU    : int 2737
  .. ..$ df0        : num 5
  .. ..$ R2         : num 0.167
  .. ..$ S0         : num 2519
  .. ..$ u          : num [1:3646] 23.88 6.49 26.72 8.53 -4.98 ...
  .. ..$ varU       : num 618
  .. ..$ uStar      : num [1:2737] 58.49 6.49 46.28 15.8 8.53 ...
  .. ..$ NamefileOut: chr "X7_cum/ETA_2_varU.dat"
  .. ..$ SD.u       : num [1:3646] 12.7 20 15.3 19.1 20.2 ...
  .. ..$ SD.varU    : num 68.1
  ..$ :List of 15
  .. ..$ V          : num [1:3646, 1:576] 0.010764 0.006644 0.010142 0.00602 -0.000353 ...
  .. .. ..- attr(*, "dimnames")=List of 2
  .. .. .. ..$ : chr [1:3646] "2020-21_11.107-5" "2020-21_12.90-53" "2020-21_12.93-4" "2020-21_14.37-103" ...
  .. .. .. ..$ : NULL
  .. ..$ d          : num [1:576] 1718 767 374 228 121 ...
  .. ..$ model      : chr "RKHS"
  .. ..$ Name       : chr "ETA_3"
  .. ..$ tolD       : num 1e-10
  .. ..$ levelsU    : int 576
  .. ..$ df0        : num 5
  .. ..$ R2         : num 0.167
  .. ..$ S0         : num 530
  .. ..$ u          : num [1:3646] -63.1 -83.1 -104 -59.5 -86 ...
  .. ..$ varU       : num 17668
  .. ..$ uStar      : num [1:576] -2090 1085 2639 198 -1463 ...
  .. ..$ NamefileOut: chr "X7_cum/ETA_3_varU.dat"
  .. ..$ SD.u       : num [1:3646] 11.96 9.86 12.18 9.82 11.1 ...
  .. ..$ SD.varU    : num 3284
 - attr(*, "class")= chr "BGLR"
NULL
List of 21
 $ y            : num [1:3646] 0.488 17.358 0.481 7.03 16.172 ...
 $ a            : NULL
 $ b            : NULL
 $ whichNa      : int [1:1011] 2636 2637 2638 2639 2640 2641 2642 2643 2644 2645 ...
 $ saveAt       : chr "X4_cum/"
 $ nIter        : num 12000
 $ burnIn       : num 2000
 $ thin         : num 5
 $ weights      : num [1:3646] 1 1 1 1 1 1 1 1 1 1 ...
 $ verbose      : logi FALSE
 $ response_type: chr "gaussian"
 $ df0          : num 5
 $ S0           : num 2535
 $ yHat         : num [1:3646] 27.4 12.6 15.6 15.7 14.2 ...
 $ SD.yHat      : num [1:3646] 8.34 11.06 9.6 10.77 11.45 ...
 $ mu           : num 68.3
 $ SD.mu        : num 3.07
 $ varE         : num 270
 $ SD.varE      : num 18.2
 $ fit          :List of 4
  ..$ logLikAtPostMean: num -10583
  ..$ postMeanLogLik  : num -11111
  ..$ pD              : num 1057
  ..$ DIC             : num 23279
 $ ETA          :List of 3
  ..$ :List of 15
  .. ..$ V          : num [1:3646, 1:6] 0 0 0 0 0 0 0 0 0 0 ...
  .. .. ..- attr(*, "dimnames")=List of 2
  .. .. .. ..$ : chr [1:3646] "2020-21_11.107-5" "2020-21_12.90-53" "2020-21_12.93-4" "2020-21_14.37-103" ...
  .. .. .. ..$ : NULL
  .. ..$ d          : num [1:6] 1011 918 450 447 435 ...
  .. ..$ model      : chr "RKHS"
  .. ..$ Name       : chr "ETA_1"
  .. ..$ tolD       : num 1e-10
  .. ..$ levelsU    : int 6
  .. ..$ df0        : num 5
  .. ..$ R2         : num 0.167
  .. ..$ S0         : num 1.92
  .. ..$ u          : num [1:3646] -0.0602 -0.0602 -0.0602 -0.0602 -0.0602 ...
  .. ..$ varU       : num 0.685
  .. ..$ uStar      : num [1:6] -0.322 -0.604 1.392 -0.93 1.255 ...
  .. ..$ NamefileOut: chr "X4_cum/ETA_1_varU.dat"
  .. ..$ SD.u       : num [1:3646] 0.819 0.819 0.819 0.819 0.819 ...
  .. ..$ SD.varU    : num 0.98
  ..$ :List of 15
  .. ..$ V          : num [1:3646, 1:2737] 0.408 0 0 0 0 ...
  .. .. ..- attr(*, "dimnames")=List of 2
  .. .. .. ..$ : chr [1:3646] "2020-21_11.107-5" "2020-21_12.90-53" "2020-21_12.93-4" "2020-21_14.37-103" ...
  .. .. .. ..$ : chr [1:2737] "11.107-5" "12.90-53" "12.93-4" "13.27-142" ...
  .. ..$ d          : Named num [1:2737] 6 1 3 1 1 1 1 1 2 1 ...
  .. .. ..- attr(*, "names")= chr [1:2737] "11.107-5" "12.90-53" "12.93-4" "13.27-142" ...
  .. ..$ model      : chr "RKHS"
  .. ..$ Name       : chr "ETA_2"
  .. ..$ tolD       : num 1e-10
  .. ..$ levelsU    : int 2737
  .. ..$ df0        : num 5
  .. ..$ R2         : num 0.167
  .. ..$ S0         : num 878
  .. ..$ u          : num [1:3646] 5.9 3.56 7.27 -6.47 1.63 ...
  .. ..$ varU       : num 204
  .. ..$ uStar      : num [1:2737] 14.45 3.56 12.59 10.72 -6.47 ...
  .. ..$ NamefileOut: chr "X4_cum/ETA_2_varU.dat"
  .. ..$ SD.u       : num [1:3646] 6.73 10.85 8.43 10.66 11.46 ...
  .. ..$ SD.varU    : num 22.5
  ..$ :List of 15
  .. ..$ V          : num [1:3646, 1:576] 0.010764 0.006644 0.010142 0.00602 -0.000353 ...
  .. .. ..- attr(*, "dimnames")=List of 2
  .. .. .. ..$ : chr [1:3646] "2020-21_11.107-5" "2020-21_12.90-53" "2020-21_12.93-4" "2020-21_14.37-103" ...
  .. .. .. ..$ : NULL
  .. ..$ d          : num [1:576] 1718 767 374 228 121 ...
  .. ..$ model      : chr "RKHS"
  .. ..$ Name       : chr "ETA_3"
  .. ..$ tolD       : num 1e-10
  .. ..$ levelsU    : int 576
  .. ..$ df0        : num 5
  .. ..$ R2         : num 0.167
  .. ..$ S0         : num 185
  .. ..$ u          : num [1:3646] -46.7 -59.2 -59.9 -46.1 -55.7 ...
  .. ..$ varU       : num 7905
  .. ..$ uStar      : num [1:576] -1662 699 1934 -250 -947 ...
  .. ..$ NamefileOut: chr "X4_cum/ETA_3_varU.dat"
  .. ..$ SD.u       : num [1:3646] 6.53 5.52 6.84 5.69 6.26 ...
  .. ..$ SD.varU    : num 1302
 - attr(*, "class")= chr "BGLR"
NULL
List of 21
 $ y            : num [1:3646] 4.216 23.801 0.481 30.098 28.348 ...
 $ a            : NULL
 $ b            : NULL
 $ whichNa      : int [1:1011] 2636 2637 2638 2639 2640 2641 2642 2643 2644 2645 ...
 $ saveAt       : chr "X5_cum/"
 $ nIter        : num 12000
 $ burnIn       : num 2000
 $ thin         : num 5
 $ weights      : num [1:3646] 1 1 1 1 1 1 1 1 1 1 ...
 $ verbose      : logi FALSE
 $ response_type: chr "gaussian"
 $ df0          : num 5
 $ S0           : num 3616
 $ yHat         : num [1:3646] 35.4 20.5 13.1 32.1 25.9 ...
 $ SD.yHat      : num [1:3646] 10.3 13.1 11.2 13.3 13.5 ...
 $ mu           : num 87
 $ SD.mu        : num 3.86
 $ varE         : num 413
 $ SD.varE      : num 27.2
 $ fit          :List of 4
  ..$ logLikAtPostMean: num -11173
  ..$ postMeanLogLik  : num -11671
  ..$ pD              : num 997
  ..$ DIC             : num 24340
 $ ETA          :List of 3
  ..$ :List of 15
  .. ..$ V          : num [1:3646, 1:6] 0 0 0 0 0 0 0 0 0 0 ...
  .. .. ..- attr(*, "dimnames")=List of 2
  .. .. .. ..$ : chr [1:3646] "2020-21_11.107-5" "2020-21_12.90-53" "2020-21_12.93-4" "2020-21_14.37-103" ...
  .. .. .. ..$ : NULL
  .. ..$ d          : num [1:6] 1011 918 450 447 435 ...
  .. ..$ model      : chr "RKHS"
  .. ..$ Name       : chr "ETA_1"
  .. ..$ tolD       : num 1e-10
  .. ..$ levelsU    : int 6
  .. ..$ df0        : num 5
  .. ..$ R2         : num 0.167
  .. ..$ S0         : num 2.74
  .. ..$ u          : num [1:3646] -0.00551 -0.00551 -0.00551 -0.00551 -0.00551 ...
  .. ..$ varU       : num 0.872
  .. ..$ uStar      : num [1:6] -1.693 -1.552 -0.273 -0.531 0.115 ...
  .. ..$ NamefileOut: chr "X5_cum/ETA_1_varU.dat"
  .. ..$ SD.u       : num [1:3646] 0.902 0.902 0.902 0.902 0.902 ...
  .. ..$ SD.varU    : num 0.841
  ..$ :List of 15
  .. ..$ V          : num [1:3646, 1:2737] 0.408 0 0 0 0 ...
  .. .. ..- attr(*, "dimnames")=List of 2
  .. .. .. ..$ : chr [1:3646] "2020-21_11.107-5" "2020-21_12.90-53" "2020-21_12.93-4" "2020-21_14.37-103" ...
  .. .. .. ..$ : chr [1:2737] "11.107-5" "12.90-53" "12.93-4" "13.27-142" ...
  .. ..$ d          : Named num [1:2737] 6 1 3 1 1 1 1 1 2 1 ...
  .. .. ..- attr(*, "names")= chr [1:2737] "11.107-5" "12.90-53" "12.93-4" "13.27-142" ...
  .. ..$ model      : chr "RKHS"
  .. ..$ Name       : chr "ETA_2"
  .. ..$ tolD       : num 1e-10
  .. ..$ levelsU    : int 2737
  .. ..$ df0        : num 5
  .. ..$ R2         : num 0.167
  .. ..$ S0         : num 1252
  .. ..$ u          : num [1:3646] 8.725 1.785 0.823 -0.552 1.105 ...
  .. ..$ varU       : num 275
  .. ..$ uStar      : num [1:2737] 21.371 1.785 1.425 11.687 -0.552 ...
  .. ..$ NamefileOut: chr "X5_cum/ETA_2_varU.dat"
  .. ..$ SD.u       : num [1:3646] 8.48 12.94 9.84 13.12 13.06 ...
  .. ..$ SD.varU    : num 32.4
  ..$ :List of 15
  .. ..$ V          : num [1:3646, 1:576] 0.010764 0.006644 0.010142 0.00602 -0.000353 ...
  .. .. ..- attr(*, "dimnames")=List of 2
  .. .. .. ..$ : chr [1:3646] "2020-21_11.107-5" "2020-21_12.90-53" "2020-21_12.93-4" "2020-21_14.37-103" ...
  .. .. .. ..$ : NULL
  .. ..$ d          : num [1:576] 1718 767 374 228 121 ...
  .. ..$ model      : chr "RKHS"
  .. ..$ Name       : chr "ETA_3"
  .. ..$ tolD       : num 1e-10
  .. ..$ levelsU    : int 576
  .. ..$ df0        : num 5
  .. ..$ R2         : num 0.167
  .. ..$ S0         : num 264
  .. ..$ u          : num [1:3646] -60.4 -68.4 -74.7 -54.3 -62.3 ...
  .. ..$ varU       : num 10774
  .. ..$ uStar      : num [1:576] -1967.9 759.2 2339 -66.7 -1220.4 ...
  .. ..$ NamefileOut: chr "X5_cum/ETA_3_varU.dat"
  .. ..$ SD.u       : num [1:3646] 7.96 6.69 8.41 6.65 7.75 ...
  .. ..$ SD.varU    : num 1812
 - attr(*, "class")= chr "BGLR"
NULL
List of 21
 $ y            : num [1:3646] 0.488 17.358 0.481 7.03 16.172 ...
 $ a            : NULL
 $ b            : NULL
 $ whichNa      : int [1:1011] 2636 2637 2638 2639 2640 2641 2642 2643 2644 2645 ...
 $ saveAt       : chr "X4_cum/"
 $ nIter        : num 12000
 $ burnIn       : num 2000
 $ thin         : num 5
 $ weights      : num [1:3646] 1 1 1 1 1 1 1 1 1 1 ...
 $ verbose      : logi FALSE
 $ response_type: chr "gaussian"
 $ df0          : num 5
 $ S0           : num 2535
 $ yHat         : num [1:3646] 27.4 12.6 15.6 15.7 14.2 ...
 $ SD.yHat      : num [1:3646] 8.34 11.06 9.6 10.77 11.45 ...
 $ mu           : num 68.3
 $ SD.mu        : num 3.07
 $ varE         : num 270
 $ SD.varE      : num 18.2
 $ fit          :List of 4
  ..$ logLikAtPostMean: num -10583
  ..$ postMeanLogLik  : num -11111
  ..$ pD              : num 1057
  ..$ DIC             : num 23279
 $ ETA          :List of 3
  ..$ :List of 15
  .. ..$ V          : num [1:3646, 1:6] 0 0 0 0 0 0 0 0 0 0 ...
  .. .. ..- attr(*, "dimnames")=List of 2
  .. .. .. ..$ : chr [1:3646] "2020-21_11.107-5" "2020-21_12.90-53" "2020-21_12.93-4" "2020-21_14.37-103" ...
  .. .. .. ..$ : NULL
  .. ..$ d          : num [1:6] 1011 918 450 447 435 ...
  .. ..$ model      : chr "RKHS"
  .. ..$ Name       : chr "ETA_1"
  .. ..$ tolD       : num 1e-10
  .. ..$ levelsU    : int 6
  .. ..$ df0        : num 5
  .. ..$ R2         : num 0.167
  .. ..$ S0         : num 1.92
  .. ..$ u          : num [1:3646] -0.0602 -0.0602 -0.0602 -0.0602 -0.0602 ...
  .. ..$ varU       : num 0.685
  .. ..$ uStar      : num [1:6] -0.322 -0.604 1.392 -0.93 1.255 ...
  .. ..$ NamefileOut: chr "X4_cum/ETA_1_varU.dat"
  .. ..$ SD.u       : num [1:3646] 0.819 0.819 0.819 0.819 0.819 ...
  .. ..$ SD.varU    : num 0.98
  ..$ :List of 15
  .. ..$ V          : num [1:3646, 1:2737] 0.408 0 0 0 0 ...
  .. .. ..- attr(*, "dimnames")=List of 2
  .. .. .. ..$ : chr [1:3646] "2020-21_11.107-5" "2020-21_12.90-53" "2020-21_12.93-4" "2020-21_14.37-103" ...
  .. .. .. ..$ : chr [1:2737] "11.107-5" "12.90-53" "12.93-4" "13.27-142" ...
  .. ..$ d          : Named num [1:2737] 6 1 3 1 1 1 1 1 2 1 ...
  .. .. ..- attr(*, "names")= chr [1:2737] "11.107-5" "12.90-53" "12.93-4" "13.27-142" ...
  .. ..$ model      : chr "RKHS"
  .. ..$ Name       : chr "ETA_2"
  .. ..$ tolD       : num 1e-10
  .. ..$ levelsU    : int 2737
  .. ..$ df0        : num 5
  .. ..$ R2         : num 0.167
  .. ..$ S0         : num 878
  .. ..$ u          : num [1:3646] 5.9 3.56 7.27 -6.47 1.63 ...
  .. ..$ varU       : num 204
  .. ..$ uStar      : num [1:2737] 14.45 3.56 12.59 10.72 -6.47 ...
  .. ..$ NamefileOut: chr "X4_cum/ETA_2_varU.dat"
  .. ..$ SD.u       : num [1:3646] 6.73 10.85 8.43 10.66 11.46 ...
  .. ..$ SD.varU    : num 22.5
  ..$ :List of 15
  .. ..$ V          : num [1:3646, 1:576] 0.010764 0.006644 0.010142 0.00602 -0.000353 ...
  .. .. ..- attr(*, "dimnames")=List of 2
  .. .. .. ..$ : chr [1:3646] "2020-21_11.107-5" "2020-21_12.90-53" "2020-21_12.93-4" "2020-21_14.37-103" ...
  .. .. .. ..$ : NULL
  .. ..$ d          : num [1:576] 1718 767 374 228 121 ...
  .. ..$ model      : chr "RKHS"
  .. ..$ Name       : chr "ETA_3"
  .. ..$ tolD       : num 1e-10
  .. ..$ levelsU    : int 576
  .. ..$ df0        : num 5
  .. ..$ R2         : num 0.167
  .. ..$ S0         : num 185
  .. ..$ u          : num [1:3646] -46.7 -59.2 -59.9 -46.1 -55.7 ...
  .. ..$ varU       : num 7905
  .. ..$ uStar      : num [1:576] -1662 699 1934 -250 -947 ...
  .. ..$ NamefileOut: chr "X4_cum/ETA_3_varU.dat"
  .. ..$ SD.u       : num [1:3646] 6.53 5.52 6.84 5.69 6.26 ...
  .. ..$ SD.varU    : num 1302
 - attr(*, "class")= chr "BGLR"
NULL
List of 21
 $ y            : num [1:3646] 0.488 5.656 0.158 4.728 11.634 ...
 $ a            : NULL
 $ b            : NULL
 $ whichNa      : int [1:1011] 2636 2637 2638 2639 2640 2641 2642 2643 2644 2645 ...
 $ saveAt       : chr "X3_cum/"
 $ nIter        : num 12000
 $ burnIn       : num 2000
 $ thin         : num 5
 $ weights      : num [1:3646] 1 1 1 1 1 1 1 1 1 1 ...
 $ verbose      : logi FALSE
 $ response_type: chr "gaussian"
 $ df0          : num 5
 $ S0           : num 1647
 $ yHat         : num [1:3646] 25.96 4.97 12.49 7.95 8.7 ...
 $ SD.yHat      : num [1:3646] 6.77 9.23 7.44 9.2 9.28 ...
 $ mu           : num 44
 $ SD.mu        : num 2.82
 $ varE         : num 182
 $ SD.varE      : num 14.3
 $ fit          :List of 4
  ..$ logLikAtPostMean: num -10045
  ..$ postMeanLogLik  : num -10587
  ..$ pD              : num 1084
  ..$ DIC             : num 22257
 $ ETA          :List of 3
  ..$ :List of 15
  .. ..$ V          : num [1:3646, 1:6] 0 0 0 0 0 0 0 0 0 0 ...
  .. .. ..- attr(*, "dimnames")=List of 2
  .. .. .. ..$ : chr [1:3646] "2020-21_11.107-5" "2020-21_12.90-53" "2020-21_12.93-4" "2020-21_14.37-103" ...
  .. .. .. ..$ : NULL
  .. ..$ d          : num [1:6] 1011 918 450 447 435 ...
  .. ..$ model      : chr "RKHS"
  .. ..$ Name       : chr "ETA_1"
  .. ..$ tolD       : num 1e-10
  .. ..$ levelsU    : int 6
  .. ..$ df0        : num 5
  .. ..$ R2         : num 0.167
  .. ..$ S0         : num 1.25
  .. ..$ u          : num [1:3646] -0.0144 -0.0144 -0.0144 -0.0144 -0.0144 ...
  .. ..$ varU       : num 0.432
  .. ..$ uStar      : num [1:6] -0.174 -0.28 0.917 -0.727 0.3 ...
  .. ..$ NamefileOut: chr "X3_cum/ETA_1_varU.dat"
  .. ..$ SD.u       : num [1:3646] 0.626 0.626 0.626 0.626 0.626 ...
  .. ..$ SD.varU    : num 0.505
  ..$ :List of 15
  .. ..$ V          : num [1:3646, 1:2737] 0.408 0 0 0 0 ...
  .. .. ..- attr(*, "dimnames")=List of 2
  .. .. .. ..$ : chr [1:3646] "2020-21_11.107-5" "2020-21_12.90-53" "2020-21_12.93-4" "2020-21_14.37-103" ...
  .. .. .. ..$ : chr [1:2737] "11.107-5" "12.90-53" "12.93-4" "13.27-142" ...
  .. ..$ d          : Named num [1:2737] 6 1 3 1 1 1 1 1 2 1 ...
  .. .. ..- attr(*, "names")= chr [1:2737] "11.107-5" "12.90-53" "12.93-4" "13.27-142" ...
  .. ..$ model      : chr "RKHS"
  .. ..$ Name       : chr "ETA_2"
  .. ..$ tolD       : num 1e-10
  .. ..$ levelsU    : int 2737
  .. ..$ df0        : num 5
  .. ..$ R2         : num 0.167
  .. ..$ S0         : num 570
  .. ..$ u          : num [1:3646] 6.291 0.948 4.129 -2.814 2.169 ...
  .. ..$ varU       : num 152
  .. ..$ uStar      : num [1:2737] 15.41 0.948 7.151 12.587 -2.814 ...
  .. ..$ NamefileOut: chr "X3_cum/ETA_2_varU.dat"
  .. ..$ SD.u       : num [1:3646] 5.58 9.16 6.76 9.17 9.3 ...
  .. ..$ SD.varU    : num 18.4
  ..$ :List of 15
  .. ..$ V          : num [1:3646, 1:576] 0.010764 0.006644 0.010142 0.00602 -0.000353 ...
  .. .. ..- attr(*, "dimnames")=List of 2
  .. .. .. ..$ : chr [1:3646] "2020-21_11.107-5" "2020-21_12.90-53" "2020-21_12.93-4" "2020-21_14.37-103" ...
  .. .. .. ..$ : NULL
  .. ..$ d          : num [1:576] 1718 767 374 228 121 ...
  .. ..$ model      : chr "RKHS"
  .. ..$ Name       : chr "ETA_3"
  .. ..$ tolD       : num 1e-10
  .. ..$ levelsU    : int 576
  .. ..$ df0        : num 5
  .. ..$ R2         : num 0.167
  .. ..$ S0         : num 120
  .. ..$ u          : num [1:3646] -24.3 -39.9 -35.6 -33.2 -37.4 ...
  .. ..$ varU       : num 3540
  .. ..$ uStar      : num [1:576] -1061 562 1057 -291 -468 ...
  .. ..$ NamefileOut: chr "X3_cum/ETA_3_varU.dat"
  .. ..$ SD.u       : num [1:3646] 5.28 4.53 5.6 4.69 5.05 ...
  .. ..$ SD.varU    : num 646
 - attr(*, "class")= chr "BGLR"
NULL
List of 21
 $ y            : num [1:3646] 3.728 6.443 -0.136 23.068 12.176 ...
 $ a            : NULL
 $ b            : NULL
 $ whichNa      : int [1:1011] 2636 2637 2638 2639 2640 2641 2642 2643 2644 2645 ...
 $ saveAt       : chr "X5/"
 $ nIter        : num 12000
 $ burnIn       : num 2000
 $ thin         : num 5
 $ weights      : num [1:3646] 1 1 1 1 1 1 1 1 1 1 ...
 $ verbose      : logi FALSE
 $ response_type: chr "gaussian"
 $ df0          : num 5
 $ S0           : num 556
 $ yHat         : num [1:3646] 6.815 9.278 0.243 13.262 8.397 ...
 $ SD.yHat      : num [1:3646] 4.58 4.94 4.89 4.99 5.08 ...
 $ mu           : num 17.5
 $ SD.mu        : num 1.46
 $ varE         : num 143
 $ SD.varE      : num 6.97
 $ fit          :List of 4
  ..$ logLikAtPostMean: num -10058
  ..$ postMeanLogLik  : num -10278
  ..$ pD              : num 440
  ..$ DIC             : num 20997
 $ ETA          :List of 3
  ..$ :List of 15
  .. ..$ V          : num [1:3646, 1:6] 0 0 0 0 0 0 0 0 0 0 ...
  .. .. ..- attr(*, "dimnames")=List of 2
  .. .. .. ..$ : chr [1:3646] "2020-21_11.107-5" "2020-21_12.90-53" "2020-21_12.93-4" "2020-21_14.37-103" ...
  .. .. .. ..$ : NULL
  .. ..$ d          : num [1:6] 1011 918 450 447 435 ...
  .. ..$ model      : chr "RKHS"
  .. ..$ Name       : chr "ETA_1"
  .. ..$ tolD       : num 1e-10
  .. ..$ levelsU    : int 6
  .. ..$ df0        : num 5
  .. ..$ R2         : num 0.167
  .. ..$ S0         : num 0.422
  .. ..$ u          : num [1:3646] -0.0175 -0.0175 -0.0175 -0.0175 -0.0175 ...
  .. ..$ varU       : num 0.141
  .. ..$ uStar      : num [1:6] -0.853499 -0.000833 -1.210374 0.878835 0.365207 ...
  .. ..$ NamefileOut: chr "X5/ETA_1_varU.dat"
  .. ..$ SD.u       : num [1:3646] 0.368 0.368 0.368 0.368 0.368 ...
  .. ..$ SD.varU    : num 0.16
  ..$ :List of 15
  .. ..$ V          : num [1:3646, 1:2737] 0.408 0 0 0 0 ...
  .. .. ..- attr(*, "dimnames")=List of 2
  .. .. .. ..$ : chr [1:3646] "2020-21_11.107-5" "2020-21_12.90-53" "2020-21_12.93-4" "2020-21_14.37-103" ...
  .. .. .. ..$ : chr [1:2737] "11.107-5" "12.90-53" "12.93-4" "13.27-142" ...
  .. ..$ d          : Named num [1:2737] 6 1 3 1 1 1 1 1 2 1 ...
  .. .. ..- attr(*, "names")= chr [1:2737] "11.107-5" "12.90-53" "12.93-4" "13.27-142" ...
  .. ..$ model      : chr "RKHS"
  .. ..$ Name       : chr "ETA_2"
  .. ..$ tolD       : num 1e-10
  .. ..$ levelsU    : int 2737
  .. ..$ df0        : num 5
  .. ..$ R2         : num 0.167
  .. ..$ S0         : num 193
  .. ..$ u          : num [1:3646] 0.818 -0.6 -3.938 1.855 0.632 ...
  .. ..$ varU       : num 25.8
  .. ..$ uStar      : num [1:2737] 2 -0.6 -6.82 0.95 1.86 ...
  .. ..$ NamefileOut: chr "X5/ETA_2_varU.dat"
  .. ..$ SD.u       : num [1:3646] 3.71 4.68 4.06 4.63 4.75 ...
  .. ..$ SD.varU    : num 6.18
  ..$ :List of 15
  .. ..$ V          : num [1:3646, 1:576] 0.010764 0.006644 0.010142 0.00602 -0.000353 ...
  .. .. ..- attr(*, "dimnames")=List of 2
  .. .. .. ..$ : chr [1:3646] "2020-21_11.107-5" "2020-21_12.90-53" "2020-21_12.93-4" "2020-21_14.37-103" ...
  .. .. .. ..$ : NULL
  .. ..$ d          : num [1:576] 1718 767 374 228 121 ...
  .. ..$ model      : chr "RKHS"
  .. ..$ Name       : chr "ETA_3"
  .. ..$ tolD       : num 1e-10
  .. ..$ levelsU    : int 576
  .. ..$ df0        : num 5
  .. ..$ R2         : num 0.167
  .. ..$ S0         : num 40.5
  .. ..$ u          : num [1:3646] -11.49 -7.61 -13.3 -6.08 -9.72 ...
  .. ..$ varU       : num 518
  .. ..$ uStar      : num [1:576] -272.9 50.6 314.8 190.9 -219 ...
  .. ..$ NamefileOut: chr "X5/ETA_3_varU.dat"
  .. ..$ SD.u       : num [1:3646] 3.17 2.45 3.17 2.62 2.84 ...
  .. ..$ SD.varU    : num 138
 - attr(*, "class")= chr "BGLR"
NULL
List of 21
 $ y            : num [1:3646] 76.5 118.8 117.3 133.6 54.6 ...
 $ a            : NULL
 $ b            : NULL
 $ whichNa      : int [1:1011] 2636 2637 2638 2639 2640 2641 2642 2643 2644 2645 ...
 $ saveAt       : chr "X8_cum/"
 $ nIter        : num 12000
 $ burnIn       : num 2000
 $ thin         : num 5
 $ weights      : num [1:3646] 1 1 1 1 1 1 1 1 1 1 ...
 $ verbose      : logi FALSE
 $ response_type: chr "gaussian"
 $ df0          : num 5
 $ S0           : num 11387
 $ yHat         : num [1:3646] 143.1 93.3 126.7 118.1 62.1 ...
 $ SD.yHat      : num [1:3646] 18 24.1 21.2 24 24.9 ...
 $ mu           : num 167
 $ SD.mu        : num 8.6
 $ varE         : num 1493
 $ SD.varE      : num 92.8
 $ fit          :List of 4
  ..$ logLikAtPostMean: num -12900
  ..$ postMeanLogLik  : num -13364
  ..$ pD              : num 928
  ..$ DIC             : num 27657
 $ ETA          :List of 3
  ..$ :List of 15
  .. ..$ V          : num [1:3646, 1:6] 0 0 0 0 0 0 0 0 0 0 ...
  .. .. ..- attr(*, "dimnames")=List of 2
  .. .. .. ..$ : chr [1:3646] "2020-21_11.107-5" "2020-21_12.90-53" "2020-21_12.93-4" "2020-21_14.37-103" ...
  .. .. .. ..$ : NULL
  .. ..$ d          : num [1:6] 1011 918 450 447 435 ...
  .. ..$ model      : chr "RKHS"
  .. ..$ Name       : chr "ETA_1"
  .. ..$ tolD       : num 1e-10
  .. ..$ levelsU    : int 6
  .. ..$ df0        : num 5
  .. ..$ R2         : num 0.167
  .. ..$ S0         : num 8.64
  .. ..$ u          : num [1:3646] -0.0448 -0.0448 -0.0448 -0.0448 -0.0448 ...
  .. ..$ varU       : num 3.15
  .. ..$ uStar      : num [1:6] -1.287 1.547 0.926 -4.867 0.935 ...
  .. ..$ NamefileOut: chr "X8_cum/ETA_1_varU.dat"
  .. ..$ SD.u       : num [1:3646] 1.72 1.72 1.72 1.72 1.72 ...
  .. ..$ SD.varU    : num 4.51
  ..$ :List of 15
  .. ..$ V          : num [1:3646, 1:2737] 0.408 0 0 0 0 ...
  .. .. ..- attr(*, "dimnames")=List of 2
  .. .. .. ..$ : chr [1:3646] "2020-21_11.107-5" "2020-21_12.90-53" "2020-21_12.93-4" "2020-21_14.37-103" ...
  .. .. .. ..$ : chr [1:2737] "11.107-5" "12.90-53" "12.93-4" "13.27-142" ...
  .. ..$ d          : Named num [1:2737] 6 1 3 1 1 1 1 1 2 1 ...
  .. .. ..- attr(*, "names")= chr [1:2737] "11.107-5" "12.90-53" "12.93-4" "13.27-142" ...
  .. ..$ model      : chr "RKHS"
  .. ..$ Name       : chr "ETA_2"
  .. ..$ tolD       : num 1e-10
  .. ..$ levelsU    : int 2737
  .. ..$ df0        : num 5
  .. ..$ R2         : num 0.167
  .. ..$ S0         : num 3943
  .. ..$ u          : num [1:3646] 25.07 14.63 70.1 9.04 -4.38 ...
  .. ..$ varU       : num 885
  .. ..$ uStar      : num [1:2737] 61.41 14.63 121.41 15.28 9.04 ...
  .. ..$ NamefileOut: chr "X8_cum/ETA_2_varU.dat"
  .. ..$ SD.u       : num [1:3646] 15.3 23.4 19 23.6 23.7 ...
  .. ..$ SD.varU    : num 99
  ..$ :List of 15
  .. ..$ V          : num [1:3646, 1:576] 0.010764 0.006644 0.010142 0.00602 -0.000353 ...
  .. .. ..- attr(*, "dimnames")=List of 2
  .. .. .. ..$ : chr [1:3646] "2020-21_11.107-5" "2020-21_12.90-53" "2020-21_12.93-4" "2020-21_14.37-103" ...
  .. .. .. ..$ : NULL
  .. ..$ d          : num [1:576] 1718 767 374 228 121 ...
  .. ..$ model      : chr "RKHS"
  .. ..$ Name       : chr "ETA_3"
  .. ..$ tolD       : num 1e-10
  .. ..$ levelsU    : int 576
  .. ..$ df0        : num 5
  .. ..$ R2         : num 0.167
  .. ..$ S0         : num 830
  .. ..$ u          : num [1:3646] -49.2 -88.6 -110.6 -58.2 -100.8 ...
  .. ..$ varU       : num 24220
  .. ..$ uStar      : num [1:576] -2328 1080 2934 756 -1604 ...
  .. ..$ NamefileOut: chr "X8_cum/ETA_3_varU.dat"
  .. ..$ SD.u       : num [1:3646] 14.6 12.8 15.5 13 14.3 ...
  .. ..$ SD.varU    : num 4492
 - attr(*, "class")= chr "BGLR"
NULL
List of 21
 $ y            : num [1:3646] 4.216 23.801 0.481 30.098 28.348 ...
 $ a            : NULL
 $ b            : NULL
 $ whichNa      : int [1:1011] 2636 2637 2638 2639 2640 2641 2642 2643 2644 2645 ...
 $ saveAt       : chr "X5_cum/"
 $ nIter        : num 12000
 $ burnIn       : num 2000
 $ thin         : num 5
 $ weights      : num [1:3646] 1 1 1 1 1 1 1 1 1 1 ...
 $ verbose      : logi FALSE
 $ response_type: chr "gaussian"
 $ df0          : num 5
 $ S0           : num 3616
 $ yHat         : num [1:3646] 35.4 20.5 13.1 32.1 25.9 ...
 $ SD.yHat      : num [1:3646] 10.3 13.1 11.2 13.3 13.5 ...
 $ mu           : num 87
 $ SD.mu        : num 3.86
 $ varE         : num 413
 $ SD.varE      : num 27.2
 $ fit          :List of 4
  ..$ logLikAtPostMean: num -11173
  ..$ postMeanLogLik  : num -11671
  ..$ pD              : num 997
  ..$ DIC             : num 24340
 $ ETA          :List of 3
  ..$ :List of 15
  .. ..$ V          : num [1:3646, 1:6] 0 0 0 0 0 0 0 0 0 0 ...
  .. .. ..- attr(*, "dimnames")=List of 2
  .. .. .. ..$ : chr [1:3646] "2020-21_11.107-5" "2020-21_12.90-53" "2020-21_12.93-4" "2020-21_14.37-103" ...
  .. .. .. ..$ : NULL
  .. ..$ d          : num [1:6] 1011 918 450 447 435 ...
  .. ..$ model      : chr "RKHS"
  .. ..$ Name       : chr "ETA_1"
  .. ..$ tolD       : num 1e-10
  .. ..$ levelsU    : int 6
  .. ..$ df0        : num 5
  .. ..$ R2         : num 0.167
  .. ..$ S0         : num 2.74
  .. ..$ u          : num [1:3646] -0.00551 -0.00551 -0.00551 -0.00551 -0.00551 ...
  .. ..$ varU       : num 0.872
  .. ..$ uStar      : num [1:6] -1.693 -1.552 -0.273 -0.531 0.115 ...
  .. ..$ NamefileOut: chr "X5_cum/ETA_1_varU.dat"
  .. ..$ SD.u       : num [1:3646] 0.902 0.902 0.902 0.902 0.902 ...
  .. ..$ SD.varU    : num 0.841
  ..$ :List of 15
  .. ..$ V          : num [1:3646, 1:2737] 0.408 0 0 0 0 ...
  .. .. ..- attr(*, "dimnames")=List of 2
  .. .. .. ..$ : chr [1:3646] "2020-21_11.107-5" "2020-21_12.90-53" "2020-21_12.93-4" "2020-21_14.37-103" ...
  .. .. .. ..$ : chr [1:2737] "11.107-5" "12.90-53" "12.93-4" "13.27-142" ...
  .. ..$ d          : Named num [1:2737] 6 1 3 1 1 1 1 1 2 1 ...
  .. .. ..- attr(*, "names")= chr [1:2737] "11.107-5" "12.90-53" "12.93-4" "13.27-142" ...
  .. ..$ model      : chr "RKHS"
  .. ..$ Name       : chr "ETA_2"
  .. ..$ tolD       : num 1e-10
  .. ..$ levelsU    : int 2737
  .. ..$ df0        : num 5
  .. ..$ R2         : num 0.167
  .. ..$ S0         : num 1252
  .. ..$ u          : num [1:3646] 8.725 1.785 0.823 -0.552 1.105 ...
  .. ..$ varU       : num 275
  .. ..$ uStar      : num [1:2737] 21.371 1.785 1.425 11.687 -0.552 ...
  .. ..$ NamefileOut: chr "X5_cum/ETA_2_varU.dat"
  .. ..$ SD.u       : num [1:3646] 8.48 12.94 9.84 13.12 13.06 ...
  .. ..$ SD.varU    : num 32.4
  ..$ :List of 15
  .. ..$ V          : num [1:3646, 1:576] 0.010764 0.006644 0.010142 0.00602 -0.000353 ...
  .. .. ..- attr(*, "dimnames")=List of 2
  .. .. .. ..$ : chr [1:3646] "2020-21_11.107-5" "2020-21_12.90-53" "2020-21_12.93-4" "2020-21_14.37-103" ...
  .. .. .. ..$ : NULL
  .. ..$ d          : num [1:576] 1718 767 374 228 121 ...
  .. ..$ model      : chr "RKHS"
  .. ..$ Name       : chr "ETA_3"
  .. ..$ tolD       : num 1e-10
  .. ..$ levelsU    : int 576
  .. ..$ df0        : num 5
  .. ..$ R2         : num 0.167
  .. ..$ S0         : num 264
  .. ..$ u          : num [1:3646] -60.4 -68.4 -74.7 -54.3 -62.3 ...
  .. ..$ varU       : num 10774
  .. ..$ uStar      : num [1:576] -1967.9 759.2 2339 -66.7 -1220.4 ...
  .. ..$ NamefileOut: chr "X5_cum/ETA_3_varU.dat"
  .. ..$ SD.u       : num [1:3646] 7.96 6.69 8.41 6.65 7.75 ...
  .. ..$ SD.varU    : num 1812
 - attr(*, "class")= chr "BGLR"
NULL
List of 21
 $ y            : num [1:3646] 4.893 32.395 0.616 30.098 31.883 ...
 $ a            : NULL
 $ b            : NULL
 $ whichNa      : int [1:1011] 2636 2637 2638 2639 2640 2641 2642 2643 2644 2645 ...
 $ saveAt       : chr "X6_cum/"
 $ nIter        : num 12000
 $ burnIn       : num 2000
 $ thin         : num 5
 $ weights      : num [1:3646] 1 1 1 1 1 1 1 1 1 1 ...
 $ verbose      : logi FALSE
 $ response_type: chr "gaussian"
 $ df0          : num 5
 $ S0           : num 5038
 $ yHat         : num [1:3646] 51.1 30.2 23.5 40.8 31.9 ...
 $ SD.yHat      : num [1:3646] 12.3 16.2 13.9 16.3 16.7 ...
 $ mu           : num 111
 $ SD.mu        : num 5.67
 $ varE         : num 623
 $ SD.varE      : num 37.9
 $ fit          :List of 4
  ..$ logLikAtPostMean: num -11721
  ..$ postMeanLogLik  : num -12212
  ..$ pD              : num 982
  ..$ DIC             : num 25406
 $ ETA          :List of 3
  ..$ :List of 15
  .. ..$ V          : num [1:3646, 1:6] 0 0 0 0 0 0 0 0 0 0 ...
  .. .. ..- attr(*, "dimnames")=List of 2
  .. .. .. ..$ : chr [1:3646] "2020-21_11.107-5" "2020-21_12.90-53" "2020-21_12.93-4" "2020-21_14.37-103" ...
  .. .. .. ..$ : NULL
  .. ..$ d          : num [1:6] 1011 918 450 447 435 ...
  .. ..$ model      : chr "RKHS"
  .. ..$ Name       : chr "ETA_1"
  .. ..$ tolD       : num 1e-10
  .. ..$ levelsU    : int 6
  .. ..$ df0        : num 5
  .. ..$ R2         : num 0.167
  .. ..$ S0         : num 3.82
  .. ..$ u          : num [1:3646] -0.0118 -0.0118 -0.0118 -0.0118 -0.0118 ...
  .. ..$ varU       : num 1.25
  .. ..$ uStar      : num [1:6] 0.422 0.436 -2.231 -1.442 0.245 ...
  .. ..$ NamefileOut: chr "X6_cum/ETA_1_varU.dat"
  .. ..$ SD.u       : num [1:3646] 1.11 1.11 1.11 1.11 1.11 ...
  .. ..$ SD.varU    : num 1.13
  ..$ :List of 15
  .. ..$ V          : num [1:3646, 1:2737] 0.408 0 0 0 0 ...
  .. .. ..- attr(*, "dimnames")=List of 2
  .. .. .. ..$ : chr [1:3646] "2020-21_11.107-5" "2020-21_12.90-53" "2020-21_12.93-4" "2020-21_14.37-103" ...
  .. .. .. ..$ : chr [1:2737] "11.107-5" "12.90-53" "12.93-4" "13.27-142" ...
  .. ..$ d          : Named num [1:2737] 6 1 3 1 1 1 1 1 2 1 ...
  .. .. ..- attr(*, "names")= chr [1:2737] "11.107-5" "12.90-53" "12.93-4" "13.27-142" ...
  .. ..$ model      : chr "RKHS"
  .. ..$ Name       : chr "ETA_2"
  .. ..$ tolD       : num 1e-10
  .. ..$ levelsU    : int 2737
  .. ..$ df0        : num 5
  .. ..$ R2         : num 0.167
  .. ..$ S0         : num 1745
  .. ..$ u          : num [1:3646] 12.36 2.494 6.764 -6.745 -0.354 ...
  .. ..$ varU       : num 406
  .. ..$ uStar      : num [1:2737] 30.28 2.49 11.72 15.17 -6.75 ...
  .. ..$ NamefileOut: chr "X6_cum/ETA_2_varU.dat"
  .. ..$ SD.u       : num [1:3646] 9.77 15.84 12.58 15.93 16.01 ...
  .. ..$ SD.varU    : num 45.6
  ..$ :List of 15
  .. ..$ V          : num [1:3646, 1:576] 0.010764 0.006644 0.010142 0.00602 -0.000353 ...
  .. .. ..- attr(*, "dimnames")=List of 2
  .. .. .. ..$ : chr [1:3646] "2020-21_11.107-5" "2020-21_12.90-53" "2020-21_12.93-4" "2020-21_14.37-103" ...
  .. .. .. ..$ : NULL
  .. ..$ d          : num [1:576] 1718 767 374 228 121 ...
  .. ..$ model      : chr "RKHS"
  .. ..$ Name       : chr "ETA_3"
  .. ..$ tolD       : num 1e-10
  .. ..$ levelsU    : int 576
  .. ..$ df0        : num 5
  .. ..$ R2         : num 0.167
  .. ..$ S0         : num 367
  .. ..$ u          : num [1:3646] -72.3 -83.4 -94.3 -63.5 -78.9 ...
  .. ..$ varU       : num 13971
  .. ..$ uStar      : num [1:576] -2261.9 969.4 2954.5 -72.3 -1597.3 ...
  .. ..$ NamefileOut: chr "X6_cum/ETA_3_varU.dat"
  .. ..$ SD.u       : num [1:3646] 9.93 8.76 10.49 8.68 9.79 ...
  .. ..$ SD.varU    : num 2385
 - attr(*, "class")= chr "BGLR"
NULL
List of 21
 $ y            : num [1:3646] -0.573 11.702 0.323 2.302 4.538 ...
 $ a            : NULL
 $ b            : NULL
 $ whichNa      : int [1:1011] 2636 2637 2638 2639 2640 2641 2642 2643 2644 2645 ...
 $ saveAt       : chr "X4/"
 $ nIter        : num 12000
 $ burnIn       : num 2000
 $ thin         : num 5
 $ weights      : num [1:3646] 1 1 1 1 1 1 1 1 1 1 ...
 $ verbose      : logi FALSE
 $ response_type: chr "gaussian"
 $ df0          : num 5
 $ S0           : num 418
 $ yHat         : num [1:3646] 2.02 7.9 2.75 8.64 4.76 ...
 $ SD.yHat      : num [1:3646] 4.05 4.67 4.52 4.83 4.87 ...
 $ mu           : num 21.7
 $ SD.mu        : num 1.16
 $ varE         : num 82.6
 $ SD.varE      : num 5.27
 $ fit          :List of 4
  ..$ logLikAtPostMean: num -9197
  ..$ postMeanLogLik  : num -9551
  ..$ pD              : num 707
  ..$ DIC             : num 19809
 $ ETA          :List of 3
  ..$ :List of 15
  .. ..$ V          : num [1:3646, 1:6] 0 0 0 0 0 0 0 0 0 0 ...
  .. .. ..- attr(*, "dimnames")=List of 2
  .. .. .. ..$ : chr [1:3646] "2020-21_11.107-5" "2020-21_12.90-53" "2020-21_12.93-4" "2020-21_14.37-103" ...
  .. .. .. ..$ : NULL
  .. ..$ d          : num [1:6] 1011 918 450 447 435 ...
  .. ..$ model      : chr "RKHS"
  .. ..$ Name       : chr "ETA_1"
  .. ..$ tolD       : num 1e-10
  .. ..$ levelsU    : int 6
  .. ..$ df0        : num 5
  .. ..$ R2         : num 0.167
  .. ..$ S0         : num 0.317
  .. ..$ u          : num [1:3646] 0.00204 0.00204 0.00204 0.00204 0.00204 ...
  .. ..$ varU       : num 0.103
  .. ..$ uStar      : num [1:6] 0.1737 -0.3592 -0.665 0.0548 -0.0425 ...
  .. ..$ NamefileOut: chr "X4/ETA_1_varU.dat"
  .. ..$ SD.u       : num [1:3646] 0.317 0.317 0.317 0.317 0.317 ...
  .. ..$ SD.varU    : num 0.105
  ..$ :List of 15
  .. ..$ V          : num [1:3646, 1:2737] 0.408 0 0 0 0 ...
  .. .. ..- attr(*, "dimnames")=List of 2
  .. .. .. ..$ : chr [1:3646] "2020-21_11.107-5" "2020-21_12.90-53" "2020-21_12.93-4" "2020-21_14.37-103" ...
  .. .. .. ..$ : chr [1:2737] "11.107-5" "12.90-53" "12.93-4" "13.27-142" ...
  .. ..$ d          : Named num [1:2737] 6 1 3 1 1 1 1 1 2 1 ...
  .. .. ..- attr(*, "names")= chr [1:2737] "11.107-5" "12.90-53" "12.93-4" "13.27-142" ...
  .. ..$ model      : chr "RKHS"
  .. ..$ Name       : chr "ETA_2"
  .. ..$ tolD       : num 1e-10
  .. ..$ levelsU    : int 2737
  .. ..$ df0        : num 5
  .. ..$ R2         : num 0.167
  .. ..$ S0         : num 145
  .. ..$ u          : num [1:3646] -0.917 1.364 2.195 -2.532 -0.444 ...
  .. ..$ varU       : num 29.7
  .. ..$ uStar      : num [1:2737] -2.247 1.364 3.802 0.193 -2.532 ...
  .. ..$ NamefileOut: chr "X4/ETA_2_varU.dat"
  .. ..$ SD.u       : num [1:3646] 3.27 4.53 3.93 4.69 4.67 ...
  .. ..$ SD.varU    : num 5.41
  ..$ :List of 15
  .. ..$ V          : num [1:3646, 1:576] 0.010764 0.006644 0.010142 0.00602 -0.000353 ...
  .. .. ..- attr(*, "dimnames")=List of 2
  .. .. .. ..$ : chr [1:3646] "2020-21_11.107-5" "2020-21_12.90-53" "2020-21_12.93-4" "2020-21_14.37-103" ...
  .. .. .. ..$ : NULL
  .. ..$ d          : num [1:576] 1718 767 374 228 121 ...
  .. ..$ model      : chr "RKHS"
  .. ..$ Name       : chr "ETA_3"
  .. ..$ tolD       : num 1e-10
  .. ..$ levelsU    : int 576
  .. ..$ df0        : num 5
  .. ..$ R2         : num 0.167
  .. ..$ S0         : num 30.5
  .. ..$ u          : num [1:3646] -18.8 -15.2 -21.1 -10.5 -16.5 ...
  .. ..$ varU       : num 930
  .. ..$ uStar      : num [1:576] -518.1 121.6 670.9 54.8 -397.3 ...
  .. ..$ NamefileOut: chr "X4/ETA_3_varU.dat"
  .. ..$ SD.u       : num [1:3646] 2.91 2.18 3.03 2.31 2.62 ...
  .. ..$ SD.varU    : num 190
 - attr(*, "class")= chr "BGLR"
NULL
List of 21
 $ y            : num [1:3646] 4.216 23.801 0.481 30.098 28.348 ...
 $ a            : NULL
 $ b            : NULL
 $ whichNa      : int [1:1011] 2636 2637 2638 2639 2640 2641 2642 2643 2644 2645 ...
 $ saveAt       : chr "X5_cum/"
 $ nIter        : num 12000
 $ burnIn       : num 2000
 $ thin         : num 5
 $ weights      : num [1:3646] 1 1 1 1 1 1 1 1 1 1 ...
 $ verbose      : logi FALSE
 $ response_type: chr "gaussian"
 $ df0          : num 5
 $ S0           : num 3616
 $ yHat         : num [1:3646] 35.4 20.5 13.1 32.1 25.9 ...
 $ SD.yHat      : num [1:3646] 10.3 13.1 11.2 13.3 13.5 ...
 $ mu           : num 87
 $ SD.mu        : num 3.86
 $ varE         : num 413
 $ SD.varE      : num 27.2
 $ fit          :List of 4
  ..$ logLikAtPostMean: num -11173
  ..$ postMeanLogLik  : num -11671
  ..$ pD              : num 997
  ..$ DIC             : num 24340
 $ ETA          :List of 3
  ..$ :List of 15
  .. ..$ V          : num [1:3646, 1:6] 0 0 0 0 0 0 0 0 0 0 ...
  .. .. ..- attr(*, "dimnames")=List of 2
  .. .. .. ..$ : chr [1:3646] "2020-21_11.107-5" "2020-21_12.90-53" "2020-21_12.93-4" "2020-21_14.37-103" ...
  .. .. .. ..$ : NULL
  .. ..$ d          : num [1:6] 1011 918 450 447 435 ...
  .. ..$ model      : chr "RKHS"
  .. ..$ Name       : chr "ETA_1"
  .. ..$ tolD       : num 1e-10
  .. ..$ levelsU    : int 6
  .. ..$ df0        : num 5
  .. ..$ R2         : num 0.167
  .. ..$ S0         : num 2.74
  .. ..$ u          : num [1:3646] -0.00551 -0.00551 -0.00551 -0.00551 -0.00551 ...
  .. ..$ varU       : num 0.872
  .. ..$ uStar      : num [1:6] -1.693 -1.552 -0.273 -0.531 0.115 ...
  .. ..$ NamefileOut: chr "X5_cum/ETA_1_varU.dat"
  .. ..$ SD.u       : num [1:3646] 0.902 0.902 0.902 0.902 0.902 ...
  .. ..$ SD.varU    : num 0.841
  ..$ :List of 15
  .. ..$ V          : num [1:3646, 1:2737] 0.408 0 0 0 0 ...
  .. .. ..- attr(*, "dimnames")=List of 2
  .. .. .. ..$ : chr [1:3646] "2020-21_11.107-5" "2020-21_12.90-53" "2020-21_12.93-4" "2020-21_14.37-103" ...
  .. .. .. ..$ : chr [1:2737] "11.107-5" "12.90-53" "12.93-4" "13.27-142" ...
  .. ..$ d          : Named num [1:2737] 6 1 3 1 1 1 1 1 2 1 ...
  .. .. ..- attr(*, "names")= chr [1:2737] "11.107-5" "12.90-53" "12.93-4" "13.27-142" ...
  .. ..$ model      : chr "RKHS"
  .. ..$ Name       : chr "ETA_2"
  .. ..$ tolD       : num 1e-10
  .. ..$ levelsU    : int 2737
  .. ..$ df0        : num 5
  .. ..$ R2         : num 0.167
  .. ..$ S0         : num 1252
  .. ..$ u          : num [1:3646] 8.725 1.785 0.823 -0.552 1.105 ...
  .. ..$ varU       : num 275
  .. ..$ uStar      : num [1:2737] 21.371 1.785 1.425 11.687 -0.552 ...
  .. ..$ NamefileOut: chr "X5_cum/ETA_2_varU.dat"
  .. ..$ SD.u       : num [1:3646] 8.48 12.94 9.84 13.12 13.06 ...
  .. ..$ SD.varU    : num 32.4
  ..$ :List of 15
  .. ..$ V          : num [1:3646, 1:576] 0.010764 0.006644 0.010142 0.00602 -0.000353 ...
  .. .. ..- attr(*, "dimnames")=List of 2
  .. .. .. ..$ : chr [1:3646] "2020-21_11.107-5" "2020-21_12.90-53" "2020-21_12.93-4" "2020-21_14.37-103" ...
  .. .. .. ..$ : NULL
  .. ..$ d          : num [1:576] 1718 767 374 228 121 ...
  .. ..$ model      : chr "RKHS"
  .. ..$ Name       : chr "ETA_3"
  .. ..$ tolD       : num 1e-10
  .. ..$ levelsU    : int 576
  .. ..$ df0        : num 5
  .. ..$ R2         : num 0.167
  .. ..$ S0         : num 264
  .. ..$ u          : num [1:3646] -60.4 -68.4 -74.7 -54.3 -62.3 ...
  .. ..$ varU       : num 10774
  .. ..$ uStar      : num [1:576] -1967.9 759.2 2339 -66.7 -1220.4 ...
  .. ..$ NamefileOut: chr "X5_cum/ETA_3_varU.dat"
  .. ..$ SD.u       : num [1:3646] 7.96 6.69 8.41 6.65 7.75 ...
  .. ..$ SD.varU    : num 1812
 - attr(*, "class")= chr "BGLR"
NULL
List of 21
 $ y            : num [1:3646] 4.216 23.801 0.481 30.098 28.348 ...
 $ a            : NULL
 $ b            : NULL
 $ whichNa      : int [1:1011] 2636 2637 2638 2639 2640 2641 2642 2643 2644 2645 ...
 $ saveAt       : chr "X5_cum/"
 $ nIter        : num 12000
 $ burnIn       : num 2000
 $ thin         : num 5
 $ weights      : num [1:3646] 1 1 1 1 1 1 1 1 1 1 ...
 $ verbose      : logi FALSE
 $ response_type: chr "gaussian"
 $ df0          : num 5
 $ S0           : num 3616
 $ yHat         : num [1:3646] 35.4 20.5 13.1 32.1 25.9 ...
 $ SD.yHat      : num [1:3646] 10.3 13.1 11.2 13.3 13.5 ...
 $ mu           : num 87
 $ SD.mu        : num 3.86
 $ varE         : num 413
 $ SD.varE      : num 27.2
 $ fit          :List of 4
  ..$ logLikAtPostMean: num -11173
  ..$ postMeanLogLik  : num -11671
  ..$ pD              : num 997
  ..$ DIC             : num 24340
 $ ETA          :List of 3
  ..$ :List of 15
  .. ..$ V          : num [1:3646, 1:6] 0 0 0 0 0 0 0 0 0 0 ...
  .. .. ..- attr(*, "dimnames")=List of 2
  .. .. .. ..$ : chr [1:3646] "2020-21_11.107-5" "2020-21_12.90-53" "2020-21_12.93-4" "2020-21_14.37-103" ...
  .. .. .. ..$ : NULL
  .. ..$ d          : num [1:6] 1011 918 450 447 435 ...
  .. ..$ model      : chr "RKHS"
  .. ..$ Name       : chr "ETA_1"
  .. ..$ tolD       : num 1e-10
  .. ..$ levelsU    : int 6
  .. ..$ df0        : num 5
  .. ..$ R2         : num 0.167
  .. ..$ S0         : num 2.74
  .. ..$ u          : num [1:3646] -0.00551 -0.00551 -0.00551 -0.00551 -0.00551 ...
  .. ..$ varU       : num 0.872
  .. ..$ uStar      : num [1:6] -1.693 -1.552 -0.273 -0.531 0.115 ...
  .. ..$ NamefileOut: chr "X5_cum/ETA_1_varU.dat"
  .. ..$ SD.u       : num [1:3646] 0.902 0.902 0.902 0.902 0.902 ...
  .. ..$ SD.varU    : num 0.841
  ..$ :List of 15
  .. ..$ V          : num [1:3646, 1:2737] 0.408 0 0 0 0 ...
  .. .. ..- attr(*, "dimnames")=List of 2
  .. .. .. ..$ : chr [1:3646] "2020-21_11.107-5" "2020-21_12.90-53" "2020-21_12.93-4" "2020-21_14.37-103" ...
  .. .. .. ..$ : chr [1:2737] "11.107-5" "12.90-53" "12.93-4" "13.27-142" ...
  .. ..$ d          : Named num [1:2737] 6 1 3 1 1 1 1 1 2 1 ...
  .. .. ..- attr(*, "names")= chr [1:2737] "11.107-5" "12.90-53" "12.93-4" "13.27-142" ...
  .. ..$ model      : chr "RKHS"
  .. ..$ Name       : chr "ETA_2"
  .. ..$ tolD       : num 1e-10
  .. ..$ levelsU    : int 2737
  .. ..$ df0        : num 5
  .. ..$ R2         : num 0.167
  .. ..$ S0         : num 1252
  .. ..$ u          : num [1:3646] 8.725 1.785 0.823 -0.552 1.105 ...
  .. ..$ varU       : num 275
  .. ..$ uStar      : num [1:2737] 21.371 1.785 1.425 11.687 -0.552 ...
  .. ..$ NamefileOut: chr "X5_cum/ETA_2_varU.dat"
  .. ..$ SD.u       : num [1:3646] 8.48 12.94 9.84 13.12 13.06 ...
  .. ..$ SD.varU    : num 32.4
  ..$ :List of 15
  .. ..$ V          : num [1:3646, 1:576] 0.010764 0.006644 0.010142 0.00602 -0.000353 ...
  .. .. ..- attr(*, "dimnames")=List of 2
  .. .. .. ..$ : chr [1:3646] "2020-21_11.107-5" "2020-21_12.90-53" "2020-21_12.93-4" "2020-21_14.37-103" ...
  .. .. .. ..$ : NULL
  .. ..$ d          : num [1:576] 1718 767 374 228 121 ...
  .. ..$ model      : chr "RKHS"
  .. ..$ Name       : chr "ETA_3"
  .. ..$ tolD       : num 1e-10
  .. ..$ levelsU    : int 576
  .. ..$ df0        : num 5
  .. ..$ R2         : num 0.167
  .. ..$ S0         : num 264
  .. ..$ u          : num [1:3646] -60.4 -68.4 -74.7 -54.3 -62.3 ...
  .. ..$ varU       : num 10774
  .. ..$ uStar      : num [1:576] -1967.9 759.2 2339 -66.7 -1220.4 ...
  .. ..$ NamefileOut: chr "X5_cum/ETA_3_varU.dat"
  .. ..$ SD.u       : num [1:3646] 7.96 6.69 8.41 6.65 7.75 ...
  .. ..$ SD.varU    : num 1812
 - attr(*, "class")= chr "BGLR"
NULL
List of 21
 $ y            : num [1:3646] 168.3 157.8 184.1 166.6 78.9 ...
 $ a            : NULL
 $ b            : NULL
 $ whichNa      : int [1:1011] 2636 2637 2638 2639 2640 2641 2642 2643 2644 2645 ...
 $ saveAt       : chr "X9_cum/"
 $ nIter        : num 12000
 $ burnIn       : num 2000
 $ thin         : num 5
 $ weights      : num [1:3646] 1 1 1 1 1 1 1 1 1 1 ...
 $ verbose      : logi FALSE
 $ response_type: chr "gaussian"
 $ df0          : num 5
 $ S0           : num 17979
 $ yHat         : num [1:3646] 207.4 125.1 188.4 151.3 84.7 ...
 $ SD.yHat      : num [1:3646] 22.3 29.2 25.5 28 29.4 ...
 $ mu           : num 210
 $ SD.mu        : num 7.2
 $ varE         : num 2168
 $ SD.varE      : num 124
 $ fit          :List of 4
  ..$ logLikAtPostMean: num -13399
  ..$ postMeanLogLik  : num -13856
  ..$ pD              : num 914
  ..$ DIC             : num 28626
 $ ETA          :List of 3
  ..$ :List of 15
  .. ..$ V          : num [1:3646, 1:6] 0 0 0 0 0 0 0 0 0 0 ...
  .. .. ..- attr(*, "dimnames")=List of 2
  .. .. .. ..$ : chr [1:3646] "2020-21_11.107-5" "2020-21_12.90-53" "2020-21_12.93-4" "2020-21_14.37-103" ...
  .. .. .. ..$ : NULL
  .. ..$ d          : num [1:6] 1011 918 450 447 435 ...
  .. ..$ model      : chr "RKHS"
  .. ..$ Name       : chr "ETA_1"
  .. ..$ tolD       : num 1e-10
  .. ..$ levelsU    : int 6
  .. ..$ df0        : num 5
  .. ..$ R2         : num 0.167
  .. ..$ S0         : num 13.6
  .. ..$ u          : num [1:3646] 0.0457 0.0457 0.0457 0.0457 0.0457 ...
  .. ..$ varU       : num 4.36
  .. ..$ uStar      : num [1:6] 0.0825 0.9129 1.656 -0.5748 -0.9539 ...
  .. ..$ NamefileOut: chr "X9_cum/ETA_1_varU.dat"
  .. ..$ SD.u       : num [1:3646] 2.1 2.1 2.1 2.1 2.1 ...
  .. ..$ SD.varU    : num 4.57
  ..$ :List of 15
  .. ..$ V          : num [1:3646, 1:2737] 0.408 0 0 0 0 ...
  .. .. ..- attr(*, "dimnames")=List of 2
  .. .. .. ..$ : chr [1:3646] "2020-21_11.107-5" "2020-21_12.90-53" "2020-21_12.93-4" "2020-21_14.37-103" ...
  .. .. .. ..$ : chr [1:2737] "11.107-5" "12.90-53" "12.93-4" "13.27-142" ...
  .. ..$ d          : Named num [1:2737] 6 1 3 1 1 1 1 1 2 1 ...
  .. .. ..- attr(*, "names")= chr [1:2737] "11.107-5" "12.90-53" "12.93-4" "13.27-142" ...
  .. ..$ model      : chr "RKHS"
  .. ..$ Name       : chr "ETA_2"
  .. ..$ tolD       : num 1e-10
  .. ..$ levelsU    : int 2737
  .. ..$ df0        : num 5
  .. ..$ R2         : num 0.167
  .. ..$ S0         : num 6226
  .. ..$ u          : num [1:3646] 37.01 18.6 90.43 9.26 -3.34 ...
  .. ..$ varU       : num 1233
  .. ..$ uStar      : num [1:2737] 90.66 18.6 156.64 12.93 9.26 ...
  .. ..$ NamefileOut: chr "X9_cum/ETA_2_varU.dat"
  .. ..$ SD.u       : num [1:3646] 18.3 28.4 22.4 28 28.6 ...
  .. ..$ SD.varU    : num 139
  ..$ :List of 15
  .. ..$ V          : num [1:3646, 1:576] 0.010764 0.006644 0.010142 0.00602 -0.000353 ...
  .. .. ..- attr(*, "dimnames")=List of 2
  .. .. .. ..$ : chr [1:3646] "2020-21_11.107-5" "2020-21_12.90-53" "2020-21_12.93-4" "2020-21_14.37-103" ...
  .. .. .. ..$ : NULL
  .. ..$ d          : num [1:576] 1718 767 374 228 121 ...
  .. ..$ model      : chr "RKHS"
  .. ..$ Name       : chr "ETA_3"
  .. ..$ tolD       : num 1e-10
  .. ..$ levelsU    : int 576
  .. ..$ df0        : num 5
  .. ..$ R2         : num 0.167
  .. ..$ S0         : num 1311
  .. ..$ u          : num [1:3646] -39.6 -103.5 -112 -67.9 -121.9 ...
  .. ..$ varU       : num 38602
  .. ..$ uStar      : num [1:576] -2074 1177 3327 1688 -1543 ...
  .. ..$ NamefileOut: chr "X9_cum/ETA_3_varU.dat"
  .. ..$ SD.u       : num [1:3646] 16.9 13.4 17.9 13.9 15.3 ...
  .. ..$ SD.varU    : num 7358
 - attr(*, "class")= chr "BGLR"
NULL
List of 21
 $ y            : num [1:3646] -0.573 11.702 0.323 2.302 4.538 ...
 $ a            : NULL
 $ b            : NULL
 $ whichNa      : int [1:1011] 2636 2637 2638 2639 2640 2641 2642 2643 2644 2645 ...
 $ saveAt       : chr "X4/"
 $ nIter        : num 12000
 $ burnIn       : num 2000
 $ thin         : num 5
 $ weights      : num [1:3646] 1 1 1 1 1 1 1 1 1 1 ...
 $ verbose      : logi FALSE
 $ response_type: chr "gaussian"
 $ df0          : num 5
 $ S0           : num 418
 $ yHat         : num [1:3646] 2.02 7.9 2.75 8.64 4.76 ...
 $ SD.yHat      : num [1:3646] 4.05 4.67 4.52 4.83 4.87 ...
 $ mu           : num 21.7
 $ SD.mu        : num 1.16
 $ varE         : num 82.6
 $ SD.varE      : num 5.27
 $ fit          :List of 4
  ..$ logLikAtPostMean: num -9197
  ..$ postMeanLogLik  : num -9551
  ..$ pD              : num 707
  ..$ DIC             : num 19809
 $ ETA          :List of 3
  ..$ :List of 15
  .. ..$ V          : num [1:3646, 1:6] 0 0 0 0 0 0 0 0 0 0 ...
  .. .. ..- attr(*, "dimnames")=List of 2
  .. .. .. ..$ : chr [1:3646] "2020-21_11.107-5" "2020-21_12.90-53" "2020-21_12.93-4" "2020-21_14.37-103" ...
  .. .. .. ..$ : NULL
  .. ..$ d          : num [1:6] 1011 918 450 447 435 ...
  .. ..$ model      : chr "RKHS"
  .. ..$ Name       : chr "ETA_1"
  .. ..$ tolD       : num 1e-10
  .. ..$ levelsU    : int 6
  .. ..$ df0        : num 5
  .. ..$ R2         : num 0.167
  .. ..$ S0         : num 0.317
  .. ..$ u          : num [1:3646] 0.00204 0.00204 0.00204 0.00204 0.00204 ...
  .. ..$ varU       : num 0.103
  .. ..$ uStar      : num [1:6] 0.1737 -0.3592 -0.665 0.0548 -0.0425 ...
  .. ..$ NamefileOut: chr "X4/ETA_1_varU.dat"
  .. ..$ SD.u       : num [1:3646] 0.317 0.317 0.317 0.317 0.317 ...
  .. ..$ SD.varU    : num 0.105
  ..$ :List of 15
  .. ..$ V          : num [1:3646, 1:2737] 0.408 0 0 0 0 ...
  .. .. ..- attr(*, "dimnames")=List of 2
  .. .. .. ..$ : chr [1:3646] "2020-21_11.107-5" "2020-21_12.90-53" "2020-21_12.93-4" "2020-21_14.37-103" ...
  .. .. .. ..$ : chr [1:2737] "11.107-5" "12.90-53" "12.93-4" "13.27-142" ...
  .. ..$ d          : Named num [1:2737] 6 1 3 1 1 1 1 1 2 1 ...
  .. .. ..- attr(*, "names")= chr [1:2737] "11.107-5" "12.90-53" "12.93-4" "13.27-142" ...
  .. ..$ model      : chr "RKHS"
  .. ..$ Name       : chr "ETA_2"
  .. ..$ tolD       : num 1e-10
  .. ..$ levelsU    : int 2737
  .. ..$ df0        : num 5
  .. ..$ R2         : num 0.167
  .. ..$ S0         : num 145
  .. ..$ u          : num [1:3646] -0.917 1.364 2.195 -2.532 -0.444 ...
  .. ..$ varU       : num 29.7
  .. ..$ uStar      : num [1:2737] -2.247 1.364 3.802 0.193 -2.532 ...
  .. ..$ NamefileOut: chr "X4/ETA_2_varU.dat"
  .. ..$ SD.u       : num [1:3646] 3.27 4.53 3.93 4.69 4.67 ...
  .. ..$ SD.varU    : num 5.41
  ..$ :List of 15
  .. ..$ V          : num [1:3646, 1:576] 0.010764 0.006644 0.010142 0.00602 -0.000353 ...
  .. .. ..- attr(*, "dimnames")=List of 2
  .. .. .. ..$ : chr [1:3646] "2020-21_11.107-5" "2020-21_12.90-53" "2020-21_12.93-4" "2020-21_14.37-103" ...
  .. .. .. ..$ : NULL
  .. ..$ d          : num [1:576] 1718 767 374 228 121 ...
  .. ..$ model      : chr "RKHS"
  .. ..$ Name       : chr "ETA_3"
  .. ..$ tolD       : num 1e-10
  .. ..$ levelsU    : int 576
  .. ..$ df0        : num 5
  .. ..$ R2         : num 0.167
  .. ..$ S0         : num 30.5
  .. ..$ u          : num [1:3646] -18.8 -15.2 -21.1 -10.5 -16.5 ...
  .. ..$ varU       : num 930
  .. ..$ uStar      : num [1:576] -518.1 121.6 670.9 54.8 -397.3 ...
  .. ..$ NamefileOut: chr "X4/ETA_3_varU.dat"
  .. ..$ SD.u       : num [1:3646] 2.91 2.18 3.03 2.31 2.62 ...
  .. ..$ SD.varU    : num 190
 - attr(*, "class")= chr "BGLR"
NULL
List of 21
 $ y            : num [1:3646] 4.893 32.395 0.616 30.098 31.883 ...
 $ a            : NULL
 $ b            : NULL
 $ whichNa      : int [1:1011] 2636 2637 2638 2639 2640 2641 2642 2643 2644 2645 ...
 $ saveAt       : chr "X6_cum/"
 $ nIter        : num 12000
 $ burnIn       : num 2000
 $ thin         : num 5
 $ weights      : num [1:3646] 1 1 1 1 1 1 1 1 1 1 ...
 $ verbose      : logi FALSE
 $ response_type: chr "gaussian"
 $ df0          : num 5
 $ S0           : num 5038
 $ yHat         : num [1:3646] 51.1 30.2 23.5 40.8 31.9 ...
 $ SD.yHat      : num [1:3646] 12.3 16.2 13.9 16.3 16.7 ...
 $ mu           : num 111
 $ SD.mu        : num 5.67
 $ varE         : num 623
 $ SD.varE      : num 37.9
 $ fit          :List of 4
  ..$ logLikAtPostMean: num -11721
  ..$ postMeanLogLik  : num -12212
  ..$ pD              : num 982
  ..$ DIC             : num 25406
 $ ETA          :List of 3
  ..$ :List of 15
  .. ..$ V          : num [1:3646, 1:6] 0 0 0 0 0 0 0 0 0 0 ...
  .. .. ..- attr(*, "dimnames")=List of 2
  .. .. .. ..$ : chr [1:3646] "2020-21_11.107-5" "2020-21_12.90-53" "2020-21_12.93-4" "2020-21_14.37-103" ...
  .. .. .. ..$ : NULL
  .. ..$ d          : num [1:6] 1011 918 450 447 435 ...
  .. ..$ model      : chr "RKHS"
  .. ..$ Name       : chr "ETA_1"
  .. ..$ tolD       : num 1e-10
  .. ..$ levelsU    : int 6
  .. ..$ df0        : num 5
  .. ..$ R2         : num 0.167
  .. ..$ S0         : num 3.82
  .. ..$ u          : num [1:3646] -0.0118 -0.0118 -0.0118 -0.0118 -0.0118 ...
  .. ..$ varU       : num 1.25
  .. ..$ uStar      : num [1:6] 0.422 0.436 -2.231 -1.442 0.245 ...
  .. ..$ NamefileOut: chr "X6_cum/ETA_1_varU.dat"
  .. ..$ SD.u       : num [1:3646] 1.11 1.11 1.11 1.11 1.11 ...
  .. ..$ SD.varU    : num 1.13
  ..$ :List of 15
  .. ..$ V          : num [1:3646, 1:2737] 0.408 0 0 0 0 ...
  .. .. ..- attr(*, "dimnames")=List of 2
  .. .. .. ..$ : chr [1:3646] "2020-21_11.107-5" "2020-21_12.90-53" "2020-21_12.93-4" "2020-21_14.37-103" ...
  .. .. .. ..$ : chr [1:2737] "11.107-5" "12.90-53" "12.93-4" "13.27-142" ...
  .. ..$ d          : Named num [1:2737] 6 1 3 1 1 1 1 1 2 1 ...
  .. .. ..- attr(*, "names")= chr [1:2737] "11.107-5" "12.90-53" "12.93-4" "13.27-142" ...
  .. ..$ model      : chr "RKHS"
  .. ..$ Name       : chr "ETA_2"
  .. ..$ tolD       : num 1e-10
  .. ..$ levelsU    : int 2737
  .. ..$ df0        : num 5
  .. ..$ R2         : num 0.167
  .. ..$ S0         : num 1745
  .. ..$ u          : num [1:3646] 12.36 2.494 6.764 -6.745 -0.354 ...
  .. ..$ varU       : num 406
  .. ..$ uStar      : num [1:2737] 30.28 2.49 11.72 15.17 -6.75 ...
  .. ..$ NamefileOut: chr "X6_cum/ETA_2_varU.dat"
  .. ..$ SD.u       : num [1:3646] 9.77 15.84 12.58 15.93 16.01 ...
  .. ..$ SD.varU    : num 45.6
  ..$ :List of 15
  .. ..$ V          : num [1:3646, 1:576] 0.010764 0.006644 0.010142 0.00602 -0.000353 ...
  .. .. ..- attr(*, "dimnames")=List of 2
  .. .. .. ..$ : chr [1:3646] "2020-21_11.107-5" "2020-21_12.90-53" "2020-21_12.93-4" "2020-21_14.37-103" ...
  .. .. .. ..$ : NULL
  .. ..$ d          : num [1:576] 1718 767 374 228 121 ...
  .. ..$ model      : chr "RKHS"
  .. ..$ Name       : chr "ETA_3"
  .. ..$ tolD       : num 1e-10
  .. ..$ levelsU    : int 576
  .. ..$ df0        : num 5
  .. ..$ R2         : num 0.167
  .. ..$ S0         : num 367
  .. ..$ u          : num [1:3646] -72.3 -83.4 -94.3 -63.5 -78.9 ...
  .. ..$ varU       : num 13971
  .. ..$ uStar      : num [1:576] -2261.9 969.4 2954.5 -72.3 -1597.3 ...
  .. ..$ NamefileOut: chr "X6_cum/ETA_3_varU.dat"
  .. ..$ SD.u       : num [1:3646] 9.93 8.76 10.49 8.68 9.79 ...
  .. ..$ SD.varU    : num 2385
 - attr(*, "class")= chr "BGLR"
NULL
List of 21
 $ y            : num [1:3646] 0.488 17.358 0.481 7.03 16.172 ...
 $ a            : NULL
 $ b            : NULL
 $ whichNa      : int [1:1011] 2636 2637 2638 2639 2640 2641 2642 2643 2644 2645 ...
 $ saveAt       : chr "X4_cum/"
 $ nIter        : num 12000
 $ burnIn       : num 2000
 $ thin         : num 5
 $ weights      : num [1:3646] 1 1 1 1 1 1 1 1 1 1 ...
 $ verbose      : logi FALSE
 $ response_type: chr "gaussian"
 $ df0          : num 5
 $ S0           : num 2535
 $ yHat         : num [1:3646] 27.4 12.6 15.6 15.7 14.2 ...
 $ SD.yHat      : num [1:3646] 8.34 11.06 9.6 10.77 11.45 ...
 $ mu           : num 68.3
 $ SD.mu        : num 3.07
 $ varE         : num 270
 $ SD.varE      : num 18.2
 $ fit          :List of 4
  ..$ logLikAtPostMean: num -10583
  ..$ postMeanLogLik  : num -11111
  ..$ pD              : num 1057
  ..$ DIC             : num 23279
 $ ETA          :List of 3
  ..$ :List of 15
  .. ..$ V          : num [1:3646, 1:6] 0 0 0 0 0 0 0 0 0 0 ...
  .. .. ..- attr(*, "dimnames")=List of 2
  .. .. .. ..$ : chr [1:3646] "2020-21_11.107-5" "2020-21_12.90-53" "2020-21_12.93-4" "2020-21_14.37-103" ...
  .. .. .. ..$ : NULL
  .. ..$ d          : num [1:6] 1011 918 450 447 435 ...
  .. ..$ model      : chr "RKHS"
  .. ..$ Name       : chr "ETA_1"
  .. ..$ tolD       : num 1e-10
  .. ..$ levelsU    : int 6
  .. ..$ df0        : num 5
  .. ..$ R2         : num 0.167
  .. ..$ S0         : num 1.92
  .. ..$ u          : num [1:3646] -0.0602 -0.0602 -0.0602 -0.0602 -0.0602 ...
  .. ..$ varU       : num 0.685
  .. ..$ uStar      : num [1:6] -0.322 -0.604 1.392 -0.93 1.255 ...
  .. ..$ NamefileOut: chr "X4_cum/ETA_1_varU.dat"
  .. ..$ SD.u       : num [1:3646] 0.819 0.819 0.819 0.819 0.819 ...
  .. ..$ SD.varU    : num 0.98
  ..$ :List of 15
  .. ..$ V          : num [1:3646, 1:2737] 0.408 0 0 0 0 ...
  .. .. ..- attr(*, "dimnames")=List of 2
  .. .. .. ..$ : chr [1:3646] "2020-21_11.107-5" "2020-21_12.90-53" "2020-21_12.93-4" "2020-21_14.37-103" ...
  .. .. .. ..$ : chr [1:2737] "11.107-5" "12.90-53" "12.93-4" "13.27-142" ...
  .. ..$ d          : Named num [1:2737] 6 1 3 1 1 1 1 1 2 1 ...
  .. .. ..- attr(*, "names")= chr [1:2737] "11.107-5" "12.90-53" "12.93-4" "13.27-142" ...
  .. ..$ model      : chr "RKHS"
  .. ..$ Name       : chr "ETA_2"
  .. ..$ tolD       : num 1e-10
  .. ..$ levelsU    : int 2737
  .. ..$ df0        : num 5
  .. ..$ R2         : num 0.167
  .. ..$ S0         : num 878
  .. ..$ u          : num [1:3646] 5.9 3.56 7.27 -6.47 1.63 ...
  .. ..$ varU       : num 204
  .. ..$ uStar      : num [1:2737] 14.45 3.56 12.59 10.72 -6.47 ...
  .. ..$ NamefileOut: chr "X4_cum/ETA_2_varU.dat"
  .. ..$ SD.u       : num [1:3646] 6.73 10.85 8.43 10.66 11.46 ...
  .. ..$ SD.varU    : num 22.5
  ..$ :List of 15
  .. ..$ V          : num [1:3646, 1:576] 0.010764 0.006644 0.010142 0.00602 -0.000353 ...
  .. .. ..- attr(*, "dimnames")=List of 2
  .. .. .. ..$ : chr [1:3646] "2020-21_11.107-5" "2020-21_12.90-53" "2020-21_12.93-4" "2020-21_14.37-103" ...
  .. .. .. ..$ : NULL
  .. ..$ d          : num [1:576] 1718 767 374 228 121 ...
  .. ..$ model      : chr "RKHS"
  .. ..$ Name       : chr "ETA_3"
  .. ..$ tolD       : num 1e-10
  .. ..$ levelsU    : int 576
  .. ..$ df0        : num 5
  .. ..$ R2         : num 0.167
  .. ..$ S0         : num 185
  .. ..$ u          : num [1:3646] -46.7 -59.2 -59.9 -46.1 -55.7 ...
  .. ..$ varU       : num 7905
  .. ..$ uStar      : num [1:576] -1662 699 1934 -250 -947 ...
  .. ..$ NamefileOut: chr "X4_cum/ETA_3_varU.dat"
  .. ..$ SD.u       : num [1:3646] 6.53 5.52 6.84 5.69 6.26 ...
  .. ..$ SD.varU    : num 1302
 - attr(*, "class")= chr "BGLR"
NULL
List of 21
 $ y            : num [1:3646] 39.5 64.4 38.3 92.4 32.5 ...
 $ a            : NULL
 $ b            : NULL
 $ whichNa      : int [1:1011] 2636 2637 2638 2639 2640 2641 2642 2643 2644 2645 ...
 $ saveAt       : chr "X7_cum/"
 $ nIter        : num 12000
 $ burnIn       : num 2000
 $ thin         : num 5
 $ weights      : num [1:3646] 1 1 1 1 1 1 1 1 1 1 ...
 $ verbose      : logi FALSE
 $ response_type: chr "gaussian"
 $ df0          : num 5
 $ S0           : num 7275
 $ yHat         : num [1:3646] 90.5 53.1 52.4 78.7 38.7 ...
 $ SD.yHat      : num [1:3646] 15.5 20 16.8 19.6 20.7 ...
 $ mu           : num 130
 $ SD.mu        : num 6
 $ varE         : num 958
 $ SD.varE      : num 57.9
 $ fit          :List of 4
  ..$ logLikAtPostMean: num -12295
  ..$ postMeanLogLik  : num -12780
  ..$ pD              : num 969
  ..$ DIC             : num 26529
 $ ETA          :List of 3
  ..$ :List of 15
  .. ..$ V          : num [1:3646, 1:6] 0 0 0 0 0 0 0 0 0 0 ...
  .. .. ..- attr(*, "dimnames")=List of 2
  .. .. .. ..$ : chr [1:3646] "2020-21_11.107-5" "2020-21_12.90-53" "2020-21_12.93-4" "2020-21_14.37-103" ...
  .. .. .. ..$ : NULL
  .. ..$ d          : num [1:6] 1011 918 450 447 435 ...
  .. ..$ model      : chr "RKHS"
  .. ..$ Name       : chr "ETA_1"
  .. ..$ tolD       : num 1e-10
  .. ..$ levelsU    : int 6
  .. ..$ df0        : num 5
  .. ..$ R2         : num 0.167
  .. ..$ S0         : num 5.52
  .. ..$ u          : num [1:3646] 0.0254 0.0254 0.0254 0.0254 0.0254 ...
  .. ..$ varU       : num 2.02
  .. ..$ uStar      : num [1:6] -0.743 -2.068 -0.244 -2.223 -0.531 ...
  .. ..$ NamefileOut: chr "X7_cum/ETA_1_varU.dat"
  .. ..$ SD.u       : num [1:3646] 1.42 1.42 1.42 1.42 1.42 ...
  .. ..$ SD.varU    : num 3.1
  ..$ :List of 15
  .. ..$ V          : num [1:3646, 1:2737] 0.408 0 0 0 0 ...
  .. .. ..- attr(*, "dimnames")=List of 2
  .. .. .. ..$ : chr [1:3646] "2020-21_11.107-5" "2020-21_12.90-53" "2020-21_12.93-4" "2020-21_14.37-103" ...
  .. .. .. ..$ : chr [1:2737] "11.107-5" "12.90-53" "12.93-4" "13.27-142" ...
  .. ..$ d          : Named num [1:2737] 6 1 3 1 1 1 1 1 2 1 ...
  .. .. ..- attr(*, "names")= chr [1:2737] "11.107-5" "12.90-53" "12.93-4" "13.27-142" ...
  .. ..$ model      : chr "RKHS"
  .. ..$ Name       : chr "ETA_2"
  .. ..$ tolD       : num 1e-10
  .. ..$ levelsU    : int 2737
  .. ..$ df0        : num 5
  .. ..$ R2         : num 0.167
  .. ..$ S0         : num 2519
  .. ..$ u          : num [1:3646] 23.88 6.49 26.72 8.53 -4.98 ...
  .. ..$ varU       : num 618
  .. ..$ uStar      : num [1:2737] 58.49 6.49 46.28 15.8 8.53 ...
  .. ..$ NamefileOut: chr "X7_cum/ETA_2_varU.dat"
  .. ..$ SD.u       : num [1:3646] 12.7 20 15.3 19.1 20.2 ...
  .. ..$ SD.varU    : num 68.1
  ..$ :List of 15
  .. ..$ V          : num [1:3646, 1:576] 0.010764 0.006644 0.010142 0.00602 -0.000353 ...
  .. .. ..- attr(*, "dimnames")=List of 2
  .. .. .. ..$ : chr [1:3646] "2020-21_11.107-5" "2020-21_12.90-53" "2020-21_12.93-4" "2020-21_14.37-103" ...
  .. .. .. ..$ : NULL
  .. ..$ d          : num [1:576] 1718 767 374 228 121 ...
  .. ..$ model      : chr "RKHS"
  .. ..$ Name       : chr "ETA_3"
  .. ..$ tolD       : num 1e-10
  .. ..$ levelsU    : int 576
  .. ..$ df0        : num 5
  .. ..$ R2         : num 0.167
  .. ..$ S0         : num 530
  .. ..$ u          : num [1:3646] -63.1 -83.1 -104 -59.5 -86 ...
  .. ..$ varU       : num 17668
  .. ..$ uStar      : num [1:576] -2090 1085 2639 198 -1463 ...
  .. ..$ NamefileOut: chr "X7_cum/ETA_3_varU.dat"
  .. ..$ SD.u       : num [1:3646] 11.96 9.86 12.18 9.82 11.1 ...
  .. ..$ SD.varU    : num 3284
 - attr(*, "class")= chr "BGLR"
NULL
List of 21
 $ y            : num [1:3646] -0.573 11.702 0.323 2.302 4.538 ...
 $ a            : NULL
 $ b            : NULL
 $ whichNa      : int [1:1011] 2636 2637 2638 2639 2640 2641 2642 2643 2644 2645 ...
 $ saveAt       : chr "X4/"
 $ nIter        : num 12000
 $ burnIn       : num 2000
 $ thin         : num 5
 $ weights      : num [1:3646] 1 1 1 1 1 1 1 1 1 1 ...
 $ verbose      : logi FALSE
 $ response_type: chr "gaussian"
 $ df0          : num 5
 $ S0           : num 418
 $ yHat         : num [1:3646] 2.02 7.9 2.75 8.64 4.76 ...
 $ SD.yHat      : num [1:3646] 4.05 4.67 4.52 4.83 4.87 ...
 $ mu           : num 21.7
 $ SD.mu        : num 1.16
 $ varE         : num 82.6
 $ SD.varE      : num 5.27
 $ fit          :List of 4
  ..$ logLikAtPostMean: num -9197
  ..$ postMeanLogLik  : num -9551
  ..$ pD              : num 707
  ..$ DIC             : num 19809
 $ ETA          :List of 3
  ..$ :List of 15
  .. ..$ V          : num [1:3646, 1:6] 0 0 0 0 0 0 0 0 0 0 ...
  .. .. ..- attr(*, "dimnames")=List of 2
  .. .. .. ..$ : chr [1:3646] "2020-21_11.107-5" "2020-21_12.90-53" "2020-21_12.93-4" "2020-21_14.37-103" ...
  .. .. .. ..$ : NULL
  .. ..$ d          : num [1:6] 1011 918 450 447 435 ...
  .. ..$ model      : chr "RKHS"
  .. ..$ Name       : chr "ETA_1"
  .. ..$ tolD       : num 1e-10
  .. ..$ levelsU    : int 6
  .. ..$ df0        : num 5
  .. ..$ R2         : num 0.167
  .. ..$ S0         : num 0.317
  .. ..$ u          : num [1:3646] 0.00204 0.00204 0.00204 0.00204 0.00204 ...
  .. ..$ varU       : num 0.103
  .. ..$ uStar      : num [1:6] 0.1737 -0.3592 -0.665 0.0548 -0.0425 ...
  .. ..$ NamefileOut: chr "X4/ETA_1_varU.dat"
  .. ..$ SD.u       : num [1:3646] 0.317 0.317 0.317 0.317 0.317 ...
  .. ..$ SD.varU    : num 0.105
  ..$ :List of 15
  .. ..$ V          : num [1:3646, 1:2737] 0.408 0 0 0 0 ...
  .. .. ..- attr(*, "dimnames")=List of 2
  .. .. .. ..$ : chr [1:3646] "2020-21_11.107-5" "2020-21_12.90-53" "2020-21_12.93-4" "2020-21_14.37-103" ...
  .. .. .. ..$ : chr [1:2737] "11.107-5" "12.90-53" "12.93-4" "13.27-142" ...
  .. ..$ d          : Named num [1:2737] 6 1 3 1 1 1 1 1 2 1 ...
  .. .. ..- attr(*, "names")= chr [1:2737] "11.107-5" "12.90-53" "12.93-4" "13.27-142" ...
  .. ..$ model      : chr "RKHS"
  .. ..$ Name       : chr "ETA_2"
  .. ..$ tolD       : num 1e-10
  .. ..$ levelsU    : int 2737
  .. ..$ df0        : num 5
  .. ..$ R2         : num 0.167
  .. ..$ S0         : num 145
  .. ..$ u          : num [1:3646] -0.917 1.364 2.195 -2.532 -0.444 ...
  .. ..$ varU       : num 29.7
  .. ..$ uStar      : num [1:2737] -2.247 1.364 3.802 0.193 -2.532 ...
  .. ..$ NamefileOut: chr "X4/ETA_2_varU.dat"
  .. ..$ SD.u       : num [1:3646] 3.27 4.53 3.93 4.69 4.67 ...
  .. ..$ SD.varU    : num 5.41
  ..$ :List of 15
  .. ..$ V          : num [1:3646, 1:576] 0.010764 0.006644 0.010142 0.00602 -0.000353 ...
  .. .. ..- attr(*, "dimnames")=List of 2
  .. .. .. ..$ : chr [1:3646] "2020-21_11.107-5" "2020-21_12.90-53" "2020-21_12.93-4" "2020-21_14.37-103" ...
  .. .. .. ..$ : NULL
  .. ..$ d          : num [1:576] 1718 767 374 228 121 ...
  .. ..$ model      : chr "RKHS"
  .. ..$ Name       : chr "ETA_3"
  .. ..$ tolD       : num 1e-10
  .. ..$ levelsU    : int 576
  .. ..$ df0        : num 5
  .. ..$ R2         : num 0.167
  .. ..$ S0         : num 30.5
  .. ..$ u          : num [1:3646] -18.8 -15.2 -21.1 -10.5 -16.5 ...
  .. ..$ varU       : num 930
  .. ..$ uStar      : num [1:576] -518.1 121.6 670.9 54.8 -397.3 ...
  .. ..$ NamefileOut: chr "X4/ETA_3_varU.dat"
  .. ..$ SD.u       : num [1:3646] 2.91 2.18 3.03 2.31 2.62 ...
  .. ..$ SD.varU    : num 190
 - attr(*, "class")= chr "BGLR"
NULL
List of 21
 $ y            : num [1:3646] 4.893 32.395 0.616 30.098 31.883 ...
 $ a            : NULL
 $ b            : NULL
 $ whichNa      : int [1:1011] 2636 2637 2638 2639 2640 2641 2642 2643 2644 2645 ...
 $ saveAt       : chr "X6_cum/"
 $ nIter        : num 12000
 $ burnIn       : num 2000
 $ thin         : num 5
 $ weights      : num [1:3646] 1 1 1 1 1 1 1 1 1 1 ...
 $ verbose      : logi FALSE
 $ response_type: chr "gaussian"
 $ df0          : num 5
 $ S0           : num 5038
 $ yHat         : num [1:3646] 51.1 30.2 23.5 40.8 31.9 ...
 $ SD.yHat      : num [1:3646] 12.3 16.2 13.9 16.3 16.7 ...
 $ mu           : num 111
 $ SD.mu        : num 5.67
 $ varE         : num 623
 $ SD.varE      : num 37.9
 $ fit          :List of 4
  ..$ logLikAtPostMean: num -11721
  ..$ postMeanLogLik  : num -12212
  ..$ pD              : num 982
  ..$ DIC             : num 25406
 $ ETA          :List of 3
  ..$ :List of 15
  .. ..$ V          : num [1:3646, 1:6] 0 0 0 0 0 0 0 0 0 0 ...
  .. .. ..- attr(*, "dimnames")=List of 2
  .. .. .. ..$ : chr [1:3646] "2020-21_11.107-5" "2020-21_12.90-53" "2020-21_12.93-4" "2020-21_14.37-103" ...
  .. .. .. ..$ : NULL
  .. ..$ d          : num [1:6] 1011 918 450 447 435 ...
  .. ..$ model      : chr "RKHS"
  .. ..$ Name       : chr "ETA_1"
  .. ..$ tolD       : num 1e-10
  .. ..$ levelsU    : int 6
  .. ..$ df0        : num 5
  .. ..$ R2         : num 0.167
  .. ..$ S0         : num 3.82
  .. ..$ u          : num [1:3646] -0.0118 -0.0118 -0.0118 -0.0118 -0.0118 ...
  .. ..$ varU       : num 1.25
  .. ..$ uStar      : num [1:6] 0.422 0.436 -2.231 -1.442 0.245 ...
  .. ..$ NamefileOut: chr "X6_cum/ETA_1_varU.dat"
  .. ..$ SD.u       : num [1:3646] 1.11 1.11 1.11 1.11 1.11 ...
  .. ..$ SD.varU    : num 1.13
  ..$ :List of 15
  .. ..$ V          : num [1:3646, 1:2737] 0.408 0 0 0 0 ...
  .. .. ..- attr(*, "dimnames")=List of 2
  .. .. .. ..$ : chr [1:3646] "2020-21_11.107-5" "2020-21_12.90-53" "2020-21_12.93-4" "2020-21_14.37-103" ...
  .. .. .. ..$ : chr [1:2737] "11.107-5" "12.90-53" "12.93-4" "13.27-142" ...
  .. ..$ d          : Named num [1:2737] 6 1 3 1 1 1 1 1 2 1 ...
  .. .. ..- attr(*, "names")= chr [1:2737] "11.107-5" "12.90-53" "12.93-4" "13.27-142" ...
  .. ..$ model      : chr "RKHS"
  .. ..$ Name       : chr "ETA_2"
  .. ..$ tolD       : num 1e-10
  .. ..$ levelsU    : int 2737
  .. ..$ df0        : num 5
  .. ..$ R2         : num 0.167
  .. ..$ S0         : num 1745
  .. ..$ u          : num [1:3646] 12.36 2.494 6.764 -6.745 -0.354 ...
  .. ..$ varU       : num 406
  .. ..$ uStar      : num [1:2737] 30.28 2.49 11.72 15.17 -6.75 ...
  .. ..$ NamefileOut: chr "X6_cum/ETA_2_varU.dat"
  .. ..$ SD.u       : num [1:3646] 9.77 15.84 12.58 15.93 16.01 ...
  .. ..$ SD.varU    : num 45.6
  ..$ :List of 15
  .. ..$ V          : num [1:3646, 1:576] 0.010764 0.006644 0.010142 0.00602 -0.000353 ...
  .. .. ..- attr(*, "dimnames")=List of 2
  .. .. .. ..$ : chr [1:3646] "2020-21_11.107-5" "2020-21_12.90-53" "2020-21_12.93-4" "2020-21_14.37-103" ...
  .. .. .. ..$ : NULL
  .. ..$ d          : num [1:576] 1718 767 374 228 121 ...
  .. ..$ model      : chr "RKHS"
  .. ..$ Name       : chr "ETA_3"
  .. ..$ tolD       : num 1e-10
  .. ..$ levelsU    : int 576
  .. ..$ df0        : num 5
  .. ..$ R2         : num 0.167
  .. ..$ S0         : num 367
  .. ..$ u          : num [1:3646] -72.3 -83.4 -94.3 -63.5 -78.9 ...
  .. ..$ varU       : num 13971
  .. ..$ uStar      : num [1:576] -2261.9 969.4 2954.5 -72.3 -1597.3 ...
  .. ..$ NamefileOut: chr "X6_cum/ETA_3_varU.dat"
  .. ..$ SD.u       : num [1:3646] 9.93 8.76 10.49 8.68 9.79 ...
  .. ..$ SD.varU    : num 2385
 - attr(*, "class")= chr "BGLR"
NULL
List of 21
 $ y            : num [1:3646] 4.893 32.395 0.616 30.098 31.883 ...
 $ a            : NULL
 $ b            : NULL
 $ whichNa      : int [1:1011] 2636 2637 2638 2639 2640 2641 2642 2643 2644 2645 ...
 $ saveAt       : chr "X6_cum/"
 $ nIter        : num 12000
 $ burnIn       : num 2000
 $ thin         : num 5
 $ weights      : num [1:3646] 1 1 1 1 1 1 1 1 1 1 ...
 $ verbose      : logi FALSE
 $ response_type: chr "gaussian"
 $ df0          : num 5
 $ S0           : num 5038
 $ yHat         : num [1:3646] 51.1 30.2 23.5 40.8 31.9 ...
 $ SD.yHat      : num [1:3646] 12.3 16.2 13.9 16.3 16.7 ...
 $ mu           : num 111
 $ SD.mu        : num 5.67
 $ varE         : num 623
 $ SD.varE      : num 37.9
 $ fit          :List of 4
  ..$ logLikAtPostMean: num -11721
  ..$ postMeanLogLik  : num -12212
  ..$ pD              : num 982
  ..$ DIC             : num 25406
 $ ETA          :List of 3
  ..$ :List of 15
  .. ..$ V          : num [1:3646, 1:6] 0 0 0 0 0 0 0 0 0 0 ...
  .. .. ..- attr(*, "dimnames")=List of 2
  .. .. .. ..$ : chr [1:3646] "2020-21_11.107-5" "2020-21_12.90-53" "2020-21_12.93-4" "2020-21_14.37-103" ...
  .. .. .. ..$ : NULL
  .. ..$ d          : num [1:6] 1011 918 450 447 435 ...
  .. ..$ model      : chr "RKHS"
  .. ..$ Name       : chr "ETA_1"
  .. ..$ tolD       : num 1e-10
  .. ..$ levelsU    : int 6
  .. ..$ df0        : num 5
  .. ..$ R2         : num 0.167
  .. ..$ S0         : num 3.82
  .. ..$ u          : num [1:3646] -0.0118 -0.0118 -0.0118 -0.0118 -0.0118 ...
  .. ..$ varU       : num 1.25
  .. ..$ uStar      : num [1:6] 0.422 0.436 -2.231 -1.442 0.245 ...
  .. ..$ NamefileOut: chr "X6_cum/ETA_1_varU.dat"
  .. ..$ SD.u       : num [1:3646] 1.11 1.11 1.11 1.11 1.11 ...
  .. ..$ SD.varU    : num 1.13
  ..$ :List of 15
  .. ..$ V          : num [1:3646, 1:2737] 0.408 0 0 0 0 ...
  .. .. ..- attr(*, "dimnames")=List of 2
  .. .. .. ..$ : chr [1:3646] "2020-21_11.107-5" "2020-21_12.90-53" "2020-21_12.93-4" "2020-21_14.37-103" ...
  .. .. .. ..$ : chr [1:2737] "11.107-5" "12.90-53" "12.93-4" "13.27-142" ...
  .. ..$ d          : Named num [1:2737] 6 1 3 1 1 1 1 1 2 1 ...
  .. .. ..- attr(*, "names")= chr [1:2737] "11.107-5" "12.90-53" "12.93-4" "13.27-142" ...
  .. ..$ model      : chr "RKHS"
  .. ..$ Name       : chr "ETA_2"
  .. ..$ tolD       : num 1e-10
  .. ..$ levelsU    : int 2737
  .. ..$ df0        : num 5
  .. ..$ R2         : num 0.167
  .. ..$ S0         : num 1745
  .. ..$ u          : num [1:3646] 12.36 2.494 6.764 -6.745 -0.354 ...
  .. ..$ varU       : num 406
  .. ..$ uStar      : num [1:2737] 30.28 2.49 11.72 15.17 -6.75 ...
  .. ..$ NamefileOut: chr "X6_cum/ETA_2_varU.dat"
  .. ..$ SD.u       : num [1:3646] 9.77 15.84 12.58 15.93 16.01 ...
  .. ..$ SD.varU    : num 45.6
  ..$ :List of 15
  .. ..$ V          : num [1:3646, 1:576] 0.010764 0.006644 0.010142 0.00602 -0.000353 ...
  .. .. ..- attr(*, "dimnames")=List of 2
  .. .. .. ..$ : chr [1:3646] "2020-21_11.107-5" "2020-21_12.90-53" "2020-21_12.93-4" "2020-21_14.37-103" ...
  .. .. .. ..$ : NULL
  .. ..$ d          : num [1:576] 1718 767 374 228 121 ...
  .. ..$ model      : chr "RKHS"
  .. ..$ Name       : chr "ETA_3"
  .. ..$ tolD       : num 1e-10
  .. ..$ levelsU    : int 576
  .. ..$ df0        : num 5
  .. ..$ R2         : num 0.167
  .. ..$ S0         : num 367
  .. ..$ u          : num [1:3646] -72.3 -83.4 -94.3 -63.5 -78.9 ...
  .. ..$ varU       : num 13971
  .. ..$ uStar      : num [1:576] -2261.9 969.4 2954.5 -72.3 -1597.3 ...
  .. ..$ NamefileOut: chr "X6_cum/ETA_3_varU.dat"
  .. ..$ SD.u       : num [1:3646] 9.93 8.76 10.49 8.68 9.79 ...
  .. ..$ SD.varU    : num 2385
 - attr(*, "class")= chr "BGLR"
NULL
List of 21
 $ y            : num [1:3646] 322.8 187 253.3 232.5 79.5 ...
 $ a            : NULL
 $ b            : NULL
 $ whichNa      : int [1:1011] 2636 2637 2638 2639 2640 2641 2642 2643 2644 2645 ...
 $ saveAt       : chr "X10_cum/"
 $ nIter        : num 12000
 $ burnIn       : num 2000
 $ thin         : num 5
 $ weights      : num [1:3646] 1 1 1 1 1 1 1 1 1 1 ...
 $ verbose      : logi FALSE
 $ response_type: chr "gaussian"
 $ df0          : num 5
 $ S0           : num 22738
 $ yHat         : num [1:3646] 276.8 154.9 246.3 189.8 91.8 ...
 $ SD.yHat      : num [1:3646] 25.6 32 29.2 32.6 33.5 ...
 $ mu           : num 241
 $ SD.mu        : num 10.4
 $ varE         : num 2836
 $ SD.varE      : num 165
 $ fit          :List of 4
  ..$ logLikAtPostMean: num -13768
  ..$ postMeanLogLik  : num -14210
  ..$ pD              : num 885
  ..$ DIC             : num 29306
 $ ETA          :List of 3
  ..$ :List of 15
  .. ..$ V          : num [1:3646, 1:6] 0 0 0 0 0 0 0 0 0 0 ...
  .. .. ..- attr(*, "dimnames")=List of 2
  .. .. .. ..$ : chr [1:3646] "2020-21_11.107-5" "2020-21_12.90-53" "2020-21_12.93-4" "2020-21_14.37-103" ...
  .. .. .. ..$ : NULL
  .. ..$ d          : num [1:6] 1011 918 450 447 435 ...
  .. ..$ model      : chr "RKHS"
  .. ..$ Name       : chr "ETA_1"
  .. ..$ tolD       : num 1e-10
  .. ..$ levelsU    : int 6
  .. ..$ df0        : num 5
  .. ..$ R2         : num 0.167
  .. ..$ S0         : num 17.3
  .. ..$ u          : num [1:3646] -0.017 -0.017 -0.017 -0.017 -0.017 ...
  .. ..$ varU       : num 6
  .. ..$ uStar      : num [1:6] -1.253 -5.158 2.34 1.243 0.354 ...
  .. ..$ NamefileOut: chr "X10_cum/ETA_1_varU.dat"
  .. ..$ SD.u       : num [1:3646] 2.46 2.46 2.46 2.46 2.46 ...
  .. ..$ SD.varU    : num 6.58
  ..$ :List of 15
  .. ..$ V          : num [1:3646, 1:2737] 0.408 0 0 0 0 ...
  .. .. ..- attr(*, "dimnames")=List of 2
  .. .. .. ..$ : chr [1:3646] "2020-21_11.107-5" "2020-21_12.90-53" "2020-21_12.93-4" "2020-21_14.37-103" ...
  .. .. .. ..$ : chr [1:2737] "11.107-5" "12.90-53" "12.93-4" "13.27-142" ...
  .. ..$ d          : Named num [1:2737] 6 1 3 1 1 1 1 1 2 1 ...
  .. .. ..- attr(*, "names")= chr [1:2737] "11.107-5" "12.90-53" "12.93-4" "13.27-142" ...
  .. ..$ model      : chr "RKHS"
  .. ..$ Name       : chr "ETA_2"
  .. ..$ tolD       : num 1e-10
  .. ..$ levelsU    : int 2737
  .. ..$ df0        : num 5
  .. ..$ R2         : num 0.167
  .. ..$ S0         : num 7874
  .. ..$ u          : num [1:3646] 48.06 17.16 98.37 22.46 -5.87 ...
  .. ..$ varU       : num 1515
  .. ..$ uStar      : num [1:2737] 117.73 17.16 170.38 4.99 22.46 ...
  .. ..$ NamefileOut: chr "X10_cum/ETA_2_varU.dat"
  .. ..$ SD.u       : num [1:3646] 20.8 31.3 25.8 31.9 32.2 ...
  .. ..$ SD.varU    : num 179
  ..$ :List of 15
  .. ..$ V          : num [1:3646, 1:576] 0.010764 0.006644 0.010142 0.00602 -0.000353 ...
  .. .. ..- attr(*, "dimnames")=List of 2
  .. .. .. ..$ : chr [1:3646] "2020-21_11.107-5" "2020-21_12.90-53" "2020-21_12.93-4" "2020-21_14.37-103" ...
  .. .. .. ..$ : NULL
  .. ..$ d          : num [1:576] 1718 767 374 228 121 ...
  .. ..$ model      : chr "RKHS"
  .. ..$ Name       : chr "ETA_3"
  .. ..$ tolD       : num 1e-10
  .. ..$ levelsU    : int 576
  .. ..$ df0        : num 5
  .. ..$ R2         : num 0.167
  .. ..$ S0         : num 1657
  .. ..$ u          : num [1:3646] -12.2 -103.2 -93 -73.6 -143.2 ...
  .. ..$ varU       : num 46545
  .. ..$ uStar      : num [1:576] -626 1517 3127 1842 -1191 ...
  .. ..$ NamefileOut: chr "X10_cum/ETA_3_varU.dat"
  .. ..$ SD.u       : num [1:3646] 19.1 16.7 19.9 17.1 18.2 ...
  .. ..$ SD.varU    : num 8903
 - attr(*, "class")= chr "BGLR"
NULL
List of 21
 $ y            : num [1:3646] 39.5 64.4 38.3 92.4 32.5 ...
 $ a            : NULL
 $ b            : NULL
 $ whichNa      : int [1:1011] 2636 2637 2638 2639 2640 2641 2642 2643 2644 2645 ...
 $ saveAt       : chr "X7_cum/"
 $ nIter        : num 12000
 $ burnIn       : num 2000
 $ thin         : num 5
 $ weights      : num [1:3646] 1 1 1 1 1 1 1 1 1 1 ...
 $ verbose      : logi FALSE
 $ response_type: chr "gaussian"
 $ df0          : num 5
 $ S0           : num 7275
 $ yHat         : num [1:3646] 90.5 53.1 52.4 78.7 38.7 ...
 $ SD.yHat      : num [1:3646] 15.5 20 16.8 19.6 20.7 ...
 $ mu           : num 130
 $ SD.mu        : num 6
 $ varE         : num 958
 $ SD.varE      : num 57.9
 $ fit          :List of 4
  ..$ logLikAtPostMean: num -12295
  ..$ postMeanLogLik  : num -12780
  ..$ pD              : num 969
  ..$ DIC             : num 26529
 $ ETA          :List of 3
  ..$ :List of 15
  .. ..$ V          : num [1:3646, 1:6] 0 0 0 0 0 0 0 0 0 0 ...
  .. .. ..- attr(*, "dimnames")=List of 2
  .. .. .. ..$ : chr [1:3646] "2020-21_11.107-5" "2020-21_12.90-53" "2020-21_12.93-4" "2020-21_14.37-103" ...
  .. .. .. ..$ : NULL
  .. ..$ d          : num [1:6] 1011 918 450 447 435 ...
  .. ..$ model      : chr "RKHS"
  .. ..$ Name       : chr "ETA_1"
  .. ..$ tolD       : num 1e-10
  .. ..$ levelsU    : int 6
  .. ..$ df0        : num 5
  .. ..$ R2         : num 0.167
  .. ..$ S0         : num 5.52
  .. ..$ u          : num [1:3646] 0.0254 0.0254 0.0254 0.0254 0.0254 ...
  .. ..$ varU       : num 2.02
  .. ..$ uStar      : num [1:6] -0.743 -2.068 -0.244 -2.223 -0.531 ...
  .. ..$ NamefileOut: chr "X7_cum/ETA_1_varU.dat"
  .. ..$ SD.u       : num [1:3646] 1.42 1.42 1.42 1.42 1.42 ...
  .. ..$ SD.varU    : num 3.1
  ..$ :List of 15
  .. ..$ V          : num [1:3646, 1:2737] 0.408 0 0 0 0 ...
  .. .. ..- attr(*, "dimnames")=List of 2
  .. .. .. ..$ : chr [1:3646] "2020-21_11.107-5" "2020-21_12.90-53" "2020-21_12.93-4" "2020-21_14.37-103" ...
  .. .. .. ..$ : chr [1:2737] "11.107-5" "12.90-53" "12.93-4" "13.27-142" ...
  .. ..$ d          : Named num [1:2737] 6 1 3 1 1 1 1 1 2 1 ...
  .. .. ..- attr(*, "names")= chr [1:2737] "11.107-5" "12.90-53" "12.93-4" "13.27-142" ...
  .. ..$ model      : chr "RKHS"
  .. ..$ Name       : chr "ETA_2"
  .. ..$ tolD       : num 1e-10
  .. ..$ levelsU    : int 2737
  .. ..$ df0        : num 5
  .. ..$ R2         : num 0.167
  .. ..$ S0         : num 2519
  .. ..$ u          : num [1:3646] 23.88 6.49 26.72 8.53 -4.98 ...
  .. ..$ varU       : num 618
  .. ..$ uStar      : num [1:2737] 58.49 6.49 46.28 15.8 8.53 ...
  .. ..$ NamefileOut: chr "X7_cum/ETA_2_varU.dat"
  .. ..$ SD.u       : num [1:3646] 12.7 20 15.3 19.1 20.2 ...
  .. ..$ SD.varU    : num 68.1
  ..$ :List of 15
  .. ..$ V          : num [1:3646, 1:576] 0.010764 0.006644 0.010142 0.00602 -0.000353 ...
  .. .. ..- attr(*, "dimnames")=List of 2
  .. .. .. ..$ : chr [1:3646] "2020-21_11.107-5" "2020-21_12.90-53" "2020-21_12.93-4" "2020-21_14.37-103" ...
  .. .. .. ..$ : NULL
  .. ..$ d          : num [1:576] 1718 767 374 228 121 ...
  .. ..$ model      : chr "RKHS"
  .. ..$ Name       : chr "ETA_3"
  .. ..$ tolD       : num 1e-10
  .. ..$ levelsU    : int 576
  .. ..$ df0        : num 5
  .. ..$ R2         : num 0.167
  .. ..$ S0         : num 530
  .. ..$ u          : num [1:3646] -63.1 -83.1 -104 -59.5 -86 ...
  .. ..$ varU       : num 17668
  .. ..$ uStar      : num [1:576] -2090 1085 2639 198 -1463 ...
  .. ..$ NamefileOut: chr "X7_cum/ETA_3_varU.dat"
  .. ..$ SD.u       : num [1:3646] 11.96 9.86 12.18 9.82 11.1 ...
  .. ..$ SD.varU    : num 3284
 - attr(*, "class")= chr "BGLR"
NULL
List of 21
 $ y            : num [1:3646] 4.216 23.801 0.481 30.098 28.348 ...
 $ a            : NULL
 $ b            : NULL
 $ whichNa      : int [1:1011] 2636 2637 2638 2639 2640 2641 2642 2643 2644 2645 ...
 $ saveAt       : chr "X5_cum/"
 $ nIter        : num 12000
 $ burnIn       : num 2000
 $ thin         : num 5
 $ weights      : num [1:3646] 1 1 1 1 1 1 1 1 1 1 ...
 $ verbose      : logi FALSE
 $ response_type: chr "gaussian"
 $ df0          : num 5
 $ S0           : num 3616
 $ yHat         : num [1:3646] 35.4 20.5 13.1 32.1 25.9 ...
 $ SD.yHat      : num [1:3646] 10.3 13.1 11.2 13.3 13.5 ...
 $ mu           : num 87
 $ SD.mu        : num 3.86
 $ varE         : num 413
 $ SD.varE      : num 27.2
 $ fit          :List of 4
  ..$ logLikAtPostMean: num -11173
  ..$ postMeanLogLik  : num -11671
  ..$ pD              : num 997
  ..$ DIC             : num 24340
 $ ETA          :List of 3
  ..$ :List of 15
  .. ..$ V          : num [1:3646, 1:6] 0 0 0 0 0 0 0 0 0 0 ...
  .. .. ..- attr(*, "dimnames")=List of 2
  .. .. .. ..$ : chr [1:3646] "2020-21_11.107-5" "2020-21_12.90-53" "2020-21_12.93-4" "2020-21_14.37-103" ...
  .. .. .. ..$ : NULL
  .. ..$ d          : num [1:6] 1011 918 450 447 435 ...
  .. ..$ model      : chr "RKHS"
  .. ..$ Name       : chr "ETA_1"
  .. ..$ tolD       : num 1e-10
  .. ..$ levelsU    : int 6
  .. ..$ df0        : num 5
  .. ..$ R2         : num 0.167
  .. ..$ S0         : num 2.74
  .. ..$ u          : num [1:3646] -0.00551 -0.00551 -0.00551 -0.00551 -0.00551 ...
  .. ..$ varU       : num 0.872
  .. ..$ uStar      : num [1:6] -1.693 -1.552 -0.273 -0.531 0.115 ...
  .. ..$ NamefileOut: chr "X5_cum/ETA_1_varU.dat"
  .. ..$ SD.u       : num [1:3646] 0.902 0.902 0.902 0.902 0.902 ...
  .. ..$ SD.varU    : num 0.841
  ..$ :List of 15
  .. ..$ V          : num [1:3646, 1:2737] 0.408 0 0 0 0 ...
  .. .. ..- attr(*, "dimnames")=List of 2
  .. .. .. ..$ : chr [1:3646] "2020-21_11.107-5" "2020-21_12.90-53" "2020-21_12.93-4" "2020-21_14.37-103" ...
  .. .. .. ..$ : chr [1:2737] "11.107-5" "12.90-53" "12.93-4" "13.27-142" ...
  .. ..$ d          : Named num [1:2737] 6 1 3 1 1 1 1 1 2 1 ...
  .. .. ..- attr(*, "names")= chr [1:2737] "11.107-5" "12.90-53" "12.93-4" "13.27-142" ...
  .. ..$ model      : chr "RKHS"
  .. ..$ Name       : chr "ETA_2"
  .. ..$ tolD       : num 1e-10
  .. ..$ levelsU    : int 2737
  .. ..$ df0        : num 5
  .. ..$ R2         : num 0.167
  .. ..$ S0         : num 1252
  .. ..$ u          : num [1:3646] 8.725 1.785 0.823 -0.552 1.105 ...
  .. ..$ varU       : num 275
  .. ..$ uStar      : num [1:2737] 21.371 1.785 1.425 11.687 -0.552 ...
  .. ..$ NamefileOut: chr "X5_cum/ETA_2_varU.dat"
  .. ..$ SD.u       : num [1:3646] 8.48 12.94 9.84 13.12 13.06 ...
  .. ..$ SD.varU    : num 32.4
  ..$ :List of 15
  .. ..$ V          : num [1:3646, 1:576] 0.010764 0.006644 0.010142 0.00602 -0.000353 ...
  .. .. ..- attr(*, "dimnames")=List of 2
  .. .. .. ..$ : chr [1:3646] "2020-21_11.107-5" "2020-21_12.90-53" "2020-21_12.93-4" "2020-21_14.37-103" ...
  .. .. .. ..$ : NULL
  .. ..$ d          : num [1:576] 1718 767 374 228 121 ...
  .. ..$ model      : chr "RKHS"
  .. ..$ Name       : chr "ETA_3"
  .. ..$ tolD       : num 1e-10
  .. ..$ levelsU    : int 576
  .. ..$ df0        : num 5
  .. ..$ R2         : num 0.167
  .. ..$ S0         : num 264
  .. ..$ u          : num [1:3646] -60.4 -68.4 -74.7 -54.3 -62.3 ...
  .. ..$ varU       : num 10774
  .. ..$ uStar      : num [1:576] -1967.9 759.2 2339 -66.7 -1220.4 ...
  .. ..$ NamefileOut: chr "X5_cum/ETA_3_varU.dat"
  .. ..$ SD.u       : num [1:3646] 7.96 6.69 8.41 6.65 7.75 ...
  .. ..$ SD.varU    : num 1812
 - attr(*, "class")= chr "BGLR"
NULL
List of 21
 $ y            : num [1:3646] 76.5 118.8 117.3 133.6 54.6 ...
 $ a            : NULL
 $ b            : NULL
 $ whichNa      : int [1:1011] 2636 2637 2638 2639 2640 2641 2642 2643 2644 2645 ...
 $ saveAt       : chr "X8_cum/"
 $ nIter        : num 12000
 $ burnIn       : num 2000
 $ thin         : num 5
 $ weights      : num [1:3646] 1 1 1 1 1 1 1 1 1 1 ...
 $ verbose      : logi FALSE
 $ response_type: chr "gaussian"
 $ df0          : num 5
 $ S0           : num 11387
 $ yHat         : num [1:3646] 143.1 93.3 126.7 118.1 62.1 ...
 $ SD.yHat      : num [1:3646] 18 24.1 21.2 24 24.9 ...
 $ mu           : num 167
 $ SD.mu        : num 8.6
 $ varE         : num 1493
 $ SD.varE      : num 92.8
 $ fit          :List of 4
  ..$ logLikAtPostMean: num -12900
  ..$ postMeanLogLik  : num -13364
  ..$ pD              : num 928
  ..$ DIC             : num 27657
 $ ETA          :List of 3
  ..$ :List of 15
  .. ..$ V          : num [1:3646, 1:6] 0 0 0 0 0 0 0 0 0 0 ...
  .. .. ..- attr(*, "dimnames")=List of 2
  .. .. .. ..$ : chr [1:3646] "2020-21_11.107-5" "2020-21_12.90-53" "2020-21_12.93-4" "2020-21_14.37-103" ...
  .. .. .. ..$ : NULL
  .. ..$ d          : num [1:6] 1011 918 450 447 435 ...
  .. ..$ model      : chr "RKHS"
  .. ..$ Name       : chr "ETA_1"
  .. ..$ tolD       : num 1e-10
  .. ..$ levelsU    : int 6
  .. ..$ df0        : num 5
  .. ..$ R2         : num 0.167
  .. ..$ S0         : num 8.64
  .. ..$ u          : num [1:3646] -0.0448 -0.0448 -0.0448 -0.0448 -0.0448 ...
  .. ..$ varU       : num 3.15
  .. ..$ uStar      : num [1:6] -1.287 1.547 0.926 -4.867 0.935 ...
  .. ..$ NamefileOut: chr "X8_cum/ETA_1_varU.dat"
  .. ..$ SD.u       : num [1:3646] 1.72 1.72 1.72 1.72 1.72 ...
  .. ..$ SD.varU    : num 4.51
  ..$ :List of 15
  .. ..$ V          : num [1:3646, 1:2737] 0.408 0 0 0 0 ...
  .. .. ..- attr(*, "dimnames")=List of 2
  .. .. .. ..$ : chr [1:3646] "2020-21_11.107-5" "2020-21_12.90-53" "2020-21_12.93-4" "2020-21_14.37-103" ...
  .. .. .. ..$ : chr [1:2737] "11.107-5" "12.90-53" "12.93-4" "13.27-142" ...
  .. ..$ d          : Named num [1:2737] 6 1 3 1 1 1 1 1 2 1 ...
  .. .. ..- attr(*, "names")= chr [1:2737] "11.107-5" "12.90-53" "12.93-4" "13.27-142" ...
  .. ..$ model      : chr "RKHS"
  .. ..$ Name       : chr "ETA_2"
  .. ..$ tolD       : num 1e-10
  .. ..$ levelsU    : int 2737
  .. ..$ df0        : num 5
  .. ..$ R2         : num 0.167
  .. ..$ S0         : num 3943
  .. ..$ u          : num [1:3646] 25.07 14.63 70.1 9.04 -4.38 ...
  .. ..$ varU       : num 885
  .. ..$ uStar      : num [1:2737] 61.41 14.63 121.41 15.28 9.04 ...
  .. ..$ NamefileOut: chr "X8_cum/ETA_2_varU.dat"
  .. ..$ SD.u       : num [1:3646] 15.3 23.4 19 23.6 23.7 ...
  .. ..$ SD.varU    : num 99
  ..$ :List of 15
  .. ..$ V          : num [1:3646, 1:576] 0.010764 0.006644 0.010142 0.00602 -0.000353 ...
  .. .. ..- attr(*, "dimnames")=List of 2
  .. .. .. ..$ : chr [1:3646] "2020-21_11.107-5" "2020-21_12.90-53" "2020-21_12.93-4" "2020-21_14.37-103" ...
  .. .. .. ..$ : NULL
  .. ..$ d          : num [1:576] 1718 767 374 228 121 ...
  .. ..$ model      : chr "RKHS"
  .. ..$ Name       : chr "ETA_3"
  .. ..$ tolD       : num 1e-10
  .. ..$ levelsU    : int 576
  .. ..$ df0        : num 5
  .. ..$ R2         : num 0.167
  .. ..$ S0         : num 830
  .. ..$ u          : num [1:3646] -49.2 -88.6 -110.6 -58.2 -100.8 ...
  .. ..$ varU       : num 24220
  .. ..$ uStar      : num [1:576] -2328 1080 2934 756 -1604 ...
  .. ..$ NamefileOut: chr "X8_cum/ETA_3_varU.dat"
  .. ..$ SD.u       : num [1:3646] 14.6 12.8 15.5 13 14.3 ...
  .. ..$ SD.varU    : num 4492
 - attr(*, "class")= chr "BGLR"
NULL
List of 21
 $ y            : num [1:3646] 39.5 64.4 38.3 92.4 32.5 ...
 $ a            : NULL
 $ b            : NULL
 $ whichNa      : int [1:1011] 2636 2637 2638 2639 2640 2641 2642 2643 2644 2645 ...
 $ saveAt       : chr "X7_cum/"
 $ nIter        : num 12000
 $ burnIn       : num 2000
 $ thin         : num 5
 $ weights      : num [1:3646] 1 1 1 1 1 1 1 1 1 1 ...
 $ verbose      : logi FALSE
 $ response_type: chr "gaussian"
 $ df0          : num 5
 $ S0           : num 7275
 $ yHat         : num [1:3646] 90.5 53.1 52.4 78.7 38.7 ...
 $ SD.yHat      : num [1:3646] 15.5 20 16.8 19.6 20.7 ...
 $ mu           : num 130
 $ SD.mu        : num 6
 $ varE         : num 958
 $ SD.varE      : num 57.9
 $ fit          :List of 4
  ..$ logLikAtPostMean: num -12295
  ..$ postMeanLogLik  : num -12780
  ..$ pD              : num 969
  ..$ DIC             : num 26529
 $ ETA          :List of 3
  ..$ :List of 15
  .. ..$ V          : num [1:3646, 1:6] 0 0 0 0 0 0 0 0 0 0 ...
  .. .. ..- attr(*, "dimnames")=List of 2
  .. .. .. ..$ : chr [1:3646] "2020-21_11.107-5" "2020-21_12.90-53" "2020-21_12.93-4" "2020-21_14.37-103" ...
  .. .. .. ..$ : NULL
  .. ..$ d          : num [1:6] 1011 918 450 447 435 ...
  .. ..$ model      : chr "RKHS"
  .. ..$ Name       : chr "ETA_1"
  .. ..$ tolD       : num 1e-10
  .. ..$ levelsU    : int 6
  .. ..$ df0        : num 5
  .. ..$ R2         : num 0.167
  .. ..$ S0         : num 5.52
  .. ..$ u          : num [1:3646] 0.0254 0.0254 0.0254 0.0254 0.0254 ...
  .. ..$ varU       : num 2.02
  .. ..$ uStar      : num [1:6] -0.743 -2.068 -0.244 -2.223 -0.531 ...
  .. ..$ NamefileOut: chr "X7_cum/ETA_1_varU.dat"
  .. ..$ SD.u       : num [1:3646] 1.42 1.42 1.42 1.42 1.42 ...
  .. ..$ SD.varU    : num 3.1
  ..$ :List of 15
  .. ..$ V          : num [1:3646, 1:2737] 0.408 0 0 0 0 ...
  .. .. ..- attr(*, "dimnames")=List of 2
  .. .. .. ..$ : chr [1:3646] "2020-21_11.107-5" "2020-21_12.90-53" "2020-21_12.93-4" "2020-21_14.37-103" ...
  .. .. .. ..$ : chr [1:2737] "11.107-5" "12.90-53" "12.93-4" "13.27-142" ...
  .. ..$ d          : Named num [1:2737] 6 1 3 1 1 1 1 1 2 1 ...
  .. .. ..- attr(*, "names")= chr [1:2737] "11.107-5" "12.90-53" "12.93-4" "13.27-142" ...
  .. ..$ model      : chr "RKHS"
  .. ..$ Name       : chr "ETA_2"
  .. ..$ tolD       : num 1e-10
  .. ..$ levelsU    : int 2737
  .. ..$ df0        : num 5
  .. ..$ R2         : num 0.167
  .. ..$ S0         : num 2519
  .. ..$ u          : num [1:3646] 23.88 6.49 26.72 8.53 -4.98 ...
  .. ..$ varU       : num 618
  .. ..$ uStar      : num [1:2737] 58.49 6.49 46.28 15.8 8.53 ...
  .. ..$ NamefileOut: chr "X7_cum/ETA_2_varU.dat"
  .. ..$ SD.u       : num [1:3646] 12.7 20 15.3 19.1 20.2 ...
  .. ..$ SD.varU    : num 68.1
  ..$ :List of 15
  .. ..$ V          : num [1:3646, 1:576] 0.010764 0.006644 0.010142 0.00602 -0.000353 ...
  .. .. ..- attr(*, "dimnames")=List of 2
  .. .. .. ..$ : chr [1:3646] "2020-21_11.107-5" "2020-21_12.90-53" "2020-21_12.93-4" "2020-21_14.37-103" ...
  .. .. .. ..$ : NULL
  .. ..$ d          : num [1:576] 1718 767 374 228 121 ...
  .. ..$ model      : chr "RKHS"
  .. ..$ Name       : chr "ETA_3"
  .. ..$ tolD       : num 1e-10
  .. ..$ levelsU    : int 576
  .. ..$ df0        : num 5
  .. ..$ R2         : num 0.167
  .. ..$ S0         : num 530
  .. ..$ u          : num [1:3646] -63.1 -83.1 -104 -59.5 -86 ...
  .. ..$ varU       : num 17668
  .. ..$ uStar      : num [1:576] -2090 1085 2639 198 -1463 ...
  .. ..$ NamefileOut: chr "X7_cum/ETA_3_varU.dat"
  .. ..$ SD.u       : num [1:3646] 11.96 9.86 12.18 9.82 11.1 ...
  .. ..$ SD.varU    : num 3284
 - attr(*, "class")= chr "BGLR"
NULL
List of 21
 $ y            : num [1:3646] 39.5 64.4 38.3 92.4 32.5 ...
 $ a            : NULL
 $ b            : NULL
 $ whichNa      : int [1:1011] 2636 2637 2638 2639 2640 2641 2642 2643 2644 2645 ...
 $ saveAt       : chr "X7_cum/"
 $ nIter        : num 12000
 $ burnIn       : num 2000
 $ thin         : num 5
 $ weights      : num [1:3646] 1 1 1 1 1 1 1 1 1 1 ...
 $ verbose      : logi FALSE
 $ response_type: chr "gaussian"
 $ df0          : num 5
 $ S0           : num 7275
 $ yHat         : num [1:3646] 90.5 53.1 52.4 78.7 38.7 ...
 $ SD.yHat      : num [1:3646] 15.5 20 16.8 19.6 20.7 ...
 $ mu           : num 130
 $ SD.mu        : num 6
 $ varE         : num 958
 $ SD.varE      : num 57.9
 $ fit          :List of 4
  ..$ logLikAtPostMean: num -12295
  ..$ postMeanLogLik  : num -12780
  ..$ pD              : num 969
  ..$ DIC             : num 26529
 $ ETA          :List of 3
  ..$ :List of 15
  .. ..$ V          : num [1:3646, 1:6] 0 0 0 0 0 0 0 0 0 0 ...
  .. .. ..- attr(*, "dimnames")=List of 2
  .. .. .. ..$ : chr [1:3646] "2020-21_11.107-5" "2020-21_12.90-53" "2020-21_12.93-4" "2020-21_14.37-103" ...
  .. .. .. ..$ : NULL
  .. ..$ d          : num [1:6] 1011 918 450 447 435 ...
  .. ..$ model      : chr "RKHS"
  .. ..$ Name       : chr "ETA_1"
  .. ..$ tolD       : num 1e-10
  .. ..$ levelsU    : int 6
  .. ..$ df0        : num 5
  .. ..$ R2         : num 0.167
  .. ..$ S0         : num 5.52
  .. ..$ u          : num [1:3646] 0.0254 0.0254 0.0254 0.0254 0.0254 ...
  .. ..$ varU       : num 2.02
  .. ..$ uStar      : num [1:6] -0.743 -2.068 -0.244 -2.223 -0.531 ...
  .. ..$ NamefileOut: chr "X7_cum/ETA_1_varU.dat"
  .. ..$ SD.u       : num [1:3646] 1.42 1.42 1.42 1.42 1.42 ...
  .. ..$ SD.varU    : num 3.1
  ..$ :List of 15
  .. ..$ V          : num [1:3646, 1:2737] 0.408 0 0 0 0 ...
  .. .. ..- attr(*, "dimnames")=List of 2
  .. .. .. ..$ : chr [1:3646] "2020-21_11.107-5" "2020-21_12.90-53" "2020-21_12.93-4" "2020-21_14.37-103" ...
  .. .. .. ..$ : chr [1:2737] "11.107-5" "12.90-53" "12.93-4" "13.27-142" ...
  .. ..$ d          : Named num [1:2737] 6 1 3 1 1 1 1 1 2 1 ...
  .. .. ..- attr(*, "names")= chr [1:2737] "11.107-5" "12.90-53" "12.93-4" "13.27-142" ...
  .. ..$ model      : chr "RKHS"
  .. ..$ Name       : chr "ETA_2"
  .. ..$ tolD       : num 1e-10
  .. ..$ levelsU    : int 2737
  .. ..$ df0        : num 5
  .. ..$ R2         : num 0.167
  .. ..$ S0         : num 2519
  .. ..$ u          : num [1:3646] 23.88 6.49 26.72 8.53 -4.98 ...
  .. ..$ varU       : num 618
  .. ..$ uStar      : num [1:2737] 58.49 6.49 46.28 15.8 8.53 ...
  .. ..$ NamefileOut: chr "X7_cum/ETA_2_varU.dat"
  .. ..$ SD.u       : num [1:3646] 12.7 20 15.3 19.1 20.2 ...
  .. ..$ SD.varU    : num 68.1
  ..$ :List of 15
  .. ..$ V          : num [1:3646, 1:576] 0.010764 0.006644 0.010142 0.00602 -0.000353 ...
  .. .. ..- attr(*, "dimnames")=List of 2
  .. .. .. ..$ : chr [1:3646] "2020-21_11.107-5" "2020-21_12.90-53" "2020-21_12.93-4" "2020-21_14.37-103" ...
  .. .. .. ..$ : NULL
  .. ..$ d          : num [1:576] 1718 767 374 228 121 ...
  .. ..$ model      : chr "RKHS"
  .. ..$ Name       : chr "ETA_3"
  .. ..$ tolD       : num 1e-10
  .. ..$ levelsU    : int 576
  .. ..$ df0        : num 5
  .. ..$ R2         : num 0.167
  .. ..$ S0         : num 530
  .. ..$ u          : num [1:3646] -63.1 -83.1 -104 -59.5 -86 ...
  .. ..$ varU       : num 17668
  .. ..$ uStar      : num [1:576] -2090 1085 2639 198 -1463 ...
  .. ..$ NamefileOut: chr "X7_cum/ETA_3_varU.dat"
  .. ..$ SD.u       : num [1:3646] 11.96 9.86 12.18 9.82 11.1 ...
  .. ..$ SD.varU    : num 3284
 - attr(*, "class")= chr "BGLR"
NULL
List of 21
 $ y            : num [1:3646] 76.5 118.8 117.3 133.6 54.6 ...
 $ a            : NULL
 $ b            : NULL
 $ whichNa      : int [1:1011] 2636 2637 2638 2639 2640 2641 2642 2643 2644 2645 ...
 $ saveAt       : chr "X8_cum/"
 $ nIter        : num 12000
 $ burnIn       : num 2000
 $ thin         : num 5
 $ weights      : num [1:3646] 1 1 1 1 1 1 1 1 1 1 ...
 $ verbose      : logi FALSE
 $ response_type: chr "gaussian"
 $ df0          : num 5
 $ S0           : num 11387
 $ yHat         : num [1:3646] 143.1 93.3 126.7 118.1 62.1 ...
 $ SD.yHat      : num [1:3646] 18 24.1 21.2 24 24.9 ...
 $ mu           : num 167
 $ SD.mu        : num 8.6
 $ varE         : num 1493
 $ SD.varE      : num 92.8
 $ fit          :List of 4
  ..$ logLikAtPostMean: num -12900
  ..$ postMeanLogLik  : num -13364
  ..$ pD              : num 928
  ..$ DIC             : num 27657
 $ ETA          :List of 3
  ..$ :List of 15
  .. ..$ V          : num [1:3646, 1:6] 0 0 0 0 0 0 0 0 0 0 ...
  .. .. ..- attr(*, "dimnames")=List of 2
  .. .. .. ..$ : chr [1:3646] "2020-21_11.107-5" "2020-21_12.90-53" "2020-21_12.93-4" "2020-21_14.37-103" ...
  .. .. .. ..$ : NULL
  .. ..$ d          : num [1:6] 1011 918 450 447 435 ...
  .. ..$ model      : chr "RKHS"
  .. ..$ Name       : chr "ETA_1"
  .. ..$ tolD       : num 1e-10
  .. ..$ levelsU    : int 6
  .. ..$ df0        : num 5
  .. ..$ R2         : num 0.167
  .. ..$ S0         : num 8.64
  .. ..$ u          : num [1:3646] -0.0448 -0.0448 -0.0448 -0.0448 -0.0448 ...
  .. ..$ varU       : num 3.15
  .. ..$ uStar      : num [1:6] -1.287 1.547 0.926 -4.867 0.935 ...
  .. ..$ NamefileOut: chr "X8_cum/ETA_1_varU.dat"
  .. ..$ SD.u       : num [1:3646] 1.72 1.72 1.72 1.72 1.72 ...
  .. ..$ SD.varU    : num 4.51
  ..$ :List of 15
  .. ..$ V          : num [1:3646, 1:2737] 0.408 0 0 0 0 ...
  .. .. ..- attr(*, "dimnames")=List of 2
  .. .. .. ..$ : chr [1:3646] "2020-21_11.107-5" "2020-21_12.90-53" "2020-21_12.93-4" "2020-21_14.37-103" ...
  .. .. .. ..$ : chr [1:2737] "11.107-5" "12.90-53" "12.93-4" "13.27-142" ...
  .. ..$ d          : Named num [1:2737] 6 1 3 1 1 1 1 1 2 1 ...
  .. .. ..- attr(*, "names")= chr [1:2737] "11.107-5" "12.90-53" "12.93-4" "13.27-142" ...
  .. ..$ model      : chr "RKHS"
  .. ..$ Name       : chr "ETA_2"
  .. ..$ tolD       : num 1e-10
  .. ..$ levelsU    : int 2737
  .. ..$ df0        : num 5
  .. ..$ R2         : num 0.167
  .. ..$ S0         : num 3943
  .. ..$ u          : num [1:3646] 25.07 14.63 70.1 9.04 -4.38 ...
  .. ..$ varU       : num 885
  .. ..$ uStar      : num [1:2737] 61.41 14.63 121.41 15.28 9.04 ...
  .. ..$ NamefileOut: chr "X8_cum/ETA_2_varU.dat"
  .. ..$ SD.u       : num [1:3646] 15.3 23.4 19 23.6 23.7 ...
  .. ..$ SD.varU    : num 99
  ..$ :List of 15
  .. ..$ V          : num [1:3646, 1:576] 0.010764 0.006644 0.010142 0.00602 -0.000353 ...
  .. .. ..- attr(*, "dimnames")=List of 2
  .. .. .. ..$ : chr [1:3646] "2020-21_11.107-5" "2020-21_12.90-53" "2020-21_12.93-4" "2020-21_14.37-103" ...
  .. .. .. ..$ : NULL
  .. ..$ d          : num [1:576] 1718 767 374 228 121 ...
  .. ..$ model      : chr "RKHS"
  .. ..$ Name       : chr "ETA_3"
  .. ..$ tolD       : num 1e-10
  .. ..$ levelsU    : int 576
  .. ..$ df0        : num 5
  .. ..$ R2         : num 0.167
  .. ..$ S0         : num 830
  .. ..$ u          : num [1:3646] -49.2 -88.6 -110.6 -58.2 -100.8 ...
  .. ..$ varU       : num 24220
  .. ..$ uStar      : num [1:576] -2328 1080 2934 756 -1604 ...
  .. ..$ NamefileOut: chr "X8_cum/ETA_3_varU.dat"
  .. ..$ SD.u       : num [1:3646] 14.6 12.8 15.5 13 14.3 ...
  .. ..$ SD.varU    : num 4492
 - attr(*, "class")= chr "BGLR"
NULL
List of 21
 $ y            : num [1:3646] 168.3 157.8 184.1 166.6 78.9 ...
 $ a            : NULL
 $ b            : NULL
 $ whichNa      : int [1:1011] 2636 2637 2638 2639 2640 2641 2642 2643 2644 2645 ...
 $ saveAt       : chr "X9_cum/"
 $ nIter        : num 12000
 $ burnIn       : num 2000
 $ thin         : num 5
 $ weights      : num [1:3646] 1 1 1 1 1 1 1 1 1 1 ...
 $ verbose      : logi FALSE
 $ response_type: chr "gaussian"
 $ df0          : num 5
 $ S0           : num 17979
 $ yHat         : num [1:3646] 207.4 125.1 188.4 151.3 84.7 ...
 $ SD.yHat      : num [1:3646] 22.3 29.2 25.5 28 29.4 ...
 $ mu           : num 210
 $ SD.mu        : num 7.2
 $ varE         : num 2168
 $ SD.varE      : num 124
 $ fit          :List of 4
  ..$ logLikAtPostMean: num -13399
  ..$ postMeanLogLik  : num -13856
  ..$ pD              : num 914
  ..$ DIC             : num 28626
 $ ETA          :List of 3
  ..$ :List of 15
  .. ..$ V          : num [1:3646, 1:6] 0 0 0 0 0 0 0 0 0 0 ...
  .. .. ..- attr(*, "dimnames")=List of 2
  .. .. .. ..$ : chr [1:3646] "2020-21_11.107-5" "2020-21_12.90-53" "2020-21_12.93-4" "2020-21_14.37-103" ...
  .. .. .. ..$ : NULL
  .. ..$ d          : num [1:6] 1011 918 450 447 435 ...
  .. ..$ model      : chr "RKHS"
  .. ..$ Name       : chr "ETA_1"
  .. ..$ tolD       : num 1e-10
  .. ..$ levelsU    : int 6
  .. ..$ df0        : num 5
  .. ..$ R2         : num 0.167
  .. ..$ S0         : num 13.6
  .. ..$ u          : num [1:3646] 0.0457 0.0457 0.0457 0.0457 0.0457 ...
  .. ..$ varU       : num 4.36
  .. ..$ uStar      : num [1:6] 0.0825 0.9129 1.656 -0.5748 -0.9539 ...
  .. ..$ NamefileOut: chr "X9_cum/ETA_1_varU.dat"
  .. ..$ SD.u       : num [1:3646] 2.1 2.1 2.1 2.1 2.1 ...
  .. ..$ SD.varU    : num 4.57
  ..$ :List of 15
  .. ..$ V          : num [1:3646, 1:2737] 0.408 0 0 0 0 ...
  .. .. ..- attr(*, "dimnames")=List of 2
  .. .. .. ..$ : chr [1:3646] "2020-21_11.107-5" "2020-21_12.90-53" "2020-21_12.93-4" "2020-21_14.37-103" ...
  .. .. .. ..$ : chr [1:2737] "11.107-5" "12.90-53" "12.93-4" "13.27-142" ...
  .. ..$ d          : Named num [1:2737] 6 1 3 1 1 1 1 1 2 1 ...
  .. .. ..- attr(*, "names")= chr [1:2737] "11.107-5" "12.90-53" "12.93-4" "13.27-142" ...
  .. ..$ model      : chr "RKHS"
  .. ..$ Name       : chr "ETA_2"
  .. ..$ tolD       : num 1e-10
  .. ..$ levelsU    : int 2737
  .. ..$ df0        : num 5
  .. ..$ R2         : num 0.167
  .. ..$ S0         : num 6226
  .. ..$ u          : num [1:3646] 37.01 18.6 90.43 9.26 -3.34 ...
  .. ..$ varU       : num 1233
  .. ..$ uStar      : num [1:2737] 90.66 18.6 156.64 12.93 9.26 ...
  .. ..$ NamefileOut: chr "X9_cum/ETA_2_varU.dat"
  .. ..$ SD.u       : num [1:3646] 18.3 28.4 22.4 28 28.6 ...
  .. ..$ SD.varU    : num 139
  ..$ :List of 15
  .. ..$ V          : num [1:3646, 1:576] 0.010764 0.006644 0.010142 0.00602 -0.000353 ...
  .. .. ..- attr(*, "dimnames")=List of 2
  .. .. .. ..$ : chr [1:3646] "2020-21_11.107-5" "2020-21_12.90-53" "2020-21_12.93-4" "2020-21_14.37-103" ...
  .. .. .. ..$ : NULL
  .. ..$ d          : num [1:576] 1718 767 374 228 121 ...
  .. ..$ model      : chr "RKHS"
  .. ..$ Name       : chr "ETA_3"
  .. ..$ tolD       : num 1e-10
  .. ..$ levelsU    : int 576
  .. ..$ df0        : num 5
  .. ..$ R2         : num 0.167
  .. ..$ S0         : num 1311
  .. ..$ u          : num [1:3646] -39.6 -103.5 -112 -67.9 -121.9 ...
  .. ..$ varU       : num 38602
  .. ..$ uStar      : num [1:576] -2074 1177 3327 1688 -1543 ...
  .. ..$ NamefileOut: chr "X9_cum/ETA_3_varU.dat"
  .. ..$ SD.u       : num [1:3646] 16.9 13.4 17.9 13.9 15.3 ...
  .. ..$ SD.varU    : num 7358
 - attr(*, "class")= chr "BGLR"
NULL
List of 21
 $ y            : num [1:3646] 4.893 32.395 0.616 30.098 31.883 ...
 $ a            : NULL
 $ b            : NULL
 $ whichNa      : int [1:1011] 2636 2637 2638 2639 2640 2641 2642 2643 2644 2645 ...
 $ saveAt       : chr "X6_cum/"
 $ nIter        : num 12000
 $ burnIn       : num 2000
 $ thin         : num 5
 $ weights      : num [1:3646] 1 1 1 1 1 1 1 1 1 1 ...
 $ verbose      : logi FALSE
 $ response_type: chr "gaussian"
 $ df0          : num 5
 $ S0           : num 5038
 $ yHat         : num [1:3646] 51.1 30.2 23.5 40.8 31.9 ...
 $ SD.yHat      : num [1:3646] 12.3 16.2 13.9 16.3 16.7 ...
 $ mu           : num 111
 $ SD.mu        : num 5.67
 $ varE         : num 623
 $ SD.varE      : num 37.9
 $ fit          :List of 4
  ..$ logLikAtPostMean: num -11721
  ..$ postMeanLogLik  : num -12212
  ..$ pD              : num 982
  ..$ DIC             : num 25406
 $ ETA          :List of 3
  ..$ :List of 15
  .. ..$ V          : num [1:3646, 1:6] 0 0 0 0 0 0 0 0 0 0 ...
  .. .. ..- attr(*, "dimnames")=List of 2
  .. .. .. ..$ : chr [1:3646] "2020-21_11.107-5" "2020-21_12.90-53" "2020-21_12.93-4" "2020-21_14.37-103" ...
  .. .. .. ..$ : NULL
  .. ..$ d          : num [1:6] 1011 918 450 447 435 ...
  .. ..$ model      : chr "RKHS"
  .. ..$ Name       : chr "ETA_1"
  .. ..$ tolD       : num 1e-10
  .. ..$ levelsU    : int 6
  .. ..$ df0        : num 5
  .. ..$ R2         : num 0.167
  .. ..$ S0         : num 3.82
  .. ..$ u          : num [1:3646] -0.0118 -0.0118 -0.0118 -0.0118 -0.0118 ...
  .. ..$ varU       : num 1.25
  .. ..$ uStar      : num [1:6] 0.422 0.436 -2.231 -1.442 0.245 ...
  .. ..$ NamefileOut: chr "X6_cum/ETA_1_varU.dat"
  .. ..$ SD.u       : num [1:3646] 1.11 1.11 1.11 1.11 1.11 ...
  .. ..$ SD.varU    : num 1.13
  ..$ :List of 15
  .. ..$ V          : num [1:3646, 1:2737] 0.408 0 0 0 0 ...
  .. .. ..- attr(*, "dimnames")=List of 2
  .. .. .. ..$ : chr [1:3646] "2020-21_11.107-5" "2020-21_12.90-53" "2020-21_12.93-4" "2020-21_14.37-103" ...
  .. .. .. ..$ : chr [1:2737] "11.107-5" "12.90-53" "12.93-4" "13.27-142" ...
  .. ..$ d          : Named num [1:2737] 6 1 3 1 1 1 1 1 2 1 ...
  .. .. ..- attr(*, "names")= chr [1:2737] "11.107-5" "12.90-53" "12.93-4" "13.27-142" ...
  .. ..$ model      : chr "RKHS"
  .. ..$ Name       : chr "ETA_2"
  .. ..$ tolD       : num 1e-10
  .. ..$ levelsU    : int 2737
  .. ..$ df0        : num 5
  .. ..$ R2         : num 0.167
  .. ..$ S0         : num 1745
  .. ..$ u          : num [1:3646] 12.36 2.494 6.764 -6.745 -0.354 ...
  .. ..$ varU       : num 406
  .. ..$ uStar      : num [1:2737] 30.28 2.49 11.72 15.17 -6.75 ...
  .. ..$ NamefileOut: chr "X6_cum/ETA_2_varU.dat"
  .. ..$ SD.u       : num [1:3646] 9.77 15.84 12.58 15.93 16.01 ...
  .. ..$ SD.varU    : num 45.6
  ..$ :List of 15
  .. ..$ V          : num [1:3646, 1:576] 0.010764 0.006644 0.010142 0.00602 -0.000353 ...
  .. .. ..- attr(*, "dimnames")=List of 2
  .. .. .. ..$ : chr [1:3646] "2020-21_11.107-5" "2020-21_12.90-53" "2020-21_12.93-4" "2020-21_14.37-103" ...
  .. .. .. ..$ : NULL
  .. ..$ d          : num [1:576] 1718 767 374 228 121 ...
  .. ..$ model      : chr "RKHS"
  .. ..$ Name       : chr "ETA_3"
  .. ..$ tolD       : num 1e-10
  .. ..$ levelsU    : int 576
  .. ..$ df0        : num 5
  .. ..$ R2         : num 0.167
  .. ..$ S0         : num 367
  .. ..$ u          : num [1:3646] -72.3 -83.4 -94.3 -63.5 -78.9 ...
  .. ..$ varU       : num 13971
  .. ..$ uStar      : num [1:576] -2261.9 969.4 2954.5 -72.3 -1597.3 ...
  .. ..$ NamefileOut: chr "X6_cum/ETA_3_varU.dat"
  .. ..$ SD.u       : num [1:3646] 9.93 8.76 10.49 8.68 9.79 ...
  .. ..$ SD.varU    : num 2385
 - attr(*, "class")= chr "BGLR"
NULL
List of 21
 $ y            : num [1:3646] 76.5 118.8 117.3 133.6 54.6 ...
 $ a            : NULL
 $ b            : NULL
 $ whichNa      : int [1:1011] 2636 2637 2638 2639 2640 2641 2642 2643 2644 2645 ...
 $ saveAt       : chr "X8_cum/"
 $ nIter        : num 12000
 $ burnIn       : num 2000
 $ thin         : num 5
 $ weights      : num [1:3646] 1 1 1 1 1 1 1 1 1 1 ...
 $ verbose      : logi FALSE
 $ response_type: chr "gaussian"
 $ df0          : num 5
 $ S0           : num 11387
 $ yHat         : num [1:3646] 143.1 93.3 126.7 118.1 62.1 ...
 $ SD.yHat      : num [1:3646] 18 24.1 21.2 24 24.9 ...
 $ mu           : num 167
 $ SD.mu        : num 8.6
 $ varE         : num 1493
 $ SD.varE      : num 92.8
 $ fit          :List of 4
  ..$ logLikAtPostMean: num -12900
  ..$ postMeanLogLik  : num -13364
  ..$ pD              : num 928
  ..$ DIC             : num 27657
 $ ETA          :List of 3
  ..$ :List of 15
  .. ..$ V          : num [1:3646, 1:6] 0 0 0 0 0 0 0 0 0 0 ...
  .. .. ..- attr(*, "dimnames")=List of 2
  .. .. .. ..$ : chr [1:3646] "2020-21_11.107-5" "2020-21_12.90-53" "2020-21_12.93-4" "2020-21_14.37-103" ...
  .. .. .. ..$ : NULL
  .. ..$ d          : num [1:6] 1011 918 450 447 435 ...
  .. ..$ model      : chr "RKHS"
  .. ..$ Name       : chr "ETA_1"
  .. ..$ tolD       : num 1e-10
  .. ..$ levelsU    : int 6
  .. ..$ df0        : num 5
  .. ..$ R2         : num 0.167
  .. ..$ S0         : num 8.64
  .. ..$ u          : num [1:3646] -0.0448 -0.0448 -0.0448 -0.0448 -0.0448 ...
  .. ..$ varU       : num 3.15
  .. ..$ uStar      : num [1:6] -1.287 1.547 0.926 -4.867 0.935 ...
  .. ..$ NamefileOut: chr "X8_cum/ETA_1_varU.dat"
  .. ..$ SD.u       : num [1:3646] 1.72 1.72 1.72 1.72 1.72 ...
  .. ..$ SD.varU    : num 4.51
  ..$ :List of 15
  .. ..$ V          : num [1:3646, 1:2737] 0.408 0 0 0 0 ...
  .. .. ..- attr(*, "dimnames")=List of 2
  .. .. .. ..$ : chr [1:3646] "2020-21_11.107-5" "2020-21_12.90-53" "2020-21_12.93-4" "2020-21_14.37-103" ...
  .. .. .. ..$ : chr [1:2737] "11.107-5" "12.90-53" "12.93-4" "13.27-142" ...
  .. ..$ d          : Named num [1:2737] 6 1 3 1 1 1 1 1 2 1 ...
  .. .. ..- attr(*, "names")= chr [1:2737] "11.107-5" "12.90-53" "12.93-4" "13.27-142" ...
  .. ..$ model      : chr "RKHS"
  .. ..$ Name       : chr "ETA_2"
  .. ..$ tolD       : num 1e-10
  .. ..$ levelsU    : int 2737
  .. ..$ df0        : num 5
  .. ..$ R2         : num 0.167
  .. ..$ S0         : num 3943
  .. ..$ u          : num [1:3646] 25.07 14.63 70.1 9.04 -4.38 ...
  .. ..$ varU       : num 885
  .. ..$ uStar      : num [1:2737] 61.41 14.63 121.41 15.28 9.04 ...
  .. ..$ NamefileOut: chr "X8_cum/ETA_2_varU.dat"
  .. ..$ SD.u       : num [1:3646] 15.3 23.4 19 23.6 23.7 ...
  .. ..$ SD.varU    : num 99
  ..$ :List of 15
  .. ..$ V          : num [1:3646, 1:576] 0.010764 0.006644 0.010142 0.00602 -0.000353 ...
  .. .. ..- attr(*, "dimnames")=List of 2
  .. .. .. ..$ : chr [1:3646] "2020-21_11.107-5" "2020-21_12.90-53" "2020-21_12.93-4" "2020-21_14.37-103" ...
  .. .. .. ..$ : NULL
  .. ..$ d          : num [1:576] 1718 767 374 228 121 ...
  .. ..$ model      : chr "RKHS"
  .. ..$ Name       : chr "ETA_3"
  .. ..$ tolD       : num 1e-10
  .. ..$ levelsU    : int 576
  .. ..$ df0        : num 5
  .. ..$ R2         : num 0.167
  .. ..$ S0         : num 830
  .. ..$ u          : num [1:3646] -49.2 -88.6 -110.6 -58.2 -100.8 ...
  .. ..$ varU       : num 24220
  .. ..$ uStar      : num [1:576] -2328 1080 2934 756 -1604 ...
  .. ..$ NamefileOut: chr "X8_cum/ETA_3_varU.dat"
  .. ..$ SD.u       : num [1:3646] 14.6 12.8 15.5 13 14.3 ...
  .. ..$ SD.varU    : num 4492
 - attr(*, "class")= chr "BGLR"
NULL
List of 21
 $ y            : num [1:3646] 0.677 8.594 0.135 -0.135 3.535 ...
 $ a            : NULL
 $ b            : NULL
 $ whichNa      : int [1:1011] 2636 2637 2638 2639 2640 2641 2642 2643 2644 2645 ...
 $ saveAt       : chr "X6/"
 $ nIter        : num 12000
 $ burnIn       : num 2000
 $ thin         : num 5
 $ weights      : num [1:3646] 1 1 1 1 1 1 1 1 1 1 ...
 $ verbose      : logi FALSE
 $ response_type: chr "gaussian"
 $ df0          : num 5
 $ S0           : num 662
 $ yHat         : num [1:3646] 14.67 10.05 8.53 9.69 6.67 ...
 $ SD.yHat      : num [1:3646] 5.18 5.85 5.55 5.98 6.06 ...
 $ mu           : num 20.4
 $ SD.mu        : num 1.85
 $ varE         : num 180
 $ SD.varE      : num 8.87
 $ fit          :List of 4
  ..$ logLikAtPostMean: num -10337
  ..$ postMeanLogLik  : num -10577
  ..$ pD              : num 479
  ..$ DIC             : num 21634
 $ ETA          :List of 3
  ..$ :List of 15
  .. ..$ V          : num [1:3646, 1:6] 0 0 0 0 0 0 0 0 0 0 ...
  .. .. ..- attr(*, "dimnames")=List of 2
  .. .. .. ..$ : chr [1:3646] "2020-21_11.107-5" "2020-21_12.90-53" "2020-21_12.93-4" "2020-21_14.37-103" ...
  .. .. .. ..$ : NULL
  .. ..$ d          : num [1:6] 1011 918 450 447 435 ...
  .. ..$ model      : chr "RKHS"
  .. ..$ Name       : chr "ETA_1"
  .. ..$ tolD       : num 1e-10
  .. ..$ levelsU    : int 6
  .. ..$ df0        : num 5
  .. ..$ R2         : num 0.167
  .. ..$ S0         : num 0.502
  .. ..$ u          : num [1:3646] -0.018 -0.018 -0.018 -0.018 -0.018 ...
  .. ..$ varU       : num 0.19
  .. ..$ uStar      : num [1:6] 0.1559 -0.0904 -0.4343 -1.7157 0.375 ...
  .. ..$ NamefileOut: chr "X6/ETA_1_varU.dat"
  .. ..$ SD.u       : num [1:3646] 0.458 0.458 0.458 0.458 0.458 ...
  .. ..$ SD.varU    : num 0.362
  ..$ :List of 15
  .. ..$ V          : num [1:3646, 1:2737] 0.408 0 0 0 0 ...
  .. .. ..- attr(*, "dimnames")=List of 2
  .. .. .. ..$ : chr [1:3646] "2020-21_11.107-5" "2020-21_12.90-53" "2020-21_12.93-4" "2020-21_14.37-103" ...
  .. .. .. ..$ : chr [1:2737] "11.107-5" "12.90-53" "12.93-4" "13.27-142" ...
  .. ..$ d          : Named num [1:2737] 6 1 3 1 1 1 1 1 2 1 ...
  .. .. ..- attr(*, "names")= chr [1:2737] "11.107-5" "12.90-53" "12.93-4" "13.27-142" ...
  .. ..$ model      : chr "RKHS"
  .. ..$ Name       : chr "ETA_2"
  .. ..$ tolD       : num 1e-10
  .. ..$ levelsU    : int 2737
  .. ..$ df0        : num 5
  .. ..$ R2         : num 0.167
  .. ..$ S0         : num 229
  .. ..$ u          : num [1:3646] 2.5182 -0.0938 3.3075 -2.2905 -0.8235 ...
  .. ..$ varU       : num 38.3
  .. ..$ uStar      : num [1:2737] 6.1683 -0.0938 5.7287 0.7702 -2.2905 ...
  .. ..$ NamefileOut: chr "X6/ETA_2_varU.dat"
  .. ..$ SD.u       : num [1:3646] 4.48 5.68 4.93 5.68 5.65 ...
  .. ..$ SD.varU    : num 8.12
  ..$ :List of 15
  .. ..$ V          : num [1:3646, 1:576] 0.010764 0.006644 0.010142 0.00602 -0.000353 ...
  .. .. ..- attr(*, "dimnames")=List of 2
  .. .. .. ..$ : chr [1:3646] "2020-21_11.107-5" "2020-21_12.90-53" "2020-21_12.93-4" "2020-21_14.37-103" ...
  .. .. .. ..$ : NULL
  .. ..$ d          : num [1:576] 1718 767 374 228 121 ...
  .. ..$ model      : chr "RKHS"
  .. ..$ Name       : chr "ETA_3"
  .. ..$ tolD       : num 1e-10
  .. ..$ levelsU    : int 576
  .. ..$ df0        : num 5
  .. ..$ R2         : num 0.167
  .. ..$ S0         : num 48.2
  .. ..$ u          : num [1:3646] -8.2 -10.21 -15.13 -8.38 -12.85 ...
  .. ..$ varU       : num 443
  .. ..$ uStar      : num [1:576] -173.2 184.2 328.4 12.9 -237.9 ...
  .. ..$ NamefileOut: chr "X6/ETA_3_varU.dat"
  .. ..$ SD.u       : num [1:3646] 3.43 2.84 3.48 2.95 3.05 ...
  .. ..$ SD.varU    : num 146
 - attr(*, "class")= chr "BGLR"
NULL
List of 21
 $ y            : num [1:3646] 76.5 118.8 117.3 133.6 54.6 ...
 $ a            : NULL
 $ b            : NULL
 $ whichNa      : int [1:1011] 2636 2637 2638 2639 2640 2641 2642 2643 2644 2645 ...
 $ saveAt       : chr "X8_cum/"
 $ nIter        : num 12000
 $ burnIn       : num 2000
 $ thin         : num 5
 $ weights      : num [1:3646] 1 1 1 1 1 1 1 1 1 1 ...
 $ verbose      : logi FALSE
 $ response_type: chr "gaussian"
 $ df0          : num 5
 $ S0           : num 11387
 $ yHat         : num [1:3646] 143.1 93.3 126.7 118.1 62.1 ...
 $ SD.yHat      : num [1:3646] 18 24.1 21.2 24 24.9 ...
 $ mu           : num 167
 $ SD.mu        : num 8.6
 $ varE         : num 1493
 $ SD.varE      : num 92.8
 $ fit          :List of 4
  ..$ logLikAtPostMean: num -12900
  ..$ postMeanLogLik  : num -13364
  ..$ pD              : num 928
  ..$ DIC             : num 27657
 $ ETA          :List of 3
  ..$ :List of 15
  .. ..$ V          : num [1:3646, 1:6] 0 0 0 0 0 0 0 0 0 0 ...
  .. .. ..- attr(*, "dimnames")=List of 2
  .. .. .. ..$ : chr [1:3646] "2020-21_11.107-5" "2020-21_12.90-53" "2020-21_12.93-4" "2020-21_14.37-103" ...
  .. .. .. ..$ : NULL
  .. ..$ d          : num [1:6] 1011 918 450 447 435 ...
  .. ..$ model      : chr "RKHS"
  .. ..$ Name       : chr "ETA_1"
  .. ..$ tolD       : num 1e-10
  .. ..$ levelsU    : int 6
  .. ..$ df0        : num 5
  .. ..$ R2         : num 0.167
  .. ..$ S0         : num 8.64
  .. ..$ u          : num [1:3646] -0.0448 -0.0448 -0.0448 -0.0448 -0.0448 ...
  .. ..$ varU       : num 3.15
  .. ..$ uStar      : num [1:6] -1.287 1.547 0.926 -4.867 0.935 ...
  .. ..$ NamefileOut: chr "X8_cum/ETA_1_varU.dat"
  .. ..$ SD.u       : num [1:3646] 1.72 1.72 1.72 1.72 1.72 ...
  .. ..$ SD.varU    : num 4.51
  ..$ :List of 15
  .. ..$ V          : num [1:3646, 1:2737] 0.408 0 0 0 0 ...
  .. .. ..- attr(*, "dimnames")=List of 2
  .. .. .. ..$ : chr [1:3646] "2020-21_11.107-5" "2020-21_12.90-53" "2020-21_12.93-4" "2020-21_14.37-103" ...
  .. .. .. ..$ : chr [1:2737] "11.107-5" "12.90-53" "12.93-4" "13.27-142" ...
  .. ..$ d          : Named num [1:2737] 6 1 3 1 1 1 1 1 2 1 ...
  .. .. ..- attr(*, "names")= chr [1:2737] "11.107-5" "12.90-53" "12.93-4" "13.27-142" ...
  .. ..$ model      : chr "RKHS"
  .. ..$ Name       : chr "ETA_2"
  .. ..$ tolD       : num 1e-10
  .. ..$ levelsU    : int 2737
  .. ..$ df0        : num 5
  .. ..$ R2         : num 0.167
  .. ..$ S0         : num 3943
  .. ..$ u          : num [1:3646] 25.07 14.63 70.1 9.04 -4.38 ...
  .. ..$ varU       : num 885
  .. ..$ uStar      : num [1:2737] 61.41 14.63 121.41 15.28 9.04 ...
  .. ..$ NamefileOut: chr "X8_cum/ETA_2_varU.dat"
  .. ..$ SD.u       : num [1:3646] 15.3 23.4 19 23.6 23.7 ...
  .. ..$ SD.varU    : num 99
  ..$ :List of 15
  .. ..$ V          : num [1:3646, 1:576] 0.010764 0.006644 0.010142 0.00602 -0.000353 ...
  .. .. ..- attr(*, "dimnames")=List of 2
  .. .. .. ..$ : chr [1:3646] "2020-21_11.107-5" "2020-21_12.90-53" "2020-21_12.93-4" "2020-21_14.37-103" ...
  .. .. .. ..$ : NULL
  .. ..$ d          : num [1:576] 1718 767 374 228 121 ...
  .. ..$ model      : chr "RKHS"
  .. ..$ Name       : chr "ETA_3"
  .. ..$ tolD       : num 1e-10
  .. ..$ levelsU    : int 576
  .. ..$ df0        : num 5
  .. ..$ R2         : num 0.167
  .. ..$ S0         : num 830
  .. ..$ u          : num [1:3646] -49.2 -88.6 -110.6 -58.2 -100.8 ...
  .. ..$ varU       : num 24220
  .. ..$ uStar      : num [1:576] -2328 1080 2934 756 -1604 ...
  .. ..$ NamefileOut: chr "X8_cum/ETA_3_varU.dat"
  .. ..$ SD.u       : num [1:3646] 14.6 12.8 15.5 13 14.3 ...
  .. ..$ SD.varU    : num 4492
 - attr(*, "class")= chr "BGLR"
NULL
List of 21
 $ y            : num [1:3646] 168.3 157.8 184.1 166.6 78.9 ...
 $ a            : NULL
 $ b            : NULL
 $ whichNa      : int [1:1011] 2636 2637 2638 2639 2640 2641 2642 2643 2644 2645 ...
 $ saveAt       : chr "X9_cum/"
 $ nIter        : num 12000
 $ burnIn       : num 2000
 $ thin         : num 5
 $ weights      : num [1:3646] 1 1 1 1 1 1 1 1 1 1 ...
 $ verbose      : logi FALSE
 $ response_type: chr "gaussian"
 $ df0          : num 5
 $ S0           : num 17979
 $ yHat         : num [1:3646] 207.4 125.1 188.4 151.3 84.7 ...
 $ SD.yHat      : num [1:3646] 22.3 29.2 25.5 28 29.4 ...
 $ mu           : num 210
 $ SD.mu        : num 7.2
 $ varE         : num 2168
 $ SD.varE      : num 124
 $ fit          :List of 4
  ..$ logLikAtPostMean: num -13399
  ..$ postMeanLogLik  : num -13856
  ..$ pD              : num 914
  ..$ DIC             : num 28626
 $ ETA          :List of 3
  ..$ :List of 15
  .. ..$ V          : num [1:3646, 1:6] 0 0 0 0 0 0 0 0 0 0 ...
  .. .. ..- attr(*, "dimnames")=List of 2
  .. .. .. ..$ : chr [1:3646] "2020-21_11.107-5" "2020-21_12.90-53" "2020-21_12.93-4" "2020-21_14.37-103" ...
  .. .. .. ..$ : NULL
  .. ..$ d          : num [1:6] 1011 918 450 447 435 ...
  .. ..$ model      : chr "RKHS"
  .. ..$ Name       : chr "ETA_1"
  .. ..$ tolD       : num 1e-10
  .. ..$ levelsU    : int 6
  .. ..$ df0        : num 5
  .. ..$ R2         : num 0.167
  .. ..$ S0         : num 13.6
  .. ..$ u          : num [1:3646] 0.0457 0.0457 0.0457 0.0457 0.0457 ...
  .. ..$ varU       : num 4.36
  .. ..$ uStar      : num [1:6] 0.0825 0.9129 1.656 -0.5748 -0.9539 ...
  .. ..$ NamefileOut: chr "X9_cum/ETA_1_varU.dat"
  .. ..$ SD.u       : num [1:3646] 2.1 2.1 2.1 2.1 2.1 ...
  .. ..$ SD.varU    : num 4.57
  ..$ :List of 15
  .. ..$ V          : num [1:3646, 1:2737] 0.408 0 0 0 0 ...
  .. .. ..- attr(*, "dimnames")=List of 2
  .. .. .. ..$ : chr [1:3646] "2020-21_11.107-5" "2020-21_12.90-53" "2020-21_12.93-4" "2020-21_14.37-103" ...
  .. .. .. ..$ : chr [1:2737] "11.107-5" "12.90-53" "12.93-4" "13.27-142" ...
  .. ..$ d          : Named num [1:2737] 6 1 3 1 1 1 1 1 2 1 ...
  .. .. ..- attr(*, "names")= chr [1:2737] "11.107-5" "12.90-53" "12.93-4" "13.27-142" ...
  .. ..$ model      : chr "RKHS"
  .. ..$ Name       : chr "ETA_2"
  .. ..$ tolD       : num 1e-10
  .. ..$ levelsU    : int 2737
  .. ..$ df0        : num 5
  .. ..$ R2         : num 0.167
  .. ..$ S0         : num 6226
  .. ..$ u          : num [1:3646] 37.01 18.6 90.43 9.26 -3.34 ...
  .. ..$ varU       : num 1233
  .. ..$ uStar      : num [1:2737] 90.66 18.6 156.64 12.93 9.26 ...
  .. ..$ NamefileOut: chr "X9_cum/ETA_2_varU.dat"
  .. ..$ SD.u       : num [1:3646] 18.3 28.4 22.4 28 28.6 ...
  .. ..$ SD.varU    : num 139
  ..$ :List of 15
  .. ..$ V          : num [1:3646, 1:576] 0.010764 0.006644 0.010142 0.00602 -0.000353 ...
  .. .. ..- attr(*, "dimnames")=List of 2
  .. .. .. ..$ : chr [1:3646] "2020-21_11.107-5" "2020-21_12.90-53" "2020-21_12.93-4" "2020-21_14.37-103" ...
  .. .. .. ..$ : NULL
  .. ..$ d          : num [1:576] 1718 767 374 228 121 ...
  .. ..$ model      : chr "RKHS"
  .. ..$ Name       : chr "ETA_3"
  .. ..$ tolD       : num 1e-10
  .. ..$ levelsU    : int 576
  .. ..$ df0        : num 5
  .. ..$ R2         : num 0.167
  .. ..$ S0         : num 1311
  .. ..$ u          : num [1:3646] -39.6 -103.5 -112 -67.9 -121.9 ...
  .. ..$ varU       : num 38602
  .. ..$ uStar      : num [1:576] -2074 1177 3327 1688 -1543 ...
  .. ..$ NamefileOut: chr "X9_cum/ETA_3_varU.dat"
  .. ..$ SD.u       : num [1:3646] 16.9 13.4 17.9 13.9 15.3 ...
  .. ..$ SD.varU    : num 7358
 - attr(*, "class")= chr "BGLR"
NULL
List of 21
 $ y            : num [1:3646] 322.8 187 253.3 232.5 79.5 ...
 $ a            : NULL
 $ b            : NULL
 $ whichNa      : int [1:1011] 2636 2637 2638 2639 2640 2641 2642 2643 2644 2645 ...
 $ saveAt       : chr "X10_cum/"
 $ nIter        : num 12000
 $ burnIn       : num 2000
 $ thin         : num 5
 $ weights      : num [1:3646] 1 1 1 1 1 1 1 1 1 1 ...
 $ verbose      : logi FALSE
 $ response_type: chr "gaussian"
 $ df0          : num 5
 $ S0           : num 22738
 $ yHat         : num [1:3646] 276.8 154.9 246.3 189.8 91.8 ...
 $ SD.yHat      : num [1:3646] 25.6 32 29.2 32.6 33.5 ...
 $ mu           : num 241
 $ SD.mu        : num 10.4
 $ varE         : num 2836
 $ SD.varE      : num 165
 $ fit          :List of 4
  ..$ logLikAtPostMean: num -13768
  ..$ postMeanLogLik  : num -14210
  ..$ pD              : num 885
  ..$ DIC             : num 29306
 $ ETA          :List of 3
  ..$ :List of 15
  .. ..$ V          : num [1:3646, 1:6] 0 0 0 0 0 0 0 0 0 0 ...
  .. .. ..- attr(*, "dimnames")=List of 2
  .. .. .. ..$ : chr [1:3646] "2020-21_11.107-5" "2020-21_12.90-53" "2020-21_12.93-4" "2020-21_14.37-103" ...
  .. .. .. ..$ : NULL
  .. ..$ d          : num [1:6] 1011 918 450 447 435 ...
  .. ..$ model      : chr "RKHS"
  .. ..$ Name       : chr "ETA_1"
  .. ..$ tolD       : num 1e-10
  .. ..$ levelsU    : int 6
  .. ..$ df0        : num 5
  .. ..$ R2         : num 0.167
  .. ..$ S0         : num 17.3
  .. ..$ u          : num [1:3646] -0.017 -0.017 -0.017 -0.017 -0.017 ...
  .. ..$ varU       : num 6
  .. ..$ uStar      : num [1:6] -1.253 -5.158 2.34 1.243 0.354 ...
  .. ..$ NamefileOut: chr "X10_cum/ETA_1_varU.dat"
  .. ..$ SD.u       : num [1:3646] 2.46 2.46 2.46 2.46 2.46 ...
  .. ..$ SD.varU    : num 6.58
  ..$ :List of 15
  .. ..$ V          : num [1:3646, 1:2737] 0.408 0 0 0 0 ...
  .. .. ..- attr(*, "dimnames")=List of 2
  .. .. .. ..$ : chr [1:3646] "2020-21_11.107-5" "2020-21_12.90-53" "2020-21_12.93-4" "2020-21_14.37-103" ...
  .. .. .. ..$ : chr [1:2737] "11.107-5" "12.90-53" "12.93-4" "13.27-142" ...
  .. ..$ d          : Named num [1:2737] 6 1 3 1 1 1 1 1 2 1 ...
  .. .. ..- attr(*, "names")= chr [1:2737] "11.107-5" "12.90-53" "12.93-4" "13.27-142" ...
  .. ..$ model      : chr "RKHS"
  .. ..$ Name       : chr "ETA_2"
  .. ..$ tolD       : num 1e-10
  .. ..$ levelsU    : int 2737
  .. ..$ df0        : num 5
  .. ..$ R2         : num 0.167
  .. ..$ S0         : num 7874
  .. ..$ u          : num [1:3646] 48.06 17.16 98.37 22.46 -5.87 ...
  .. ..$ varU       : num 1515
  .. ..$ uStar      : num [1:2737] 117.73 17.16 170.38 4.99 22.46 ...
  .. ..$ NamefileOut: chr "X10_cum/ETA_2_varU.dat"
  .. ..$ SD.u       : num [1:3646] 20.8 31.3 25.8 31.9 32.2 ...
  .. ..$ SD.varU    : num 179
  ..$ :List of 15
  .. ..$ V          : num [1:3646, 1:576] 0.010764 0.006644 0.010142 0.00602 -0.000353 ...
  .. .. ..- attr(*, "dimnames")=List of 2
  .. .. .. ..$ : chr [1:3646] "2020-21_11.107-5" "2020-21_12.90-53" "2020-21_12.93-4" "2020-21_14.37-103" ...
  .. .. .. ..$ : NULL
  .. ..$ d          : num [1:576] 1718 767 374 228 121 ...
  .. ..$ model      : chr "RKHS"
  .. ..$ Name       : chr "ETA_3"
  .. ..$ tolD       : num 1e-10
  .. ..$ levelsU    : int 576
  .. ..$ df0        : num 5
  .. ..$ R2         : num 0.167
  .. ..$ S0         : num 1657
  .. ..$ u          : num [1:3646] -12.2 -103.2 -93 -73.6 -143.2 ...
  .. ..$ varU       : num 46545
  .. ..$ uStar      : num [1:576] -626 1517 3127 1842 -1191 ...
  .. ..$ NamefileOut: chr "X10_cum/ETA_3_varU.dat"
  .. ..$ SD.u       : num [1:3646] 19.1 16.7 19.9 17.1 18.2 ...
  .. ..$ SD.varU    : num 8903
 - attr(*, "class")= chr "BGLR"
NULL
List of 21
 $ y            : num [1:3646] 3.728 6.443 -0.136 23.068 12.176 ...
 $ a            : NULL
 $ b            : NULL
 $ whichNa      : int [1:1011] 2636 2637 2638 2639 2640 2641 2642 2643 2644 2645 ...
 $ saveAt       : chr "X5/"
 $ nIter        : num 12000
 $ burnIn       : num 2000
 $ thin         : num 5
 $ weights      : num [1:3646] 1 1 1 1 1 1 1 1 1 1 ...
 $ verbose      : logi FALSE
 $ response_type: chr "gaussian"
 $ df0          : num 5
 $ S0           : num 556
 $ yHat         : num [1:3646] 6.815 9.278 0.243 13.262 8.397 ...
 $ SD.yHat      : num [1:3646] 4.58 4.94 4.89 4.99 5.08 ...
 $ mu           : num 17.5
 $ SD.mu        : num 1.46
 $ varE         : num 143
 $ SD.varE      : num 6.97
 $ fit          :List of 4
  ..$ logLikAtPostMean: num -10058
  ..$ postMeanLogLik  : num -10278
  ..$ pD              : num 440
  ..$ DIC             : num 20997
 $ ETA          :List of 3
  ..$ :List of 15
  .. ..$ V          : num [1:3646, 1:6] 0 0 0 0 0 0 0 0 0 0 ...
  .. .. ..- attr(*, "dimnames")=List of 2
  .. .. .. ..$ : chr [1:3646] "2020-21_11.107-5" "2020-21_12.90-53" "2020-21_12.93-4" "2020-21_14.37-103" ...
  .. .. .. ..$ : NULL
  .. ..$ d          : num [1:6] 1011 918 450 447 435 ...
  .. ..$ model      : chr "RKHS"
  .. ..$ Name       : chr "ETA_1"
  .. ..$ tolD       : num 1e-10
  .. ..$ levelsU    : int 6
  .. ..$ df0        : num 5
  .. ..$ R2         : num 0.167
  .. ..$ S0         : num 0.422
  .. ..$ u          : num [1:3646] -0.0175 -0.0175 -0.0175 -0.0175 -0.0175 ...
  .. ..$ varU       : num 0.141
  .. ..$ uStar      : num [1:6] -0.853499 -0.000833 -1.210374 0.878835 0.365207 ...
  .. ..$ NamefileOut: chr "X5/ETA_1_varU.dat"
  .. ..$ SD.u       : num [1:3646] 0.368 0.368 0.368 0.368 0.368 ...
  .. ..$ SD.varU    : num 0.16
  ..$ :List of 15
  .. ..$ V          : num [1:3646, 1:2737] 0.408 0 0 0 0 ...
  .. .. ..- attr(*, "dimnames")=List of 2
  .. .. .. ..$ : chr [1:3646] "2020-21_11.107-5" "2020-21_12.90-53" "2020-21_12.93-4" "2020-21_14.37-103" ...
  .. .. .. ..$ : chr [1:2737] "11.107-5" "12.90-53" "12.93-4" "13.27-142" ...
  .. ..$ d          : Named num [1:2737] 6 1 3 1 1 1 1 1 2 1 ...
  .. .. ..- attr(*, "names")= chr [1:2737] "11.107-5" "12.90-53" "12.93-4" "13.27-142" ...
  .. ..$ model      : chr "RKHS"
  .. ..$ Name       : chr "ETA_2"
  .. ..$ tolD       : num 1e-10
  .. ..$ levelsU    : int 2737
  .. ..$ df0        : num 5
  .. ..$ R2         : num 0.167
  .. ..$ S0         : num 193
  .. ..$ u          : num [1:3646] 0.818 -0.6 -3.938 1.855 0.632 ...
  .. ..$ varU       : num 25.8
  .. ..$ uStar      : num [1:2737] 2 -0.6 -6.82 0.95 1.86 ...
  .. ..$ NamefileOut: chr "X5/ETA_2_varU.dat"
  .. ..$ SD.u       : num [1:3646] 3.71 4.68 4.06 4.63 4.75 ...
  .. ..$ SD.varU    : num 6.18
  ..$ :List of 15
  .. ..$ V          : num [1:3646, 1:576] 0.010764 0.006644 0.010142 0.00602 -0.000353 ...
  .. .. ..- attr(*, "dimnames")=List of 2
  .. .. .. ..$ : chr [1:3646] "2020-21_11.107-5" "2020-21_12.90-53" "2020-21_12.93-4" "2020-21_14.37-103" ...
  .. .. .. ..$ : NULL
  .. ..$ d          : num [1:576] 1718 767 374 228 121 ...
  .. ..$ model      : chr "RKHS"
  .. ..$ Name       : chr "ETA_3"
  .. ..$ tolD       : num 1e-10
  .. ..$ levelsU    : int 576
  .. ..$ df0        : num 5
  .. ..$ R2         : num 0.167
  .. ..$ S0         : num 40.5
  .. ..$ u          : num [1:3646] -11.49 -7.61 -13.3 -6.08 -9.72 ...
  .. ..$ varU       : num 518
  .. ..$ uStar      : num [1:576] -272.9 50.6 314.8 190.9 -219 ...
  .. ..$ NamefileOut: chr "X5/ETA_3_varU.dat"
  .. ..$ SD.u       : num [1:3646] 3.17 2.45 3.17 2.62 2.84 ...
  .. ..$ SD.varU    : num 138
 - attr(*, "class")= chr "BGLR"
NULL
List of 21
 $ y            : num [1:3646] 39.5 64.4 38.3 92.4 32.5 ...
 $ a            : NULL
 $ b            : NULL
 $ whichNa      : int [1:1011] 2636 2637 2638 2639 2640 2641 2642 2643 2644 2645 ...
 $ saveAt       : chr "X7_cum/"
 $ nIter        : num 12000
 $ burnIn       : num 2000
 $ thin         : num 5
 $ weights      : num [1:3646] 1 1 1 1 1 1 1 1 1 1 ...
 $ verbose      : logi FALSE
 $ response_type: chr "gaussian"
 $ df0          : num 5
 $ S0           : num 7275
 $ yHat         : num [1:3646] 90.5 53.1 52.4 78.7 38.7 ...
 $ SD.yHat      : num [1:3646] 15.5 20 16.8 19.6 20.7 ...
 $ mu           : num 130
 $ SD.mu        : num 6
 $ varE         : num 958
 $ SD.varE      : num 57.9
 $ fit          :List of 4
  ..$ logLikAtPostMean: num -12295
  ..$ postMeanLogLik  : num -12780
  ..$ pD              : num 969
  ..$ DIC             : num 26529
 $ ETA          :List of 3
  ..$ :List of 15
  .. ..$ V          : num [1:3646, 1:6] 0 0 0 0 0 0 0 0 0 0 ...
  .. .. ..- attr(*, "dimnames")=List of 2
  .. .. .. ..$ : chr [1:3646] "2020-21_11.107-5" "2020-21_12.90-53" "2020-21_12.93-4" "2020-21_14.37-103" ...
  .. .. .. ..$ : NULL
  .. ..$ d          : num [1:6] 1011 918 450 447 435 ...
  .. ..$ model      : chr "RKHS"
  .. ..$ Name       : chr "ETA_1"
  .. ..$ tolD       : num 1e-10
  .. ..$ levelsU    : int 6
  .. ..$ df0        : num 5
  .. ..$ R2         : num 0.167
  .. ..$ S0         : num 5.52
  .. ..$ u          : num [1:3646] 0.0254 0.0254 0.0254 0.0254 0.0254 ...
  .. ..$ varU       : num 2.02
  .. ..$ uStar      : num [1:6] -0.743 -2.068 -0.244 -2.223 -0.531 ...
  .. ..$ NamefileOut: chr "X7_cum/ETA_1_varU.dat"
  .. ..$ SD.u       : num [1:3646] 1.42 1.42 1.42 1.42 1.42 ...
  .. ..$ SD.varU    : num 3.1
  ..$ :List of 15
  .. ..$ V          : num [1:3646, 1:2737] 0.408 0 0 0 0 ...
  .. .. ..- attr(*, "dimnames")=List of 2
  .. .. .. ..$ : chr [1:3646] "2020-21_11.107-5" "2020-21_12.90-53" "2020-21_12.93-4" "2020-21_14.37-103" ...
  .. .. .. ..$ : chr [1:2737] "11.107-5" "12.90-53" "12.93-4" "13.27-142" ...
  .. ..$ d          : Named num [1:2737] 6 1 3 1 1 1 1 1 2 1 ...
  .. .. ..- attr(*, "names")= chr [1:2737] "11.107-5" "12.90-53" "12.93-4" "13.27-142" ...
  .. ..$ model      : chr "RKHS"
  .. ..$ Name       : chr "ETA_2"
  .. ..$ tolD       : num 1e-10
  .. ..$ levelsU    : int 2737
  .. ..$ df0        : num 5
  .. ..$ R2         : num 0.167
  .. ..$ S0         : num 2519
  .. ..$ u          : num [1:3646] 23.88 6.49 26.72 8.53 -4.98 ...
  .. ..$ varU       : num 618
  .. ..$ uStar      : num [1:2737] 58.49 6.49 46.28 15.8 8.53 ...
  .. ..$ NamefileOut: chr "X7_cum/ETA_2_varU.dat"
  .. ..$ SD.u       : num [1:3646] 12.7 20 15.3 19.1 20.2 ...
  .. ..$ SD.varU    : num 68.1
  ..$ :List of 15
  .. ..$ V          : num [1:3646, 1:576] 0.010764 0.006644 0.010142 0.00602 -0.000353 ...
  .. .. ..- attr(*, "dimnames")=List of 2
  .. .. .. ..$ : chr [1:3646] "2020-21_11.107-5" "2020-21_12.90-53" "2020-21_12.93-4" "2020-21_14.37-103" ...
  .. .. .. ..$ : NULL
  .. ..$ d          : num [1:576] 1718 767 374 228 121 ...
  .. ..$ model      : chr "RKHS"
  .. ..$ Name       : chr "ETA_3"
  .. ..$ tolD       : num 1e-10
  .. ..$ levelsU    : int 576
  .. ..$ df0        : num 5
  .. ..$ R2         : num 0.167
  .. ..$ S0         : num 530
  .. ..$ u          : num [1:3646] -63.1 -83.1 -104 -59.5 -86 ...
  .. ..$ varU       : num 17668
  .. ..$ uStar      : num [1:576] -2090 1085 2639 198 -1463 ...
  .. ..$ NamefileOut: chr "X7_cum/ETA_3_varU.dat"
  .. ..$ SD.u       : num [1:3646] 11.96 9.86 12.18 9.82 11.1 ...
  .. ..$ SD.varU    : num 3284
 - attr(*, "class")= chr "BGLR"
NULL
List of 21
 $ y            : num [1:3646] 168.3 157.8 184.1 166.6 78.9 ...
 $ a            : NULL
 $ b            : NULL
 $ whichNa      : int [1:1011] 2636 2637 2638 2639 2640 2641 2642 2643 2644 2645 ...
 $ saveAt       : chr "X9_cum/"
 $ nIter        : num 12000
 $ burnIn       : num 2000
 $ thin         : num 5
 $ weights      : num [1:3646] 1 1 1 1 1 1 1 1 1 1 ...
 $ verbose      : logi FALSE
 $ response_type: chr "gaussian"
 $ df0          : num 5
 $ S0           : num 17979
 $ yHat         : num [1:3646] 207.4 125.1 188.4 151.3 84.7 ...
 $ SD.yHat      : num [1:3646] 22.3 29.2 25.5 28 29.4 ...
 $ mu           : num 210
 $ SD.mu        : num 7.2
 $ varE         : num 2168
 $ SD.varE      : num 124
 $ fit          :List of 4
  ..$ logLikAtPostMean: num -13399
  ..$ postMeanLogLik  : num -13856
  ..$ pD              : num 914
  ..$ DIC             : num 28626
 $ ETA          :List of 3
  ..$ :List of 15
  .. ..$ V          : num [1:3646, 1:6] 0 0 0 0 0 0 0 0 0 0 ...
  .. .. ..- attr(*, "dimnames")=List of 2
  .. .. .. ..$ : chr [1:3646] "2020-21_11.107-5" "2020-21_12.90-53" "2020-21_12.93-4" "2020-21_14.37-103" ...
  .. .. .. ..$ : NULL
  .. ..$ d          : num [1:6] 1011 918 450 447 435 ...
  .. ..$ model      : chr "RKHS"
  .. ..$ Name       : chr "ETA_1"
  .. ..$ tolD       : num 1e-10
  .. ..$ levelsU    : int 6
  .. ..$ df0        : num 5
  .. ..$ R2         : num 0.167
  .. ..$ S0         : num 13.6
  .. ..$ u          : num [1:3646] 0.0457 0.0457 0.0457 0.0457 0.0457 ...
  .. ..$ varU       : num 4.36
  .. ..$ uStar      : num [1:6] 0.0825 0.9129 1.656 -0.5748 -0.9539 ...
  .. ..$ NamefileOut: chr "X9_cum/ETA_1_varU.dat"
  .. ..$ SD.u       : num [1:3646] 2.1 2.1 2.1 2.1 2.1 ...
  .. ..$ SD.varU    : num 4.57
  ..$ :List of 15
  .. ..$ V          : num [1:3646, 1:2737] 0.408 0 0 0 0 ...
  .. .. ..- attr(*, "dimnames")=List of 2
  .. .. .. ..$ : chr [1:3646] "2020-21_11.107-5" "2020-21_12.90-53" "2020-21_12.93-4" "2020-21_14.37-103" ...
  .. .. .. ..$ : chr [1:2737] "11.107-5" "12.90-53" "12.93-4" "13.27-142" ...
  .. ..$ d          : Named num [1:2737] 6 1 3 1 1 1 1 1 2 1 ...
  .. .. ..- attr(*, "names")= chr [1:2737] "11.107-5" "12.90-53" "12.93-4" "13.27-142" ...
  .. ..$ model      : chr "RKHS"
  .. ..$ Name       : chr "ETA_2"
  .. ..$ tolD       : num 1e-10
  .. ..$ levelsU    : int 2737
  .. ..$ df0        : num 5
  .. ..$ R2         : num 0.167
  .. ..$ S0         : num 6226
  .. ..$ u          : num [1:3646] 37.01 18.6 90.43 9.26 -3.34 ...
  .. ..$ varU       : num 1233
  .. ..$ uStar      : num [1:2737] 90.66 18.6 156.64 12.93 9.26 ...
  .. ..$ NamefileOut: chr "X9_cum/ETA_2_varU.dat"
  .. ..$ SD.u       : num [1:3646] 18.3 28.4 22.4 28 28.6 ...
  .. ..$ SD.varU    : num 139
  ..$ :List of 15
  .. ..$ V          : num [1:3646, 1:576] 0.010764 0.006644 0.010142 0.00602 -0.000353 ...
  .. .. ..- attr(*, "dimnames")=List of 2
  .. .. .. ..$ : chr [1:3646] "2020-21_11.107-5" "2020-21_12.90-53" "2020-21_12.93-4" "2020-21_14.37-103" ...
  .. .. .. ..$ : NULL
  .. ..$ d          : num [1:576] 1718 767 374 228 121 ...
  .. ..$ model      : chr "RKHS"
  .. ..$ Name       : chr "ETA_3"
  .. ..$ tolD       : num 1e-10
  .. ..$ levelsU    : int 576
  .. ..$ df0        : num 5
  .. ..$ R2         : num 0.167
  .. ..$ S0         : num 1311
  .. ..$ u          : num [1:3646] -39.6 -103.5 -112 -67.9 -121.9 ...
  .. ..$ varU       : num 38602
  .. ..$ uStar      : num [1:576] -2074 1177 3327 1688 -1543 ...
  .. ..$ NamefileOut: chr "X9_cum/ETA_3_varU.dat"
  .. ..$ SD.u       : num [1:3646] 16.9 13.4 17.9 13.9 15.3 ...
  .. ..$ SD.varU    : num 7358
 - attr(*, "class")= chr "BGLR"
NULL
List of 21
 $ y            : num [1:3646] 3.728 6.443 -0.136 23.068 12.176 ...
 $ a            : NULL
 $ b            : NULL
 $ whichNa      : int [1:1011] 2636 2637 2638 2639 2640 2641 2642 2643 2644 2645 ...
 $ saveAt       : chr "X5/"
 $ nIter        : num 12000
 $ burnIn       : num 2000
 $ thin         : num 5
 $ weights      : num [1:3646] 1 1 1 1 1 1 1 1 1 1 ...
 $ verbose      : logi FALSE
 $ response_type: chr "gaussian"
 $ df0          : num 5
 $ S0           : num 556
 $ yHat         : num [1:3646] 6.815 9.278 0.243 13.262 8.397 ...
 $ SD.yHat      : num [1:3646] 4.58 4.94 4.89 4.99 5.08 ...
 $ mu           : num 17.5
 $ SD.mu        : num 1.46
 $ varE         : num 143
 $ SD.varE      : num 6.97
 $ fit          :List of 4
  ..$ logLikAtPostMean: num -10058
  ..$ postMeanLogLik  : num -10278
  ..$ pD              : num 440
  ..$ DIC             : num 20997
 $ ETA          :List of 3
  ..$ :List of 15
  .. ..$ V          : num [1:3646, 1:6] 0 0 0 0 0 0 0 0 0 0 ...
  .. .. ..- attr(*, "dimnames")=List of 2
  .. .. .. ..$ : chr [1:3646] "2020-21_11.107-5" "2020-21_12.90-53" "2020-21_12.93-4" "2020-21_14.37-103" ...
  .. .. .. ..$ : NULL
  .. ..$ d          : num [1:6] 1011 918 450 447 435 ...
  .. ..$ model      : chr "RKHS"
  .. ..$ Name       : chr "ETA_1"
  .. ..$ tolD       : num 1e-10
  .. ..$ levelsU    : int 6
  .. ..$ df0        : num 5
  .. ..$ R2         : num 0.167
  .. ..$ S0         : num 0.422
  .. ..$ u          : num [1:3646] -0.0175 -0.0175 -0.0175 -0.0175 -0.0175 ...
  .. ..$ varU       : num 0.141
  .. ..$ uStar      : num [1:6] -0.853499 -0.000833 -1.210374 0.878835 0.365207 ...
  .. ..$ NamefileOut: chr "X5/ETA_1_varU.dat"
  .. ..$ SD.u       : num [1:3646] 0.368 0.368 0.368 0.368 0.368 ...
  .. ..$ SD.varU    : num 0.16
  ..$ :List of 15
  .. ..$ V          : num [1:3646, 1:2737] 0.408 0 0 0 0 ...
  .. .. ..- attr(*, "dimnames")=List of 2
  .. .. .. ..$ : chr [1:3646] "2020-21_11.107-5" "2020-21_12.90-53" "2020-21_12.93-4" "2020-21_14.37-103" ...
  .. .. .. ..$ : chr [1:2737] "11.107-5" "12.90-53" "12.93-4" "13.27-142" ...
  .. ..$ d          : Named num [1:2737] 6 1 3 1 1 1 1 1 2 1 ...
  .. .. ..- attr(*, "names")= chr [1:2737] "11.107-5" "12.90-53" "12.93-4" "13.27-142" ...
  .. ..$ model      : chr "RKHS"
  .. ..$ Name       : chr "ETA_2"
  .. ..$ tolD       : num 1e-10
  .. ..$ levelsU    : int 2737
  .. ..$ df0        : num 5
  .. ..$ R2         : num 0.167
  .. ..$ S0         : num 193
  .. ..$ u          : num [1:3646] 0.818 -0.6 -3.938 1.855 0.632 ...
  .. ..$ varU       : num 25.8
  .. ..$ uStar      : num [1:2737] 2 -0.6 -6.82 0.95 1.86 ...
  .. ..$ NamefileOut: chr "X5/ETA_2_varU.dat"
  .. ..$ SD.u       : num [1:3646] 3.71 4.68 4.06 4.63 4.75 ...
  .. ..$ SD.varU    : num 6.18
  ..$ :List of 15
  .. ..$ V          : num [1:3646, 1:576] 0.010764 0.006644 0.010142 0.00602 -0.000353 ...
  .. .. ..- attr(*, "dimnames")=List of 2
  .. .. .. ..$ : chr [1:3646] "2020-21_11.107-5" "2020-21_12.90-53" "2020-21_12.93-4" "2020-21_14.37-103" ...
  .. .. .. ..$ : NULL
  .. ..$ d          : num [1:576] 1718 767 374 228 121 ...
  .. ..$ model      : chr "RKHS"
  .. ..$ Name       : chr "ETA_3"
  .. ..$ tolD       : num 1e-10
  .. ..$ levelsU    : int 576
  .. ..$ df0        : num 5
  .. ..$ R2         : num 0.167
  .. ..$ S0         : num 40.5
  .. ..$ u          : num [1:3646] -11.49 -7.61 -13.3 -6.08 -9.72 ...
  .. ..$ varU       : num 518
  .. ..$ uStar      : num [1:576] -272.9 50.6 314.8 190.9 -219 ...
  .. ..$ NamefileOut: chr "X5/ETA_3_varU.dat"
  .. ..$ SD.u       : num [1:3646] 3.17 2.45 3.17 2.62 2.84 ...
  .. ..$ SD.varU    : num 138
 - attr(*, "class")= chr "BGLR"
NULL
List of 21
 $ y            : num [1:3646] 322.8 187 253.3 232.5 79.5 ...
 $ a            : NULL
 $ b            : NULL
 $ whichNa      : int [1:1011] 2636 2637 2638 2639 2640 2641 2642 2643 2644 2645 ...
 $ saveAt       : chr "X10_cum/"
 $ nIter        : num 12000
 $ burnIn       : num 2000
 $ thin         : num 5
 $ weights      : num [1:3646] 1 1 1 1 1 1 1 1 1 1 ...
 $ verbose      : logi FALSE
 $ response_type: chr "gaussian"
 $ df0          : num 5
 $ S0           : num 22738
 $ yHat         : num [1:3646] 276.8 154.9 246.3 189.8 91.8 ...
 $ SD.yHat      : num [1:3646] 25.6 32 29.2 32.6 33.5 ...
 $ mu           : num 241
 $ SD.mu        : num 10.4
 $ varE         : num 2836
 $ SD.varE      : num 165
 $ fit          :List of 4
  ..$ logLikAtPostMean: num -13768
  ..$ postMeanLogLik  : num -14210
  ..$ pD              : num 885
  ..$ DIC             : num 29306
 $ ETA          :List of 3
  ..$ :List of 15
  .. ..$ V          : num [1:3646, 1:6] 0 0 0 0 0 0 0 0 0 0 ...
  .. .. ..- attr(*, "dimnames")=List of 2
  .. .. .. ..$ : chr [1:3646] "2020-21_11.107-5" "2020-21_12.90-53" "2020-21_12.93-4" "2020-21_14.37-103" ...
  .. .. .. ..$ : NULL
  .. ..$ d          : num [1:6] 1011 918 450 447 435 ...
  .. ..$ model      : chr "RKHS"
  .. ..$ Name       : chr "ETA_1"
  .. ..$ tolD       : num 1e-10
  .. ..$ levelsU    : int 6
  .. ..$ df0        : num 5
  .. ..$ R2         : num 0.167
  .. ..$ S0         : num 17.3
  .. ..$ u          : num [1:3646] -0.017 -0.017 -0.017 -0.017 -0.017 ...
  .. ..$ varU       : num 6
  .. ..$ uStar      : num [1:6] -1.253 -5.158 2.34 1.243 0.354 ...
  .. ..$ NamefileOut: chr "X10_cum/ETA_1_varU.dat"
  .. ..$ SD.u       : num [1:3646] 2.46 2.46 2.46 2.46 2.46 ...
  .. ..$ SD.varU    : num 6.58
  ..$ :List of 15
  .. ..$ V          : num [1:3646, 1:2737] 0.408 0 0 0 0 ...
  .. .. ..- attr(*, "dimnames")=List of 2
  .. .. .. ..$ : chr [1:3646] "2020-21_11.107-5" "2020-21_12.90-53" "2020-21_12.93-4" "2020-21_14.37-103" ...
  .. .. .. ..$ : chr [1:2737] "11.107-5" "12.90-53" "12.93-4" "13.27-142" ...
  .. ..$ d          : Named num [1:2737] 6 1 3 1 1 1 1 1 2 1 ...
  .. .. ..- attr(*, "names")= chr [1:2737] "11.107-5" "12.90-53" "12.93-4" "13.27-142" ...
  .. ..$ model      : chr "RKHS"
  .. ..$ Name       : chr "ETA_2"
  .. ..$ tolD       : num 1e-10
  .. ..$ levelsU    : int 2737
  .. ..$ df0        : num 5
  .. ..$ R2         : num 0.167
  .. ..$ S0         : num 7874
  .. ..$ u          : num [1:3646] 48.06 17.16 98.37 22.46 -5.87 ...
  .. ..$ varU       : num 1515
  .. ..$ uStar      : num [1:2737] 117.73 17.16 170.38 4.99 22.46 ...
  .. ..$ NamefileOut: chr "X10_cum/ETA_2_varU.dat"
  .. ..$ SD.u       : num [1:3646] 20.8 31.3 25.8 31.9 32.2 ...
  .. ..$ SD.varU    : num 179
  ..$ :List of 15
  .. ..$ V          : num [1:3646, 1:576] 0.010764 0.006644 0.010142 0.00602 -0.000353 ...
  .. .. ..- attr(*, "dimnames")=List of 2
  .. .. .. ..$ : chr [1:3646] "2020-21_11.107-5" "2020-21_12.90-53" "2020-21_12.93-4" "2020-21_14.37-103" ...
  .. .. .. ..$ : NULL
  .. ..$ d          : num [1:576] 1718 767 374 228 121 ...
  .. ..$ model      : chr "RKHS"
  .. ..$ Name       : chr "ETA_3"
  .. ..$ tolD       : num 1e-10
  .. ..$ levelsU    : int 576
  .. ..$ df0        : num 5
  .. ..$ R2         : num 0.167
  .. ..$ S0         : num 1657
  .. ..$ u          : num [1:3646] -12.2 -103.2 -93 -73.6 -143.2 ...
  .. ..$ varU       : num 46545
  .. ..$ uStar      : num [1:576] -626 1517 3127 1842 -1191 ...
  .. ..$ NamefileOut: chr "X10_cum/ETA_3_varU.dat"
  .. ..$ SD.u       : num [1:3646] 19.1 16.7 19.9 17.1 18.2 ...
  .. ..$ SD.varU    : num 8903
 - attr(*, "class")= chr "BGLR"
NULL
List of 21
 $ y            : num [1:3646] 168.3 157.8 184.1 166.6 78.9 ...
 $ a            : NULL
 $ b            : NULL
 $ whichNa      : int [1:1011] 2636 2637 2638 2639 2640 2641 2642 2643 2644 2645 ...
 $ saveAt       : chr "X9_cum/"
 $ nIter        : num 12000
 $ burnIn       : num 2000
 $ thin         : num 5
 $ weights      : num [1:3646] 1 1 1 1 1 1 1 1 1 1 ...
 $ verbose      : logi FALSE
 $ response_type: chr "gaussian"
 $ df0          : num 5
 $ S0           : num 17979
 $ yHat         : num [1:3646] 207.4 125.1 188.4 151.3 84.7 ...
 $ SD.yHat      : num [1:3646] 22.3 29.2 25.5 28 29.4 ...
 $ mu           : num 210
 $ SD.mu        : num 7.2
 $ varE         : num 2168
 $ SD.varE      : num 124
 $ fit          :List of 4
  ..$ logLikAtPostMean: num -13399
  ..$ postMeanLogLik  : num -13856
  ..$ pD              : num 914
  ..$ DIC             : num 28626
 $ ETA          :List of 3
  ..$ :List of 15
  .. ..$ V          : num [1:3646, 1:6] 0 0 0 0 0 0 0 0 0 0 ...
  .. .. ..- attr(*, "dimnames")=List of 2
  .. .. .. ..$ : chr [1:3646] "2020-21_11.107-5" "2020-21_12.90-53" "2020-21_12.93-4" "2020-21_14.37-103" ...
  .. .. .. ..$ : NULL
  .. ..$ d          : num [1:6] 1011 918 450 447 435 ...
  .. ..$ model      : chr "RKHS"
  .. ..$ Name       : chr "ETA_1"
  .. ..$ tolD       : num 1e-10
  .. ..$ levelsU    : int 6
  .. ..$ df0        : num 5
  .. ..$ R2         : num 0.167
  .. ..$ S0         : num 13.6
  .. ..$ u          : num [1:3646] 0.0457 0.0457 0.0457 0.0457 0.0457 ...
  .. ..$ varU       : num 4.36
  .. ..$ uStar      : num [1:6] 0.0825 0.9129 1.656 -0.5748 -0.9539 ...
  .. ..$ NamefileOut: chr "X9_cum/ETA_1_varU.dat"
  .. ..$ SD.u       : num [1:3646] 2.1 2.1 2.1 2.1 2.1 ...
  .. ..$ SD.varU    : num 4.57
  ..$ :List of 15
  .. ..$ V          : num [1:3646, 1:2737] 0.408 0 0 0 0 ...
  .. .. ..- attr(*, "dimnames")=List of 2
  .. .. .. ..$ : chr [1:3646] "2020-21_11.107-5" "2020-21_12.90-53" "2020-21_12.93-4" "2020-21_14.37-103" ...
  .. .. .. ..$ : chr [1:2737] "11.107-5" "12.90-53" "12.93-4" "13.27-142" ...
  .. ..$ d          : Named num [1:2737] 6 1 3 1 1 1 1 1 2 1 ...
  .. .. ..- attr(*, "names")= chr [1:2737] "11.107-5" "12.90-53" "12.93-4" "13.27-142" ...
  .. ..$ model      : chr "RKHS"
  .. ..$ Name       : chr "ETA_2"
  .. ..$ tolD       : num 1e-10
  .. ..$ levelsU    : int 2737
  .. ..$ df0        : num 5
  .. ..$ R2         : num 0.167
  .. ..$ S0         : num 6226
  .. ..$ u          : num [1:3646] 37.01 18.6 90.43 9.26 -3.34 ...
  .. ..$ varU       : num 1233
  .. ..$ uStar      : num [1:2737] 90.66 18.6 156.64 12.93 9.26 ...
  .. ..$ NamefileOut: chr "X9_cum/ETA_2_varU.dat"
  .. ..$ SD.u       : num [1:3646] 18.3 28.4 22.4 28 28.6 ...
  .. ..$ SD.varU    : num 139
  ..$ :List of 15
  .. ..$ V          : num [1:3646, 1:576] 0.010764 0.006644 0.010142 0.00602 -0.000353 ...
  .. .. ..- attr(*, "dimnames")=List of 2
  .. .. .. ..$ : chr [1:3646] "2020-21_11.107-5" "2020-21_12.90-53" "2020-21_12.93-4" "2020-21_14.37-103" ...
  .. .. .. ..$ : NULL
  .. ..$ d          : num [1:576] 1718 767 374 228 121 ...
  .. ..$ model      : chr "RKHS"
  .. ..$ Name       : chr "ETA_3"
  .. ..$ tolD       : num 1e-10
  .. ..$ levelsU    : int 576
  .. ..$ df0        : num 5
  .. ..$ R2         : num 0.167
  .. ..$ S0         : num 1311
  .. ..$ u          : num [1:3646] -39.6 -103.5 -112 -67.9 -121.9 ...
  .. ..$ varU       : num 38602
  .. ..$ uStar      : num [1:576] -2074 1177 3327 1688 -1543 ...
  .. ..$ NamefileOut: chr "X9_cum/ETA_3_varU.dat"
  .. ..$ SD.u       : num [1:3646] 16.9 13.4 17.9 13.9 15.3 ...
  .. ..$ SD.varU    : num 7358
 - attr(*, "class")= chr "BGLR"
NULL
List of 21
 $ y            : num [1:3646] 3.728 6.443 -0.136 23.068 12.176 ...
 $ a            : NULL
 $ b            : NULL
 $ whichNa      : int [1:1011] 2636 2637 2638 2639 2640 2641 2642 2643 2644 2645 ...
 $ saveAt       : chr "X5/"
 $ nIter        : num 12000
 $ burnIn       : num 2000
 $ thin         : num 5
 $ weights      : num [1:3646] 1 1 1 1 1 1 1 1 1 1 ...
 $ verbose      : logi FALSE
 $ response_type: chr "gaussian"
 $ df0          : num 5
 $ S0           : num 556
 $ yHat         : num [1:3646] 6.815 9.278 0.243 13.262 8.397 ...
 $ SD.yHat      : num [1:3646] 4.58 4.94 4.89 4.99 5.08 ...
 $ mu           : num 17.5
 $ SD.mu        : num 1.46
 $ varE         : num 143
 $ SD.varE      : num 6.97
 $ fit          :List of 4
  ..$ logLikAtPostMean: num -10058
  ..$ postMeanLogLik  : num -10278
  ..$ pD              : num 440
  ..$ DIC             : num 20997
 $ ETA          :List of 3
  ..$ :List of 15
  .. ..$ V          : num [1:3646, 1:6] 0 0 0 0 0 0 0 0 0 0 ...
  .. .. ..- attr(*, "dimnames")=List of 2
  .. .. .. ..$ : chr [1:3646] "2020-21_11.107-5" "2020-21_12.90-53" "2020-21_12.93-4" "2020-21_14.37-103" ...
  .. .. .. ..$ : NULL
  .. ..$ d          : num [1:6] 1011 918 450 447 435 ...
  .. ..$ model      : chr "RKHS"
  .. ..$ Name       : chr "ETA_1"
  .. ..$ tolD       : num 1e-10
  .. ..$ levelsU    : int 6
  .. ..$ df0        : num 5
  .. ..$ R2         : num 0.167
  .. ..$ S0         : num 0.422
  .. ..$ u          : num [1:3646] -0.0175 -0.0175 -0.0175 -0.0175 -0.0175 ...
  .. ..$ varU       : num 0.141
  .. ..$ uStar      : num [1:6] -0.853499 -0.000833 -1.210374 0.878835 0.365207 ...
  .. ..$ NamefileOut: chr "X5/ETA_1_varU.dat"
  .. ..$ SD.u       : num [1:3646] 0.368 0.368 0.368 0.368 0.368 ...
  .. ..$ SD.varU    : num 0.16
  ..$ :List of 15
  .. ..$ V          : num [1:3646, 1:2737] 0.408 0 0 0 0 ...
  .. .. ..- attr(*, "dimnames")=List of 2
  .. .. .. ..$ : chr [1:3646] "2020-21_11.107-5" "2020-21_12.90-53" "2020-21_12.93-4" "2020-21_14.37-103" ...
  .. .. .. ..$ : chr [1:2737] "11.107-5" "12.90-53" "12.93-4" "13.27-142" ...
  .. ..$ d          : Named num [1:2737] 6 1 3 1 1 1 1 1 2 1 ...
  .. .. ..- attr(*, "names")= chr [1:2737] "11.107-5" "12.90-53" "12.93-4" "13.27-142" ...
  .. ..$ model      : chr "RKHS"
  .. ..$ Name       : chr "ETA_2"
  .. ..$ tolD       : num 1e-10
  .. ..$ levelsU    : int 2737
  .. ..$ df0        : num 5
  .. ..$ R2         : num 0.167
  .. ..$ S0         : num 193
  .. ..$ u          : num [1:3646] 0.818 -0.6 -3.938 1.855 0.632 ...
  .. ..$ varU       : num 25.8
  .. ..$ uStar      : num [1:2737] 2 -0.6 -6.82 0.95 1.86 ...
  .. ..$ NamefileOut: chr "X5/ETA_2_varU.dat"
  .. ..$ SD.u       : num [1:3646] 3.71 4.68 4.06 4.63 4.75 ...
  .. ..$ SD.varU    : num 6.18
  ..$ :List of 15
  .. ..$ V          : num [1:3646, 1:576] 0.010764 0.006644 0.010142 0.00602 -0.000353 ...
  .. .. ..- attr(*, "dimnames")=List of 2
  .. .. .. ..$ : chr [1:3646] "2020-21_11.107-5" "2020-21_12.90-53" "2020-21_12.93-4" "2020-21_14.37-103" ...
  .. .. .. ..$ : NULL
  .. ..$ d          : num [1:576] 1718 767 374 228 121 ...
  .. ..$ model      : chr "RKHS"
  .. ..$ Name       : chr "ETA_3"
  .. ..$ tolD       : num 1e-10
  .. ..$ levelsU    : int 576
  .. ..$ df0        : num 5
  .. ..$ R2         : num 0.167
  .. ..$ S0         : num 40.5
  .. ..$ u          : num [1:3646] -11.49 -7.61 -13.3 -6.08 -9.72 ...
  .. ..$ varU       : num 518
  .. ..$ uStar      : num [1:576] -272.9 50.6 314.8 190.9 -219 ...
  .. ..$ NamefileOut: chr "X5/ETA_3_varU.dat"
  .. ..$ SD.u       : num [1:3646] 3.17 2.45 3.17 2.62 2.84 ...
  .. ..$ SD.varU    : num 138
 - attr(*, "class")= chr "BGLR"
NULL
List of 21
 $ y            : num [1:3646] 76.5 118.8 117.3 133.6 54.6 ...
 $ a            : NULL
 $ b            : NULL
 $ whichNa      : int [1:1011] 2636 2637 2638 2639 2640 2641 2642 2643 2644 2645 ...
 $ saveAt       : chr "X8_cum/"
 $ nIter        : num 12000
 $ burnIn       : num 2000
 $ thin         : num 5
 $ weights      : num [1:3646] 1 1 1 1 1 1 1 1 1 1 ...
 $ verbose      : logi FALSE
 $ response_type: chr "gaussian"
 $ df0          : num 5
 $ S0           : num 11387
 $ yHat         : num [1:3646] 143.1 93.3 126.7 118.1 62.1 ...
 $ SD.yHat      : num [1:3646] 18 24.1 21.2 24 24.9 ...
 $ mu           : num 167
 $ SD.mu        : num 8.6
 $ varE         : num 1493
 $ SD.varE      : num 92.8
 $ fit          :List of 4
  ..$ logLikAtPostMean: num -12900
  ..$ postMeanLogLik  : num -13364
  ..$ pD              : num 928
  ..$ DIC             : num 27657
 $ ETA          :List of 3
  ..$ :List of 15
  .. ..$ V          : num [1:3646, 1:6] 0 0 0 0 0 0 0 0 0 0 ...
  .. .. ..- attr(*, "dimnames")=List of 2
  .. .. .. ..$ : chr [1:3646] "2020-21_11.107-5" "2020-21_12.90-53" "2020-21_12.93-4" "2020-21_14.37-103" ...
  .. .. .. ..$ : NULL
  .. ..$ d          : num [1:6] 1011 918 450 447 435 ...
  .. ..$ model      : chr "RKHS"
  .. ..$ Name       : chr "ETA_1"
  .. ..$ tolD       : num 1e-10
  .. ..$ levelsU    : int 6
  .. ..$ df0        : num 5
  .. ..$ R2         : num 0.167
  .. ..$ S0         : num 8.64
  .. ..$ u          : num [1:3646] -0.0448 -0.0448 -0.0448 -0.0448 -0.0448 ...
  .. ..$ varU       : num 3.15
  .. ..$ uStar      : num [1:6] -1.287 1.547 0.926 -4.867 0.935 ...
  .. ..$ NamefileOut: chr "X8_cum/ETA_1_varU.dat"
  .. ..$ SD.u       : num [1:3646] 1.72 1.72 1.72 1.72 1.72 ...
  .. ..$ SD.varU    : num 4.51
  ..$ :List of 15
  .. ..$ V          : num [1:3646, 1:2737] 0.408 0 0 0 0 ...
  .. .. ..- attr(*, "dimnames")=List of 2
  .. .. .. ..$ : chr [1:3646] "2020-21_11.107-5" "2020-21_12.90-53" "2020-21_12.93-4" "2020-21_14.37-103" ...
  .. .. .. ..$ : chr [1:2737] "11.107-5" "12.90-53" "12.93-4" "13.27-142" ...
  .. ..$ d          : Named num [1:2737] 6 1 3 1 1 1 1 1 2 1 ...
  .. .. ..- attr(*, "names")= chr [1:2737] "11.107-5" "12.90-53" "12.93-4" "13.27-142" ...
  .. ..$ model      : chr "RKHS"
  .. ..$ Name       : chr "ETA_2"
  .. ..$ tolD       : num 1e-10
  .. ..$ levelsU    : int 2737
  .. ..$ df0        : num 5
  .. ..$ R2         : num 0.167
  .. ..$ S0         : num 3943
  .. ..$ u          : num [1:3646] 25.07 14.63 70.1 9.04 -4.38 ...
  .. ..$ varU       : num 885
  .. ..$ uStar      : num [1:2737] 61.41 14.63 121.41 15.28 9.04 ...
  .. ..$ NamefileOut: chr "X8_cum/ETA_2_varU.dat"
  .. ..$ SD.u       : num [1:3646] 15.3 23.4 19 23.6 23.7 ...
  .. ..$ SD.varU    : num 99
  ..$ :List of 15
  .. ..$ V          : num [1:3646, 1:576] 0.010764 0.006644 0.010142 0.00602 -0.000353 ...
  .. .. ..- attr(*, "dimnames")=List of 2
  .. .. .. ..$ : chr [1:3646] "2020-21_11.107-5" "2020-21_12.90-53" "2020-21_12.93-4" "2020-21_14.37-103" ...
  .. .. .. ..$ : NULL
  .. ..$ d          : num [1:576] 1718 767 374 228 121 ...
  .. ..$ model      : chr "RKHS"
  .. ..$ Name       : chr "ETA_3"
  .. ..$ tolD       : num 1e-10
  .. ..$ levelsU    : int 576
  .. ..$ df0        : num 5
  .. ..$ R2         : num 0.167
  .. ..$ S0         : num 830
  .. ..$ u          : num [1:3646] -49.2 -88.6 -110.6 -58.2 -100.8 ...
  .. ..$ varU       : num 24220
  .. ..$ uStar      : num [1:576] -2328 1080 2934 756 -1604 ...
  .. ..$ NamefileOut: chr "X8_cum/ETA_3_varU.dat"
  .. ..$ SD.u       : num [1:3646] 14.6 12.8 15.5 13 14.3 ...
  .. ..$ SD.varU    : num 4492
 - attr(*, "class")= chr "BGLR"
NULL
List of 21
 $ y            : num [1:3646] 322.8 187 253.3 232.5 79.5 ...
 $ a            : NULL
 $ b            : NULL
 $ whichNa      : int [1:1011] 2636 2637 2638 2639 2640 2641 2642 2643 2644 2645 ...
 $ saveAt       : chr "X10_cum/"
 $ nIter        : num 12000
 $ burnIn       : num 2000
 $ thin         : num 5
 $ weights      : num [1:3646] 1 1 1 1 1 1 1 1 1 1 ...
 $ verbose      : logi FALSE
 $ response_type: chr "gaussian"
 $ df0          : num 5
 $ S0           : num 22738
 $ yHat         : num [1:3646] 276.8 154.9 246.3 189.8 91.8 ...
 $ SD.yHat      : num [1:3646] 25.6 32 29.2 32.6 33.5 ...
 $ mu           : num 241
 $ SD.mu        : num 10.4
 $ varE         : num 2836
 $ SD.varE      : num 165
 $ fit          :List of 4
  ..$ logLikAtPostMean: num -13768
  ..$ postMeanLogLik  : num -14210
  ..$ pD              : num 885
  ..$ DIC             : num 29306
 $ ETA          :List of 3
  ..$ :List of 15
  .. ..$ V          : num [1:3646, 1:6] 0 0 0 0 0 0 0 0 0 0 ...
  .. .. ..- attr(*, "dimnames")=List of 2
  .. .. .. ..$ : chr [1:3646] "2020-21_11.107-5" "2020-21_12.90-53" "2020-21_12.93-4" "2020-21_14.37-103" ...
  .. .. .. ..$ : NULL
  .. ..$ d          : num [1:6] 1011 918 450 447 435 ...
  .. ..$ model      : chr "RKHS"
  .. ..$ Name       : chr "ETA_1"
  .. ..$ tolD       : num 1e-10
  .. ..$ levelsU    : int 6
  .. ..$ df0        : num 5
  .. ..$ R2         : num 0.167
  .. ..$ S0         : num 17.3
  .. ..$ u          : num [1:3646] -0.017 -0.017 -0.017 -0.017 -0.017 ...
  .. ..$ varU       : num 6
  .. ..$ uStar      : num [1:6] -1.253 -5.158 2.34 1.243 0.354 ...
  .. ..$ NamefileOut: chr "X10_cum/ETA_1_varU.dat"
  .. ..$ SD.u       : num [1:3646] 2.46 2.46 2.46 2.46 2.46 ...
  .. ..$ SD.varU    : num 6.58
  ..$ :List of 15
  .. ..$ V          : num [1:3646, 1:2737] 0.408 0 0 0 0 ...
  .. .. ..- attr(*, "dimnames")=List of 2
  .. .. .. ..$ : chr [1:3646] "2020-21_11.107-5" "2020-21_12.90-53" "2020-21_12.93-4" "2020-21_14.37-103" ...
  .. .. .. ..$ : chr [1:2737] "11.107-5" "12.90-53" "12.93-4" "13.27-142" ...
  .. ..$ d          : Named num [1:2737] 6 1 3 1 1 1 1 1 2 1 ...
  .. .. ..- attr(*, "names")= chr [1:2737] "11.107-5" "12.90-53" "12.93-4" "13.27-142" ...
  .. ..$ model      : chr "RKHS"
  .. ..$ Name       : chr "ETA_2"
  .. ..$ tolD       : num 1e-10
  .. ..$ levelsU    : int 2737
  .. ..$ df0        : num 5
  .. ..$ R2         : num 0.167
  .. ..$ S0         : num 7874
  .. ..$ u          : num [1:3646] 48.06 17.16 98.37 22.46 -5.87 ...
  .. ..$ varU       : num 1515
  .. ..$ uStar      : num [1:2737] 117.73 17.16 170.38 4.99 22.46 ...
  .. ..$ NamefileOut: chr "X10_cum/ETA_2_varU.dat"
  .. ..$ SD.u       : num [1:3646] 20.8 31.3 25.8 31.9 32.2 ...
  .. ..$ SD.varU    : num 179
  ..$ :List of 15
  .. ..$ V          : num [1:3646, 1:576] 0.010764 0.006644 0.010142 0.00602 -0.000353 ...
  .. .. ..- attr(*, "dimnames")=List of 2
  .. .. .. ..$ : chr [1:3646] "2020-21_11.107-5" "2020-21_12.90-53" "2020-21_12.93-4" "2020-21_14.37-103" ...
  .. .. .. ..$ : NULL
  .. ..$ d          : num [1:576] 1718 767 374 228 121 ...
  .. ..$ model      : chr "RKHS"
  .. ..$ Name       : chr "ETA_3"
  .. ..$ tolD       : num 1e-10
  .. ..$ levelsU    : int 576
  .. ..$ df0        : num 5
  .. ..$ R2         : num 0.167
  .. ..$ S0         : num 1657
  .. ..$ u          : num [1:3646] -12.2 -103.2 -93 -73.6 -143.2 ...
  .. ..$ varU       : num 46545
  .. ..$ uStar      : num [1:576] -626 1517 3127 1842 -1191 ...
  .. ..$ NamefileOut: chr "X10_cum/ETA_3_varU.dat"
  .. ..$ SD.u       : num [1:3646] 19.1 16.7 19.9 17.1 18.2 ...
  .. ..$ SD.varU    : num 8903
 - attr(*, "class")= chr "BGLR"
NULL
List of 21
 $ y            : num [1:3646] 322.8 187 253.3 232.5 79.5 ...
 $ a            : NULL
 $ b            : NULL
 $ whichNa      : int [1:1011] 2636 2637 2638 2639 2640 2641 2642 2643 2644 2645 ...
 $ saveAt       : chr "X10_cum/"
 $ nIter        : num 12000
 $ burnIn       : num 2000
 $ thin         : num 5
 $ weights      : num [1:3646] 1 1 1 1 1 1 1 1 1 1 ...
 $ verbose      : logi FALSE
 $ response_type: chr "gaussian"
 $ df0          : num 5
 $ S0           : num 22738
 $ yHat         : num [1:3646] 276.8 154.9 246.3 189.8 91.8 ...
 $ SD.yHat      : num [1:3646] 25.6 32 29.2 32.6 33.5 ...
 $ mu           : num 241
 $ SD.mu        : num 10.4
 $ varE         : num 2836
 $ SD.varE      : num 165
 $ fit          :List of 4
  ..$ logLikAtPostMean: num -13768
  ..$ postMeanLogLik  : num -14210
  ..$ pD              : num 885
  ..$ DIC             : num 29306
 $ ETA          :List of 3
  ..$ :List of 15
  .. ..$ V          : num [1:3646, 1:6] 0 0 0 0 0 0 0 0 0 0 ...
  .. .. ..- attr(*, "dimnames")=List of 2
  .. .. .. ..$ : chr [1:3646] "2020-21_11.107-5" "2020-21_12.90-53" "2020-21_12.93-4" "2020-21_14.37-103" ...
  .. .. .. ..$ : NULL
  .. ..$ d          : num [1:6] 1011 918 450 447 435 ...
  .. ..$ model      : chr "RKHS"
  .. ..$ Name       : chr "ETA_1"
  .. ..$ tolD       : num 1e-10
  .. ..$ levelsU    : int 6
  .. ..$ df0        : num 5
  .. ..$ R2         : num 0.167
  .. ..$ S0         : num 17.3
  .. ..$ u          : num [1:3646] -0.017 -0.017 -0.017 -0.017 -0.017 ...
  .. ..$ varU       : num 6
  .. ..$ uStar      : num [1:6] -1.253 -5.158 2.34 1.243 0.354 ...
  .. ..$ NamefileOut: chr "X10_cum/ETA_1_varU.dat"
  .. ..$ SD.u       : num [1:3646] 2.46 2.46 2.46 2.46 2.46 ...
  .. ..$ SD.varU    : num 6.58
  ..$ :List of 15
  .. ..$ V          : num [1:3646, 1:2737] 0.408 0 0 0 0 ...
  .. .. ..- attr(*, "dimnames")=List of 2
  .. .. .. ..$ : chr [1:3646] "2020-21_11.107-5" "2020-21_12.90-53" "2020-21_12.93-4" "2020-21_14.37-103" ...
  .. .. .. ..$ : chr [1:2737] "11.107-5" "12.90-53" "12.93-4" "13.27-142" ...
  .. ..$ d          : Named num [1:2737] 6 1 3 1 1 1 1 1 2 1 ...
  .. .. ..- attr(*, "names")= chr [1:2737] "11.107-5" "12.90-53" "12.93-4" "13.27-142" ...
  .. ..$ model      : chr "RKHS"
  .. ..$ Name       : chr "ETA_2"
  .. ..$ tolD       : num 1e-10
  .. ..$ levelsU    : int 2737
  .. ..$ df0        : num 5
  .. ..$ R2         : num 0.167
  .. ..$ S0         : num 7874
  .. ..$ u          : num [1:3646] 48.06 17.16 98.37 22.46 -5.87 ...
  .. ..$ varU       : num 1515
  .. ..$ uStar      : num [1:2737] 117.73 17.16 170.38 4.99 22.46 ...
  .. ..$ NamefileOut: chr "X10_cum/ETA_2_varU.dat"
  .. ..$ SD.u       : num [1:3646] 20.8 31.3 25.8 31.9 32.2 ...
  .. ..$ SD.varU    : num 179
  ..$ :List of 15
  .. ..$ V          : num [1:3646, 1:576] 0.010764 0.006644 0.010142 0.00602 -0.000353 ...
  .. .. ..- attr(*, "dimnames")=List of 2
  .. .. .. ..$ : chr [1:3646] "2020-21_11.107-5" "2020-21_12.90-53" "2020-21_12.93-4" "2020-21_14.37-103" ...
  .. .. .. ..$ : NULL
  .. ..$ d          : num [1:576] 1718 767 374 228 121 ...
  .. ..$ model      : chr "RKHS"
  .. ..$ Name       : chr "ETA_3"
  .. ..$ tolD       : num 1e-10
  .. ..$ levelsU    : int 576
  .. ..$ df0        : num 5
  .. ..$ R2         : num 0.167
  .. ..$ S0         : num 1657
  .. ..$ u          : num [1:3646] -12.2 -103.2 -93 -73.6 -143.2 ...
  .. ..$ varU       : num 46545
  .. ..$ uStar      : num [1:576] -626 1517 3127 1842 -1191 ...
  .. ..$ NamefileOut: chr "X10_cum/ETA_3_varU.dat"
  .. ..$ SD.u       : num [1:3646] 19.1 16.7 19.9 17.1 18.2 ...
  .. ..$ SD.varU    : num 8903
 - attr(*, "class")= chr "BGLR"
NULL
List of 21
 $ y            : num [1:3646] 34.557 32 37.708 62.27 0.585 ...
 $ a            : NULL
 $ b            : NULL
 $ whichNa      : int [1:1011] 2636 2637 2638 2639 2640 2641 2642 2643 2644 2645 ...
 $ saveAt       : chr "X7/"
 $ nIter        : num 12000
 $ burnIn       : num 2000
 $ thin         : num 5
 $ weights      : num [1:3646] 1 1 1 1 1 1 1 1 1 1 ...
 $ verbose      : logi FALSE
 $ response_type: chr "gaussian"
 $ df0          : num 5
 $ S0           : num 1094
 $ yHat         : num [1:3646] 34 20 21.1 26.8 11 ...
 $ SD.yHat      : num [1:3646] 6.29 6.85 6.97 7.17 7 ...
 $ mu           : num 23.6
 $ SD.mu        : num 2.18
 $ varE         : num 300
 $ SD.varE      : num 13.8
 $ fit          :List of 4
  ..$ logLikAtPostMean: num -11050
  ..$ postMeanLogLik  : num -11251
  ..$ pD              : num 401
  ..$ DIC             : num 22902
 $ ETA          :List of 3
  ..$ :List of 15
  .. ..$ V          : num [1:3646, 1:6] 0 0 0 0 0 0 0 0 0 0 ...
  .. .. ..- attr(*, "dimnames")=List of 2
  .. .. .. ..$ : chr [1:3646] "2020-21_11.107-5" "2020-21_12.90-53" "2020-21_12.93-4" "2020-21_14.37-103" ...
  .. .. .. ..$ : NULL
  .. ..$ d          : num [1:6] 1011 918 450 447 435 ...
  .. ..$ model      : chr "RKHS"
  .. ..$ Name       : chr "ETA_1"
  .. ..$ tolD       : num 1e-10
  .. ..$ levelsU    : int 6
  .. ..$ df0        : num 5
  .. ..$ R2         : num 0.167
  .. ..$ S0         : num 0.831
  .. ..$ u          : num [1:3646] 0.0229 0.0229 0.0229 0.0229 0.0229 ...
  .. ..$ varU       : num 0.287
  .. ..$ uStar      : num [1:6] 0.208 -0.297 0.0837 -1.071 -0.4776 ...
  .. ..$ NamefileOut: chr "X7/ETA_1_varU.dat"
  .. ..$ SD.u       : num [1:3646] 0.53 0.53 0.53 0.53 0.53 ...
  .. ..$ SD.varU    : num 0.353
  ..$ :List of 15
  .. ..$ V          : num [1:3646, 1:2737] 0.408 0 0 0 0 ...
  .. .. ..- attr(*, "dimnames")=List of 2
  .. .. .. ..$ : chr [1:3646] "2020-21_11.107-5" "2020-21_12.90-53" "2020-21_12.93-4" "2020-21_14.37-103" ...
  .. .. .. ..$ : chr [1:2737] "11.107-5" "12.90-53" "12.93-4" "13.27-142" ...
  .. ..$ d          : Named num [1:2737] 6 1 3 1 1 1 1 1 2 1 ...
  .. .. ..- attr(*, "names")= chr [1:2737] "11.107-5" "12.90-53" "12.93-4" "13.27-142" ...
  .. ..$ model      : chr "RKHS"
  .. ..$ Name       : chr "ETA_2"
  .. ..$ tolD       : num 1e-10
  .. ..$ levelsU    : int 2737
  .. ..$ df0        : num 5
  .. ..$ R2         : num 0.167
  .. ..$ S0         : num 379
  .. ..$ u          : num [1:3646] 6.33 2.03 9.59 5.49 -1.3 ...
  .. ..$ varU       : num 47.5
  .. ..$ uStar      : num [1:2737] 15.507 2.025 16.602 0.405 5.493 ...
  .. ..$ NamefileOut: chr "X7/ETA_2_varU.dat"
  .. ..$ SD.u       : num [1:3646] 5.07 6.49 6 6.54 6.34 ...
  .. ..$ SD.varU    : num 12
  ..$ :List of 15
  .. ..$ V          : num [1:3646, 1:576] 0.010764 0.006644 0.010142 0.00602 -0.000353 ...
  .. .. ..- attr(*, "dimnames")=List of 2
  .. .. .. ..$ : chr [1:3646] "2020-21_11.107-5" "2020-21_12.90-53" "2020-21_12.93-4" "2020-21_14.37-103" ...
  .. .. .. ..$ : NULL
  .. ..$ d          : num [1:576] 1718 767 374 228 121 ...
  .. ..$ model      : chr "RKHS"
  .. ..$ Name       : chr "ETA_3"
  .. ..$ tolD       : num 1e-10
  .. ..$ levelsU    : int 576
  .. ..$ df0        : num 5
  .. ..$ R2         : num 0.167
  .. ..$ S0         : num 79.8
  .. ..$ u          : num [1:3646] 3.97 -5.71 -12.16 -2.35 -11.38 ...
  .. ..$ varU       : num 873
  .. ..$ uStar      : num [1:576] 5.74 143.36 95.18 238.57 -47.13 ...
  .. ..$ NamefileOut: chr "X7/ETA_3_varU.dat"
  .. ..$ SD.u       : num [1:3646] 4.55 3.42 4.48 3.9 3.95 ...
  .. ..$ SD.varU    : num 279
 - attr(*, "class")= chr "BGLR"
NULL
List of 21
 $ y            : num [1:3646] 168.3 157.8 184.1 166.6 78.9 ...
 $ a            : NULL
 $ b            : NULL
 $ whichNa      : int [1:1011] 2636 2637 2638 2639 2640 2641 2642 2643 2644 2645 ...
 $ saveAt       : chr "X9_cum/"
 $ nIter        : num 12000
 $ burnIn       : num 2000
 $ thin         : num 5
 $ weights      : num [1:3646] 1 1 1 1 1 1 1 1 1 1 ...
 $ verbose      : logi FALSE
 $ response_type: chr "gaussian"
 $ df0          : num 5
 $ S0           : num 17979
 $ yHat         : num [1:3646] 207.4 125.1 188.4 151.3 84.7 ...
 $ SD.yHat      : num [1:3646] 22.3 29.2 25.5 28 29.4 ...
 $ mu           : num 210
 $ SD.mu        : num 7.2
 $ varE         : num 2168
 $ SD.varE      : num 124
 $ fit          :List of 4
  ..$ logLikAtPostMean: num -13399
  ..$ postMeanLogLik  : num -13856
  ..$ pD              : num 914
  ..$ DIC             : num 28626
 $ ETA          :List of 3
  ..$ :List of 15
  .. ..$ V          : num [1:3646, 1:6] 0 0 0 0 0 0 0 0 0 0 ...
  .. .. ..- attr(*, "dimnames")=List of 2
  .. .. .. ..$ : chr [1:3646] "2020-21_11.107-5" "2020-21_12.90-53" "2020-21_12.93-4" "2020-21_14.37-103" ...
  .. .. .. ..$ : NULL
  .. ..$ d          : num [1:6] 1011 918 450 447 435 ...
  .. ..$ model      : chr "RKHS"
  .. ..$ Name       : chr "ETA_1"
  .. ..$ tolD       : num 1e-10
  .. ..$ levelsU    : int 6
  .. ..$ df0        : num 5
  .. ..$ R2         : num 0.167
  .. ..$ S0         : num 13.6
  .. ..$ u          : num [1:3646] 0.0457 0.0457 0.0457 0.0457 0.0457 ...
  .. ..$ varU       : num 4.36
  .. ..$ uStar      : num [1:6] 0.0825 0.9129 1.656 -0.5748 -0.9539 ...
  .. ..$ NamefileOut: chr "X9_cum/ETA_1_varU.dat"
  .. ..$ SD.u       : num [1:3646] 2.1 2.1 2.1 2.1 2.1 ...
  .. ..$ SD.varU    : num 4.57
  ..$ :List of 15
  .. ..$ V          : num [1:3646, 1:2737] 0.408 0 0 0 0 ...
  .. .. ..- attr(*, "dimnames")=List of 2
  .. .. .. ..$ : chr [1:3646] "2020-21_11.107-5" "2020-21_12.90-53" "2020-21_12.93-4" "2020-21_14.37-103" ...
  .. .. .. ..$ : chr [1:2737] "11.107-5" "12.90-53" "12.93-4" "13.27-142" ...
  .. ..$ d          : Named num [1:2737] 6 1 3 1 1 1 1 1 2 1 ...
  .. .. ..- attr(*, "names")= chr [1:2737] "11.107-5" "12.90-53" "12.93-4" "13.27-142" ...
  .. ..$ model      : chr "RKHS"
  .. ..$ Name       : chr "ETA_2"
  .. ..$ tolD       : num 1e-10
  .. ..$ levelsU    : int 2737
  .. ..$ df0        : num 5
  .. ..$ R2         : num 0.167
  .. ..$ S0         : num 6226
  .. ..$ u          : num [1:3646] 37.01 18.6 90.43 9.26 -3.34 ...
  .. ..$ varU       : num 1233
  .. ..$ uStar      : num [1:2737] 90.66 18.6 156.64 12.93 9.26 ...
  .. ..$ NamefileOut: chr "X9_cum/ETA_2_varU.dat"
  .. ..$ SD.u       : num [1:3646] 18.3 28.4 22.4 28 28.6 ...
  .. ..$ SD.varU    : num 139
  ..$ :List of 15
  .. ..$ V          : num [1:3646, 1:576] 0.010764 0.006644 0.010142 0.00602 -0.000353 ...
  .. .. ..- attr(*, "dimnames")=List of 2
  .. .. .. ..$ : chr [1:3646] "2020-21_11.107-5" "2020-21_12.90-53" "2020-21_12.93-4" "2020-21_14.37-103" ...
  .. .. .. ..$ : NULL
  .. ..$ d          : num [1:576] 1718 767 374 228 121 ...
  .. ..$ model      : chr "RKHS"
  .. ..$ Name       : chr "ETA_3"
  .. ..$ tolD       : num 1e-10
  .. ..$ levelsU    : int 576
  .. ..$ df0        : num 5
  .. ..$ R2         : num 0.167
  .. ..$ S0         : num 1311
  .. ..$ u          : num [1:3646] -39.6 -103.5 -112 -67.9 -121.9 ...
  .. ..$ varU       : num 38602
  .. ..$ uStar      : num [1:576] -2074 1177 3327 1688 -1543 ...
  .. ..$ NamefileOut: chr "X9_cum/ETA_3_varU.dat"
  .. ..$ SD.u       : num [1:3646] 16.9 13.4 17.9 13.9 15.3 ...
  .. ..$ SD.varU    : num 7358
 - attr(*, "class")= chr "BGLR"
NULL
List of 21
 $ y            : num [1:3646] 0.677 8.594 0.135 -0.135 3.535 ...
 $ a            : NULL
 $ b            : NULL
 $ whichNa      : int [1:1011] 2636 2637 2638 2639 2640 2641 2642 2643 2644 2645 ...
 $ saveAt       : chr "X6/"
 $ nIter        : num 12000
 $ burnIn       : num 2000
 $ thin         : num 5
 $ weights      : num [1:3646] 1 1 1 1 1 1 1 1 1 1 ...
 $ verbose      : logi FALSE
 $ response_type: chr "gaussian"
 $ df0          : num 5
 $ S0           : num 662
 $ yHat         : num [1:3646] 14.67 10.05 8.53 9.69 6.67 ...
 $ SD.yHat      : num [1:3646] 5.18 5.85 5.55 5.98 6.06 ...
 $ mu           : num 20.4
 $ SD.mu        : num 1.85
 $ varE         : num 180
 $ SD.varE      : num 8.87
 $ fit          :List of 4
  ..$ logLikAtPostMean: num -10337
  ..$ postMeanLogLik  : num -10577
  ..$ pD              : num 479
  ..$ DIC             : num 21634
 $ ETA          :List of 3
  ..$ :List of 15
  .. ..$ V          : num [1:3646, 1:6] 0 0 0 0 0 0 0 0 0 0 ...
  .. .. ..- attr(*, "dimnames")=List of 2
  .. .. .. ..$ : chr [1:3646] "2020-21_11.107-5" "2020-21_12.90-53" "2020-21_12.93-4" "2020-21_14.37-103" ...
  .. .. .. ..$ : NULL
  .. ..$ d          : num [1:6] 1011 918 450 447 435 ...
  .. ..$ model      : chr "RKHS"
  .. ..$ Name       : chr "ETA_1"
  .. ..$ tolD       : num 1e-10
  .. ..$ levelsU    : int 6
  .. ..$ df0        : num 5
  .. ..$ R2         : num 0.167
  .. ..$ S0         : num 0.502
  .. ..$ u          : num [1:3646] -0.018 -0.018 -0.018 -0.018 -0.018 ...
  .. ..$ varU       : num 0.19
  .. ..$ uStar      : num [1:6] 0.1559 -0.0904 -0.4343 -1.7157 0.375 ...
  .. ..$ NamefileOut: chr "X6/ETA_1_varU.dat"
  .. ..$ SD.u       : num [1:3646] 0.458 0.458 0.458 0.458 0.458 ...
  .. ..$ SD.varU    : num 0.362
  ..$ :List of 15
  .. ..$ V          : num [1:3646, 1:2737] 0.408 0 0 0 0 ...
  .. .. ..- attr(*, "dimnames")=List of 2
  .. .. .. ..$ : chr [1:3646] "2020-21_11.107-5" "2020-21_12.90-53" "2020-21_12.93-4" "2020-21_14.37-103" ...
  .. .. .. ..$ : chr [1:2737] "11.107-5" "12.90-53" "12.93-4" "13.27-142" ...
  .. ..$ d          : Named num [1:2737] 6 1 3 1 1 1 1 1 2 1 ...
  .. .. ..- attr(*, "names")= chr [1:2737] "11.107-5" "12.90-53" "12.93-4" "13.27-142" ...
  .. ..$ model      : chr "RKHS"
  .. ..$ Name       : chr "ETA_2"
  .. ..$ tolD       : num 1e-10
  .. ..$ levelsU    : int 2737
  .. ..$ df0        : num 5
  .. ..$ R2         : num 0.167
  .. ..$ S0         : num 229
  .. ..$ u          : num [1:3646] 2.5182 -0.0938 3.3075 -2.2905 -0.8235 ...
  .. ..$ varU       : num 38.3
  .. ..$ uStar      : num [1:2737] 6.1683 -0.0938 5.7287 0.7702 -2.2905 ...
  .. ..$ NamefileOut: chr "X6/ETA_2_varU.dat"
  .. ..$ SD.u       : num [1:3646] 4.48 5.68 4.93 5.68 5.65 ...
  .. ..$ SD.varU    : num 8.12
  ..$ :List of 15
  .. ..$ V          : num [1:3646, 1:576] 0.010764 0.006644 0.010142 0.00602 -0.000353 ...
  .. .. ..- attr(*, "dimnames")=List of 2
  .. .. .. ..$ : chr [1:3646] "2020-21_11.107-5" "2020-21_12.90-53" "2020-21_12.93-4" "2020-21_14.37-103" ...
  .. .. .. ..$ : NULL
  .. ..$ d          : num [1:576] 1718 767 374 228 121 ...
  .. ..$ model      : chr "RKHS"
  .. ..$ Name       : chr "ETA_3"
  .. ..$ tolD       : num 1e-10
  .. ..$ levelsU    : int 576
  .. ..$ df0        : num 5
  .. ..$ R2         : num 0.167
  .. ..$ S0         : num 48.2
  .. ..$ u          : num [1:3646] -8.2 -10.21 -15.13 -8.38 -12.85 ...
  .. ..$ varU       : num 443
  .. ..$ uStar      : num [1:576] -173.2 184.2 328.4 12.9 -237.9 ...
  .. ..$ NamefileOut: chr "X6/ETA_3_varU.dat"
  .. ..$ SD.u       : num [1:3646] 3.43 2.84 3.48 2.95 3.05 ...
  .. ..$ SD.varU    : num 146
 - attr(*, "class")= chr "BGLR"
NULL
List of 21
 $ y            : num [1:3646] 322.8 187 253.3 232.5 79.5 ...
 $ a            : NULL
 $ b            : NULL
 $ whichNa      : int [1:1011] 2636 2637 2638 2639 2640 2641 2642 2643 2644 2645 ...
 $ saveAt       : chr "X10_cum/"
 $ nIter        : num 12000
 $ burnIn       : num 2000
 $ thin         : num 5
 $ weights      : num [1:3646] 1 1 1 1 1 1 1 1 1 1 ...
 $ verbose      : logi FALSE
 $ response_type: chr "gaussian"
 $ df0          : num 5
 $ S0           : num 22738
 $ yHat         : num [1:3646] 276.8 154.9 246.3 189.8 91.8 ...
 $ SD.yHat      : num [1:3646] 25.6 32 29.2 32.6 33.5 ...
 $ mu           : num 241
 $ SD.mu        : num 10.4
 $ varE         : num 2836
 $ SD.varE      : num 165
 $ fit          :List of 4
  ..$ logLikAtPostMean: num -13768
  ..$ postMeanLogLik  : num -14210
  ..$ pD              : num 885
  ..$ DIC             : num 29306
 $ ETA          :List of 3
  ..$ :List of 15
  .. ..$ V          : num [1:3646, 1:6] 0 0 0 0 0 0 0 0 0 0 ...
  .. .. ..- attr(*, "dimnames")=List of 2
  .. .. .. ..$ : chr [1:3646] "2020-21_11.107-5" "2020-21_12.90-53" "2020-21_12.93-4" "2020-21_14.37-103" ...
  .. .. .. ..$ : NULL
  .. ..$ d          : num [1:6] 1011 918 450 447 435 ...
  .. ..$ model      : chr "RKHS"
  .. ..$ Name       : chr "ETA_1"
  .. ..$ tolD       : num 1e-10
  .. ..$ levelsU    : int 6
  .. ..$ df0        : num 5
  .. ..$ R2         : num 0.167
  .. ..$ S0         : num 17.3
  .. ..$ u          : num [1:3646] -0.017 -0.017 -0.017 -0.017 -0.017 ...
  .. ..$ varU       : num 6
  .. ..$ uStar      : num [1:6] -1.253 -5.158 2.34 1.243 0.354 ...
  .. ..$ NamefileOut: chr "X10_cum/ETA_1_varU.dat"
  .. ..$ SD.u       : num [1:3646] 2.46 2.46 2.46 2.46 2.46 ...
  .. ..$ SD.varU    : num 6.58
  ..$ :List of 15
  .. ..$ V          : num [1:3646, 1:2737] 0.408 0 0 0 0 ...
  .. .. ..- attr(*, "dimnames")=List of 2
  .. .. .. ..$ : chr [1:3646] "2020-21_11.107-5" "2020-21_12.90-53" "2020-21_12.93-4" "2020-21_14.37-103" ...
  .. .. .. ..$ : chr [1:2737] "11.107-5" "12.90-53" "12.93-4" "13.27-142" ...
  .. ..$ d          : Named num [1:2737] 6 1 3 1 1 1 1 1 2 1 ...
  .. .. ..- attr(*, "names")= chr [1:2737] "11.107-5" "12.90-53" "12.93-4" "13.27-142" ...
  .. ..$ model      : chr "RKHS"
  .. ..$ Name       : chr "ETA_2"
  .. ..$ tolD       : num 1e-10
  .. ..$ levelsU    : int 2737
  .. ..$ df0        : num 5
  .. ..$ R2         : num 0.167
  .. ..$ S0         : num 7874
  .. ..$ u          : num [1:3646] 48.06 17.16 98.37 22.46 -5.87 ...
  .. ..$ varU       : num 1515
  .. ..$ uStar      : num [1:2737] 117.73 17.16 170.38 4.99 22.46 ...
  .. ..$ NamefileOut: chr "X10_cum/ETA_2_varU.dat"
  .. ..$ SD.u       : num [1:3646] 20.8 31.3 25.8 31.9 32.2 ...
  .. ..$ SD.varU    : num 179
  ..$ :List of 15
  .. ..$ V          : num [1:3646, 1:576] 0.010764 0.006644 0.010142 0.00602 -0.000353 ...
  .. .. ..- attr(*, "dimnames")=List of 2
  .. .. .. ..$ : chr [1:3646] "2020-21_11.107-5" "2020-21_12.90-53" "2020-21_12.93-4" "2020-21_14.37-103" ...
  .. .. .. ..$ : NULL
  .. ..$ d          : num [1:576] 1718 767 374 228 121 ...
  .. ..$ model      : chr "RKHS"
  .. ..$ Name       : chr "ETA_3"
  .. ..$ tolD       : num 1e-10
  .. ..$ levelsU    : int 576
  .. ..$ df0        : num 5
  .. ..$ R2         : num 0.167
  .. ..$ S0         : num 1657
  .. ..$ u          : num [1:3646] -12.2 -103.2 -93 -73.6 -143.2 ...
  .. ..$ varU       : num 46545
  .. ..$ uStar      : num [1:576] -626 1517 3127 1842 -1191 ...
  .. ..$ NamefileOut: chr "X10_cum/ETA_3_varU.dat"
  .. ..$ SD.u       : num [1:3646] 19.1 16.7 19.9 17.1 18.2 ...
  .. ..$ SD.varU    : num 8903
 - attr(*, "class")= chr "BGLR"
NULL
List of 21
 $ y            : num [1:3646] 0.677 8.594 0.135 -0.135 3.535 ...
 $ a            : NULL
 $ b            : NULL
 $ whichNa      : int [1:1011] 2636 2637 2638 2639 2640 2641 2642 2643 2644 2645 ...
 $ saveAt       : chr "X6/"
 $ nIter        : num 12000
 $ burnIn       : num 2000
 $ thin         : num 5
 $ weights      : num [1:3646] 1 1 1 1 1 1 1 1 1 1 ...
 $ verbose      : logi FALSE
 $ response_type: chr "gaussian"
 $ df0          : num 5
 $ S0           : num 662
 $ yHat         : num [1:3646] 14.67 10.05 8.53 9.69 6.67 ...
 $ SD.yHat      : num [1:3646] 5.18 5.85 5.55 5.98 6.06 ...
 $ mu           : num 20.4
 $ SD.mu        : num 1.85
 $ varE         : num 180
 $ SD.varE      : num 8.87
 $ fit          :List of 4
  ..$ logLikAtPostMean: num -10337
  ..$ postMeanLogLik  : num -10577
  ..$ pD              : num 479
  ..$ DIC             : num 21634
 $ ETA          :List of 3
  ..$ :List of 15
  .. ..$ V          : num [1:3646, 1:6] 0 0 0 0 0 0 0 0 0 0 ...
  .. .. ..- attr(*, "dimnames")=List of 2
  .. .. .. ..$ : chr [1:3646] "2020-21_11.107-5" "2020-21_12.90-53" "2020-21_12.93-4" "2020-21_14.37-103" ...
  .. .. .. ..$ : NULL
  .. ..$ d          : num [1:6] 1011 918 450 447 435 ...
  .. ..$ model      : chr "RKHS"
  .. ..$ Name       : chr "ETA_1"
  .. ..$ tolD       : num 1e-10
  .. ..$ levelsU    : int 6
  .. ..$ df0        : num 5
  .. ..$ R2         : num 0.167
  .. ..$ S0         : num 0.502
  .. ..$ u          : num [1:3646] -0.018 -0.018 -0.018 -0.018 -0.018 ...
  .. ..$ varU       : num 0.19
  .. ..$ uStar      : num [1:6] 0.1559 -0.0904 -0.4343 -1.7157 0.375 ...
  .. ..$ NamefileOut: chr "X6/ETA_1_varU.dat"
  .. ..$ SD.u       : num [1:3646] 0.458 0.458 0.458 0.458 0.458 ...
  .. ..$ SD.varU    : num 0.362
  ..$ :List of 15
  .. ..$ V          : num [1:3646, 1:2737] 0.408 0 0 0 0 ...
  .. .. ..- attr(*, "dimnames")=List of 2
  .. .. .. ..$ : chr [1:3646] "2020-21_11.107-5" "2020-21_12.90-53" "2020-21_12.93-4" "2020-21_14.37-103" ...
  .. .. .. ..$ : chr [1:2737] "11.107-5" "12.90-53" "12.93-4" "13.27-142" ...
  .. ..$ d          : Named num [1:2737] 6 1 3 1 1 1 1 1 2 1 ...
  .. .. ..- attr(*, "names")= chr [1:2737] "11.107-5" "12.90-53" "12.93-4" "13.27-142" ...
  .. ..$ model      : chr "RKHS"
  .. ..$ Name       : chr "ETA_2"
  .. ..$ tolD       : num 1e-10
  .. ..$ levelsU    : int 2737
  .. ..$ df0        : num 5
  .. ..$ R2         : num 0.167
  .. ..$ S0         : num 229
  .. ..$ u          : num [1:3646] 2.5182 -0.0938 3.3075 -2.2905 -0.8235 ...
  .. ..$ varU       : num 38.3
  .. ..$ uStar      : num [1:2737] 6.1683 -0.0938 5.7287 0.7702 -2.2905 ...
  .. ..$ NamefileOut: chr "X6/ETA_2_varU.dat"
  .. ..$ SD.u       : num [1:3646] 4.48 5.68 4.93 5.68 5.65 ...
  .. ..$ SD.varU    : num 8.12
  ..$ :List of 15
  .. ..$ V          : num [1:3646, 1:576] 0.010764 0.006644 0.010142 0.00602 -0.000353 ...
  .. .. ..- attr(*, "dimnames")=List of 2
  .. .. .. ..$ : chr [1:3646] "2020-21_11.107-5" "2020-21_12.90-53" "2020-21_12.93-4" "2020-21_14.37-103" ...
  .. .. .. ..$ : NULL
  .. ..$ d          : num [1:576] 1718 767 374 228 121 ...
  .. ..$ model      : chr "RKHS"
  .. ..$ Name       : chr "ETA_3"
  .. ..$ tolD       : num 1e-10
  .. ..$ levelsU    : int 576
  .. ..$ df0        : num 5
  .. ..$ R2         : num 0.167
  .. ..$ S0         : num 48.2
  .. ..$ u          : num [1:3646] -8.2 -10.21 -15.13 -8.38 -12.85 ...
  .. ..$ varU       : num 443
  .. ..$ uStar      : num [1:576] -173.2 184.2 328.4 12.9 -237.9 ...
  .. ..$ NamefileOut: chr "X6/ETA_3_varU.dat"
  .. ..$ SD.u       : num [1:3646] 3.43 2.84 3.48 2.95 3.05 ...
  .. ..$ SD.varU    : num 146
 - attr(*, "class")= chr "BGLR"
NULL
List of 21
 $ y            : num [1:3646] 37 54.4 79 41.2 22.2 ...
 $ a            : NULL
 $ b            : NULL
 $ whichNa      : int [1:1011] 2636 2637 2638 2639 2640 2641 2642 2643 2644 2645 ...
 $ saveAt       : chr "X8/"
 $ nIter        : num 12000
 $ burnIn       : num 2000
 $ thin         : num 5
 $ weights      : num [1:3646] 1 1 1 1 1 1 1 1 1 1 ...
 $ verbose      : logi FALSE
 $ response_type: chr "gaussian"
 $ df0          : num 5
 $ S0           : num 2022
 $ yHat         : num [1:3646] 51.1 35.2 53.6 38.6 22.6 ...
 $ SD.yHat      : num [1:3646] 7.79 8.27 9.38 8.52 8.43 ...
 $ mu           : num 36.5
 $ SD.mu        : num 3.01
 $ varE         : num 474
 $ SD.varE      : num 21.1
 $ fit          :List of 4
  ..$ logLikAtPostMean: num -11661
  ..$ postMeanLogLik  : num -11856
  ..$ pD              : num 389
  ..$ DIC             : num 24100
 $ ETA          :List of 3
  ..$ :List of 15
  .. ..$ V          : num [1:3646, 1:6] 0 0 0 0 0 0 0 0 0 0 ...
  .. .. ..- attr(*, "dimnames")=List of 2
  .. .. .. ..$ : chr [1:3646] "2020-21_11.107-5" "2020-21_12.90-53" "2020-21_12.93-4" "2020-21_14.37-103" ...
  .. .. .. ..$ : NULL
  .. ..$ d          : num [1:6] 1011 918 450 447 435 ...
  .. ..$ model      : chr "RKHS"
  .. ..$ Name       : chr "ETA_1"
  .. ..$ tolD       : num 1e-10
  .. ..$ levelsU    : int 6
  .. ..$ df0        : num 5
  .. ..$ R2         : num 0.167
  .. ..$ S0         : num 1.53
  .. ..$ u          : num [1:3646] 0.0352 0.0352 0.0352 0.0352 0.0352 ...
  .. ..$ varU       : num 0.473
  .. ..$ uStar      : num [1:6] -0.056 0.1149 -0.3108 -0.0249 -0.7338 ...
  .. ..$ NamefileOut: chr "X8/ETA_1_varU.dat"
  .. ..$ SD.u       : num [1:3646] 0.707 0.707 0.707 0.707 0.707 ...
  .. ..$ SD.varU    : num 0.443
  ..$ :List of 15
  .. ..$ V          : num [1:3646, 1:2737] 0.408 0 0 0 0 ...
  .. .. ..- attr(*, "dimnames")=List of 2
  .. .. .. ..$ : chr [1:3646] "2020-21_11.107-5" "2020-21_12.90-53" "2020-21_12.93-4" "2020-21_14.37-103" ...
  .. .. .. ..$ : chr [1:2737] "11.107-5" "12.90-53" "12.93-4" "13.27-142" ...
  .. ..$ d          : Named num [1:2737] 6 1 3 1 1 1 1 1 2 1 ...
  .. .. ..- attr(*, "names")= chr [1:2737] "11.107-5" "12.90-53" "12.93-4" "13.27-142" ...
  .. ..$ model      : chr "RKHS"
  .. ..$ Name       : chr "ETA_2"
  .. ..$ tolD       : num 1e-10
  .. ..$ levelsU    : int 2737
  .. ..$ df0        : num 5
  .. ..$ R2         : num 0.167
  .. ..$ S0         : num 700
  .. ..$ u          : num [1:3646] 1.538 2.489 20.909 0.512 0.393 ...
  .. ..$ varU       : num 66.5
  .. ..$ uStar      : num [1:2737] 3.767 2.489 36.216 0.358 0.512 ...
  .. ..$ NamefileOut: chr "X8/ETA_2_varU.dat"
  .. ..$ SD.u       : num [1:3646] 6.09 7.64 7.92 7.66 7.41 ...
  .. ..$ SD.varU    : num 16.3
  ..$ :List of 15
  .. ..$ V          : num [1:3646, 1:576] 0.010764 0.006644 0.010142 0.00602 -0.000353 ...
  .. .. ..- attr(*, "dimnames")=List of 2
  .. .. .. ..$ : chr [1:3646] "2020-21_11.107-5" "2020-21_12.90-53" "2020-21_12.93-4" "2020-21_14.37-103" ...
  .. .. .. ..$ : NULL
  .. ..$ d          : num [1:576] 1718 767 374 228 121 ...
  .. ..$ model      : chr "RKHS"
  .. ..$ Name       : chr "ETA_3"
  .. ..$ tolD       : num 1e-10
  .. ..$ levelsU    : int 576
  .. ..$ df0        : num 5
  .. ..$ R2         : num 0.167
  .. ..$ S0         : num 147
  .. ..$ u          : num [1:3646] 13.03 -3.88 -3.9 1.5 -14.4 ...
  .. ..$ varU       : num 2447
  .. ..$ uStar      : num [1:576] -195.2 -10.3 216.9 560.9 -106.9 ...
  .. ..$ NamefileOut: chr "X8/ETA_3_varU.dat"
  .. ..$ SD.u       : num [1:3646] 5.9 4.81 6.01 5.24 5.35 ...
  .. ..$ SD.varU    : num 637
 - attr(*, "class")= chr "BGLR"
NULL
List of 21
 $ y            : num [1:3646] 0.677 8.594 0.135 -0.135 3.535 ...
 $ a            : NULL
 $ b            : NULL
 $ whichNa      : int [1:1011] 2636 2637 2638 2639 2640 2641 2642 2643 2644 2645 ...
 $ saveAt       : chr "X6/"
 $ nIter        : num 12000
 $ burnIn       : num 2000
 $ thin         : num 5
 $ weights      : num [1:3646] 1 1 1 1 1 1 1 1 1 1 ...
 $ verbose      : logi FALSE
 $ response_type: chr "gaussian"
 $ df0          : num 5
 $ S0           : num 662
 $ yHat         : num [1:3646] 14.67 10.05 8.53 9.69 6.67 ...
 $ SD.yHat      : num [1:3646] 5.18 5.85 5.55 5.98 6.06 ...
 $ mu           : num 20.4
 $ SD.mu        : num 1.85
 $ varE         : num 180
 $ SD.varE      : num 8.87
 $ fit          :List of 4
  ..$ logLikAtPostMean: num -10337
  ..$ postMeanLogLik  : num -10577
  ..$ pD              : num 479
  ..$ DIC             : num 21634
 $ ETA          :List of 3
  ..$ :List of 15
  .. ..$ V          : num [1:3646, 1:6] 0 0 0 0 0 0 0 0 0 0 ...
  .. .. ..- attr(*, "dimnames")=List of 2
  .. .. .. ..$ : chr [1:3646] "2020-21_11.107-5" "2020-21_12.90-53" "2020-21_12.93-4" "2020-21_14.37-103" ...
  .. .. .. ..$ : NULL
  .. ..$ d          : num [1:6] 1011 918 450 447 435 ...
  .. ..$ model      : chr "RKHS"
  .. ..$ Name       : chr "ETA_1"
  .. ..$ tolD       : num 1e-10
  .. ..$ levelsU    : int 6
  .. ..$ df0        : num 5
  .. ..$ R2         : num 0.167
  .. ..$ S0         : num 0.502
  .. ..$ u          : num [1:3646] -0.018 -0.018 -0.018 -0.018 -0.018 ...
  .. ..$ varU       : num 0.19
  .. ..$ uStar      : num [1:6] 0.1559 -0.0904 -0.4343 -1.7157 0.375 ...
  .. ..$ NamefileOut: chr "X6/ETA_1_varU.dat"
  .. ..$ SD.u       : num [1:3646] 0.458 0.458 0.458 0.458 0.458 ...
  .. ..$ SD.varU    : num 0.362
  ..$ :List of 15
  .. ..$ V          : num [1:3646, 1:2737] 0.408 0 0 0 0 ...
  .. .. ..- attr(*, "dimnames")=List of 2
  .. .. .. ..$ : chr [1:3646] "2020-21_11.107-5" "2020-21_12.90-53" "2020-21_12.93-4" "2020-21_14.37-103" ...
  .. .. .. ..$ : chr [1:2737] "11.107-5" "12.90-53" "12.93-4" "13.27-142" ...
  .. ..$ d          : Named num [1:2737] 6 1 3 1 1 1 1 1 2 1 ...
  .. .. ..- attr(*, "names")= chr [1:2737] "11.107-5" "12.90-53" "12.93-4" "13.27-142" ...
  .. ..$ model      : chr "RKHS"
  .. ..$ Name       : chr "ETA_2"
  .. ..$ tolD       : num 1e-10
  .. ..$ levelsU    : int 2737
  .. ..$ df0        : num 5
  .. ..$ R2         : num 0.167
  .. ..$ S0         : num 229
  .. ..$ u          : num [1:3646] 2.5182 -0.0938 3.3075 -2.2905 -0.8235 ...
  .. ..$ varU       : num 38.3
  .. ..$ uStar      : num [1:2737] 6.1683 -0.0938 5.7287 0.7702 -2.2905 ...
  .. ..$ NamefileOut: chr "X6/ETA_2_varU.dat"
  .. ..$ SD.u       : num [1:3646] 4.48 5.68 4.93 5.68 5.65 ...
  .. ..$ SD.varU    : num 8.12
  ..$ :List of 15
  .. ..$ V          : num [1:3646, 1:576] 0.010764 0.006644 0.010142 0.00602 -0.000353 ...
  .. .. ..- attr(*, "dimnames")=List of 2
  .. .. .. ..$ : chr [1:3646] "2020-21_11.107-5" "2020-21_12.90-53" "2020-21_12.93-4" "2020-21_14.37-103" ...
  .. .. .. ..$ : NULL
  .. ..$ d          : num [1:576] 1718 767 374 228 121 ...
  .. ..$ model      : chr "RKHS"
  .. ..$ Name       : chr "ETA_3"
  .. ..$ tolD       : num 1e-10
  .. ..$ levelsU    : int 576
  .. ..$ df0        : num 5
  .. ..$ R2         : num 0.167
  .. ..$ S0         : num 48.2
  .. ..$ u          : num [1:3646] -8.2 -10.21 -15.13 -8.38 -12.85 ...
  .. ..$ varU       : num 443
  .. ..$ uStar      : num [1:576] -173.2 184.2 328.4 12.9 -237.9 ...
  .. ..$ NamefileOut: chr "X6/ETA_3_varU.dat"
  .. ..$ SD.u       : num [1:3646] 3.43 2.84 3.48 2.95 3.05 ...
  .. ..$ SD.varU    : num 146
 - attr(*, "class")= chr "BGLR"
NULL
List of 21
 $ y            : num [1:3646] 34.557 32 37.708 62.27 0.585 ...
 $ a            : NULL
 $ b            : NULL
 $ whichNa      : int [1:1011] 2636 2637 2638 2639 2640 2641 2642 2643 2644 2645 ...
 $ saveAt       : chr "X7/"
 $ nIter        : num 12000
 $ burnIn       : num 2000
 $ thin         : num 5
 $ weights      : num [1:3646] 1 1 1 1 1 1 1 1 1 1 ...
 $ verbose      : logi FALSE
 $ response_type: chr "gaussian"
 $ df0          : num 5
 $ S0           : num 1094
 $ yHat         : num [1:3646] 34 20 21.1 26.8 11 ...
 $ SD.yHat      : num [1:3646] 6.29 6.85 6.97 7.17 7 ...
 $ mu           : num 23.6
 $ SD.mu        : num 2.18
 $ varE         : num 300
 $ SD.varE      : num 13.8
 $ fit          :List of 4
  ..$ logLikAtPostMean: num -11050
  ..$ postMeanLogLik  : num -11251
  ..$ pD              : num 401
  ..$ DIC             : num 22902
 $ ETA          :List of 3
  ..$ :List of 15
  .. ..$ V          : num [1:3646, 1:6] 0 0 0 0 0 0 0 0 0 0 ...
  .. .. ..- attr(*, "dimnames")=List of 2
  .. .. .. ..$ : chr [1:3646] "2020-21_11.107-5" "2020-21_12.90-53" "2020-21_12.93-4" "2020-21_14.37-103" ...
  .. .. .. ..$ : NULL
  .. ..$ d          : num [1:6] 1011 918 450 447 435 ...
  .. ..$ model      : chr "RKHS"
  .. ..$ Name       : chr "ETA_1"
  .. ..$ tolD       : num 1e-10
  .. ..$ levelsU    : int 6
  .. ..$ df0        : num 5
  .. ..$ R2         : num 0.167
  .. ..$ S0         : num 0.831
  .. ..$ u          : num [1:3646] 0.0229 0.0229 0.0229 0.0229 0.0229 ...
  .. ..$ varU       : num 0.287
  .. ..$ uStar      : num [1:6] 0.208 -0.297 0.0837 -1.071 -0.4776 ...
  .. ..$ NamefileOut: chr "X7/ETA_1_varU.dat"
  .. ..$ SD.u       : num [1:3646] 0.53 0.53 0.53 0.53 0.53 ...
  .. ..$ SD.varU    : num 0.353
  ..$ :List of 15
  .. ..$ V          : num [1:3646, 1:2737] 0.408 0 0 0 0 ...
  .. .. ..- attr(*, "dimnames")=List of 2
  .. .. .. ..$ : chr [1:3646] "2020-21_11.107-5" "2020-21_12.90-53" "2020-21_12.93-4" "2020-21_14.37-103" ...
  .. .. .. ..$ : chr [1:2737] "11.107-5" "12.90-53" "12.93-4" "13.27-142" ...
  .. ..$ d          : Named num [1:2737] 6 1 3 1 1 1 1 1 2 1 ...
  .. .. ..- attr(*, "names")= chr [1:2737] "11.107-5" "12.90-53" "12.93-4" "13.27-142" ...
  .. ..$ model      : chr "RKHS"
  .. ..$ Name       : chr "ETA_2"
  .. ..$ tolD       : num 1e-10
  .. ..$ levelsU    : int 2737
  .. ..$ df0        : num 5
  .. ..$ R2         : num 0.167
  .. ..$ S0         : num 379
  .. ..$ u          : num [1:3646] 6.33 2.03 9.59 5.49 -1.3 ...
  .. ..$ varU       : num 47.5
  .. ..$ uStar      : num [1:2737] 15.507 2.025 16.602 0.405 5.493 ...
  .. ..$ NamefileOut: chr "X7/ETA_2_varU.dat"
  .. ..$ SD.u       : num [1:3646] 5.07 6.49 6 6.54 6.34 ...
  .. ..$ SD.varU    : num 12
  ..$ :List of 15
  .. ..$ V          : num [1:3646, 1:576] 0.010764 0.006644 0.010142 0.00602 -0.000353 ...
  .. .. ..- attr(*, "dimnames")=List of 2
  .. .. .. ..$ : chr [1:3646] "2020-21_11.107-5" "2020-21_12.90-53" "2020-21_12.93-4" "2020-21_14.37-103" ...
  .. .. .. ..$ : NULL
  .. ..$ d          : num [1:576] 1718 767 374 228 121 ...
  .. ..$ model      : chr "RKHS"
  .. ..$ Name       : chr "ETA_3"
  .. ..$ tolD       : num 1e-10
  .. ..$ levelsU    : int 576
  .. ..$ df0        : num 5
  .. ..$ R2         : num 0.167
  .. ..$ S0         : num 79.8
  .. ..$ u          : num [1:3646] 3.97 -5.71 -12.16 -2.35 -11.38 ...
  .. ..$ varU       : num 873
  .. ..$ uStar      : num [1:576] 5.74 143.36 95.18 238.57 -47.13 ...
  .. ..$ NamefileOut: chr "X7/ETA_3_varU.dat"
  .. ..$ SD.u       : num [1:3646] 4.55 3.42 4.48 3.9 3.95 ...
  .. ..$ SD.varU    : num 279
 - attr(*, "class")= chr "BGLR"
NULL
List of 21
 $ y            : num [1:3646] 91.8 39 66.8 33 24.3 ...
 $ a            : NULL
 $ b            : NULL
 $ whichNa      : int [1:1011] 2636 2637 2638 2639 2640 2641 2642 2643 2644 2645 ...
 $ saveAt       : chr "X9/"
 $ nIter        : num 12000
 $ burnIn       : num 2000
 $ thin         : num 5
 $ weights      : num [1:3646] 1 1 1 1 1 1 1 1 1 1 ...
 $ verbose      : logi FALSE
 $ response_type: chr "gaussian"
 $ df0          : num 5
 $ S0           : num 3012
 $ yHat         : num [1:3646] 55.2 29.7 49 34.9 21.8 ...
 $ SD.yHat      : num [1:3646] 8.55 8.48 9.22 8.87 8.8 ...
 $ mu           : num 43.8
 $ SD.mu        : num 3.08
 $ varE         : num 562
 $ SD.varE      : num 21.8
 $ fit          :List of 4
  ..$ logLikAtPostMean: num -11898
  ..$ postMeanLogLik  : num -12080
  ..$ pD              : num 364
  ..$ DIC             : num 24524
 $ ETA          :List of 3
  ..$ :List of 15
  .. ..$ V          : num [1:3646, 1:6] 0 0 0 0 0 0 0 0 0 0 ...
  .. .. ..- attr(*, "dimnames")=List of 2
  .. .. .. ..$ : chr [1:3646] "2020-21_11.107-5" "2020-21_12.90-53" "2020-21_12.93-4" "2020-21_14.37-103" ...
  .. .. .. ..$ : NULL
  .. ..$ d          : num [1:6] 1011 918 450 447 435 ...
  .. ..$ model      : chr "RKHS"
  .. ..$ Name       : chr "ETA_1"
  .. ..$ tolD       : num 1e-10
  .. ..$ levelsU    : int 6
  .. ..$ df0        : num 5
  .. ..$ R2         : num 0.167
  .. ..$ S0         : num 2.29
  .. ..$ u          : num [1:3646] -0.0209 -0.0209 -0.0209 -0.0209 -0.0209 ...
  .. ..$ varU       : num 0.768
  .. ..$ uStar      : num [1:6] -0.362 -1.715 -0.2 3.206 0.435 ...
  .. ..$ NamefileOut: chr "X9/ETA_1_varU.dat"
  .. ..$ SD.u       : num [1:3646] 0.881 0.881 0.881 0.881 0.881 ...
  .. ..$ SD.varU    : num 0.921
  ..$ :List of 15
  .. ..$ V          : num [1:3646, 1:2737] 0.408 0 0 0 0 ...
  .. .. ..- attr(*, "dimnames")=List of 2
  .. .. .. ..$ : chr [1:3646] "2020-21_11.107-5" "2020-21_12.90-53" "2020-21_12.93-4" "2020-21_14.37-103" ...
  .. .. .. ..$ : chr [1:2737] "11.107-5" "12.90-53" "12.93-4" "13.27-142" ...
  .. ..$ d          : Named num [1:2737] 6 1 3 1 1 1 1 1 2 1 ...
  .. .. ..- attr(*, "names")= chr [1:2737] "11.107-5" "12.90-53" "12.93-4" "13.27-142" ...
  .. ..$ model      : chr "RKHS"
  .. ..$ Name       : chr "ETA_2"
  .. ..$ tolD       : num 1e-10
  .. ..$ levelsU    : int 2737
  .. ..$ df0        : num 5
  .. ..$ R2         : num 0.167
  .. ..$ S0         : num 1043
  .. ..$ u          : num [1:3646] 5.963 1.114 10.047 -0.22 0.358 ...
  .. ..$ varU       : num 69.6
  .. ..$ uStar      : num [1:2737] 14.61 1.11 17.4 -1.4 -0.22 ...
  .. ..$ NamefileOut: chr "X9/ETA_2_varU.dat"
  .. ..$ SD.u       : num [1:3646] 6.51 7.85 7.45 7.84 7.67 ...
  .. ..$ SD.varU    : num 14.9
  ..$ :List of 15
  .. ..$ V          : num [1:3646, 1:576] 0.010764 0.006644 0.010142 0.00602 -0.000353 ...
  .. .. ..- attr(*, "dimnames")=List of 2
  .. .. .. ..$ : chr [1:3646] "2020-21_11.107-5" "2020-21_12.90-53" "2020-21_12.93-4" "2020-21_14.37-103" ...
  .. .. .. ..$ : NULL
  .. ..$ d          : num [1:576] 1718 767 374 228 121 ...
  .. ..$ model      : chr "RKHS"
  .. ..$ Name       : chr "ETA_3"
  .. ..$ tolD       : num 1e-10
  .. ..$ levelsU    : int 576
  .. ..$ df0        : num 5
  .. ..$ R2         : num 0.167
  .. ..$ S0         : num 220
  .. ..$ u          : num [1:3646] 5.48 -15.17 -4.83 -8.63 -22.38 ...
  .. ..$ varU       : num 3224
  .. ..$ uStar      : num [1:576] 222.5 100.4 479.6 923.9 21.8 ...
  .. ..$ NamefileOut: chr "X9/ETA_3_varU.dat"
  .. ..$ SD.u       : num [1:3646] 6.59 5.27 6.73 5.47 5.8 ...
  .. ..$ SD.varU    : num 791
 - attr(*, "class")= chr "BGLR"
NULL
List of 21
 $ y            : num [1:3646] 34.557 32 37.708 62.27 0.585 ...
 $ a            : NULL
 $ b            : NULL
 $ whichNa      : int [1:1011] 2636 2637 2638 2639 2640 2641 2642 2643 2644 2645 ...
 $ saveAt       : chr "X7/"
 $ nIter        : num 12000
 $ burnIn       : num 2000
 $ thin         : num 5
 $ weights      : num [1:3646] 1 1 1 1 1 1 1 1 1 1 ...
 $ verbose      : logi FALSE
 $ response_type: chr "gaussian"
 $ df0          : num 5
 $ S0           : num 1094
 $ yHat         : num [1:3646] 34 20 21.1 26.8 11 ...
 $ SD.yHat      : num [1:3646] 6.29 6.85 6.97 7.17 7 ...
 $ mu           : num 23.6
 $ SD.mu        : num 2.18
 $ varE         : num 300
 $ SD.varE      : num 13.8
 $ fit          :List of 4
  ..$ logLikAtPostMean: num -11050
  ..$ postMeanLogLik  : num -11251
  ..$ pD              : num 401
  ..$ DIC             : num 22902
 $ ETA          :List of 3
  ..$ :List of 15
  .. ..$ V          : num [1:3646, 1:6] 0 0 0 0 0 0 0 0 0 0 ...
  .. .. ..- attr(*, "dimnames")=List of 2
  .. .. .. ..$ : chr [1:3646] "2020-21_11.107-5" "2020-21_12.90-53" "2020-21_12.93-4" "2020-21_14.37-103" ...
  .. .. .. ..$ : NULL
  .. ..$ d          : num [1:6] 1011 918 450 447 435 ...
  .. ..$ model      : chr "RKHS"
  .. ..$ Name       : chr "ETA_1"
  .. ..$ tolD       : num 1e-10
  .. ..$ levelsU    : int 6
  .. ..$ df0        : num 5
  .. ..$ R2         : num 0.167
  .. ..$ S0         : num 0.831
  .. ..$ u          : num [1:3646] 0.0229 0.0229 0.0229 0.0229 0.0229 ...
  .. ..$ varU       : num 0.287
  .. ..$ uStar      : num [1:6] 0.208 -0.297 0.0837 -1.071 -0.4776 ...
  .. ..$ NamefileOut: chr "X7/ETA_1_varU.dat"
  .. ..$ SD.u       : num [1:3646] 0.53 0.53 0.53 0.53 0.53 ...
  .. ..$ SD.varU    : num 0.353
  ..$ :List of 15
  .. ..$ V          : num [1:3646, 1:2737] 0.408 0 0 0 0 ...
  .. .. ..- attr(*, "dimnames")=List of 2
  .. .. .. ..$ : chr [1:3646] "2020-21_11.107-5" "2020-21_12.90-53" "2020-21_12.93-4" "2020-21_14.37-103" ...
  .. .. .. ..$ : chr [1:2737] "11.107-5" "12.90-53" "12.93-4" "13.27-142" ...
  .. ..$ d          : Named num [1:2737] 6 1 3 1 1 1 1 1 2 1 ...
  .. .. ..- attr(*, "names")= chr [1:2737] "11.107-5" "12.90-53" "12.93-4" "13.27-142" ...
  .. ..$ model      : chr "RKHS"
  .. ..$ Name       : chr "ETA_2"
  .. ..$ tolD       : num 1e-10
  .. ..$ levelsU    : int 2737
  .. ..$ df0        : num 5
  .. ..$ R2         : num 0.167
  .. ..$ S0         : num 379
  .. ..$ u          : num [1:3646] 6.33 2.03 9.59 5.49 -1.3 ...
  .. ..$ varU       : num 47.5
  .. ..$ uStar      : num [1:2737] 15.507 2.025 16.602 0.405 5.493 ...
  .. ..$ NamefileOut: chr "X7/ETA_2_varU.dat"
  .. ..$ SD.u       : num [1:3646] 5.07 6.49 6 6.54 6.34 ...
  .. ..$ SD.varU    : num 12
  ..$ :List of 15
  .. ..$ V          : num [1:3646, 1:576] 0.010764 0.006644 0.010142 0.00602 -0.000353 ...
  .. .. ..- attr(*, "dimnames")=List of 2
  .. .. .. ..$ : chr [1:3646] "2020-21_11.107-5" "2020-21_12.90-53" "2020-21_12.93-4" "2020-21_14.37-103" ...
  .. .. .. ..$ : NULL
  .. ..$ d          : num [1:576] 1718 767 374 228 121 ...
  .. ..$ model      : chr "RKHS"
  .. ..$ Name       : chr "ETA_3"
  .. ..$ tolD       : num 1e-10
  .. ..$ levelsU    : int 576
  .. ..$ df0        : num 5
  .. ..$ R2         : num 0.167
  .. ..$ S0         : num 79.8
  .. ..$ u          : num [1:3646] 3.97 -5.71 -12.16 -2.35 -11.38 ...
  .. ..$ varU       : num 873
  .. ..$ uStar      : num [1:576] 5.74 143.36 95.18 238.57 -47.13 ...
  .. ..$ NamefileOut: chr "X7/ETA_3_varU.dat"
  .. ..$ SD.u       : num [1:3646] 4.55 3.42 4.48 3.9 3.95 ...
  .. ..$ SD.varU    : num 279
 - attr(*, "class")= chr "BGLR"
NULL
List of 21
 $ y            : num [1:3646] 34.557 32 37.708 62.27 0.585 ...
 $ a            : NULL
 $ b            : NULL
 $ whichNa      : int [1:1011] 2636 2637 2638 2639 2640 2641 2642 2643 2644 2645 ...
 $ saveAt       : chr "X7/"
 $ nIter        : num 12000
 $ burnIn       : num 2000
 $ thin         : num 5
 $ weights      : num [1:3646] 1 1 1 1 1 1 1 1 1 1 ...
 $ verbose      : logi FALSE
 $ response_type: chr "gaussian"
 $ df0          : num 5
 $ S0           : num 1094
 $ yHat         : num [1:3646] 34 20 21.1 26.8 11 ...
 $ SD.yHat      : num [1:3646] 6.29 6.85 6.97 7.17 7 ...
 $ mu           : num 23.6
 $ SD.mu        : num 2.18
 $ varE         : num 300
 $ SD.varE      : num 13.8
 $ fit          :List of 4
  ..$ logLikAtPostMean: num -11050
  ..$ postMeanLogLik  : num -11251
  ..$ pD              : num 401
  ..$ DIC             : num 22902
 $ ETA          :List of 3
  ..$ :List of 15
  .. ..$ V          : num [1:3646, 1:6] 0 0 0 0 0 0 0 0 0 0 ...
  .. .. ..- attr(*, "dimnames")=List of 2
  .. .. .. ..$ : chr [1:3646] "2020-21_11.107-5" "2020-21_12.90-53" "2020-21_12.93-4" "2020-21_14.37-103" ...
  .. .. .. ..$ : NULL
  .. ..$ d          : num [1:6] 1011 918 450 447 435 ...
  .. ..$ model      : chr "RKHS"
  .. ..$ Name       : chr "ETA_1"
  .. ..$ tolD       : num 1e-10
  .. ..$ levelsU    : int 6
  .. ..$ df0        : num 5
  .. ..$ R2         : num 0.167
  .. ..$ S0         : num 0.831
  .. ..$ u          : num [1:3646] 0.0229 0.0229 0.0229 0.0229 0.0229 ...
  .. ..$ varU       : num 0.287
  .. ..$ uStar      : num [1:6] 0.208 -0.297 0.0837 -1.071 -0.4776 ...
  .. ..$ NamefileOut: chr "X7/ETA_1_varU.dat"
  .. ..$ SD.u       : num [1:3646] 0.53 0.53 0.53 0.53 0.53 ...
  .. ..$ SD.varU    : num 0.353
  ..$ :List of 15
  .. ..$ V          : num [1:3646, 1:2737] 0.408 0 0 0 0 ...
  .. .. ..- attr(*, "dimnames")=List of 2
  .. .. .. ..$ : chr [1:3646] "2020-21_11.107-5" "2020-21_12.90-53" "2020-21_12.93-4" "2020-21_14.37-103" ...
  .. .. .. ..$ : chr [1:2737] "11.107-5" "12.90-53" "12.93-4" "13.27-142" ...
  .. ..$ d          : Named num [1:2737] 6 1 3 1 1 1 1 1 2 1 ...
  .. .. ..- attr(*, "names")= chr [1:2737] "11.107-5" "12.90-53" "12.93-4" "13.27-142" ...
  .. ..$ model      : chr "RKHS"
  .. ..$ Name       : chr "ETA_2"
  .. ..$ tolD       : num 1e-10
  .. ..$ levelsU    : int 2737
  .. ..$ df0        : num 5
  .. ..$ R2         : num 0.167
  .. ..$ S0         : num 379
  .. ..$ u          : num [1:3646] 6.33 2.03 9.59 5.49 -1.3 ...
  .. ..$ varU       : num 47.5
  .. ..$ uStar      : num [1:2737] 15.507 2.025 16.602 0.405 5.493 ...
  .. ..$ NamefileOut: chr "X7/ETA_2_varU.dat"
  .. ..$ SD.u       : num [1:3646] 5.07 6.49 6 6.54 6.34 ...
  .. ..$ SD.varU    : num 12
  ..$ :List of 15
  .. ..$ V          : num [1:3646, 1:576] 0.010764 0.006644 0.010142 0.00602 -0.000353 ...
  .. .. ..- attr(*, "dimnames")=List of 2
  .. .. .. ..$ : chr [1:3646] "2020-21_11.107-5" "2020-21_12.90-53" "2020-21_12.93-4" "2020-21_14.37-103" ...
  .. .. .. ..$ : NULL
  .. ..$ d          : num [1:576] 1718 767 374 228 121 ...
  .. ..$ model      : chr "RKHS"
  .. ..$ Name       : chr "ETA_3"
  .. ..$ tolD       : num 1e-10
  .. ..$ levelsU    : int 576
  .. ..$ df0        : num 5
  .. ..$ R2         : num 0.167
  .. ..$ S0         : num 79.8
  .. ..$ u          : num [1:3646] 3.97 -5.71 -12.16 -2.35 -11.38 ...
  .. ..$ varU       : num 873
  .. ..$ uStar      : num [1:576] 5.74 143.36 95.18 238.57 -47.13 ...
  .. ..$ NamefileOut: chr "X7/ETA_3_varU.dat"
  .. ..$ SD.u       : num [1:3646] 4.55 3.42 4.48 3.9 3.95 ...
  .. ..$ SD.varU    : num 279
 - attr(*, "class")= chr "BGLR"
NULL
List of 21
 $ y            : num [1:3646] 37 54.4 79 41.2 22.2 ...
 $ a            : NULL
 $ b            : NULL
 $ whichNa      : int [1:1011] 2636 2637 2638 2639 2640 2641 2642 2643 2644 2645 ...
 $ saveAt       : chr "X8/"
 $ nIter        : num 12000
 $ burnIn       : num 2000
 $ thin         : num 5
 $ weights      : num [1:3646] 1 1 1 1 1 1 1 1 1 1 ...
 $ verbose      : logi FALSE
 $ response_type: chr "gaussian"
 $ df0          : num 5
 $ S0           : num 2022
 $ yHat         : num [1:3646] 51.1 35.2 53.6 38.6 22.6 ...
 $ SD.yHat      : num [1:3646] 7.79 8.27 9.38 8.52 8.43 ...
 $ mu           : num 36.5
 $ SD.mu        : num 3.01
 $ varE         : num 474
 $ SD.varE      : num 21.1
 $ fit          :List of 4
  ..$ logLikAtPostMean: num -11661
  ..$ postMeanLogLik  : num -11856
  ..$ pD              : num 389
  ..$ DIC             : num 24100
 $ ETA          :List of 3
  ..$ :List of 15
  .. ..$ V          : num [1:3646, 1:6] 0 0 0 0 0 0 0 0 0 0 ...
  .. .. ..- attr(*, "dimnames")=List of 2
  .. .. .. ..$ : chr [1:3646] "2020-21_11.107-5" "2020-21_12.90-53" "2020-21_12.93-4" "2020-21_14.37-103" ...
  .. .. .. ..$ : NULL
  .. ..$ d          : num [1:6] 1011 918 450 447 435 ...
  .. ..$ model      : chr "RKHS"
  .. ..$ Name       : chr "ETA_1"
  .. ..$ tolD       : num 1e-10
  .. ..$ levelsU    : int 6
  .. ..$ df0        : num 5
  .. ..$ R2         : num 0.167
  .. ..$ S0         : num 1.53
  .. ..$ u          : num [1:3646] 0.0352 0.0352 0.0352 0.0352 0.0352 ...
  .. ..$ varU       : num 0.473
  .. ..$ uStar      : num [1:6] -0.056 0.1149 -0.3108 -0.0249 -0.7338 ...
  .. ..$ NamefileOut: chr "X8/ETA_1_varU.dat"
  .. ..$ SD.u       : num [1:3646] 0.707 0.707 0.707 0.707 0.707 ...
  .. ..$ SD.varU    : num 0.443
  ..$ :List of 15
  .. ..$ V          : num [1:3646, 1:2737] 0.408 0 0 0 0 ...
  .. .. ..- attr(*, "dimnames")=List of 2
  .. .. .. ..$ : chr [1:3646] "2020-21_11.107-5" "2020-21_12.90-53" "2020-21_12.93-4" "2020-21_14.37-103" ...
  .. .. .. ..$ : chr [1:2737] "11.107-5" "12.90-53" "12.93-4" "13.27-142" ...
  .. ..$ d          : Named num [1:2737] 6 1 3 1 1 1 1 1 2 1 ...
  .. .. ..- attr(*, "names")= chr [1:2737] "11.107-5" "12.90-53" "12.93-4" "13.27-142" ...
  .. ..$ model      : chr "RKHS"
  .. ..$ Name       : chr "ETA_2"
  .. ..$ tolD       : num 1e-10
  .. ..$ levelsU    : int 2737
  .. ..$ df0        : num 5
  .. ..$ R2         : num 0.167
  .. ..$ S0         : num 700
  .. ..$ u          : num [1:3646] 1.538 2.489 20.909 0.512 0.393 ...
  .. ..$ varU       : num 66.5
  .. ..$ uStar      : num [1:2737] 3.767 2.489 36.216 0.358 0.512 ...
  .. ..$ NamefileOut: chr "X8/ETA_2_varU.dat"
  .. ..$ SD.u       : num [1:3646] 6.09 7.64 7.92 7.66 7.41 ...
  .. ..$ SD.varU    : num 16.3
  ..$ :List of 15
  .. ..$ V          : num [1:3646, 1:576] 0.010764 0.006644 0.010142 0.00602 -0.000353 ...
  .. .. ..- attr(*, "dimnames")=List of 2
  .. .. .. ..$ : chr [1:3646] "2020-21_11.107-5" "2020-21_12.90-53" "2020-21_12.93-4" "2020-21_14.37-103" ...
  .. .. .. ..$ : NULL
  .. ..$ d          : num [1:576] 1718 767 374 228 121 ...
  .. ..$ model      : chr "RKHS"
  .. ..$ Name       : chr "ETA_3"
  .. ..$ tolD       : num 1e-10
  .. ..$ levelsU    : int 576
  .. ..$ df0        : num 5
  .. ..$ R2         : num 0.167
  .. ..$ S0         : num 147
  .. ..$ u          : num [1:3646] 13.03 -3.88 -3.9 1.5 -14.4 ...
  .. ..$ varU       : num 2447
  .. ..$ uStar      : num [1:576] -195.2 -10.3 216.9 560.9 -106.9 ...
  .. ..$ NamefileOut: chr "X8/ETA_3_varU.dat"
  .. ..$ SD.u       : num [1:3646] 5.9 4.81 6.01 5.24 5.35 ...
  .. ..$ SD.varU    : num 637
 - attr(*, "class")= chr "BGLR"
NULL
List of 21
 $ y            : num [1:3646] 154.538 29.272 69.207 65.857 0.606 ...
 $ a            : NULL
 $ b            : NULL
 $ whichNa      : int [1:1011] 2636 2637 2638 2639 2640 2641 2642 2643 2644 2645 ...
 $ saveAt       : chr "X10/"
 $ nIter        : num 12000
 $ burnIn       : num 2000
 $ thin         : num 5
 $ weights      : num [1:3646] 1 1 1 1 1 1 1 1 1 1 ...
 $ verbose      : logi FALSE
 $ response_type: chr "gaussian"
 $ df0          : num 5
 $ S0           : num 3450
 $ yHat         : num [1:3646] 55.75 30.46 48.31 30.79 8.56 ...
 $ SD.yHat      : num [1:3646] 8.2 7.97 8.57 8.25 8.61 ...
 $ mu           : num 30.8
 $ SD.mu        : num 2.86
 $ varE         : num 525
 $ SD.varE      : num 18.8
 $ fit          :List of 4
  ..$ logLikAtPostMean: num -11815
  ..$ postMeanLogLik  : num -11989
  ..$ pD              : num 348
  ..$ DIC             : num 24326
 $ ETA          :List of 3
  ..$ :List of 15
  .. ..$ V          : num [1:3646, 1:6] 0 0 0 0 0 0 0 0 0 0 ...
  .. .. ..- attr(*, "dimnames")=List of 2
  .. .. .. ..$ : chr [1:3646] "2020-21_11.107-5" "2020-21_12.90-53" "2020-21_12.93-4" "2020-21_14.37-103" ...
  .. .. .. ..$ : NULL
  .. ..$ d          : num [1:6] 1011 918 450 447 435 ...
  .. ..$ model      : chr "RKHS"
  .. ..$ Name       : chr "ETA_1"
  .. ..$ tolD       : num 1e-10
  .. ..$ levelsU    : int 6
  .. ..$ df0        : num 5
  .. ..$ R2         : num 0.167
  .. ..$ S0         : num 2.62
  .. ..$ u          : num [1:3646] -0.00362 -0.00362 -0.00362 -0.00362 -0.00362 ...
  .. ..$ varU       : num 0.925
  .. ..$ uStar      : num [1:6] 0.3808 -2.6095 2.153 3.046 0.0755 ...
  .. ..$ NamefileOut: chr "X10/ETA_1_varU.dat"
  .. ..$ SD.u       : num [1:3646] 0.96 0.96 0.96 0.96 0.96 ...
  .. ..$ SD.varU    : num 1.27
  ..$ :List of 15
  .. ..$ V          : num [1:3646, 1:2737] 0.408 0 0 0 0 ...
  .. .. ..- attr(*, "dimnames")=List of 2
  .. .. .. ..$ : chr [1:3646] "2020-21_11.107-5" "2020-21_12.90-53" "2020-21_12.93-4" "2020-21_14.37-103" ...
  .. .. .. ..$ : chr [1:2737] "11.107-5" "12.90-53" "12.93-4" "13.27-142" ...
  .. ..$ d          : Named num [1:2737] 6 1 3 1 1 1 1 1 2 1 ...
  .. .. ..- attr(*, "names")= chr [1:2737] "11.107-5" "12.90-53" "12.93-4" "13.27-142" ...
  .. ..$ model      : chr "RKHS"
  .. ..$ Name       : chr "ETA_2"
  .. ..$ tolD       : num 1e-10
  .. ..$ levelsU    : int 2737
  .. ..$ df0        : num 5
  .. ..$ R2         : num 0.167
  .. ..$ S0         : num 1195
  .. ..$ u          : num [1:3646] 6.366 -0.203 5.305 4.263 -0.934 ...
  .. ..$ varU       : num 61.4
  .. ..$ uStar      : num [1:2737] 15.594 -0.203 9.189 -4.306 4.263 ...
  .. ..$ NamefileOut: chr "X10/ETA_2_varU.dat"
  .. ..$ SD.u       : num [1:3646] 6.16 7.31 6.79 7.44 7.46 ...
  .. ..$ SD.varU    : num 10
  ..$ :List of 15
  .. ..$ V          : num [1:3646, 1:576] 0.010764 0.006644 0.010142 0.00602 -0.000353 ...
  .. .. ..- attr(*, "dimnames")=List of 2
  .. .. .. ..$ : chr [1:3646] "2020-21_11.107-5" "2020-21_12.90-53" "2020-21_12.93-4" "2020-21_14.37-103" ...
  .. .. .. ..$ : NULL
  .. ..$ d          : num [1:576] 1718 767 374 228 121 ...
  .. ..$ model      : chr "RKHS"
  .. ..$ Name       : chr "ETA_3"
  .. ..$ tolD       : num 1e-10
  .. ..$ levelsU    : int 576
  .. ..$ df0        : num 5
  .. ..$ R2         : num 0.167
  .. ..$ S0         : num 251
  .. ..$ u          : num [1:3646] 18.599 -0.129 12.215 -4.266 -21.291 ...
  .. ..$ varU       : num 2636
  .. ..$ uStar      : num [1:576] 1450 345 -204 161 381 ...
  .. ..$ NamefileOut: chr "X10/ETA_3_varU.dat"
  .. ..$ SD.u       : num [1:3646] 6.49 4.93 6.27 5.07 5.58 ...
  .. ..$ SD.varU    : num 725
 - attr(*, "class")= chr "BGLR"
NULL
List of 21
 $ y            : num [1:3646] 37 54.4 79 41.2 22.2 ...
 $ a            : NULL
 $ b            : NULL
 $ whichNa      : int [1:1011] 2636 2637 2638 2639 2640 2641 2642 2643 2644 2645 ...
 $ saveAt       : chr "X8/"
 $ nIter        : num 12000
 $ burnIn       : num 2000
 $ thin         : num 5
 $ weights      : num [1:3646] 1 1 1 1 1 1 1 1 1 1 ...
 $ verbose      : logi FALSE
 $ response_type: chr "gaussian"
 $ df0          : num 5
 $ S0           : num 2022
 $ yHat         : num [1:3646] 51.1 35.2 53.6 38.6 22.6 ...
 $ SD.yHat      : num [1:3646] 7.79 8.27 9.38 8.52 8.43 ...
 $ mu           : num 36.5
 $ SD.mu        : num 3.01
 $ varE         : num 474
 $ SD.varE      : num 21.1
 $ fit          :List of 4
  ..$ logLikAtPostMean: num -11661
  ..$ postMeanLogLik  : num -11856
  ..$ pD              : num 389
  ..$ DIC             : num 24100
 $ ETA          :List of 3
  ..$ :List of 15
  .. ..$ V          : num [1:3646, 1:6] 0 0 0 0 0 0 0 0 0 0 ...
  .. .. ..- attr(*, "dimnames")=List of 2
  .. .. .. ..$ : chr [1:3646] "2020-21_11.107-5" "2020-21_12.90-53" "2020-21_12.93-4" "2020-21_14.37-103" ...
  .. .. .. ..$ : NULL
  .. ..$ d          : num [1:6] 1011 918 450 447 435 ...
  .. ..$ model      : chr "RKHS"
  .. ..$ Name       : chr "ETA_1"
  .. ..$ tolD       : num 1e-10
  .. ..$ levelsU    : int 6
  .. ..$ df0        : num 5
  .. ..$ R2         : num 0.167
  .. ..$ S0         : num 1.53
  .. ..$ u          : num [1:3646] 0.0352 0.0352 0.0352 0.0352 0.0352 ...
  .. ..$ varU       : num 0.473
  .. ..$ uStar      : num [1:6] -0.056 0.1149 -0.3108 -0.0249 -0.7338 ...
  .. ..$ NamefileOut: chr "X8/ETA_1_varU.dat"
  .. ..$ SD.u       : num [1:3646] 0.707 0.707 0.707 0.707 0.707 ...
  .. ..$ SD.varU    : num 0.443
  ..$ :List of 15
  .. ..$ V          : num [1:3646, 1:2737] 0.408 0 0 0 0 ...
  .. .. ..- attr(*, "dimnames")=List of 2
  .. .. .. ..$ : chr [1:3646] "2020-21_11.107-5" "2020-21_12.90-53" "2020-21_12.93-4" "2020-21_14.37-103" ...
  .. .. .. ..$ : chr [1:2737] "11.107-5" "12.90-53" "12.93-4" "13.27-142" ...
  .. ..$ d          : Named num [1:2737] 6 1 3 1 1 1 1 1 2 1 ...
  .. .. ..- attr(*, "names")= chr [1:2737] "11.107-5" "12.90-53" "12.93-4" "13.27-142" ...
  .. ..$ model      : chr "RKHS"
  .. ..$ Name       : chr "ETA_2"
  .. ..$ tolD       : num 1e-10
  .. ..$ levelsU    : int 2737
  .. ..$ df0        : num 5
  .. ..$ R2         : num 0.167
  .. ..$ S0         : num 700
  .. ..$ u          : num [1:3646] 1.538 2.489 20.909 0.512 0.393 ...
  .. ..$ varU       : num 66.5
  .. ..$ uStar      : num [1:2737] 3.767 2.489 36.216 0.358 0.512 ...
  .. ..$ NamefileOut: chr "X8/ETA_2_varU.dat"
  .. ..$ SD.u       : num [1:3646] 6.09 7.64 7.92 7.66 7.41 ...
  .. ..$ SD.varU    : num 16.3
  ..$ :List of 15
  .. ..$ V          : num [1:3646, 1:576] 0.010764 0.006644 0.010142 0.00602 -0.000353 ...
  .. .. ..- attr(*, "dimnames")=List of 2
  .. .. .. ..$ : chr [1:3646] "2020-21_11.107-5" "2020-21_12.90-53" "2020-21_12.93-4" "2020-21_14.37-103" ...
  .. .. .. ..$ : NULL
  .. ..$ d          : num [1:576] 1718 767 374 228 121 ...
  .. ..$ model      : chr "RKHS"
  .. ..$ Name       : chr "ETA_3"
  .. ..$ tolD       : num 1e-10
  .. ..$ levelsU    : int 576
  .. ..$ df0        : num 5
  .. ..$ R2         : num 0.167
  .. ..$ S0         : num 147
  .. ..$ u          : num [1:3646] 13.03 -3.88 -3.9 1.5 -14.4 ...
  .. ..$ varU       : num 2447
  .. ..$ uStar      : num [1:576] -195.2 -10.3 216.9 560.9 -106.9 ...
  .. ..$ NamefileOut: chr "X8/ETA_3_varU.dat"
  .. ..$ SD.u       : num [1:3646] 5.9 4.81 6.01 5.24 5.35 ...
  .. ..$ SD.varU    : num 637
 - attr(*, "class")= chr "BGLR"
NULL
List of 21
 $ y            : num [1:3646] 37 54.4 79 41.2 22.2 ...
 $ a            : NULL
 $ b            : NULL
 $ whichNa      : int [1:1011] 2636 2637 2638 2639 2640 2641 2642 2643 2644 2645 ...
 $ saveAt       : chr "X8/"
 $ nIter        : num 12000
 $ burnIn       : num 2000
 $ thin         : num 5
 $ weights      : num [1:3646] 1 1 1 1 1 1 1 1 1 1 ...
 $ verbose      : logi FALSE
 $ response_type: chr "gaussian"
 $ df0          : num 5
 $ S0           : num 2022
 $ yHat         : num [1:3646] 51.1 35.2 53.6 38.6 22.6 ...
 $ SD.yHat      : num [1:3646] 7.79 8.27 9.38 8.52 8.43 ...
 $ mu           : num 36.5
 $ SD.mu        : num 3.01
 $ varE         : num 474
 $ SD.varE      : num 21.1
 $ fit          :List of 4
  ..$ logLikAtPostMean: num -11661
  ..$ postMeanLogLik  : num -11856
  ..$ pD              : num 389
  ..$ DIC             : num 24100
 $ ETA          :List of 3
  ..$ :List of 15
  .. ..$ V          : num [1:3646, 1:6] 0 0 0 0 0 0 0 0 0 0 ...
  .. .. ..- attr(*, "dimnames")=List of 2
  .. .. .. ..$ : chr [1:3646] "2020-21_11.107-5" "2020-21_12.90-53" "2020-21_12.93-4" "2020-21_14.37-103" ...
  .. .. .. ..$ : NULL
  .. ..$ d          : num [1:6] 1011 918 450 447 435 ...
  .. ..$ model      : chr "RKHS"
  .. ..$ Name       : chr "ETA_1"
  .. ..$ tolD       : num 1e-10
  .. ..$ levelsU    : int 6
  .. ..$ df0        : num 5
  .. ..$ R2         : num 0.167
  .. ..$ S0         : num 1.53
  .. ..$ u          : num [1:3646] 0.0352 0.0352 0.0352 0.0352 0.0352 ...
  .. ..$ varU       : num 0.473
  .. ..$ uStar      : num [1:6] -0.056 0.1149 -0.3108 -0.0249 -0.7338 ...
  .. ..$ NamefileOut: chr "X8/ETA_1_varU.dat"
  .. ..$ SD.u       : num [1:3646] 0.707 0.707 0.707 0.707 0.707 ...
  .. ..$ SD.varU    : num 0.443
  ..$ :List of 15
  .. ..$ V          : num [1:3646, 1:2737] 0.408 0 0 0 0 ...
  .. .. ..- attr(*, "dimnames")=List of 2
  .. .. .. ..$ : chr [1:3646] "2020-21_11.107-5" "2020-21_12.90-53" "2020-21_12.93-4" "2020-21_14.37-103" ...
  .. .. .. ..$ : chr [1:2737] "11.107-5" "12.90-53" "12.93-4" "13.27-142" ...
  .. ..$ d          : Named num [1:2737] 6 1 3 1 1 1 1 1 2 1 ...
  .. .. ..- attr(*, "names")= chr [1:2737] "11.107-5" "12.90-53" "12.93-4" "13.27-142" ...
  .. ..$ model      : chr "RKHS"
  .. ..$ Name       : chr "ETA_2"
  .. ..$ tolD       : num 1e-10
  .. ..$ levelsU    : int 2737
  .. ..$ df0        : num 5
  .. ..$ R2         : num 0.167
  .. ..$ S0         : num 700
  .. ..$ u          : num [1:3646] 1.538 2.489 20.909 0.512 0.393 ...
  .. ..$ varU       : num 66.5
  .. ..$ uStar      : num [1:2737] 3.767 2.489 36.216 0.358 0.512 ...
  .. ..$ NamefileOut: chr "X8/ETA_2_varU.dat"
  .. ..$ SD.u       : num [1:3646] 6.09 7.64 7.92 7.66 7.41 ...
  .. ..$ SD.varU    : num 16.3
  ..$ :List of 15
  .. ..$ V          : num [1:3646, 1:576] 0.010764 0.006644 0.010142 0.00602 -0.000353 ...
  .. .. ..- attr(*, "dimnames")=List of 2
  .. .. .. ..$ : chr [1:3646] "2020-21_11.107-5" "2020-21_12.90-53" "2020-21_12.93-4" "2020-21_14.37-103" ...
  .. .. .. ..$ : NULL
  .. ..$ d          : num [1:576] 1718 767 374 228 121 ...
  .. ..$ model      : chr "RKHS"
  .. ..$ Name       : chr "ETA_3"
  .. ..$ tolD       : num 1e-10
  .. ..$ levelsU    : int 576
  .. ..$ df0        : num 5
  .. ..$ R2         : num 0.167
  .. ..$ S0         : num 147
  .. ..$ u          : num [1:3646] 13.03 -3.88 -3.9 1.5 -14.4 ...
  .. ..$ varU       : num 2447
  .. ..$ uStar      : num [1:576] -195.2 -10.3 216.9 560.9 -106.9 ...
  .. ..$ NamefileOut: chr "X8/ETA_3_varU.dat"
  .. ..$ SD.u       : num [1:3646] 5.9 4.81 6.01 5.24 5.35 ...
  .. ..$ SD.varU    : num 637
 - attr(*, "class")= chr "BGLR"
NULL
List of 21
 $ y            : num [1:3646] 0.1023 0.00692 0.09019 0 0 ...
 $ a            : NULL
 $ b            : NULL
 $ whichNa      : int [1:1011] 2636 2637 2638 2639 2640 2641 2642 2643 2644 2645 ...
 $ saveAt       : chr "X1_cum/"
 $ nIter        : num 12000
 $ burnIn       : num 2000
 $ thin         : num 5
 $ weights      : num [1:3646] 1 1 1 1 1 1 1 1 1 1 ...
 $ verbose      : logi FALSE
 $ response_type: chr "gaussian"
 $ df0          : num 5
 $ S0           : num 144
 $ yHat         : num [1:3646] 5.1225 0.0738 -0.3061 0.0469 0.2964 ...
 $ SD.yHat      : num [1:3646] 1.51 2.74 1.81 2.72 2.77 ...
 $ mu           : num 4.24
 $ SD.mu        : num 0.653
 $ varE         : num 9.01
 $ SD.varE      : num 0.574
 $ fit          :List of 4
  ..$ logLikAtPostMean: num -5769
  ..$ postMeanLogLik  : num -6627
  ..$ pD              : num 1715
  ..$ DIC             : num 14969
 $ ETA          :List of 3
  ..$ :List of 15
  .. ..$ V          : num [1:3646, 1:6] 0 0 0 0 0 0 0 0 0 0 ...
  .. .. ..- attr(*, "dimnames")=List of 2
  .. .. .. ..$ : chr [1:3646] "2020-21_11.107-5" "2020-21_12.90-53" "2020-21_12.93-4" "2020-21_14.37-103" ...
  .. .. .. ..$ : NULL
  .. ..$ d          : num [1:6] 1011 918 450 447 435 ...
  .. ..$ model      : chr "RKHS"
  .. ..$ Name       : chr "ETA_1"
  .. ..$ tolD       : num 1e-10
  .. ..$ levelsU    : int 6
  .. ..$ df0        : num 5
  .. ..$ R2         : num 0.167
  .. ..$ S0         : num 0.109
  .. ..$ u          : num [1:3646] -0.631 -0.631 -0.631 -0.631 -0.631 ...
  .. ..$ varU       : num 1.13
  .. ..$ uStar      : num [1:6] 13.62 -4.2 9.38 10.6 13.15 ...
  .. ..$ NamefileOut: chr "X1_cum/ETA_1_varU.dat"
  .. ..$ SD.u       : num [1:3646] 1.71 1.71 1.71 1.71 1.71 ...
  .. ..$ SD.varU    : num 2.68
  ..$ :List of 15
  .. ..$ V          : num [1:3646, 1:2737] 0.408 0 0 0 0 ...
  .. .. ..- attr(*, "dimnames")=List of 2
  .. .. .. ..$ : chr [1:3646] "2020-21_11.107-5" "2020-21_12.90-53" "2020-21_12.93-4" "2020-21_14.37-103" ...
  .. .. .. ..$ : chr [1:2737] "11.107-5" "12.90-53" "12.93-4" "13.27-142" ...
  .. ..$ d          : Named num [1:2737] 6 1 3 1 1 1 1 1 2 1 ...
  .. .. ..- attr(*, "names")= chr [1:2737] "11.107-5" "12.90-53" "12.93-4" "13.27-142" ...
  .. ..$ model      : chr "RKHS"
  .. ..$ Name       : chr "ETA_2"
  .. ..$ tolD       : num 1e-10
  .. ..$ levelsU    : int 2737
  .. ..$ df0        : num 5
  .. ..$ R2         : num 0.167
  .. ..$ S0         : num 49.8
  .. ..$ u          : num [1:3646] 4.5797 -0.1491 -1.3913 -0.0702 -1.1219 ...
  .. ..$ varU       : num 44.6
  .. ..$ uStar      : num [1:2737] 11.218 -0.1491 -2.4097 -1.039 -0.0702 ...
  .. ..$ NamefileOut: chr "X1_cum/ETA_2_varU.dat"
  .. ..$ SD.u       : num [1:3646] 1.36 2.79 1.77 2.79 2.83 ...
  .. ..$ SD.varU    : num 1.9
  ..$ :List of 15
  .. ..$ V          : num [1:3646, 1:576] 0.010764 0.006644 0.010142 0.00602 -0.000353 ...
  .. .. ..- attr(*, "dimnames")=List of 2
  .. .. .. ..$ : chr [1:3646] "2020-21_11.107-5" "2020-21_12.90-53" "2020-21_12.93-4" "2020-21_14.37-103" ...
  .. .. .. ..$ : NULL
  .. ..$ d          : num [1:576] 1718 767 374 228 121 ...
  .. ..$ model      : chr "RKHS"
  .. ..$ Name       : chr "ETA_3"
  .. ..$ tolD       : num 1e-10
  .. ..$ levelsU    : int 576
  .. ..$ df0        : num 5
  .. ..$ R2         : num 0.167
  .. ..$ S0         : num 10.5
  .. ..$ u          : num [1:3646] -3.07 -3.39 -2.53 -3.49 -2.19 ...
  .. ..$ varU       : num 21.5
  .. ..$ uStar      : num [1:576] -124.25 48.89 9.11 -28.7 24.77 ...
  .. ..$ NamefileOut: chr "X1_cum/ETA_3_varU.dat"
  .. ..$ SD.u       : num [1:3646] 1.66 1.64 1.61 1.75 1.55 ...
  .. ..$ SD.varU    : num 10.2
 - attr(*, "class")= chr "BGLR"
NULL
List of 21
 $ y            : num [1:3646] 91.8 39 66.8 33 24.3 ...
 $ a            : NULL
 $ b            : NULL
 $ whichNa      : int [1:1011] 2636 2637 2638 2639 2640 2641 2642 2643 2644 2645 ...
 $ saveAt       : chr "X9/"
 $ nIter        : num 12000
 $ burnIn       : num 2000
 $ thin         : num 5
 $ weights      : num [1:3646] 1 1 1 1 1 1 1 1 1 1 ...
 $ verbose      : logi FALSE
 $ response_type: chr "gaussian"
 $ df0          : num 5
 $ S0           : num 3012
 $ yHat         : num [1:3646] 55.2 29.7 49 34.9 21.8 ...
 $ SD.yHat      : num [1:3646] 8.55 8.48 9.22 8.87 8.8 ...
 $ mu           : num 43.8
 $ SD.mu        : num 3.08
 $ varE         : num 562
 $ SD.varE      : num 21.8
 $ fit          :List of 4
  ..$ logLikAtPostMean: num -11898
  ..$ postMeanLogLik  : num -12080
  ..$ pD              : num 364
  ..$ DIC             : num 24524
 $ ETA          :List of 3
  ..$ :List of 15
  .. ..$ V          : num [1:3646, 1:6] 0 0 0 0 0 0 0 0 0 0 ...
  .. .. ..- attr(*, "dimnames")=List of 2
  .. .. .. ..$ : chr [1:3646] "2020-21_11.107-5" "2020-21_12.90-53" "2020-21_12.93-4" "2020-21_14.37-103" ...
  .. .. .. ..$ : NULL
  .. ..$ d          : num [1:6] 1011 918 450 447 435 ...
  .. ..$ model      : chr "RKHS"
  .. ..$ Name       : chr "ETA_1"
  .. ..$ tolD       : num 1e-10
  .. ..$ levelsU    : int 6
  .. ..$ df0        : num 5
  .. ..$ R2         : num 0.167
  .. ..$ S0         : num 2.29
  .. ..$ u          : num [1:3646] -0.0209 -0.0209 -0.0209 -0.0209 -0.0209 ...
  .. ..$ varU       : num 0.768
  .. ..$ uStar      : num [1:6] -0.362 -1.715 -0.2 3.206 0.435 ...
  .. ..$ NamefileOut: chr "X9/ETA_1_varU.dat"
  .. ..$ SD.u       : num [1:3646] 0.881 0.881 0.881 0.881 0.881 ...
  .. ..$ SD.varU    : num 0.921
  ..$ :List of 15
  .. ..$ V          : num [1:3646, 1:2737] 0.408 0 0 0 0 ...
  .. .. ..- attr(*, "dimnames")=List of 2
  .. .. .. ..$ : chr [1:3646] "2020-21_11.107-5" "2020-21_12.90-53" "2020-21_12.93-4" "2020-21_14.37-103" ...
  .. .. .. ..$ : chr [1:2737] "11.107-5" "12.90-53" "12.93-4" "13.27-142" ...
  .. ..$ d          : Named num [1:2737] 6 1 3 1 1 1 1 1 2 1 ...
  .. .. ..- attr(*, "names")= chr [1:2737] "11.107-5" "12.90-53" "12.93-4" "13.27-142" ...
  .. ..$ model      : chr "RKHS"
  .. ..$ Name       : chr "ETA_2"
  .. ..$ tolD       : num 1e-10
  .. ..$ levelsU    : int 2737
  .. ..$ df0        : num 5
  .. ..$ R2         : num 0.167
  .. ..$ S0         : num 1043
  .. ..$ u          : num [1:3646] 5.963 1.114 10.047 -0.22 0.358 ...
  .. ..$ varU       : num 69.6
  .. ..$ uStar      : num [1:2737] 14.61 1.11 17.4 -1.4 -0.22 ...
  .. ..$ NamefileOut: chr "X9/ETA_2_varU.dat"
  .. ..$ SD.u       : num [1:3646] 6.51 7.85 7.45 7.84 7.67 ...
  .. ..$ SD.varU    : num 14.9
  ..$ :List of 15
  .. ..$ V          : num [1:3646, 1:576] 0.010764 0.006644 0.010142 0.00602 -0.000353 ...
  .. .. ..- attr(*, "dimnames")=List of 2
  .. .. .. ..$ : chr [1:3646] "2020-21_11.107-5" "2020-21_12.90-53" "2020-21_12.93-4" "2020-21_14.37-103" ...
  .. .. .. ..$ : NULL
  .. ..$ d          : num [1:576] 1718 767 374 228 121 ...
  .. ..$ model      : chr "RKHS"
  .. ..$ Name       : chr "ETA_3"
  .. ..$ tolD       : num 1e-10
  .. ..$ levelsU    : int 576
  .. ..$ df0        : num 5
  .. ..$ R2         : num 0.167
  .. ..$ S0         : num 220
  .. ..$ u          : num [1:3646] 5.48 -15.17 -4.83 -8.63 -22.38 ...
  .. ..$ varU       : num 3224
  .. ..$ uStar      : num [1:576] 222.5 100.4 479.6 923.9 21.8 ...
  .. ..$ NamefileOut: chr "X9/ETA_3_varU.dat"
  .. ..$ SD.u       : num [1:3646] 6.59 5.27 6.73 5.47 5.8 ...
  .. ..$ SD.varU    : num 791
 - attr(*, "class")= chr "BGLR"
NULL
List of 21
 $ y            : num [1:3646] 91.8 39 66.8 33 24.3 ...
 $ a            : NULL
 $ b            : NULL
 $ whichNa      : int [1:1011] 2636 2637 2638 2639 2640 2641 2642 2643 2644 2645 ...
 $ saveAt       : chr "X9/"
 $ nIter        : num 12000
 $ burnIn       : num 2000
 $ thin         : num 5
 $ weights      : num [1:3646] 1 1 1 1 1 1 1 1 1 1 ...
 $ verbose      : logi FALSE
 $ response_type: chr "gaussian"
 $ df0          : num 5
 $ S0           : num 3012
 $ yHat         : num [1:3646] 55.2 29.7 49 34.9 21.8 ...
 $ SD.yHat      : num [1:3646] 8.55 8.48 9.22 8.87 8.8 ...
 $ mu           : num 43.8
 $ SD.mu        : num 3.08
 $ varE         : num 562
 $ SD.varE      : num 21.8
 $ fit          :List of 4
  ..$ logLikAtPostMean: num -11898
  ..$ postMeanLogLik  : num -12080
  ..$ pD              : num 364
  ..$ DIC             : num 24524
 $ ETA          :List of 3
  ..$ :List of 15
  .. ..$ V          : num [1:3646, 1:6] 0 0 0 0 0 0 0 0 0 0 ...
  .. .. ..- attr(*, "dimnames")=List of 2
  .. .. .. ..$ : chr [1:3646] "2020-21_11.107-5" "2020-21_12.90-53" "2020-21_12.93-4" "2020-21_14.37-103" ...
  .. .. .. ..$ : NULL
  .. ..$ d          : num [1:6] 1011 918 450 447 435 ...
  .. ..$ model      : chr "RKHS"
  .. ..$ Name       : chr "ETA_1"
  .. ..$ tolD       : num 1e-10
  .. ..$ levelsU    : int 6
  .. ..$ df0        : num 5
  .. ..$ R2         : num 0.167
  .. ..$ S0         : num 2.29
  .. ..$ u          : num [1:3646] -0.0209 -0.0209 -0.0209 -0.0209 -0.0209 ...
  .. ..$ varU       : num 0.768
  .. ..$ uStar      : num [1:6] -0.362 -1.715 -0.2 3.206 0.435 ...
  .. ..$ NamefileOut: chr "X9/ETA_1_varU.dat"
  .. ..$ SD.u       : num [1:3646] 0.881 0.881 0.881 0.881 0.881 ...
  .. ..$ SD.varU    : num 0.921
  ..$ :List of 15
  .. ..$ V          : num [1:3646, 1:2737] 0.408 0 0 0 0 ...
  .. .. ..- attr(*, "dimnames")=List of 2
  .. .. .. ..$ : chr [1:3646] "2020-21_11.107-5" "2020-21_12.90-53" "2020-21_12.93-4" "2020-21_14.37-103" ...
  .. .. .. ..$ : chr [1:2737] "11.107-5" "12.90-53" "12.93-4" "13.27-142" ...
  .. ..$ d          : Named num [1:2737] 6 1 3 1 1 1 1 1 2 1 ...
  .. .. ..- attr(*, "names")= chr [1:2737] "11.107-5" "12.90-53" "12.93-4" "13.27-142" ...
  .. ..$ model      : chr "RKHS"
  .. ..$ Name       : chr "ETA_2"
  .. ..$ tolD       : num 1e-10
  .. ..$ levelsU    : int 2737
  .. ..$ df0        : num 5
  .. ..$ R2         : num 0.167
  .. ..$ S0         : num 1043
  .. ..$ u          : num [1:3646] 5.963 1.114 10.047 -0.22 0.358 ...
  .. ..$ varU       : num 69.6
  .. ..$ uStar      : num [1:2737] 14.61 1.11 17.4 -1.4 -0.22 ...
  .. ..$ NamefileOut: chr "X9/ETA_2_varU.dat"
  .. ..$ SD.u       : num [1:3646] 6.51 7.85 7.45 7.84 7.67 ...
  .. ..$ SD.varU    : num 14.9
  ..$ :List of 15
  .. ..$ V          : num [1:3646, 1:576] 0.010764 0.006644 0.010142 0.00602 -0.000353 ...
  .. .. ..- attr(*, "dimnames")=List of 2
  .. .. .. ..$ : chr [1:3646] "2020-21_11.107-5" "2020-21_12.90-53" "2020-21_12.93-4" "2020-21_14.37-103" ...
  .. .. .. ..$ : NULL
  .. ..$ d          : num [1:576] 1718 767 374 228 121 ...
  .. ..$ model      : chr "RKHS"
  .. ..$ Name       : chr "ETA_3"
  .. ..$ tolD       : num 1e-10
  .. ..$ levelsU    : int 576
  .. ..$ df0        : num 5
  .. ..$ R2         : num 0.167
  .. ..$ S0         : num 220
  .. ..$ u          : num [1:3646] 5.48 -15.17 -4.83 -8.63 -22.38 ...
  .. ..$ varU       : num 3224
  .. ..$ uStar      : num [1:576] 222.5 100.4 479.6 923.9 21.8 ...
  .. ..$ NamefileOut: chr "X9/ETA_3_varU.dat"
  .. ..$ SD.u       : num [1:3646] 6.59 5.27 6.73 5.47 5.8 ...
  .. ..$ SD.varU    : num 791
 - attr(*, "class")= chr "BGLR"
NULL
List of 21
 $ y            : num [1:3646] 91.8 39 66.8 33 24.3 ...
 $ a            : NULL
 $ b            : NULL
 $ whichNa      : int [1:1011] 2636 2637 2638 2639 2640 2641 2642 2643 2644 2645 ...
 $ saveAt       : chr "X9/"
 $ nIter        : num 12000
 $ burnIn       : num 2000
 $ thin         : num 5
 $ weights      : num [1:3646] 1 1 1 1 1 1 1 1 1 1 ...
 $ verbose      : logi FALSE
 $ response_type: chr "gaussian"
 $ df0          : num 5
 $ S0           : num 3012
 $ yHat         : num [1:3646] 55.2 29.7 49 34.9 21.8 ...
 $ SD.yHat      : num [1:3646] 8.55 8.48 9.22 8.87 8.8 ...
 $ mu           : num 43.8
 $ SD.mu        : num 3.08
 $ varE         : num 562
 $ SD.varE      : num 21.8
 $ fit          :List of 4
  ..$ logLikAtPostMean: num -11898
  ..$ postMeanLogLik  : num -12080
  ..$ pD              : num 364
  ..$ DIC             : num 24524
 $ ETA          :List of 3
  ..$ :List of 15
  .. ..$ V          : num [1:3646, 1:6] 0 0 0 0 0 0 0 0 0 0 ...
  .. .. ..- attr(*, "dimnames")=List of 2
  .. .. .. ..$ : chr [1:3646] "2020-21_11.107-5" "2020-21_12.90-53" "2020-21_12.93-4" "2020-21_14.37-103" ...
  .. .. .. ..$ : NULL
  .. ..$ d          : num [1:6] 1011 918 450 447 435 ...
  .. ..$ model      : chr "RKHS"
  .. ..$ Name       : chr "ETA_1"
  .. ..$ tolD       : num 1e-10
  .. ..$ levelsU    : int 6
  .. ..$ df0        : num 5
  .. ..$ R2         : num 0.167
  .. ..$ S0         : num 2.29
  .. ..$ u          : num [1:3646] -0.0209 -0.0209 -0.0209 -0.0209 -0.0209 ...
  .. ..$ varU       : num 0.768
  .. ..$ uStar      : num [1:6] -0.362 -1.715 -0.2 3.206 0.435 ...
  .. ..$ NamefileOut: chr "X9/ETA_1_varU.dat"
  .. ..$ SD.u       : num [1:3646] 0.881 0.881 0.881 0.881 0.881 ...
  .. ..$ SD.varU    : num 0.921
  ..$ :List of 15
  .. ..$ V          : num [1:3646, 1:2737] 0.408 0 0 0 0 ...
  .. .. ..- attr(*, "dimnames")=List of 2
  .. .. .. ..$ : chr [1:3646] "2020-21_11.107-5" "2020-21_12.90-53" "2020-21_12.93-4" "2020-21_14.37-103" ...
  .. .. .. ..$ : chr [1:2737] "11.107-5" "12.90-53" "12.93-4" "13.27-142" ...
  .. ..$ d          : Named num [1:2737] 6 1 3 1 1 1 1 1 2 1 ...
  .. .. ..- attr(*, "names")= chr [1:2737] "11.107-5" "12.90-53" "12.93-4" "13.27-142" ...
  .. ..$ model      : chr "RKHS"
  .. ..$ Name       : chr "ETA_2"
  .. ..$ tolD       : num 1e-10
  .. ..$ levelsU    : int 2737
  .. ..$ df0        : num 5
  .. ..$ R2         : num 0.167
  .. ..$ S0         : num 1043
  .. ..$ u          : num [1:3646] 5.963 1.114 10.047 -0.22 0.358 ...
  .. ..$ varU       : num 69.6
  .. ..$ uStar      : num [1:2737] 14.61 1.11 17.4 -1.4 -0.22 ...
  .. ..$ NamefileOut: chr "X9/ETA_2_varU.dat"
  .. ..$ SD.u       : num [1:3646] 6.51 7.85 7.45 7.84 7.67 ...
  .. ..$ SD.varU    : num 14.9
  ..$ :List of 15
  .. ..$ V          : num [1:3646, 1:576] 0.010764 0.006644 0.010142 0.00602 -0.000353 ...
  .. .. ..- attr(*, "dimnames")=List of 2
  .. .. .. ..$ : chr [1:3646] "2020-21_11.107-5" "2020-21_12.90-53" "2020-21_12.93-4" "2020-21_14.37-103" ...
  .. .. .. ..$ : NULL
  .. ..$ d          : num [1:576] 1718 767 374 228 121 ...
  .. ..$ model      : chr "RKHS"
  .. ..$ Name       : chr "ETA_3"
  .. ..$ tolD       : num 1e-10
  .. ..$ levelsU    : int 576
  .. ..$ df0        : num 5
  .. ..$ R2         : num 0.167
  .. ..$ S0         : num 220
  .. ..$ u          : num [1:3646] 5.48 -15.17 -4.83 -8.63 -22.38 ...
  .. ..$ varU       : num 3224
  .. ..$ uStar      : num [1:576] 222.5 100.4 479.6 923.9 21.8 ...
  .. ..$ NamefileOut: chr "X9/ETA_3_varU.dat"
  .. ..$ SD.u       : num [1:3646] 6.59 5.27 6.73 5.47 5.8 ...
  .. ..$ SD.varU    : num 791
 - attr(*, "class")= chr "BGLR"
NULL
List of 21
 $ y            : num [1:3646] 0.1023 5.6562 0.0967 4.7282 3.2936 ...
 $ a            : NULL
 $ b            : NULL
 $ whichNa      : int [1:1011] 2636 2637 2638 2639 2640 2641 2642 2643 2644 2645 ...
 $ saveAt       : chr "X2_cum/"
 $ nIter        : num 12000
 $ burnIn       : num 2000
 $ thin         : num 5
 $ weights      : num [1:3646] 1 1 1 1 1 1 1 1 1 1 ...
 $ verbose      : logi FALSE
 $ response_type: chr "gaussian"
 $ df0          : num 5
 $ S0           : num 845
 $ yHat         : num [1:3646] 14.52 5.11 6.89 4.22 3.71 ...
 $ SD.yHat      : num [1:3646] 3.91 6.22 4.45 6.18 6.17 ...
 $ mu           : num 17.5
 $ SD.mu        : num 1.35
 $ varE         : num 51.1
 $ SD.varE      : num 3.59
 $ fit          :List of 4
  ..$ logLikAtPostMean: num -8101
  ..$ postMeanLogLik  : num -8913
  ..$ pD              : num 1623
  ..$ DIC             : num 19448
 $ ETA          :List of 3
  ..$ :List of 15
  .. ..$ V          : num [1:3646, 1:6] 0 0 0 0 0 0 0 0 0 0 ...
  .. .. ..- attr(*, "dimnames")=List of 2
  .. .. .. ..$ : chr [1:3646] "2020-21_11.107-5" "2020-21_12.90-53" "2020-21_12.93-4" "2020-21_14.37-103" ...
  .. .. .. ..$ : NULL
  .. ..$ d          : num [1:6] 1011 918 450 447 435 ...
  .. ..$ model      : chr "RKHS"
  .. ..$ Name       : chr "ETA_1"
  .. ..$ tolD       : num 1e-10
  .. ..$ levelsU    : int 6
  .. ..$ df0        : num 5
  .. ..$ R2         : num 0.167
  .. ..$ S0         : num 0.642
  .. ..$ u          : num [1:3646] -0.0321 -0.0321 -0.0321 -0.0321 -0.0321 ...
  .. ..$ varU       : num 0.232
  .. ..$ uStar      : num [1:6] -0.431 -0.295 1.127 0.988 0.669 ...
  .. ..$ NamefileOut: chr "X2_cum/ETA_1_varU.dat"
  .. ..$ SD.u       : num [1:3646] 0.489 0.489 0.489 0.489 0.489 ...
  .. ..$ SD.varU    : num 0.286
  ..$ :List of 15
  .. ..$ V          : num [1:3646, 1:2737] 0.408 0 0 0 0 ...
  .. .. ..- attr(*, "dimnames")=List of 2
  .. .. .. ..$ : chr [1:3646] "2020-21_11.107-5" "2020-21_12.90-53" "2020-21_12.93-4" "2020-21_14.37-103" ...
  .. .. .. ..$ : chr [1:2737] "11.107-5" "12.90-53" "12.93-4" "13.27-142" ...
  .. ..$ d          : Named num [1:2737] 6 1 3 1 1 1 1 1 2 1 ...
  .. .. ..- attr(*, "names")= chr [1:2737] "11.107-5" "12.90-53" "12.93-4" "13.27-142" ...
  .. ..$ model      : chr "RKHS"
  .. ..$ Name       : chr "ETA_2"
  .. ..$ tolD       : num 1e-10
  .. ..$ levelsU    : int 2737
  .. ..$ df0        : num 5
  .. ..$ R2         : num 0.167
  .. ..$ S0         : num 293
  .. ..$ u          : num [1:3646] 7.323 1.412 0.416 1.055 -0.938 ...
  .. ..$ varU       : num 165
  .. ..$ uStar      : num [1:2737] 17.94 1.41 0.72 13.27 1.05 ...
  .. ..$ NamefileOut: chr "X2_cum/ETA_2_varU.dat"
  .. ..$ SD.u       : num [1:3646] 3.38 6.36 4.26 6.43 6.38 ...
  .. ..$ SD.varU    : num 8.29
  ..$ :List of 15
  .. ..$ V          : num [1:3646, 1:576] 0.010764 0.006644 0.010142 0.00602 -0.000353 ...
  .. .. ..- attr(*, "dimnames")=List of 2
  .. .. .. ..$ : chr [1:3646] "2020-21_11.107-5" "2020-21_12.90-53" "2020-21_12.93-4" "2020-21_14.37-103" ...
  .. .. .. ..$ : NULL
  .. ..$ d          : num [1:576] 1718 767 374 228 121 ...
  .. ..$ model      : chr "RKHS"
  .. ..$ Name       : chr "ETA_3"
  .. ..$ tolD       : num 1e-10
  .. ..$ levelsU    : int 576
  .. ..$ df0        : num 5
  .. ..$ R2         : num 0.167
  .. ..$ S0         : num 61.6
  .. ..$ u          : num [1:3646] -10.3 -13.8 -11 -14.4 -12.9 ...
  .. ..$ varU       : num 624
  .. ..$ uStar      : num [1:576] -541.17 266.73 91.78 -147.97 3.83 ...
  .. ..$ NamefileOut: chr "X2_cum/ETA_3_varU.dat"
  .. ..$ SD.u       : num [1:3646] 2.96 2.33 3.19 2.53 2.77 ...
  .. ..$ SD.varU    : num 158
 - attr(*, "class")= chr "BGLR"
NULL
List of 21
 $ y            : num [1:3646] 154.538 29.272 69.207 65.857 0.606 ...
 $ a            : NULL
 $ b            : NULL
 $ whichNa      : int [1:1011] 2636 2637 2638 2639 2640 2641 2642 2643 2644 2645 ...
 $ saveAt       : chr "X10/"
 $ nIter        : num 12000
 $ burnIn       : num 2000
 $ thin         : num 5
 $ weights      : num [1:3646] 1 1 1 1 1 1 1 1 1 1 ...
 $ verbose      : logi FALSE
 $ response_type: chr "gaussian"
 $ df0          : num 5
 $ S0           : num 3450
 $ yHat         : num [1:3646] 55.75 30.46 48.31 30.79 8.56 ...
 $ SD.yHat      : num [1:3646] 8.2 7.97 8.57 8.25 8.61 ...
 $ mu           : num 30.8
 $ SD.mu        : num 2.86
 $ varE         : num 525
 $ SD.varE      : num 18.8
 $ fit          :List of 4
  ..$ logLikAtPostMean: num -11815
  ..$ postMeanLogLik  : num -11989
  ..$ pD              : num 348
  ..$ DIC             : num 24326
 $ ETA          :List of 3
  ..$ :List of 15
  .. ..$ V          : num [1:3646, 1:6] 0 0 0 0 0 0 0 0 0 0 ...
  .. .. ..- attr(*, "dimnames")=List of 2
  .. .. .. ..$ : chr [1:3646] "2020-21_11.107-5" "2020-21_12.90-53" "2020-21_12.93-4" "2020-21_14.37-103" ...
  .. .. .. ..$ : NULL
  .. ..$ d          : num [1:6] 1011 918 450 447 435 ...
  .. ..$ model      : chr "RKHS"
  .. ..$ Name       : chr "ETA_1"
  .. ..$ tolD       : num 1e-10
  .. ..$ levelsU    : int 6
  .. ..$ df0        : num 5
  .. ..$ R2         : num 0.167
  .. ..$ S0         : num 2.62
  .. ..$ u          : num [1:3646] -0.00362 -0.00362 -0.00362 -0.00362 -0.00362 ...
  .. ..$ varU       : num 0.925
  .. ..$ uStar      : num [1:6] 0.3808 -2.6095 2.153 3.046 0.0755 ...
  .. ..$ NamefileOut: chr "X10/ETA_1_varU.dat"
  .. ..$ SD.u       : num [1:3646] 0.96 0.96 0.96 0.96 0.96 ...
  .. ..$ SD.varU    : num 1.27
  ..$ :List of 15
  .. ..$ V          : num [1:3646, 1:2737] 0.408 0 0 0 0 ...
  .. .. ..- attr(*, "dimnames")=List of 2
  .. .. .. ..$ : chr [1:3646] "2020-21_11.107-5" "2020-21_12.90-53" "2020-21_12.93-4" "2020-21_14.37-103" ...
  .. .. .. ..$ : chr [1:2737] "11.107-5" "12.90-53" "12.93-4" "13.27-142" ...
  .. ..$ d          : Named num [1:2737] 6 1 3 1 1 1 1 1 2 1 ...
  .. .. ..- attr(*, "names")= chr [1:2737] "11.107-5" "12.90-53" "12.93-4" "13.27-142" ...
  .. ..$ model      : chr "RKHS"
  .. ..$ Name       : chr "ETA_2"
  .. ..$ tolD       : num 1e-10
  .. ..$ levelsU    : int 2737
  .. ..$ df0        : num 5
  .. ..$ R2         : num 0.167
  .. ..$ S0         : num 1195
  .. ..$ u          : num [1:3646] 6.366 -0.203 5.305 4.263 -0.934 ...
  .. ..$ varU       : num 61.4
  .. ..$ uStar      : num [1:2737] 15.594 -0.203 9.189 -4.306 4.263 ...
  .. ..$ NamefileOut: chr "X10/ETA_2_varU.dat"
  .. ..$ SD.u       : num [1:3646] 6.16 7.31 6.79 7.44 7.46 ...
  .. ..$ SD.varU    : num 10
  ..$ :List of 15
  .. ..$ V          : num [1:3646, 1:576] 0.010764 0.006644 0.010142 0.00602 -0.000353 ...
  .. .. ..- attr(*, "dimnames")=List of 2
  .. .. .. ..$ : chr [1:3646] "2020-21_11.107-5" "2020-21_12.90-53" "2020-21_12.93-4" "2020-21_14.37-103" ...
  .. .. .. ..$ : NULL
  .. ..$ d          : num [1:576] 1718 767 374 228 121 ...
  .. ..$ model      : chr "RKHS"
  .. ..$ Name       : chr "ETA_3"
  .. ..$ tolD       : num 1e-10
  .. ..$ levelsU    : int 576
  .. ..$ df0        : num 5
  .. ..$ R2         : num 0.167
  .. ..$ S0         : num 251
  .. ..$ u          : num [1:3646] 18.599 -0.129 12.215 -4.266 -21.291 ...
  .. ..$ varU       : num 2636
  .. ..$ uStar      : num [1:576] 1450 345 -204 161 381 ...
  .. ..$ NamefileOut: chr "X10/ETA_3_varU.dat"
  .. ..$ SD.u       : num [1:3646] 6.49 4.93 6.27 5.07 5.58 ...
  .. ..$ SD.varU    : num 725
 - attr(*, "class")= chr "BGLR"
NULL
List of 21
 $ y            : num [1:3646] 0.488 5.656 0.158 4.728 11.634 ...
 $ a            : NULL
 $ b            : NULL
 $ whichNa      : int [1:1011] 2636 2637 2638 2639 2640 2641 2642 2643 2644 2645 ...
 $ saveAt       : chr "X3_cum/"
 $ nIter        : num 12000
 $ burnIn       : num 2000
 $ thin         : num 5
 $ weights      : num [1:3646] 1 1 1 1 1 1 1 1 1 1 ...
 $ verbose      : logi FALSE
 $ response_type: chr "gaussian"
 $ df0          : num 5
 $ S0           : num 1647
 $ yHat         : num [1:3646] 25.96 4.97 12.49 7.95 8.7 ...
 $ SD.yHat      : num [1:3646] 6.77 9.23 7.44 9.2 9.28 ...
 $ mu           : num 44
 $ SD.mu        : num 2.82
 $ varE         : num 182
 $ SD.varE      : num 14.3
 $ fit          :List of 4
  ..$ logLikAtPostMean: num -10045
  ..$ postMeanLogLik  : num -10587
  ..$ pD              : num 1084
  ..$ DIC             : num 22257
 $ ETA          :List of 3
  ..$ :List of 15
  .. ..$ V          : num [1:3646, 1:6] 0 0 0 0 0 0 0 0 0 0 ...
  .. .. ..- attr(*, "dimnames")=List of 2
  .. .. .. ..$ : chr [1:3646] "2020-21_11.107-5" "2020-21_12.90-53" "2020-21_12.93-4" "2020-21_14.37-103" ...
  .. .. .. ..$ : NULL
  .. ..$ d          : num [1:6] 1011 918 450 447 435 ...
  .. ..$ model      : chr "RKHS"
  .. ..$ Name       : chr "ETA_1"
  .. ..$ tolD       : num 1e-10
  .. ..$ levelsU    : int 6
  .. ..$ df0        : num 5
  .. ..$ R2         : num 0.167
  .. ..$ S0         : num 1.25
  .. ..$ u          : num [1:3646] -0.0144 -0.0144 -0.0144 -0.0144 -0.0144 ...
  .. ..$ varU       : num 0.432
  .. ..$ uStar      : num [1:6] -0.174 -0.28 0.917 -0.727 0.3 ...
  .. ..$ NamefileOut: chr "X3_cum/ETA_1_varU.dat"
  .. ..$ SD.u       : num [1:3646] 0.626 0.626 0.626 0.626 0.626 ...
  .. ..$ SD.varU    : num 0.505
  ..$ :List of 15
  .. ..$ V          : num [1:3646, 1:2737] 0.408 0 0 0 0 ...
  .. .. ..- attr(*, "dimnames")=List of 2
  .. .. .. ..$ : chr [1:3646] "2020-21_11.107-5" "2020-21_12.90-53" "2020-21_12.93-4" "2020-21_14.37-103" ...
  .. .. .. ..$ : chr [1:2737] "11.107-5" "12.90-53" "12.93-4" "13.27-142" ...
  .. ..$ d          : Named num [1:2737] 6 1 3 1 1 1 1 1 2 1 ...
  .. .. ..- attr(*, "names")= chr [1:2737] "11.107-5" "12.90-53" "12.93-4" "13.27-142" ...
  .. ..$ model      : chr "RKHS"
  .. ..$ Name       : chr "ETA_2"
  .. ..$ tolD       : num 1e-10
  .. ..$ levelsU    : int 2737
  .. ..$ df0        : num 5
  .. ..$ R2         : num 0.167
  .. ..$ S0         : num 570
  .. ..$ u          : num [1:3646] 6.291 0.948 4.129 -2.814 2.169 ...
  .. ..$ varU       : num 152
  .. ..$ uStar      : num [1:2737] 15.41 0.948 7.151 12.587 -2.814 ...
  .. ..$ NamefileOut: chr "X3_cum/ETA_2_varU.dat"
  .. ..$ SD.u       : num [1:3646] 5.58 9.16 6.76 9.17 9.3 ...
  .. ..$ SD.varU    : num 18.4
  ..$ :List of 15
  .. ..$ V          : num [1:3646, 1:576] 0.010764 0.006644 0.010142 0.00602 -0.000353 ...
  .. .. ..- attr(*, "dimnames")=List of 2
  .. .. .. ..$ : chr [1:3646] "2020-21_11.107-5" "2020-21_12.90-53" "2020-21_12.93-4" "2020-21_14.37-103" ...
  .. .. .. ..$ : NULL
  .. ..$ d          : num [1:576] 1718 767 374 228 121 ...
  .. ..$ model      : chr "RKHS"
  .. ..$ Name       : chr "ETA_3"
  .. ..$ tolD       : num 1e-10
  .. ..$ levelsU    : int 576
  .. ..$ df0        : num 5
  .. ..$ R2         : num 0.167
  .. ..$ S0         : num 120
  .. ..$ u          : num [1:3646] -24.3 -39.9 -35.6 -33.2 -37.4 ...
  .. ..$ varU       : num 3540
  .. ..$ uStar      : num [1:576] -1061 562 1057 -291 -468 ...
  .. ..$ NamefileOut: chr "X3_cum/ETA_3_varU.dat"
  .. ..$ SD.u       : num [1:3646] 5.28 4.53 5.6 4.69 5.05 ...
  .. ..$ SD.varU    : num 646
 - attr(*, "class")= chr "BGLR"
NULL
List of 21
 $ y            : num [1:3646] 154.538 29.272 69.207 65.857 0.606 ...
 $ a            : NULL
 $ b            : NULL
 $ whichNa      : int [1:1011] 2636 2637 2638 2639 2640 2641 2642 2643 2644 2645 ...
 $ saveAt       : chr "X10/"
 $ nIter        : num 12000
 $ burnIn       : num 2000
 $ thin         : num 5
 $ weights      : num [1:3646] 1 1 1 1 1 1 1 1 1 1 ...
 $ verbose      : logi FALSE
 $ response_type: chr "gaussian"
 $ df0          : num 5
 $ S0           : num 3450
 $ yHat         : num [1:3646] 55.75 30.46 48.31 30.79 8.56 ...
 $ SD.yHat      : num [1:3646] 8.2 7.97 8.57 8.25 8.61 ...
 $ mu           : num 30.8
 $ SD.mu        : num 2.86
 $ varE         : num 525
 $ SD.varE      : num 18.8
 $ fit          :List of 4
  ..$ logLikAtPostMean: num -11815
  ..$ postMeanLogLik  : num -11989
  ..$ pD              : num 348
  ..$ DIC             : num 24326
 $ ETA          :List of 3
  ..$ :List of 15
  .. ..$ V          : num [1:3646, 1:6] 0 0 0 0 0 0 0 0 0 0 ...
  .. .. ..- attr(*, "dimnames")=List of 2
  .. .. .. ..$ : chr [1:3646] "2020-21_11.107-5" "2020-21_12.90-53" "2020-21_12.93-4" "2020-21_14.37-103" ...
  .. .. .. ..$ : NULL
  .. ..$ d          : num [1:6] 1011 918 450 447 435 ...
  .. ..$ model      : chr "RKHS"
  .. ..$ Name       : chr "ETA_1"
  .. ..$ tolD       : num 1e-10
  .. ..$ levelsU    : int 6
  .. ..$ df0        : num 5
  .. ..$ R2         : num 0.167
  .. ..$ S0         : num 2.62
  .. ..$ u          : num [1:3646] -0.00362 -0.00362 -0.00362 -0.00362 -0.00362 ...
  .. ..$ varU       : num 0.925
  .. ..$ uStar      : num [1:6] 0.3808 -2.6095 2.153 3.046 0.0755 ...
  .. ..$ NamefileOut: chr "X10/ETA_1_varU.dat"
  .. ..$ SD.u       : num [1:3646] 0.96 0.96 0.96 0.96 0.96 ...
  .. ..$ SD.varU    : num 1.27
  ..$ :List of 15
  .. ..$ V          : num [1:3646, 1:2737] 0.408 0 0 0 0 ...
  .. .. ..- attr(*, "dimnames")=List of 2
  .. .. .. ..$ : chr [1:3646] "2020-21_11.107-5" "2020-21_12.90-53" "2020-21_12.93-4" "2020-21_14.37-103" ...
  .. .. .. ..$ : chr [1:2737] "11.107-5" "12.90-53" "12.93-4" "13.27-142" ...
  .. ..$ d          : Named num [1:2737] 6 1 3 1 1 1 1 1 2 1 ...
  .. .. ..- attr(*, "names")= chr [1:2737] "11.107-5" "12.90-53" "12.93-4" "13.27-142" ...
  .. ..$ model      : chr "RKHS"
  .. ..$ Name       : chr "ETA_2"
  .. ..$ tolD       : num 1e-10
  .. ..$ levelsU    : int 2737
  .. ..$ df0        : num 5
  .. ..$ R2         : num 0.167
  .. ..$ S0         : num 1195
  .. ..$ u          : num [1:3646] 6.366 -0.203 5.305 4.263 -0.934 ...
  .. ..$ varU       : num 61.4
  .. ..$ uStar      : num [1:2737] 15.594 -0.203 9.189 -4.306 4.263 ...
  .. ..$ NamefileOut: chr "X10/ETA_2_varU.dat"
  .. ..$ SD.u       : num [1:3646] 6.16 7.31 6.79 7.44 7.46 ...
  .. ..$ SD.varU    : num 10
  ..$ :List of 15
  .. ..$ V          : num [1:3646, 1:576] 0.010764 0.006644 0.010142 0.00602 -0.000353 ...
  .. .. ..- attr(*, "dimnames")=List of 2
  .. .. .. ..$ : chr [1:3646] "2020-21_11.107-5" "2020-21_12.90-53" "2020-21_12.93-4" "2020-21_14.37-103" ...
  .. .. .. ..$ : NULL
  .. ..$ d          : num [1:576] 1718 767 374 228 121 ...
  .. ..$ model      : chr "RKHS"
  .. ..$ Name       : chr "ETA_3"
  .. ..$ tolD       : num 1e-10
  .. ..$ levelsU    : int 576
  .. ..$ df0        : num 5
  .. ..$ R2         : num 0.167
  .. ..$ S0         : num 251
  .. ..$ u          : num [1:3646] 18.599 -0.129 12.215 -4.266 -21.291 ...
  .. ..$ varU       : num 2636
  .. ..$ uStar      : num [1:576] 1450 345 -204 161 381 ...
  .. ..$ NamefileOut: chr "X10/ETA_3_varU.dat"
  .. ..$ SD.u       : num [1:3646] 6.49 4.93 6.27 5.07 5.58 ...
  .. ..$ SD.varU    : num 725
 - attr(*, "class")= chr "BGLR"
NULL
List of 21
 $ y            : num [1:3646] 154.538 29.272 69.207 65.857 0.606 ...
 $ a            : NULL
 $ b            : NULL
 $ whichNa      : int [1:1011] 2636 2637 2638 2639 2640 2641 2642 2643 2644 2645 ...
 $ saveAt       : chr "X10/"
 $ nIter        : num 12000
 $ burnIn       : num 2000
 $ thin         : num 5
 $ weights      : num [1:3646] 1 1 1 1 1 1 1 1 1 1 ...
 $ verbose      : logi FALSE
 $ response_type: chr "gaussian"
 $ df0          : num 5
 $ S0           : num 3450
 $ yHat         : num [1:3646] 55.75 30.46 48.31 30.79 8.56 ...
 $ SD.yHat      : num [1:3646] 8.2 7.97 8.57 8.25 8.61 ...
 $ mu           : num 30.8
 $ SD.mu        : num 2.86
 $ varE         : num 525
 $ SD.varE      : num 18.8
 $ fit          :List of 4
  ..$ logLikAtPostMean: num -11815
  ..$ postMeanLogLik  : num -11989
  ..$ pD              : num 348
  ..$ DIC             : num 24326
 $ ETA          :List of 3
  ..$ :List of 15
  .. ..$ V          : num [1:3646, 1:6] 0 0 0 0 0 0 0 0 0 0 ...
  .. .. ..- attr(*, "dimnames")=List of 2
  .. .. .. ..$ : chr [1:3646] "2020-21_11.107-5" "2020-21_12.90-53" "2020-21_12.93-4" "2020-21_14.37-103" ...
  .. .. .. ..$ : NULL
  .. ..$ d          : num [1:6] 1011 918 450 447 435 ...
  .. ..$ model      : chr "RKHS"
  .. ..$ Name       : chr "ETA_1"
  .. ..$ tolD       : num 1e-10
  .. ..$ levelsU    : int 6
  .. ..$ df0        : num 5
  .. ..$ R2         : num 0.167
  .. ..$ S0         : num 2.62
  .. ..$ u          : num [1:3646] -0.00362 -0.00362 -0.00362 -0.00362 -0.00362 ...
  .. ..$ varU       : num 0.925
  .. ..$ uStar      : num [1:6] 0.3808 -2.6095 2.153 3.046 0.0755 ...
  .. ..$ NamefileOut: chr "X10/ETA_1_varU.dat"
  .. ..$ SD.u       : num [1:3646] 0.96 0.96 0.96 0.96 0.96 ...
  .. ..$ SD.varU    : num 1.27
  ..$ :List of 15
  .. ..$ V          : num [1:3646, 1:2737] 0.408 0 0 0 0 ...
  .. .. ..- attr(*, "dimnames")=List of 2
  .. .. .. ..$ : chr [1:3646] "2020-21_11.107-5" "2020-21_12.90-53" "2020-21_12.93-4" "2020-21_14.37-103" ...
  .. .. .. ..$ : chr [1:2737] "11.107-5" "12.90-53" "12.93-4" "13.27-142" ...
  .. ..$ d          : Named num [1:2737] 6 1 3 1 1 1 1 1 2 1 ...
  .. .. ..- attr(*, "names")= chr [1:2737] "11.107-5" "12.90-53" "12.93-4" "13.27-142" ...
  .. ..$ model      : chr "RKHS"
  .. ..$ Name       : chr "ETA_2"
  .. ..$ tolD       : num 1e-10
  .. ..$ levelsU    : int 2737
  .. ..$ df0        : num 5
  .. ..$ R2         : num 0.167
  .. ..$ S0         : num 1195
  .. ..$ u          : num [1:3646] 6.366 -0.203 5.305 4.263 -0.934 ...
  .. ..$ varU       : num 61.4
  .. ..$ uStar      : num [1:2737] 15.594 -0.203 9.189 -4.306 4.263 ...
  .. ..$ NamefileOut: chr "X10/ETA_2_varU.dat"
  .. ..$ SD.u       : num [1:3646] 6.16 7.31 6.79 7.44 7.46 ...
  .. ..$ SD.varU    : num 10
  ..$ :List of 15
  .. ..$ V          : num [1:3646, 1:576] 0.010764 0.006644 0.010142 0.00602 -0.000353 ...
  .. .. ..- attr(*, "dimnames")=List of 2
  .. .. .. ..$ : chr [1:3646] "2020-21_11.107-5" "2020-21_12.90-53" "2020-21_12.93-4" "2020-21_14.37-103" ...
  .. .. .. ..$ : NULL
  .. ..$ d          : num [1:576] 1718 767 374 228 121 ...
  .. ..$ model      : chr "RKHS"
  .. ..$ Name       : chr "ETA_3"
  .. ..$ tolD       : num 1e-10
  .. ..$ levelsU    : int 576
  .. ..$ df0        : num 5
  .. ..$ R2         : num 0.167
  .. ..$ S0         : num 251
  .. ..$ u          : num [1:3646] 18.599 -0.129 12.215 -4.266 -21.291 ...
  .. ..$ varU       : num 2636
  .. ..$ uStar      : num [1:576] 1450 345 -204 161 381 ...
  .. ..$ NamefileOut: chr "X10/ETA_3_varU.dat"
  .. ..$ SD.u       : num [1:3646] 6.49 4.93 6.27 5.07 5.58 ...
  .. ..$ SD.varU    : num 725
 - attr(*, "class")= chr "BGLR"
NULL
List of 21
 $ y            : num [1:3646] 0.1023 0.00692 0.09019 0 0 ...
 $ a            : NULL
 $ b            : NULL
 $ whichNa      : int [1:1011] 2636 2637 2638 2639 2640 2641 2642 2643 2644 2645 ...
 $ saveAt       : chr "X1_cum/"
 $ nIter        : num 12000
 $ burnIn       : num 2000
 $ thin         : num 5
 $ weights      : num [1:3646] 1 1 1 1 1 1 1 1 1 1 ...
 $ verbose      : logi FALSE
 $ response_type: chr "gaussian"
 $ df0          : num 5
 $ S0           : num 144
 $ yHat         : num [1:3646] 5.1225 0.0738 -0.3061 0.0469 0.2964 ...
 $ SD.yHat      : num [1:3646] 1.51 2.74 1.81 2.72 2.77 ...
 $ mu           : num 4.24
 $ SD.mu        : num 0.653
 $ varE         : num 9.01
 $ SD.varE      : num 0.574
 $ fit          :List of 4
  ..$ logLikAtPostMean: num -5769
  ..$ postMeanLogLik  : num -6627
  ..$ pD              : num 1715
  ..$ DIC             : num 14969
 $ ETA          :List of 3
  ..$ :List of 15
  .. ..$ V          : num [1:3646, 1:6] 0 0 0 0 0 0 0 0 0 0 ...
  .. .. ..- attr(*, "dimnames")=List of 2
  .. .. .. ..$ : chr [1:3646] "2020-21_11.107-5" "2020-21_12.90-53" "2020-21_12.93-4" "2020-21_14.37-103" ...
  .. .. .. ..$ : NULL
  .. ..$ d          : num [1:6] 1011 918 450 447 435 ...
  .. ..$ model      : chr "RKHS"
  .. ..$ Name       : chr "ETA_1"
  .. ..$ tolD       : num 1e-10
  .. ..$ levelsU    : int 6
  .. ..$ df0        : num 5
  .. ..$ R2         : num 0.167
  .. ..$ S0         : num 0.109
  .. ..$ u          : num [1:3646] -0.631 -0.631 -0.631 -0.631 -0.631 ...
  .. ..$ varU       : num 1.13
  .. ..$ uStar      : num [1:6] 13.62 -4.2 9.38 10.6 13.15 ...
  .. ..$ NamefileOut: chr "X1_cum/ETA_1_varU.dat"
  .. ..$ SD.u       : num [1:3646] 1.71 1.71 1.71 1.71 1.71 ...
  .. ..$ SD.varU    : num 2.68
  ..$ :List of 15
  .. ..$ V          : num [1:3646, 1:2737] 0.408 0 0 0 0 ...
  .. .. ..- attr(*, "dimnames")=List of 2
  .. .. .. ..$ : chr [1:3646] "2020-21_11.107-5" "2020-21_12.90-53" "2020-21_12.93-4" "2020-21_14.37-103" ...
  .. .. .. ..$ : chr [1:2737] "11.107-5" "12.90-53" "12.93-4" "13.27-142" ...
  .. ..$ d          : Named num [1:2737] 6 1 3 1 1 1 1 1 2 1 ...
  .. .. ..- attr(*, "names")= chr [1:2737] "11.107-5" "12.90-53" "12.93-4" "13.27-142" ...
  .. ..$ model      : chr "RKHS"
  .. ..$ Name       : chr "ETA_2"
  .. ..$ tolD       : num 1e-10
  .. ..$ levelsU    : int 2737
  .. ..$ df0        : num 5
  .. ..$ R2         : num 0.167
  .. ..$ S0         : num 49.8
  .. ..$ u          : num [1:3646] 4.5797 -0.1491 -1.3913 -0.0702 -1.1219 ...
  .. ..$ varU       : num 44.6
  .. ..$ uStar      : num [1:2737] 11.218 -0.1491 -2.4097 -1.039 -0.0702 ...
  .. ..$ NamefileOut: chr "X1_cum/ETA_2_varU.dat"
  .. ..$ SD.u       : num [1:3646] 1.36 2.79 1.77 2.79 2.83 ...
  .. ..$ SD.varU    : num 1.9
  ..$ :List of 15
  .. ..$ V          : num [1:3646, 1:576] 0.010764 0.006644 0.010142 0.00602 -0.000353 ...
  .. .. ..- attr(*, "dimnames")=List of 2
  .. .. .. ..$ : chr [1:3646] "2020-21_11.107-5" "2020-21_12.90-53" "2020-21_12.93-4" "2020-21_14.37-103" ...
  .. .. .. ..$ : NULL
  .. ..$ d          : num [1:576] 1718 767 374 228 121 ...
  .. ..$ model      : chr "RKHS"
  .. ..$ Name       : chr "ETA_3"
  .. ..$ tolD       : num 1e-10
  .. ..$ levelsU    : int 576
  .. ..$ df0        : num 5
  .. ..$ R2         : num 0.167
  .. ..$ S0         : num 10.5
  .. ..$ u          : num [1:3646] -3.07 -3.39 -2.53 -3.49 -2.19 ...
  .. ..$ varU       : num 21.5
  .. ..$ uStar      : num [1:576] -124.25 48.89 9.11 -28.7 24.77 ...
  .. ..$ NamefileOut: chr "X1_cum/ETA_3_varU.dat"
  .. ..$ SD.u       : num [1:3646] 1.66 1.64 1.61 1.75 1.55 ...
  .. ..$ SD.varU    : num 10.2
 - attr(*, "class")= chr "BGLR"
NULL
List of 21
 $ y            : num [1:3646] 0.488 17.358 0.481 7.03 16.172 ...
 $ a            : NULL
 $ b            : NULL
 $ whichNa      : int [1:1011] 2636 2637 2638 2639 2640 2641 2642 2643 2644 2645 ...
 $ saveAt       : chr "X4_cum/"
 $ nIter        : num 12000
 $ burnIn       : num 2000
 $ thin         : num 5
 $ weights      : num [1:3646] 1 1 1 1 1 1 1 1 1 1 ...
 $ verbose      : logi FALSE
 $ response_type: chr "gaussian"
 $ df0          : num 5
 $ S0           : num 2535
 $ yHat         : num [1:3646] 27.4 12.6 15.6 15.7 14.2 ...
 $ SD.yHat      : num [1:3646] 8.34 11.06 9.6 10.77 11.45 ...
 $ mu           : num 68.3
 $ SD.mu        : num 3.07
 $ varE         : num 270
 $ SD.varE      : num 18.2
 $ fit          :List of 4
  ..$ logLikAtPostMean: num -10583
  ..$ postMeanLogLik  : num -11111
  ..$ pD              : num 1057
  ..$ DIC             : num 23279
 $ ETA          :List of 3
  ..$ :List of 15
  .. ..$ V          : num [1:3646, 1:6] 0 0 0 0 0 0 0 0 0 0 ...
  .. .. ..- attr(*, "dimnames")=List of 2
  .. .. .. ..$ : chr [1:3646] "2020-21_11.107-5" "2020-21_12.90-53" "2020-21_12.93-4" "2020-21_14.37-103" ...
  .. .. .. ..$ : NULL
  .. ..$ d          : num [1:6] 1011 918 450 447 435 ...
  .. ..$ model      : chr "RKHS"
  .. ..$ Name       : chr "ETA_1"
  .. ..$ tolD       : num 1e-10
  .. ..$ levelsU    : int 6
  .. ..$ df0        : num 5
  .. ..$ R2         : num 0.167
  .. ..$ S0         : num 1.92
  .. ..$ u          : num [1:3646] -0.0602 -0.0602 -0.0602 -0.0602 -0.0602 ...
  .. ..$ varU       : num 0.685
  .. ..$ uStar      : num [1:6] -0.322 -0.604 1.392 -0.93 1.255 ...
  .. ..$ NamefileOut: chr "X4_cum/ETA_1_varU.dat"
  .. ..$ SD.u       : num [1:3646] 0.819 0.819 0.819 0.819 0.819 ...
  .. ..$ SD.varU    : num 0.98
  ..$ :List of 15
  .. ..$ V          : num [1:3646, 1:2737] 0.408 0 0 0 0 ...
  .. .. ..- attr(*, "dimnames")=List of 2
  .. .. .. ..$ : chr [1:3646] "2020-21_11.107-5" "2020-21_12.90-53" "2020-21_12.93-4" "2020-21_14.37-103" ...
  .. .. .. ..$ : chr [1:2737] "11.107-5" "12.90-53" "12.93-4" "13.27-142" ...
  .. ..$ d          : Named num [1:2737] 6 1 3 1 1 1 1 1 2 1 ...
  .. .. ..- attr(*, "names")= chr [1:2737] "11.107-5" "12.90-53" "12.93-4" "13.27-142" ...
  .. ..$ model      : chr "RKHS"
  .. ..$ Name       : chr "ETA_2"
  .. ..$ tolD       : num 1e-10
  .. ..$ levelsU    : int 2737
  .. ..$ df0        : num 5
  .. ..$ R2         : num 0.167
  .. ..$ S0         : num 878
  .. ..$ u          : num [1:3646] 5.9 3.56 7.27 -6.47 1.63 ...
  .. ..$ varU       : num 204
  .. ..$ uStar      : num [1:2737] 14.45 3.56 12.59 10.72 -6.47 ...
  .. ..$ NamefileOut: chr "X4_cum/ETA_2_varU.dat"
  .. ..$ SD.u       : num [1:3646] 6.73 10.85 8.43 10.66 11.46 ...
  .. ..$ SD.varU    : num 22.5
  ..$ :List of 15
  .. ..$ V          : num [1:3646, 1:576] 0.010764 0.006644 0.010142 0.00602 -0.000353 ...
  .. .. ..- attr(*, "dimnames")=List of 2
  .. .. .. ..$ : chr [1:3646] "2020-21_11.107-5" "2020-21_12.90-53" "2020-21_12.93-4" "2020-21_14.37-103" ...
  .. .. .. ..$ : NULL
  .. ..$ d          : num [1:576] 1718 767 374 228 121 ...
  .. ..$ model      : chr "RKHS"
  .. ..$ Name       : chr "ETA_3"
  .. ..$ tolD       : num 1e-10
  .. ..$ levelsU    : int 576
  .. ..$ df0        : num 5
  .. ..$ R2         : num 0.167
  .. ..$ S0         : num 185
  .. ..$ u          : num [1:3646] -46.7 -59.2 -59.9 -46.1 -55.7 ...
  .. ..$ varU       : num 7905
  .. ..$ uStar      : num [1:576] -1662 699 1934 -250 -947 ...
  .. ..$ NamefileOut: chr "X4_cum/ETA_3_varU.dat"
  .. ..$ SD.u       : num [1:3646] 6.53 5.52 6.84 5.69 6.26 ...
  .. ..$ SD.varU    : num 1302
 - attr(*, "class")= chr "BGLR"
NULL
List of 21
 $ y            : num [1:3646] 0.1023 0.00692 0.09019 0 0 ...
 $ a            : NULL
 $ b            : NULL
 $ whichNa      : int [1:1011] 2636 2637 2638 2639 2640 2641 2642 2643 2644 2645 ...
 $ saveAt       : chr "X1_cum/"
 $ nIter        : num 12000
 $ burnIn       : num 2000
 $ thin         : num 5
 $ weights      : num [1:3646] 1 1 1 1 1 1 1 1 1 1 ...
 $ verbose      : logi FALSE
 $ response_type: chr "gaussian"
 $ df0          : num 5
 $ S0           : num 144
 $ yHat         : num [1:3646] 5.1225 0.0738 -0.3061 0.0469 0.2964 ...
 $ SD.yHat      : num [1:3646] 1.51 2.74 1.81 2.72 2.77 ...
 $ mu           : num 4.24
 $ SD.mu        : num 0.653
 $ varE         : num 9.01
 $ SD.varE      : num 0.574
 $ fit          :List of 4
  ..$ logLikAtPostMean: num -5769
  ..$ postMeanLogLik  : num -6627
  ..$ pD              : num 1715
  ..$ DIC             : num 14969
 $ ETA          :List of 3
  ..$ :List of 15
  .. ..$ V          : num [1:3646, 1:6] 0 0 0 0 0 0 0 0 0 0 ...
  .. .. ..- attr(*, "dimnames")=List of 2
  .. .. .. ..$ : chr [1:3646] "2020-21_11.107-5" "2020-21_12.90-53" "2020-21_12.93-4" "2020-21_14.37-103" ...
  .. .. .. ..$ : NULL
  .. ..$ d          : num [1:6] 1011 918 450 447 435 ...
  .. ..$ model      : chr "RKHS"
  .. ..$ Name       : chr "ETA_1"
  .. ..$ tolD       : num 1e-10
  .. ..$ levelsU    : int 6
  .. ..$ df0        : num 5
  .. ..$ R2         : num 0.167
  .. ..$ S0         : num 0.109
  .. ..$ u          : num [1:3646] -0.631 -0.631 -0.631 -0.631 -0.631 ...
  .. ..$ varU       : num 1.13
  .. ..$ uStar      : num [1:6] 13.62 -4.2 9.38 10.6 13.15 ...
  .. ..$ NamefileOut: chr "X1_cum/ETA_1_varU.dat"
  .. ..$ SD.u       : num [1:3646] 1.71 1.71 1.71 1.71 1.71 ...
  .. ..$ SD.varU    : num 2.68
  ..$ :List of 15
  .. ..$ V          : num [1:3646, 1:2737] 0.408 0 0 0 0 ...
  .. .. ..- attr(*, "dimnames")=List of 2
  .. .. .. ..$ : chr [1:3646] "2020-21_11.107-5" "2020-21_12.90-53" "2020-21_12.93-4" "2020-21_14.37-103" ...
  .. .. .. ..$ : chr [1:2737] "11.107-5" "12.90-53" "12.93-4" "13.27-142" ...
  .. ..$ d          : Named num [1:2737] 6 1 3 1 1 1 1 1 2 1 ...
  .. .. ..- attr(*, "names")= chr [1:2737] "11.107-5" "12.90-53" "12.93-4" "13.27-142" ...
  .. ..$ model      : chr "RKHS"
  .. ..$ Name       : chr "ETA_2"
  .. ..$ tolD       : num 1e-10
  .. ..$ levelsU    : int 2737
  .. ..$ df0        : num 5
  .. ..$ R2         : num 0.167
  .. ..$ S0         : num 49.8
  .. ..$ u          : num [1:3646] 4.5797 -0.1491 -1.3913 -0.0702 -1.1219 ...
  .. ..$ varU       : num 44.6
  .. ..$ uStar      : num [1:2737] 11.218 -0.1491 -2.4097 -1.039 -0.0702 ...
  .. ..$ NamefileOut: chr "X1_cum/ETA_2_varU.dat"
  .. ..$ SD.u       : num [1:3646] 1.36 2.79 1.77 2.79 2.83 ...
  .. ..$ SD.varU    : num 1.9
  ..$ :List of 15
  .. ..$ V          : num [1:3646, 1:576] 0.010764 0.006644 0.010142 0.00602 -0.000353 ...
  .. .. ..- attr(*, "dimnames")=List of 2
  .. .. .. ..$ : chr [1:3646] "2020-21_11.107-5" "2020-21_12.90-53" "2020-21_12.93-4" "2020-21_14.37-103" ...
  .. .. .. ..$ : NULL
  .. ..$ d          : num [1:576] 1718 767 374 228 121 ...
  .. ..$ model      : chr "RKHS"
  .. ..$ Name       : chr "ETA_3"
  .. ..$ tolD       : num 1e-10
  .. ..$ levelsU    : int 576
  .. ..$ df0        : num 5
  .. ..$ R2         : num 0.167
  .. ..$ S0         : num 10.5
  .. ..$ u          : num [1:3646] -3.07 -3.39 -2.53 -3.49 -2.19 ...
  .. ..$ varU       : num 21.5
  .. ..$ uStar      : num [1:576] -124.25 48.89 9.11 -28.7 24.77 ...
  .. ..$ NamefileOut: chr "X1_cum/ETA_3_varU.dat"
  .. ..$ SD.u       : num [1:3646] 1.66 1.64 1.61 1.75 1.55 ...
  .. ..$ SD.varU    : num 10.2
 - attr(*, "class")= chr "BGLR"
NULL
List of 21
 $ y            : num [1:3646] 0.1023 0.00692 0.09019 0 0 ...
 $ a            : NULL
 $ b            : NULL
 $ whichNa      : int [1:1011] 2636 2637 2638 2639 2640 2641 2642 2643 2644 2645 ...
 $ saveAt       : chr "X1_cum/"
 $ nIter        : num 12000
 $ burnIn       : num 2000
 $ thin         : num 5
 $ weights      : num [1:3646] 1 1 1 1 1 1 1 1 1 1 ...
 $ verbose      : logi FALSE
 $ response_type: chr "gaussian"
 $ df0          : num 5
 $ S0           : num 144
 $ yHat         : num [1:3646] 5.1225 0.0738 -0.3061 0.0469 0.2964 ...
 $ SD.yHat      : num [1:3646] 1.51 2.74 1.81 2.72 2.77 ...
 $ mu           : num 4.24
 $ SD.mu        : num 0.653
 $ varE         : num 9.01
 $ SD.varE      : num 0.574
 $ fit          :List of 4
  ..$ logLikAtPostMean: num -5769
  ..$ postMeanLogLik  : num -6627
  ..$ pD              : num 1715
  ..$ DIC             : num 14969
 $ ETA          :List of 3
  ..$ :List of 15
  .. ..$ V          : num [1:3646, 1:6] 0 0 0 0 0 0 0 0 0 0 ...
  .. .. ..- attr(*, "dimnames")=List of 2
  .. .. .. ..$ : chr [1:3646] "2020-21_11.107-5" "2020-21_12.90-53" "2020-21_12.93-4" "2020-21_14.37-103" ...
  .. .. .. ..$ : NULL
  .. ..$ d          : num [1:6] 1011 918 450 447 435 ...
  .. ..$ model      : chr "RKHS"
  .. ..$ Name       : chr "ETA_1"
  .. ..$ tolD       : num 1e-10
  .. ..$ levelsU    : int 6
  .. ..$ df0        : num 5
  .. ..$ R2         : num 0.167
  .. ..$ S0         : num 0.109
  .. ..$ u          : num [1:3646] -0.631 -0.631 -0.631 -0.631 -0.631 ...
  .. ..$ varU       : num 1.13
  .. ..$ uStar      : num [1:6] 13.62 -4.2 9.38 10.6 13.15 ...
  .. ..$ NamefileOut: chr "X1_cum/ETA_1_varU.dat"
  .. ..$ SD.u       : num [1:3646] 1.71 1.71 1.71 1.71 1.71 ...
  .. ..$ SD.varU    : num 2.68
  ..$ :List of 15
  .. ..$ V          : num [1:3646, 1:2737] 0.408 0 0 0 0 ...
  .. .. ..- attr(*, "dimnames")=List of 2
  .. .. .. ..$ : chr [1:3646] "2020-21_11.107-5" "2020-21_12.90-53" "2020-21_12.93-4" "2020-21_14.37-103" ...
  .. .. .. ..$ : chr [1:2737] "11.107-5" "12.90-53" "12.93-4" "13.27-142" ...
  .. ..$ d          : Named num [1:2737] 6 1 3 1 1 1 1 1 2 1 ...
  .. .. ..- attr(*, "names")= chr [1:2737] "11.107-5" "12.90-53" "12.93-4" "13.27-142" ...
  .. ..$ model      : chr "RKHS"
  .. ..$ Name       : chr "ETA_2"
  .. ..$ tolD       : num 1e-10
  .. ..$ levelsU    : int 2737
  .. ..$ df0        : num 5
  .. ..$ R2         : num 0.167
  .. ..$ S0         : num 49.8
  .. ..$ u          : num [1:3646] 4.5797 -0.1491 -1.3913 -0.0702 -1.1219 ...
  .. ..$ varU       : num 44.6
  .. ..$ uStar      : num [1:2737] 11.218 -0.1491 -2.4097 -1.039 -0.0702 ...
  .. ..$ NamefileOut: chr "X1_cum/ETA_2_varU.dat"
  .. ..$ SD.u       : num [1:3646] 1.36 2.79 1.77 2.79 2.83 ...
  .. ..$ SD.varU    : num 1.9
  ..$ :List of 15
  .. ..$ V          : num [1:3646, 1:576] 0.010764 0.006644 0.010142 0.00602 -0.000353 ...
  .. .. ..- attr(*, "dimnames")=List of 2
  .. .. .. ..$ : chr [1:3646] "2020-21_11.107-5" "2020-21_12.90-53" "2020-21_12.93-4" "2020-21_14.37-103" ...
  .. .. .. ..$ : NULL
  .. ..$ d          : num [1:576] 1718 767 374 228 121 ...
  .. ..$ model      : chr "RKHS"
  .. ..$ Name       : chr "ETA_3"
  .. ..$ tolD       : num 1e-10
  .. ..$ levelsU    : int 576
  .. ..$ df0        : num 5
  .. ..$ R2         : num 0.167
  .. ..$ S0         : num 10.5
  .. ..$ u          : num [1:3646] -3.07 -3.39 -2.53 -3.49 -2.19 ...
  .. ..$ varU       : num 21.5
  .. ..$ uStar      : num [1:576] -124.25 48.89 9.11 -28.7 24.77 ...
  .. ..$ NamefileOut: chr "X1_cum/ETA_3_varU.dat"
  .. ..$ SD.u       : num [1:3646] 1.66 1.64 1.61 1.75 1.55 ...
  .. ..$ SD.varU    : num 10.2
 - attr(*, "class")= chr "BGLR"
NULL
List of 21
 $ y            : num [1:3646] 4.216 23.801 0.481 30.098 28.348 ...
 $ a            : NULL
 $ b            : NULL
 $ whichNa      : int [1:1011] 2636 2637 2638 2639 2640 2641 2642 2643 2644 2645 ...
 $ saveAt       : chr "X5_cum/"
 $ nIter        : num 12000
 $ burnIn       : num 2000
 $ thin         : num 5
 $ weights      : num [1:3646] 1 1 1 1 1 1 1 1 1 1 ...
 $ verbose      : logi FALSE
 $ response_type: chr "gaussian"
 $ df0          : num 5
 $ S0           : num 3616
 $ yHat         : num [1:3646] 35.4 20.5 13.1 32.1 25.9 ...
 $ SD.yHat      : num [1:3646] 10.3 13.1 11.2 13.3 13.5 ...
 $ mu           : num 87
 $ SD.mu        : num 3.86
 $ varE         : num 413
 $ SD.varE      : num 27.2
 $ fit          :List of 4
  ..$ logLikAtPostMean: num -11173
  ..$ postMeanLogLik  : num -11671
  ..$ pD              : num 997
  ..$ DIC             : num 24340
 $ ETA          :List of 3
  ..$ :List of 15
  .. ..$ V          : num [1:3646, 1:6] 0 0 0 0 0 0 0 0 0 0 ...
  .. .. ..- attr(*, "dimnames")=List of 2
  .. .. .. ..$ : chr [1:3646] "2020-21_11.107-5" "2020-21_12.90-53" "2020-21_12.93-4" "2020-21_14.37-103" ...
  .. .. .. ..$ : NULL
  .. ..$ d          : num [1:6] 1011 918 450 447 435 ...
  .. ..$ model      : chr "RKHS"
  .. ..$ Name       : chr "ETA_1"
  .. ..$ tolD       : num 1e-10
  .. ..$ levelsU    : int 6
  .. ..$ df0        : num 5
  .. ..$ R2         : num 0.167
  .. ..$ S0         : num 2.74
  .. ..$ u          : num [1:3646] -0.00551 -0.00551 -0.00551 -0.00551 -0.00551 ...
  .. ..$ varU       : num 0.872
  .. ..$ uStar      : num [1:6] -1.693 -1.552 -0.273 -0.531 0.115 ...
  .. ..$ NamefileOut: chr "X5_cum/ETA_1_varU.dat"
  .. ..$ SD.u       : num [1:3646] 0.902 0.902 0.902 0.902 0.902 ...
  .. ..$ SD.varU    : num 0.841
  ..$ :List of 15
  .. ..$ V          : num [1:3646, 1:2737] 0.408 0 0 0 0 ...
  .. .. ..- attr(*, "dimnames")=List of 2
  .. .. .. ..$ : chr [1:3646] "2020-21_11.107-5" "2020-21_12.90-53" "2020-21_12.93-4" "2020-21_14.37-103" ...
  .. .. .. ..$ : chr [1:2737] "11.107-5" "12.90-53" "12.93-4" "13.27-142" ...
  .. ..$ d          : Named num [1:2737] 6 1 3 1 1 1 1 1 2 1 ...
  .. .. ..- attr(*, "names")= chr [1:2737] "11.107-5" "12.90-53" "12.93-4" "13.27-142" ...
  .. ..$ model      : chr "RKHS"
  .. ..$ Name       : chr "ETA_2"
  .. ..$ tolD       : num 1e-10
  .. ..$ levelsU    : int 2737
  .. ..$ df0        : num 5
  .. ..$ R2         : num 0.167
  .. ..$ S0         : num 1252
  .. ..$ u          : num [1:3646] 8.725 1.785 0.823 -0.552 1.105 ...
  .. ..$ varU       : num 275
  .. ..$ uStar      : num [1:2737] 21.371 1.785 1.425 11.687 -0.552 ...
  .. ..$ NamefileOut: chr "X5_cum/ETA_2_varU.dat"
  .. ..$ SD.u       : num [1:3646] 8.48 12.94 9.84 13.12 13.06 ...
  .. ..$ SD.varU    : num 32.4
  ..$ :List of 15
  .. ..$ V          : num [1:3646, 1:576] 0.010764 0.006644 0.010142 0.00602 -0.000353 ...
  .. .. ..- attr(*, "dimnames")=List of 2
  .. .. .. ..$ : chr [1:3646] "2020-21_11.107-5" "2020-21_12.90-53" "2020-21_12.93-4" "2020-21_14.37-103" ...
  .. .. .. ..$ : NULL
  .. ..$ d          : num [1:576] 1718 767 374 228 121 ...
  .. ..$ model      : chr "RKHS"
  .. ..$ Name       : chr "ETA_3"
  .. ..$ tolD       : num 1e-10
  .. ..$ levelsU    : int 576
  .. ..$ df0        : num 5
  .. ..$ R2         : num 0.167
  .. ..$ S0         : num 264
  .. ..$ u          : num [1:3646] -60.4 -68.4 -74.7 -54.3 -62.3 ...
  .. ..$ varU       : num 10774
  .. ..$ uStar      : num [1:576] -1967.9 759.2 2339 -66.7 -1220.4 ...
  .. ..$ NamefileOut: chr "X5_cum/ETA_3_varU.dat"
  .. ..$ SD.u       : num [1:3646] 7.96 6.69 8.41 6.65 7.75 ...
  .. ..$ SD.varU    : num 1812
 - attr(*, "class")= chr "BGLR"
NULL
List of 21
 $ y            : num [1:3646] 0.1023 5.6562 0.0967 4.7282 3.2936 ...
 $ a            : NULL
 $ b            : NULL
 $ whichNa      : int [1:1011] 2636 2637 2638 2639 2640 2641 2642 2643 2644 2645 ...
 $ saveAt       : chr "X2_cum/"
 $ nIter        : num 12000
 $ burnIn       : num 2000
 $ thin         : num 5
 $ weights      : num [1:3646] 1 1 1 1 1 1 1 1 1 1 ...
 $ verbose      : logi FALSE
 $ response_type: chr "gaussian"
 $ df0          : num 5
 $ S0           : num 845
 $ yHat         : num [1:3646] 14.52 5.11 6.89 4.22 3.71 ...
 $ SD.yHat      : num [1:3646] 3.91 6.22 4.45 6.18 6.17 ...
 $ mu           : num 17.5
 $ SD.mu        : num 1.35
 $ varE         : num 51.1
 $ SD.varE      : num 3.59
 $ fit          :List of 4
  ..$ logLikAtPostMean: num -8101
  ..$ postMeanLogLik  : num -8913
  ..$ pD              : num 1623
  ..$ DIC             : num 19448
 $ ETA          :List of 3
  ..$ :List of 15
  .. ..$ V          : num [1:3646, 1:6] 0 0 0 0 0 0 0 0 0 0 ...
  .. .. ..- attr(*, "dimnames")=List of 2
  .. .. .. ..$ : chr [1:3646] "2020-21_11.107-5" "2020-21_12.90-53" "2020-21_12.93-4" "2020-21_14.37-103" ...
  .. .. .. ..$ : NULL
  .. ..$ d          : num [1:6] 1011 918 450 447 435 ...
  .. ..$ model      : chr "RKHS"
  .. ..$ Name       : chr "ETA_1"
  .. ..$ tolD       : num 1e-10
  .. ..$ levelsU    : int 6
  .. ..$ df0        : num 5
  .. ..$ R2         : num 0.167
  .. ..$ S0         : num 0.642
  .. ..$ u          : num [1:3646] -0.0321 -0.0321 -0.0321 -0.0321 -0.0321 ...
  .. ..$ varU       : num 0.232
  .. ..$ uStar      : num [1:6] -0.431 -0.295 1.127 0.988 0.669 ...
  .. ..$ NamefileOut: chr "X2_cum/ETA_1_varU.dat"
  .. ..$ SD.u       : num [1:3646] 0.489 0.489 0.489 0.489 0.489 ...
  .. ..$ SD.varU    : num 0.286
  ..$ :List of 15
  .. ..$ V          : num [1:3646, 1:2737] 0.408 0 0 0 0 ...
  .. .. ..- attr(*, "dimnames")=List of 2
  .. .. .. ..$ : chr [1:3646] "2020-21_11.107-5" "2020-21_12.90-53" "2020-21_12.93-4" "2020-21_14.37-103" ...
  .. .. .. ..$ : chr [1:2737] "11.107-5" "12.90-53" "12.93-4" "13.27-142" ...
  .. ..$ d          : Named num [1:2737] 6 1 3 1 1 1 1 1 2 1 ...
  .. .. ..- attr(*, "names")= chr [1:2737] "11.107-5" "12.90-53" "12.93-4" "13.27-142" ...
  .. ..$ model      : chr "RKHS"
  .. ..$ Name       : chr "ETA_2"
  .. ..$ tolD       : num 1e-10
  .. ..$ levelsU    : int 2737
  .. ..$ df0        : num 5
  .. ..$ R2         : num 0.167
  .. ..$ S0         : num 293
  .. ..$ u          : num [1:3646] 7.323 1.412 0.416 1.055 -0.938 ...
  .. ..$ varU       : num 165
  .. ..$ uStar      : num [1:2737] 17.94 1.41 0.72 13.27 1.05 ...
  .. ..$ NamefileOut: chr "X2_cum/ETA_2_varU.dat"
  .. ..$ SD.u       : num [1:3646] 3.38 6.36 4.26 6.43 6.38 ...
  .. ..$ SD.varU    : num 8.29
  ..$ :List of 15
  .. ..$ V          : num [1:3646, 1:576] 0.010764 0.006644 0.010142 0.00602 -0.000353 ...
  .. .. ..- attr(*, "dimnames")=List of 2
  .. .. .. ..$ : chr [1:3646] "2020-21_11.107-5" "2020-21_12.90-53" "2020-21_12.93-4" "2020-21_14.37-103" ...
  .. .. .. ..$ : NULL
  .. ..$ d          : num [1:576] 1718 767 374 228 121 ...
  .. ..$ model      : chr "RKHS"
  .. ..$ Name       : chr "ETA_3"
  .. ..$ tolD       : num 1e-10
  .. ..$ levelsU    : int 576
  .. ..$ df0        : num 5
  .. ..$ R2         : num 0.167
  .. ..$ S0         : num 61.6
  .. ..$ u          : num [1:3646] -10.3 -13.8 -11 -14.4 -12.9 ...
  .. ..$ varU       : num 624
  .. ..$ uStar      : num [1:576] -541.17 266.73 91.78 -147.97 3.83 ...
  .. ..$ NamefileOut: chr "X2_cum/ETA_3_varU.dat"
  .. ..$ SD.u       : num [1:3646] 2.96 2.33 3.19 2.53 2.77 ...
  .. ..$ SD.varU    : num 158
 - attr(*, "class")= chr "BGLR"
NULL
List of 21
 $ y            : num [1:3646] 4.893 32.395 0.616 30.098 31.883 ...
 $ a            : NULL
 $ b            : NULL
 $ whichNa      : int [1:1011] 2636 2637 2638 2639 2640 2641 2642 2643 2644 2645 ...
 $ saveAt       : chr "X6_cum/"
 $ nIter        : num 12000
 $ burnIn       : num 2000
 $ thin         : num 5
 $ weights      : num [1:3646] 1 1 1 1 1 1 1 1 1 1 ...
 $ verbose      : logi FALSE
 $ response_type: chr "gaussian"
 $ df0          : num 5
 $ S0           : num 5038
 $ yHat         : num [1:3646] 51.1 30.2 23.5 40.8 31.9 ...
 $ SD.yHat      : num [1:3646] 12.3 16.2 13.9 16.3 16.7 ...
 $ mu           : num 111
 $ SD.mu        : num 5.67
 $ varE         : num 623
 $ SD.varE      : num 37.9
 $ fit          :List of 4
  ..$ logLikAtPostMean: num -11721
  ..$ postMeanLogLik  : num -12212
  ..$ pD              : num 982
  ..$ DIC             : num 25406
 $ ETA          :List of 3
  ..$ :List of 15
  .. ..$ V          : num [1:3646, 1:6] 0 0 0 0 0 0 0 0 0 0 ...
  .. .. ..- attr(*, "dimnames")=List of 2
  .. .. .. ..$ : chr [1:3646] "2020-21_11.107-5" "2020-21_12.90-53" "2020-21_12.93-4" "2020-21_14.37-103" ...
  .. .. .. ..$ : NULL
  .. ..$ d          : num [1:6] 1011 918 450 447 435 ...
  .. ..$ model      : chr "RKHS"
  .. ..$ Name       : chr "ETA_1"
  .. ..$ tolD       : num 1e-10
  .. ..$ levelsU    : int 6
  .. ..$ df0        : num 5
  .. ..$ R2         : num 0.167
  .. ..$ S0         : num 3.82
  .. ..$ u          : num [1:3646] -0.0118 -0.0118 -0.0118 -0.0118 -0.0118 ...
  .. ..$ varU       : num 1.25
  .. ..$ uStar      : num [1:6] 0.422 0.436 -2.231 -1.442 0.245 ...
  .. ..$ NamefileOut: chr "X6_cum/ETA_1_varU.dat"
  .. ..$ SD.u       : num [1:3646] 1.11 1.11 1.11 1.11 1.11 ...
  .. ..$ SD.varU    : num 1.13
  ..$ :List of 15
  .. ..$ V          : num [1:3646, 1:2737] 0.408 0 0 0 0 ...
  .. .. ..- attr(*, "dimnames")=List of 2
  .. .. .. ..$ : chr [1:3646] "2020-21_11.107-5" "2020-21_12.90-53" "2020-21_12.93-4" "2020-21_14.37-103" ...
  .. .. .. ..$ : chr [1:2737] "11.107-5" "12.90-53" "12.93-4" "13.27-142" ...
  .. ..$ d          : Named num [1:2737] 6 1 3 1 1 1 1 1 2 1 ...
  .. .. ..- attr(*, "names")= chr [1:2737] "11.107-5" "12.90-53" "12.93-4" "13.27-142" ...
  .. ..$ model      : chr "RKHS"
  .. ..$ Name       : chr "ETA_2"
  .. ..$ tolD       : num 1e-10
  .. ..$ levelsU    : int 2737
  .. ..$ df0        : num 5
  .. ..$ R2         : num 0.167
  .. ..$ S0         : num 1745
  .. ..$ u          : num [1:3646] 12.36 2.494 6.764 -6.745 -0.354 ...
  .. ..$ varU       : num 406
  .. ..$ uStar      : num [1:2737] 30.28 2.49 11.72 15.17 -6.75 ...
  .. ..$ NamefileOut: chr "X6_cum/ETA_2_varU.dat"
  .. ..$ SD.u       : num [1:3646] 9.77 15.84 12.58 15.93 16.01 ...
  .. ..$ SD.varU    : num 45.6
  ..$ :List of 15
  .. ..$ V          : num [1:3646, 1:576] 0.010764 0.006644 0.010142 0.00602 -0.000353 ...
  .. .. ..- attr(*, "dimnames")=List of 2
  .. .. .. ..$ : chr [1:3646] "2020-21_11.107-5" "2020-21_12.90-53" "2020-21_12.93-4" "2020-21_14.37-103" ...
  .. .. .. ..$ : NULL
  .. ..$ d          : num [1:576] 1718 767 374 228 121 ...
  .. ..$ model      : chr "RKHS"
  .. ..$ Name       : chr "ETA_3"
  .. ..$ tolD       : num 1e-10
  .. ..$ levelsU    : int 576
  .. ..$ df0        : num 5
  .. ..$ R2         : num 0.167
  .. ..$ S0         : num 367
  .. ..$ u          : num [1:3646] -72.3 -83.4 -94.3 -63.5 -78.9 ...
  .. ..$ varU       : num 13971
  .. ..$ uStar      : num [1:576] -2261.9 969.4 2954.5 -72.3 -1597.3 ...
  .. ..$ NamefileOut: chr "X6_cum/ETA_3_varU.dat"
  .. ..$ SD.u       : num [1:3646] 9.93 8.76 10.49 8.68 9.79 ...
  .. ..$ SD.varU    : num 2385
 - attr(*, "class")= chr "BGLR"
NULL
List of 21
 $ y            : num [1:3646] 0.1023 5.6562 0.0967 4.7282 3.2936 ...
 $ a            : NULL
 $ b            : NULL
 $ whichNa      : int [1:1011] 2636 2637 2638 2639 2640 2641 2642 2643 2644 2645 ...
 $ saveAt       : chr "X2_cum/"
 $ nIter        : num 12000
 $ burnIn       : num 2000
 $ thin         : num 5
 $ weights      : num [1:3646] 1 1 1 1 1 1 1 1 1 1 ...
 $ verbose      : logi FALSE
 $ response_type: chr "gaussian"
 $ df0          : num 5
 $ S0           : num 845
 $ yHat         : num [1:3646] 14.52 5.11 6.89 4.22 3.71 ...
 $ SD.yHat      : num [1:3646] 3.91 6.22 4.45 6.18 6.17 ...
 $ mu           : num 17.5
 $ SD.mu        : num 1.35
 $ varE         : num 51.1
 $ SD.varE      : num 3.59
 $ fit          :List of 4
  ..$ logLikAtPostMean: num -8101
  ..$ postMeanLogLik  : num -8913
  ..$ pD              : num 1623
  ..$ DIC             : num 19448
 $ ETA          :List of 3
  ..$ :List of 15
  .. ..$ V          : num [1:3646, 1:6] 0 0 0 0 0 0 0 0 0 0 ...
  .. .. ..- attr(*, "dimnames")=List of 2
  .. .. .. ..$ : chr [1:3646] "2020-21_11.107-5" "2020-21_12.90-53" "2020-21_12.93-4" "2020-21_14.37-103" ...
  .. .. .. ..$ : NULL
  .. ..$ d          : num [1:6] 1011 918 450 447 435 ...
  .. ..$ model      : chr "RKHS"
  .. ..$ Name       : chr "ETA_1"
  .. ..$ tolD       : num 1e-10
  .. ..$ levelsU    : int 6
  .. ..$ df0        : num 5
  .. ..$ R2         : num 0.167
  .. ..$ S0         : num 0.642
  .. ..$ u          : num [1:3646] -0.0321 -0.0321 -0.0321 -0.0321 -0.0321 ...
  .. ..$ varU       : num 0.232
  .. ..$ uStar      : num [1:6] -0.431 -0.295 1.127 0.988 0.669 ...
  .. ..$ NamefileOut: chr "X2_cum/ETA_1_varU.dat"
  .. ..$ SD.u       : num [1:3646] 0.489 0.489 0.489 0.489 0.489 ...
  .. ..$ SD.varU    : num 0.286
  ..$ :List of 15
  .. ..$ V          : num [1:3646, 1:2737] 0.408 0 0 0 0 ...
  .. .. ..- attr(*, "dimnames")=List of 2
  .. .. .. ..$ : chr [1:3646] "2020-21_11.107-5" "2020-21_12.90-53" "2020-21_12.93-4" "2020-21_14.37-103" ...
  .. .. .. ..$ : chr [1:2737] "11.107-5" "12.90-53" "12.93-4" "13.27-142" ...
  .. ..$ d          : Named num [1:2737] 6 1 3 1 1 1 1 1 2 1 ...
  .. .. ..- attr(*, "names")= chr [1:2737] "11.107-5" "12.90-53" "12.93-4" "13.27-142" ...
  .. ..$ model      : chr "RKHS"
  .. ..$ Name       : chr "ETA_2"
  .. ..$ tolD       : num 1e-10
  .. ..$ levelsU    : int 2737
  .. ..$ df0        : num 5
  .. ..$ R2         : num 0.167
  .. ..$ S0         : num 293
  .. ..$ u          : num [1:3646] 7.323 1.412 0.416 1.055 -0.938 ...
  .. ..$ varU       : num 165
  .. ..$ uStar      : num [1:2737] 17.94 1.41 0.72 13.27 1.05 ...
  .. ..$ NamefileOut: chr "X2_cum/ETA_2_varU.dat"
  .. ..$ SD.u       : num [1:3646] 3.38 6.36 4.26 6.43 6.38 ...
  .. ..$ SD.varU    : num 8.29
  ..$ :List of 15
  .. ..$ V          : num [1:3646, 1:576] 0.010764 0.006644 0.010142 0.00602 -0.000353 ...
  .. .. ..- attr(*, "dimnames")=List of 2
  .. .. .. ..$ : chr [1:3646] "2020-21_11.107-5" "2020-21_12.90-53" "2020-21_12.93-4" "2020-21_14.37-103" ...
  .. .. .. ..$ : NULL
  .. ..$ d          : num [1:576] 1718 767 374 228 121 ...
  .. ..$ model      : chr "RKHS"
  .. ..$ Name       : chr "ETA_3"
  .. ..$ tolD       : num 1e-10
  .. ..$ levelsU    : int 576
  .. ..$ df0        : num 5
  .. ..$ R2         : num 0.167
  .. ..$ S0         : num 61.6
  .. ..$ u          : num [1:3646] -10.3 -13.8 -11 -14.4 -12.9 ...
  .. ..$ varU       : num 624
  .. ..$ uStar      : num [1:576] -541.17 266.73 91.78 -147.97 3.83 ...
  .. ..$ NamefileOut: chr "X2_cum/ETA_3_varU.dat"
  .. ..$ SD.u       : num [1:3646] 2.96 2.33 3.19 2.53 2.77 ...
  .. ..$ SD.varU    : num 158
 - attr(*, "class")= chr "BGLR"
NULL
List of 21
 $ y            : num [1:3646] 0.1023 5.6562 0.0967 4.7282 3.2936 ...
 $ a            : NULL
 $ b            : NULL
 $ whichNa      : int [1:1011] 2636 2637 2638 2639 2640 2641 2642 2643 2644 2645 ...
 $ saveAt       : chr "X2_cum/"
 $ nIter        : num 12000
 $ burnIn       : num 2000
 $ thin         : num 5
 $ weights      : num [1:3646] 1 1 1 1 1 1 1 1 1 1 ...
 $ verbose      : logi FALSE
 $ response_type: chr "gaussian"
 $ df0          : num 5
 $ S0           : num 845
 $ yHat         : num [1:3646] 14.52 5.11 6.89 4.22 3.71 ...
 $ SD.yHat      : num [1:3646] 3.91 6.22 4.45 6.18 6.17 ...
 $ mu           : num 17.5
 $ SD.mu        : num 1.35
 $ varE         : num 51.1
 $ SD.varE      : num 3.59
 $ fit          :List of 4
  ..$ logLikAtPostMean: num -8101
  ..$ postMeanLogLik  : num -8913
  ..$ pD              : num 1623
  ..$ DIC             : num 19448
 $ ETA          :List of 3
  ..$ :List of 15
  .. ..$ V          : num [1:3646, 1:6] 0 0 0 0 0 0 0 0 0 0 ...
  .. .. ..- attr(*, "dimnames")=List of 2
  .. .. .. ..$ : chr [1:3646] "2020-21_11.107-5" "2020-21_12.90-53" "2020-21_12.93-4" "2020-21_14.37-103" ...
  .. .. .. ..$ : NULL
  .. ..$ d          : num [1:6] 1011 918 450 447 435 ...
  .. ..$ model      : chr "RKHS"
  .. ..$ Name       : chr "ETA_1"
  .. ..$ tolD       : num 1e-10
  .. ..$ levelsU    : int 6
  .. ..$ df0        : num 5
  .. ..$ R2         : num 0.167
  .. ..$ S0         : num 0.642
  .. ..$ u          : num [1:3646] -0.0321 -0.0321 -0.0321 -0.0321 -0.0321 ...
  .. ..$ varU       : num 0.232
  .. ..$ uStar      : num [1:6] -0.431 -0.295 1.127 0.988 0.669 ...
  .. ..$ NamefileOut: chr "X2_cum/ETA_1_varU.dat"
  .. ..$ SD.u       : num [1:3646] 0.489 0.489 0.489 0.489 0.489 ...
  .. ..$ SD.varU    : num 0.286
  ..$ :List of 15
  .. ..$ V          : num [1:3646, 1:2737] 0.408 0 0 0 0 ...
  .. .. ..- attr(*, "dimnames")=List of 2
  .. .. .. ..$ : chr [1:3646] "2020-21_11.107-5" "2020-21_12.90-53" "2020-21_12.93-4" "2020-21_14.37-103" ...
  .. .. .. ..$ : chr [1:2737] "11.107-5" "12.90-53" "12.93-4" "13.27-142" ...
  .. ..$ d          : Named num [1:2737] 6 1 3 1 1 1 1 1 2 1 ...
  .. .. ..- attr(*, "names")= chr [1:2737] "11.107-5" "12.90-53" "12.93-4" "13.27-142" ...
  .. ..$ model      : chr "RKHS"
  .. ..$ Name       : chr "ETA_2"
  .. ..$ tolD       : num 1e-10
  .. ..$ levelsU    : int 2737
  .. ..$ df0        : num 5
  .. ..$ R2         : num 0.167
  .. ..$ S0         : num 293
  .. ..$ u          : num [1:3646] 7.323 1.412 0.416 1.055 -0.938 ...
  .. ..$ varU       : num 165
  .. ..$ uStar      : num [1:2737] 17.94 1.41 0.72 13.27 1.05 ...
  .. ..$ NamefileOut: chr "X2_cum/ETA_2_varU.dat"
  .. ..$ SD.u       : num [1:3646] 3.38 6.36 4.26 6.43 6.38 ...
  .. ..$ SD.varU    : num 8.29
  ..$ :List of 15
  .. ..$ V          : num [1:3646, 1:576] 0.010764 0.006644 0.010142 0.00602 -0.000353 ...
  .. .. ..- attr(*, "dimnames")=List of 2
  .. .. .. ..$ : chr [1:3646] "2020-21_11.107-5" "2020-21_12.90-53" "2020-21_12.93-4" "2020-21_14.37-103" ...
  .. .. .. ..$ : NULL
  .. ..$ d          : num [1:576] 1718 767 374 228 121 ...
  .. ..$ model      : chr "RKHS"
  .. ..$ Name       : chr "ETA_3"
  .. ..$ tolD       : num 1e-10
  .. ..$ levelsU    : int 576
  .. ..$ df0        : num 5
  .. ..$ R2         : num 0.167
  .. ..$ S0         : num 61.6
  .. ..$ u          : num [1:3646] -10.3 -13.8 -11 -14.4 -12.9 ...
  .. ..$ varU       : num 624
  .. ..$ uStar      : num [1:576] -541.17 266.73 91.78 -147.97 3.83 ...
  .. ..$ NamefileOut: chr "X2_cum/ETA_3_varU.dat"
  .. ..$ SD.u       : num [1:3646] 2.96 2.33 3.19 2.53 2.77 ...
  .. ..$ SD.varU    : num 158
 - attr(*, "class")= chr "BGLR"
NULL
List of 21
 $ y            : num [1:3646] 0.488 5.656 0.158 4.728 11.634 ...
 $ a            : NULL
 $ b            : NULL
 $ whichNa      : int [1:1011] 2636 2637 2638 2639 2640 2641 2642 2643 2644 2645 ...
 $ saveAt       : chr "X3_cum/"
 $ nIter        : num 12000
 $ burnIn       : num 2000
 $ thin         : num 5
 $ weights      : num [1:3646] 1 1 1 1 1 1 1 1 1 1 ...
 $ verbose      : logi FALSE
 $ response_type: chr "gaussian"
 $ df0          : num 5
 $ S0           : num 1647
 $ yHat         : num [1:3646] 25.96 4.97 12.49 7.95 8.7 ...
 $ SD.yHat      : num [1:3646] 6.77 9.23 7.44 9.2 9.28 ...
 $ mu           : num 44
 $ SD.mu        : num 2.82
 $ varE         : num 182
 $ SD.varE      : num 14.3
 $ fit          :List of 4
  ..$ logLikAtPostMean: num -10045
  ..$ postMeanLogLik  : num -10587
  ..$ pD              : num 1084
  ..$ DIC             : num 22257
 $ ETA          :List of 3
  ..$ :List of 15
  .. ..$ V          : num [1:3646, 1:6] 0 0 0 0 0 0 0 0 0 0 ...
  .. .. ..- attr(*, "dimnames")=List of 2
  .. .. .. ..$ : chr [1:3646] "2020-21_11.107-5" "2020-21_12.90-53" "2020-21_12.93-4" "2020-21_14.37-103" ...
  .. .. .. ..$ : NULL
  .. ..$ d          : num [1:6] 1011 918 450 447 435 ...
  .. ..$ model      : chr "RKHS"
  .. ..$ Name       : chr "ETA_1"
  .. ..$ tolD       : num 1e-10
  .. ..$ levelsU    : int 6
  .. ..$ df0        : num 5
  .. ..$ R2         : num 0.167
  .. ..$ S0         : num 1.25
  .. ..$ u          : num [1:3646] -0.0144 -0.0144 -0.0144 -0.0144 -0.0144 ...
  .. ..$ varU       : num 0.432
  .. ..$ uStar      : num [1:6] -0.174 -0.28 0.917 -0.727 0.3 ...
  .. ..$ NamefileOut: chr "X3_cum/ETA_1_varU.dat"
  .. ..$ SD.u       : num [1:3646] 0.626 0.626 0.626 0.626 0.626 ...
  .. ..$ SD.varU    : num 0.505
  ..$ :List of 15
  .. ..$ V          : num [1:3646, 1:2737] 0.408 0 0 0 0 ...
  .. .. ..- attr(*, "dimnames")=List of 2
  .. .. .. ..$ : chr [1:3646] "2020-21_11.107-5" "2020-21_12.90-53" "2020-21_12.93-4" "2020-21_14.37-103" ...
  .. .. .. ..$ : chr [1:2737] "11.107-5" "12.90-53" "12.93-4" "13.27-142" ...
  .. ..$ d          : Named num [1:2737] 6 1 3 1 1 1 1 1 2 1 ...
  .. .. ..- attr(*, "names")= chr [1:2737] "11.107-5" "12.90-53" "12.93-4" "13.27-142" ...
  .. ..$ model      : chr "RKHS"
  .. ..$ Name       : chr "ETA_2"
  .. ..$ tolD       : num 1e-10
  .. ..$ levelsU    : int 2737
  .. ..$ df0        : num 5
  .. ..$ R2         : num 0.167
  .. ..$ S0         : num 570
  .. ..$ u          : num [1:3646] 6.291 0.948 4.129 -2.814 2.169 ...
  .. ..$ varU       : num 152
  .. ..$ uStar      : num [1:2737] 15.41 0.948 7.151 12.587 -2.814 ...
  .. ..$ NamefileOut: chr "X3_cum/ETA_2_varU.dat"
  .. ..$ SD.u       : num [1:3646] 5.58 9.16 6.76 9.17 9.3 ...
  .. ..$ SD.varU    : num 18.4
  ..$ :List of 15
  .. ..$ V          : num [1:3646, 1:576] 0.010764 0.006644 0.010142 0.00602 -0.000353 ...
  .. .. ..- attr(*, "dimnames")=List of 2
  .. .. .. ..$ : chr [1:3646] "2020-21_11.107-5" "2020-21_12.90-53" "2020-21_12.93-4" "2020-21_14.37-103" ...
  .. .. .. ..$ : NULL
  .. ..$ d          : num [1:576] 1718 767 374 228 121 ...
  .. ..$ model      : chr "RKHS"
  .. ..$ Name       : chr "ETA_3"
  .. ..$ tolD       : num 1e-10
  .. ..$ levelsU    : int 576
  .. ..$ df0        : num 5
  .. ..$ R2         : num 0.167
  .. ..$ S0         : num 120
  .. ..$ u          : num [1:3646] -24.3 -39.9 -35.6 -33.2 -37.4 ...
  .. ..$ varU       : num 3540
  .. ..$ uStar      : num [1:576] -1061 562 1057 -291 -468 ...
  .. ..$ NamefileOut: chr "X3_cum/ETA_3_varU.dat"
  .. ..$ SD.u       : num [1:3646] 5.28 4.53 5.6 4.69 5.05 ...
  .. ..$ SD.varU    : num 646
 - attr(*, "class")= chr "BGLR"
NULL
List of 21
 $ y            : num [1:3646] 39.5 64.4 38.3 92.4 32.5 ...
 $ a            : NULL
 $ b            : NULL
 $ whichNa      : int [1:1011] 2636 2637 2638 2639 2640 2641 2642 2643 2644 2645 ...
 $ saveAt       : chr "X7_cum/"
 $ nIter        : num 12000
 $ burnIn       : num 2000
 $ thin         : num 5
 $ weights      : num [1:3646] 1 1 1 1 1 1 1 1 1 1 ...
 $ verbose      : logi FALSE
 $ response_type: chr "gaussian"
 $ df0          : num 5
 $ S0           : num 7275
 $ yHat         : num [1:3646] 90.5 53.1 52.4 78.7 38.7 ...
 $ SD.yHat      : num [1:3646] 15.5 20 16.8 19.6 20.7 ...
 $ mu           : num 130
 $ SD.mu        : num 6
 $ varE         : num 958
 $ SD.varE      : num 57.9
 $ fit          :List of 4
  ..$ logLikAtPostMean: num -12295
  ..$ postMeanLogLik  : num -12780
  ..$ pD              : num 969
  ..$ DIC             : num 26529
 $ ETA          :List of 3
  ..$ :List of 15
  .. ..$ V          : num [1:3646, 1:6] 0 0 0 0 0 0 0 0 0 0 ...
  .. .. ..- attr(*, "dimnames")=List of 2
  .. .. .. ..$ : chr [1:3646] "2020-21_11.107-5" "2020-21_12.90-53" "2020-21_12.93-4" "2020-21_14.37-103" ...
  .. .. .. ..$ : NULL
  .. ..$ d          : num [1:6] 1011 918 450 447 435 ...
  .. ..$ model      : chr "RKHS"
  .. ..$ Name       : chr "ETA_1"
  .. ..$ tolD       : num 1e-10
  .. ..$ levelsU    : int 6
  .. ..$ df0        : num 5
  .. ..$ R2         : num 0.167
  .. ..$ S0         : num 5.52
  .. ..$ u          : num [1:3646] 0.0254 0.0254 0.0254 0.0254 0.0254 ...
  .. ..$ varU       : num 2.02
  .. ..$ uStar      : num [1:6] -0.743 -2.068 -0.244 -2.223 -0.531 ...
  .. ..$ NamefileOut: chr "X7_cum/ETA_1_varU.dat"
  .. ..$ SD.u       : num [1:3646] 1.42 1.42 1.42 1.42 1.42 ...
  .. ..$ SD.varU    : num 3.1
  ..$ :List of 15
  .. ..$ V          : num [1:3646, 1:2737] 0.408 0 0 0 0 ...
  .. .. ..- attr(*, "dimnames")=List of 2
  .. .. .. ..$ : chr [1:3646] "2020-21_11.107-5" "2020-21_12.90-53" "2020-21_12.93-4" "2020-21_14.37-103" ...
  .. .. .. ..$ : chr [1:2737] "11.107-5" "12.90-53" "12.93-4" "13.27-142" ...
  .. ..$ d          : Named num [1:2737] 6 1 3 1 1 1 1 1 2 1 ...
  .. .. ..- attr(*, "names")= chr [1:2737] "11.107-5" "12.90-53" "12.93-4" "13.27-142" ...
  .. ..$ model      : chr "RKHS"
  .. ..$ Name       : chr "ETA_2"
  .. ..$ tolD       : num 1e-10
  .. ..$ levelsU    : int 2737
  .. ..$ df0        : num 5
  .. ..$ R2         : num 0.167
  .. ..$ S0         : num 2519
  .. ..$ u          : num [1:3646] 23.88 6.49 26.72 8.53 -4.98 ...
  .. ..$ varU       : num 618
  .. ..$ uStar      : num [1:2737] 58.49 6.49 46.28 15.8 8.53 ...
  .. ..$ NamefileOut: chr "X7_cum/ETA_2_varU.dat"
  .. ..$ SD.u       : num [1:3646] 12.7 20 15.3 19.1 20.2 ...
  .. ..$ SD.varU    : num 68.1
  ..$ :List of 15
  .. ..$ V          : num [1:3646, 1:576] 0.010764 0.006644 0.010142 0.00602 -0.000353 ...
  .. .. ..- attr(*, "dimnames")=List of 2
  .. .. .. ..$ : chr [1:3646] "2020-21_11.107-5" "2020-21_12.90-53" "2020-21_12.93-4" "2020-21_14.37-103" ...
  .. .. .. ..$ : NULL
  .. ..$ d          : num [1:576] 1718 767 374 228 121 ...
  .. ..$ model      : chr "RKHS"
  .. ..$ Name       : chr "ETA_3"
  .. ..$ tolD       : num 1e-10
  .. ..$ levelsU    : int 576
  .. ..$ df0        : num 5
  .. ..$ R2         : num 0.167
  .. ..$ S0         : num 530
  .. ..$ u          : num [1:3646] -63.1 -83.1 -104 -59.5 -86 ...
  .. ..$ varU       : num 17668
  .. ..$ uStar      : num [1:576] -2090 1085 2639 198 -1463 ...
  .. ..$ NamefileOut: chr "X7_cum/ETA_3_varU.dat"
  .. ..$ SD.u       : num [1:3646] 11.96 9.86 12.18 9.82 11.1 ...
  .. ..$ SD.varU    : num 3284
 - attr(*, "class")= chr "BGLR"
NULL
List of 21
 $ y            : num [1:3646] 0.488 5.656 0.158 4.728 11.634 ...
 $ a            : NULL
 $ b            : NULL
 $ whichNa      : int [1:1011] 2636 2637 2638 2639 2640 2641 2642 2643 2644 2645 ...
 $ saveAt       : chr "X3_cum/"
 $ nIter        : num 12000
 $ burnIn       : num 2000
 $ thin         : num 5
 $ weights      : num [1:3646] 1 1 1 1 1 1 1 1 1 1 ...
 $ verbose      : logi FALSE
 $ response_type: chr "gaussian"
 $ df0          : num 5
 $ S0           : num 1647
 $ yHat         : num [1:3646] 25.96 4.97 12.49 7.95 8.7 ...
 $ SD.yHat      : num [1:3646] 6.77 9.23 7.44 9.2 9.28 ...
 $ mu           : num 44
 $ SD.mu        : num 2.82
 $ varE         : num 182
 $ SD.varE      : num 14.3
 $ fit          :List of 4
  ..$ logLikAtPostMean: num -10045
  ..$ postMeanLogLik  : num -10587
  ..$ pD              : num 1084
  ..$ DIC             : num 22257
 $ ETA          :List of 3
  ..$ :List of 15
  .. ..$ V          : num [1:3646, 1:6] 0 0 0 0 0 0 0 0 0 0 ...
  .. .. ..- attr(*, "dimnames")=List of 2
  .. .. .. ..$ : chr [1:3646] "2020-21_11.107-5" "2020-21_12.90-53" "2020-21_12.93-4" "2020-21_14.37-103" ...
  .. .. .. ..$ : NULL
  .. ..$ d          : num [1:6] 1011 918 450 447 435 ...
  .. ..$ model      : chr "RKHS"
  .. ..$ Name       : chr "ETA_1"
  .. ..$ tolD       : num 1e-10
  .. ..$ levelsU    : int 6
  .. ..$ df0        : num 5
  .. ..$ R2         : num 0.167
  .. ..$ S0         : num 1.25
  .. ..$ u          : num [1:3646] -0.0144 -0.0144 -0.0144 -0.0144 -0.0144 ...
  .. ..$ varU       : num 0.432
  .. ..$ uStar      : num [1:6] -0.174 -0.28 0.917 -0.727 0.3 ...
  .. ..$ NamefileOut: chr "X3_cum/ETA_1_varU.dat"
  .. ..$ SD.u       : num [1:3646] 0.626 0.626 0.626 0.626 0.626 ...
  .. ..$ SD.varU    : num 0.505
  ..$ :List of 15
  .. ..$ V          : num [1:3646, 1:2737] 0.408 0 0 0 0 ...
  .. .. ..- attr(*, "dimnames")=List of 2
  .. .. .. ..$ : chr [1:3646] "2020-21_11.107-5" "2020-21_12.90-53" "2020-21_12.93-4" "2020-21_14.37-103" ...
  .. .. .. ..$ : chr [1:2737] "11.107-5" "12.90-53" "12.93-4" "13.27-142" ...
  .. ..$ d          : Named num [1:2737] 6 1 3 1 1 1 1 1 2 1 ...
  .. .. ..- attr(*, "names")= chr [1:2737] "11.107-5" "12.90-53" "12.93-4" "13.27-142" ...
  .. ..$ model      : chr "RKHS"
  .. ..$ Name       : chr "ETA_2"
  .. ..$ tolD       : num 1e-10
  .. ..$ levelsU    : int 2737
  .. ..$ df0        : num 5
  .. ..$ R2         : num 0.167
  .. ..$ S0         : num 570
  .. ..$ u          : num [1:3646] 6.291 0.948 4.129 -2.814 2.169 ...
  .. ..$ varU       : num 152
  .. ..$ uStar      : num [1:2737] 15.41 0.948 7.151 12.587 -2.814 ...
  .. ..$ NamefileOut: chr "X3_cum/ETA_2_varU.dat"
  .. ..$ SD.u       : num [1:3646] 5.58 9.16 6.76 9.17 9.3 ...
  .. ..$ SD.varU    : num 18.4
  ..$ :List of 15
  .. ..$ V          : num [1:3646, 1:576] 0.010764 0.006644 0.010142 0.00602 -0.000353 ...
  .. .. ..- attr(*, "dimnames")=List of 2
  .. .. .. ..$ : chr [1:3646] "2020-21_11.107-5" "2020-21_12.90-53" "2020-21_12.93-4" "2020-21_14.37-103" ...
  .. .. .. ..$ : NULL
  .. ..$ d          : num [1:576] 1718 767 374 228 121 ...
  .. ..$ model      : chr "RKHS"
  .. ..$ Name       : chr "ETA_3"
  .. ..$ tolD       : num 1e-10
  .. ..$ levelsU    : int 576
  .. ..$ df0        : num 5
  .. ..$ R2         : num 0.167
  .. ..$ S0         : num 120
  .. ..$ u          : num [1:3646] -24.3 -39.9 -35.6 -33.2 -37.4 ...
  .. ..$ varU       : num 3540
  .. ..$ uStar      : num [1:576] -1061 562 1057 -291 -468 ...
  .. ..$ NamefileOut: chr "X3_cum/ETA_3_varU.dat"
  .. ..$ SD.u       : num [1:3646] 5.28 4.53 5.6 4.69 5.05 ...
  .. ..$ SD.varU    : num 646
 - attr(*, "class")= chr "BGLR"
NULL
List of 21
 $ y            : num [1:3646] 0.488 5.656 0.158 4.728 11.634 ...
 $ a            : NULL
 $ b            : NULL
 $ whichNa      : int [1:1011] 2636 2637 2638 2639 2640 2641 2642 2643 2644 2645 ...
 $ saveAt       : chr "X3_cum/"
 $ nIter        : num 12000
 $ burnIn       : num 2000
 $ thin         : num 5
 $ weights      : num [1:3646] 1 1 1 1 1 1 1 1 1 1 ...
 $ verbose      : logi FALSE
 $ response_type: chr "gaussian"
 $ df0          : num 5
 $ S0           : num 1647
 $ yHat         : num [1:3646] 25.96 4.97 12.49 7.95 8.7 ...
 $ SD.yHat      : num [1:3646] 6.77 9.23 7.44 9.2 9.28 ...
 $ mu           : num 44
 $ SD.mu        : num 2.82
 $ varE         : num 182
 $ SD.varE      : num 14.3
 $ fit          :List of 4
  ..$ logLikAtPostMean: num -10045
  ..$ postMeanLogLik  : num -10587
  ..$ pD              : num 1084
  ..$ DIC             : num 22257
 $ ETA          :List of 3
  ..$ :List of 15
  .. ..$ V          : num [1:3646, 1:6] 0 0 0 0 0 0 0 0 0 0 ...
  .. .. ..- attr(*, "dimnames")=List of 2
  .. .. .. ..$ : chr [1:3646] "2020-21_11.107-5" "2020-21_12.90-53" "2020-21_12.93-4" "2020-21_14.37-103" ...
  .. .. .. ..$ : NULL
  .. ..$ d          : num [1:6] 1011 918 450 447 435 ...
  .. ..$ model      : chr "RKHS"
  .. ..$ Name       : chr "ETA_1"
  .. ..$ tolD       : num 1e-10
  .. ..$ levelsU    : int 6
  .. ..$ df0        : num 5
  .. ..$ R2         : num 0.167
  .. ..$ S0         : num 1.25
  .. ..$ u          : num [1:3646] -0.0144 -0.0144 -0.0144 -0.0144 -0.0144 ...
  .. ..$ varU       : num 0.432
  .. ..$ uStar      : num [1:6] -0.174 -0.28 0.917 -0.727 0.3 ...
  .. ..$ NamefileOut: chr "X3_cum/ETA_1_varU.dat"
  .. ..$ SD.u       : num [1:3646] 0.626 0.626 0.626 0.626 0.626 ...
  .. ..$ SD.varU    : num 0.505
  ..$ :List of 15
  .. ..$ V          : num [1:3646, 1:2737] 0.408 0 0 0 0 ...
  .. .. ..- attr(*, "dimnames")=List of 2
  .. .. .. ..$ : chr [1:3646] "2020-21_11.107-5" "2020-21_12.90-53" "2020-21_12.93-4" "2020-21_14.37-103" ...
  .. .. .. ..$ : chr [1:2737] "11.107-5" "12.90-53" "12.93-4" "13.27-142" ...
  .. ..$ d          : Named num [1:2737] 6 1 3 1 1 1 1 1 2 1 ...
  .. .. ..- attr(*, "names")= chr [1:2737] "11.107-5" "12.90-53" "12.93-4" "13.27-142" ...
  .. ..$ model      : chr "RKHS"
  .. ..$ Name       : chr "ETA_2"
  .. ..$ tolD       : num 1e-10
  .. ..$ levelsU    : int 2737
  .. ..$ df0        : num 5
  .. ..$ R2         : num 0.167
  .. ..$ S0         : num 570
  .. ..$ u          : num [1:3646] 6.291 0.948 4.129 -2.814 2.169 ...
  .. ..$ varU       : num 152
  .. ..$ uStar      : num [1:2737] 15.41 0.948 7.151 12.587 -2.814 ...
  .. ..$ NamefileOut: chr "X3_cum/ETA_2_varU.dat"
  .. ..$ SD.u       : num [1:3646] 5.58 9.16 6.76 9.17 9.3 ...
  .. ..$ SD.varU    : num 18.4
  ..$ :List of 15
  .. ..$ V          : num [1:3646, 1:576] 0.010764 0.006644 0.010142 0.00602 -0.000353 ...
  .. .. ..- attr(*, "dimnames")=List of 2
  .. .. .. ..$ : chr [1:3646] "2020-21_11.107-5" "2020-21_12.90-53" "2020-21_12.93-4" "2020-21_14.37-103" ...
  .. .. .. ..$ : NULL
  .. ..$ d          : num [1:576] 1718 767 374 228 121 ...
  .. ..$ model      : chr "RKHS"
  .. ..$ Name       : chr "ETA_3"
  .. ..$ tolD       : num 1e-10
  .. ..$ levelsU    : int 576
  .. ..$ df0        : num 5
  .. ..$ R2         : num 0.167
  .. ..$ S0         : num 120
  .. ..$ u          : num [1:3646] -24.3 -39.9 -35.6 -33.2 -37.4 ...
  .. ..$ varU       : num 3540
  .. ..$ uStar      : num [1:576] -1061 562 1057 -291 -468 ...
  .. ..$ NamefileOut: chr "X3_cum/ETA_3_varU.dat"
  .. ..$ SD.u       : num [1:3646] 5.28 4.53 5.6 4.69 5.05 ...
  .. ..$ SD.varU    : num 646
 - attr(*, "class")= chr "BGLR"
NULL
List of 21
 $ y            : num [1:3646] 0.488 17.358 0.481 7.03 16.172 ...
 $ a            : NULL
 $ b            : NULL
 $ whichNa      : int [1:1011] 2636 2637 2638 2639 2640 2641 2642 2643 2644 2645 ...
 $ saveAt       : chr "X4_cum/"
 $ nIter        : num 12000
 $ burnIn       : num 2000
 $ thin         : num 5
 $ weights      : num [1:3646] 1 1 1 1 1 1 1 1 1 1 ...
 $ verbose      : logi FALSE
 $ response_type: chr "gaussian"
 $ df0          : num 5
 $ S0           : num 2535
 $ yHat         : num [1:3646] 27.4 12.6 15.6 15.7 14.2 ...
 $ SD.yHat      : num [1:3646] 8.34 11.06 9.6 10.77 11.45 ...
 $ mu           : num 68.3
 $ SD.mu        : num 3.07
 $ varE         : num 270
 $ SD.varE      : num 18.2
 $ fit          :List of 4
  ..$ logLikAtPostMean: num -10583
  ..$ postMeanLogLik  : num -11111
  ..$ pD              : num 1057
  ..$ DIC             : num 23279
 $ ETA          :List of 3
  ..$ :List of 15
  .. ..$ V          : num [1:3646, 1:6] 0 0 0 0 0 0 0 0 0 0 ...
  .. .. ..- attr(*, "dimnames")=List of 2
  .. .. .. ..$ : chr [1:3646] "2020-21_11.107-5" "2020-21_12.90-53" "2020-21_12.93-4" "2020-21_14.37-103" ...
  .. .. .. ..$ : NULL
  .. ..$ d          : num [1:6] 1011 918 450 447 435 ...
  .. ..$ model      : chr "RKHS"
  .. ..$ Name       : chr "ETA_1"
  .. ..$ tolD       : num 1e-10
  .. ..$ levelsU    : int 6
  .. ..$ df0        : num 5
  .. ..$ R2         : num 0.167
  .. ..$ S0         : num 1.92
  .. ..$ u          : num [1:3646] -0.0602 -0.0602 -0.0602 -0.0602 -0.0602 ...
  .. ..$ varU       : num 0.685
  .. ..$ uStar      : num [1:6] -0.322 -0.604 1.392 -0.93 1.255 ...
  .. ..$ NamefileOut: chr "X4_cum/ETA_1_varU.dat"
  .. ..$ SD.u       : num [1:3646] 0.819 0.819 0.819 0.819 0.819 ...
  .. ..$ SD.varU    : num 0.98
  ..$ :List of 15
  .. ..$ V          : num [1:3646, 1:2737] 0.408 0 0 0 0 ...
  .. .. ..- attr(*, "dimnames")=List of 2
  .. .. .. ..$ : chr [1:3646] "2020-21_11.107-5" "2020-21_12.90-53" "2020-21_12.93-4" "2020-21_14.37-103" ...
  .. .. .. ..$ : chr [1:2737] "11.107-5" "12.90-53" "12.93-4" "13.27-142" ...
  .. ..$ d          : Named num [1:2737] 6 1 3 1 1 1 1 1 2 1 ...
  .. .. ..- attr(*, "names")= chr [1:2737] "11.107-5" "12.90-53" "12.93-4" "13.27-142" ...
  .. ..$ model      : chr "RKHS"
  .. ..$ Name       : chr "ETA_2"
  .. ..$ tolD       : num 1e-10
  .. ..$ levelsU    : int 2737
  .. ..$ df0        : num 5
  .. ..$ R2         : num 0.167
  .. ..$ S0         : num 878
  .. ..$ u          : num [1:3646] 5.9 3.56 7.27 -6.47 1.63 ...
  .. ..$ varU       : num 204
  .. ..$ uStar      : num [1:2737] 14.45 3.56 12.59 10.72 -6.47 ...
  .. ..$ NamefileOut: chr "X4_cum/ETA_2_varU.dat"
  .. ..$ SD.u       : num [1:3646] 6.73 10.85 8.43 10.66 11.46 ...
  .. ..$ SD.varU    : num 22.5
  ..$ :List of 15
  .. ..$ V          : num [1:3646, 1:576] 0.010764 0.006644 0.010142 0.00602 -0.000353 ...
  .. .. ..- attr(*, "dimnames")=List of 2
  .. .. .. ..$ : chr [1:3646] "2020-21_11.107-5" "2020-21_12.90-53" "2020-21_12.93-4" "2020-21_14.37-103" ...
  .. .. .. ..$ : NULL
  .. ..$ d          : num [1:576] 1718 767 374 228 121 ...
  .. ..$ model      : chr "RKHS"
  .. ..$ Name       : chr "ETA_3"
  .. ..$ tolD       : num 1e-10
  .. ..$ levelsU    : int 576
  .. ..$ df0        : num 5
  .. ..$ R2         : num 0.167
  .. ..$ S0         : num 185
  .. ..$ u          : num [1:3646] -46.7 -59.2 -59.9 -46.1 -55.7 ...
  .. ..$ varU       : num 7905
  .. ..$ uStar      : num [1:576] -1662 699 1934 -250 -947 ...
  .. ..$ NamefileOut: chr "X4_cum/ETA_3_varU.dat"
  .. ..$ SD.u       : num [1:3646] 6.53 5.52 6.84 5.69 6.26 ...
  .. ..$ SD.varU    : num 1302
 - attr(*, "class")= chr "BGLR"
NULL
List of 21
 $ y            : num [1:3646] 76.5 118.8 117.3 133.6 54.6 ...
 $ a            : NULL
 $ b            : NULL
 $ whichNa      : int [1:1011] 2636 2637 2638 2639 2640 2641 2642 2643 2644 2645 ...
 $ saveAt       : chr "X8_cum/"
 $ nIter        : num 12000
 $ burnIn       : num 2000
 $ thin         : num 5
 $ weights      : num [1:3646] 1 1 1 1 1 1 1 1 1 1 ...
 $ verbose      : logi FALSE
 $ response_type: chr "gaussian"
 $ df0          : num 5
 $ S0           : num 11387
 $ yHat         : num [1:3646] 143.1 93.3 126.7 118.1 62.1 ...
 $ SD.yHat      : num [1:3646] 18 24.1 21.2 24 24.9 ...
 $ mu           : num 167
 $ SD.mu        : num 8.6
 $ varE         : num 1493
 $ SD.varE      : num 92.8
 $ fit          :List of 4
  ..$ logLikAtPostMean: num -12900
  ..$ postMeanLogLik  : num -13364
  ..$ pD              : num 928
  ..$ DIC             : num 27657
 $ ETA          :List of 3
  ..$ :List of 15
  .. ..$ V          : num [1:3646, 1:6] 0 0 0 0 0 0 0 0 0 0 ...
  .. .. ..- attr(*, "dimnames")=List of 2
  .. .. .. ..$ : chr [1:3646] "2020-21_11.107-5" "2020-21_12.90-53" "2020-21_12.93-4" "2020-21_14.37-103" ...
  .. .. .. ..$ : NULL
  .. ..$ d          : num [1:6] 1011 918 450 447 435 ...
  .. ..$ model      : chr "RKHS"
  .. ..$ Name       : chr "ETA_1"
  .. ..$ tolD       : num 1e-10
  .. ..$ levelsU    : int 6
  .. ..$ df0        : num 5
  .. ..$ R2         : num 0.167
  .. ..$ S0         : num 8.64
  .. ..$ u          : num [1:3646] -0.0448 -0.0448 -0.0448 -0.0448 -0.0448 ...
  .. ..$ varU       : num 3.15
  .. ..$ uStar      : num [1:6] -1.287 1.547 0.926 -4.867 0.935 ...
  .. ..$ NamefileOut: chr "X8_cum/ETA_1_varU.dat"
  .. ..$ SD.u       : num [1:3646] 1.72 1.72 1.72 1.72 1.72 ...
  .. ..$ SD.varU    : num 4.51
  ..$ :List of 15
  .. ..$ V          : num [1:3646, 1:2737] 0.408 0 0 0 0 ...
  .. .. ..- attr(*, "dimnames")=List of 2
  .. .. .. ..$ : chr [1:3646] "2020-21_11.107-5" "2020-21_12.90-53" "2020-21_12.93-4" "2020-21_14.37-103" ...
  .. .. .. ..$ : chr [1:2737] "11.107-5" "12.90-53" "12.93-4" "13.27-142" ...
  .. ..$ d          : Named num [1:2737] 6 1 3 1 1 1 1 1 2 1 ...
  .. .. ..- attr(*, "names")= chr [1:2737] "11.107-5" "12.90-53" "12.93-4" "13.27-142" ...
  .. ..$ model      : chr "RKHS"
  .. ..$ Name       : chr "ETA_2"
  .. ..$ tolD       : num 1e-10
  .. ..$ levelsU    : int 2737
  .. ..$ df0        : num 5
  .. ..$ R2         : num 0.167
  .. ..$ S0         : num 3943
  .. ..$ u          : num [1:3646] 25.07 14.63 70.1 9.04 -4.38 ...
  .. ..$ varU       : num 885
  .. ..$ uStar      : num [1:2737] 61.41 14.63 121.41 15.28 9.04 ...
  .. ..$ NamefileOut: chr "X8_cum/ETA_2_varU.dat"
  .. ..$ SD.u       : num [1:3646] 15.3 23.4 19 23.6 23.7 ...
  .. ..$ SD.varU    : num 99
  ..$ :List of 15
  .. ..$ V          : num [1:3646, 1:576] 0.010764 0.006644 0.010142 0.00602 -0.000353 ...
  .. .. ..- attr(*, "dimnames")=List of 2
  .. .. .. ..$ : chr [1:3646] "2020-21_11.107-5" "2020-21_12.90-53" "2020-21_12.93-4" "2020-21_14.37-103" ...
  .. .. .. ..$ : NULL
  .. ..$ d          : num [1:576] 1718 767 374 228 121 ...
  .. ..$ model      : chr "RKHS"
  .. ..$ Name       : chr "ETA_3"
  .. ..$ tolD       : num 1e-10
  .. ..$ levelsU    : int 576
  .. ..$ df0        : num 5
  .. ..$ R2         : num 0.167
  .. ..$ S0         : num 830
  .. ..$ u          : num [1:3646] -49.2 -88.6 -110.6 -58.2 -100.8 ...
  .. ..$ varU       : num 24220
  .. ..$ uStar      : num [1:576] -2328 1080 2934 756 -1604 ...
  .. ..$ NamefileOut: chr "X8_cum/ETA_3_varU.dat"
  .. ..$ SD.u       : num [1:3646] 14.6 12.8 15.5 13 14.3 ...
  .. ..$ SD.varU    : num 4492
 - attr(*, "class")= chr "BGLR"
NULL
List of 21
 $ y            : num [1:3646] 0.488 17.358 0.481 7.03 16.172 ...
 $ a            : NULL
 $ b            : NULL
 $ whichNa      : int [1:1011] 2636 2637 2638 2639 2640 2641 2642 2643 2644 2645 ...
 $ saveAt       : chr "X4_cum/"
 $ nIter        : num 12000
 $ burnIn       : num 2000
 $ thin         : num 5
 $ weights      : num [1:3646] 1 1 1 1 1 1 1 1 1 1 ...
 $ verbose      : logi FALSE
 $ response_type: chr "gaussian"
 $ df0          : num 5
 $ S0           : num 2535
 $ yHat         : num [1:3646] 27.4 12.6 15.6 15.7 14.2 ...
 $ SD.yHat      : num [1:3646] 8.34 11.06 9.6 10.77 11.45 ...
 $ mu           : num 68.3
 $ SD.mu        : num 3.07
 $ varE         : num 270
 $ SD.varE      : num 18.2
 $ fit          :List of 4
  ..$ logLikAtPostMean: num -10583
  ..$ postMeanLogLik  : num -11111
  ..$ pD              : num 1057
  ..$ DIC             : num 23279
 $ ETA          :List of 3
  ..$ :List of 15
  .. ..$ V          : num [1:3646, 1:6] 0 0 0 0 0 0 0 0 0 0 ...
  .. .. ..- attr(*, "dimnames")=List of 2
  .. .. .. ..$ : chr [1:3646] "2020-21_11.107-5" "2020-21_12.90-53" "2020-21_12.93-4" "2020-21_14.37-103" ...
  .. .. .. ..$ : NULL
  .. ..$ d          : num [1:6] 1011 918 450 447 435 ...
  .. ..$ model      : chr "RKHS"
  .. ..$ Name       : chr "ETA_1"
  .. ..$ tolD       : num 1e-10
  .. ..$ levelsU    : int 6
  .. ..$ df0        : num 5
  .. ..$ R2         : num 0.167
  .. ..$ S0         : num 1.92
  .. ..$ u          : num [1:3646] -0.0602 -0.0602 -0.0602 -0.0602 -0.0602 ...
  .. ..$ varU       : num 0.685
  .. ..$ uStar      : num [1:6] -0.322 -0.604 1.392 -0.93 1.255 ...
  .. ..$ NamefileOut: chr "X4_cum/ETA_1_varU.dat"
  .. ..$ SD.u       : num [1:3646] 0.819 0.819 0.819 0.819 0.819 ...
  .. ..$ SD.varU    : num 0.98
  ..$ :List of 15
  .. ..$ V          : num [1:3646, 1:2737] 0.408 0 0 0 0 ...
  .. .. ..- attr(*, "dimnames")=List of 2
  .. .. .. ..$ : chr [1:3646] "2020-21_11.107-5" "2020-21_12.90-53" "2020-21_12.93-4" "2020-21_14.37-103" ...
  .. .. .. ..$ : chr [1:2737] "11.107-5" "12.90-53" "12.93-4" "13.27-142" ...
  .. ..$ d          : Named num [1:2737] 6 1 3 1 1 1 1 1 2 1 ...
  .. .. ..- attr(*, "names")= chr [1:2737] "11.107-5" "12.90-53" "12.93-4" "13.27-142" ...
  .. ..$ model      : chr "RKHS"
  .. ..$ Name       : chr "ETA_2"
  .. ..$ tolD       : num 1e-10
  .. ..$ levelsU    : int 2737
  .. ..$ df0        : num 5
  .. ..$ R2         : num 0.167
  .. ..$ S0         : num 878
  .. ..$ u          : num [1:3646] 5.9 3.56 7.27 -6.47 1.63 ...
  .. ..$ varU       : num 204
  .. ..$ uStar      : num [1:2737] 14.45 3.56 12.59 10.72 -6.47 ...
  .. ..$ NamefileOut: chr "X4_cum/ETA_2_varU.dat"
  .. ..$ SD.u       : num [1:3646] 6.73 10.85 8.43 10.66 11.46 ...
  .. ..$ SD.varU    : num 22.5
  ..$ :List of 15
  .. ..$ V          : num [1:3646, 1:576] 0.010764 0.006644 0.010142 0.00602 -0.000353 ...
  .. .. ..- attr(*, "dimnames")=List of 2
  .. .. .. ..$ : chr [1:3646] "2020-21_11.107-5" "2020-21_12.90-53" "2020-21_12.93-4" "2020-21_14.37-103" ...
  .. .. .. ..$ : NULL
  .. ..$ d          : num [1:576] 1718 767 374 228 121 ...
  .. ..$ model      : chr "RKHS"
  .. ..$ Name       : chr "ETA_3"
  .. ..$ tolD       : num 1e-10
  .. ..$ levelsU    : int 576
  .. ..$ df0        : num 5
  .. ..$ R2         : num 0.167
  .. ..$ S0         : num 185
  .. ..$ u          : num [1:3646] -46.7 -59.2 -59.9 -46.1 -55.7 ...
  .. ..$ varU       : num 7905
  .. ..$ uStar      : num [1:576] -1662 699 1934 -250 -947 ...
  .. ..$ NamefileOut: chr "X4_cum/ETA_3_varU.dat"
  .. ..$ SD.u       : num [1:3646] 6.53 5.52 6.84 5.69 6.26 ...
  .. ..$ SD.varU    : num 1302
 - attr(*, "class")= chr "BGLR"
NULL
List of 21
 $ y            : num [1:3646] 4.216 23.801 0.481 30.098 28.348 ...
 $ a            : NULL
 $ b            : NULL
 $ whichNa      : int [1:1011] 2636 2637 2638 2639 2640 2641 2642 2643 2644 2645 ...
 $ saveAt       : chr "X5_cum/"
 $ nIter        : num 12000
 $ burnIn       : num 2000
 $ thin         : num 5
 $ weights      : num [1:3646] 1 1 1 1 1 1 1 1 1 1 ...
 $ verbose      : logi FALSE
 $ response_type: chr "gaussian"
 $ df0          : num 5
 $ S0           : num 3616
 $ yHat         : num [1:3646] 35.4 20.5 13.1 32.1 25.9 ...
 $ SD.yHat      : num [1:3646] 10.3 13.1 11.2 13.3 13.5 ...
 $ mu           : num 87
 $ SD.mu        : num 3.86
 $ varE         : num 413
 $ SD.varE      : num 27.2
 $ fit          :List of 4
  ..$ logLikAtPostMean: num -11173
  ..$ postMeanLogLik  : num -11671
  ..$ pD              : num 997
  ..$ DIC             : num 24340
 $ ETA          :List of 3
  ..$ :List of 15
  .. ..$ V          : num [1:3646, 1:6] 0 0 0 0 0 0 0 0 0 0 ...
  .. .. ..- attr(*, "dimnames")=List of 2
  .. .. .. ..$ : chr [1:3646] "2020-21_11.107-5" "2020-21_12.90-53" "2020-21_12.93-4" "2020-21_14.37-103" ...
  .. .. .. ..$ : NULL
  .. ..$ d          : num [1:6] 1011 918 450 447 435 ...
  .. ..$ model      : chr "RKHS"
  .. ..$ Name       : chr "ETA_1"
  .. ..$ tolD       : num 1e-10
  .. ..$ levelsU    : int 6
  .. ..$ df0        : num 5
  .. ..$ R2         : num 0.167
  .. ..$ S0         : num 2.74
  .. ..$ u          : num [1:3646] -0.00551 -0.00551 -0.00551 -0.00551 -0.00551 ...
  .. ..$ varU       : num 0.872
  .. ..$ uStar      : num [1:6] -1.693 -1.552 -0.273 -0.531 0.115 ...
  .. ..$ NamefileOut: chr "X5_cum/ETA_1_varU.dat"
  .. ..$ SD.u       : num [1:3646] 0.902 0.902 0.902 0.902 0.902 ...
  .. ..$ SD.varU    : num 0.841
  ..$ :List of 15
  .. ..$ V          : num [1:3646, 1:2737] 0.408 0 0 0 0 ...
  .. .. ..- attr(*, "dimnames")=List of 2
  .. .. .. ..$ : chr [1:3646] "2020-21_11.107-5" "2020-21_12.90-53" "2020-21_12.93-4" "2020-21_14.37-103" ...
  .. .. .. ..$ : chr [1:2737] "11.107-5" "12.90-53" "12.93-4" "13.27-142" ...
  .. ..$ d          : Named num [1:2737] 6 1 3 1 1 1 1 1 2 1 ...
  .. .. ..- attr(*, "names")= chr [1:2737] "11.107-5" "12.90-53" "12.93-4" "13.27-142" ...
  .. ..$ model      : chr "RKHS"
  .. ..$ Name       : chr "ETA_2"
  .. ..$ tolD       : num 1e-10
  .. ..$ levelsU    : int 2737
  .. ..$ df0        : num 5
  .. ..$ R2         : num 0.167
  .. ..$ S0         : num 1252
  .. ..$ u          : num [1:3646] 8.725 1.785 0.823 -0.552 1.105 ...
  .. ..$ varU       : num 275
  .. ..$ uStar      : num [1:2737] 21.371 1.785 1.425 11.687 -0.552 ...
  .. ..$ NamefileOut: chr "X5_cum/ETA_2_varU.dat"
  .. ..$ SD.u       : num [1:3646] 8.48 12.94 9.84 13.12 13.06 ...
  .. ..$ SD.varU    : num 32.4
  ..$ :List of 15
  .. ..$ V          : num [1:3646, 1:576] 0.010764 0.006644 0.010142 0.00602 -0.000353 ...
  .. .. ..- attr(*, "dimnames")=List of 2
  .. .. .. ..$ : chr [1:3646] "2020-21_11.107-5" "2020-21_12.90-53" "2020-21_12.93-4" "2020-21_14.37-103" ...
  .. .. .. ..$ : NULL
  .. ..$ d          : num [1:576] 1718 767 374 228 121 ...
  .. ..$ model      : chr "RKHS"
  .. ..$ Name       : chr "ETA_3"
  .. ..$ tolD       : num 1e-10
  .. ..$ levelsU    : int 576
  .. ..$ df0        : num 5
  .. ..$ R2         : num 0.167
  .. ..$ S0         : num 264
  .. ..$ u          : num [1:3646] -60.4 -68.4 -74.7 -54.3 -62.3 ...
  .. ..$ varU       : num 10774
  .. ..$ uStar      : num [1:576] -1967.9 759.2 2339 -66.7 -1220.4 ...
  .. ..$ NamefileOut: chr "X5_cum/ETA_3_varU.dat"
  .. ..$ SD.u       : num [1:3646] 7.96 6.69 8.41 6.65 7.75 ...
  .. ..$ SD.varU    : num 1812
 - attr(*, "class")= chr "BGLR"
NULL
List of 21
 $ y            : num [1:3646] 0.488 17.358 0.481 7.03 16.172 ...
 $ a            : NULL
 $ b            : NULL
 $ whichNa      : int [1:1011] 2636 2637 2638 2639 2640 2641 2642 2643 2644 2645 ...
 $ saveAt       : chr "X4_cum/"
 $ nIter        : num 12000
 $ burnIn       : num 2000
 $ thin         : num 5
 $ weights      : num [1:3646] 1 1 1 1 1 1 1 1 1 1 ...
 $ verbose      : logi FALSE
 $ response_type: chr "gaussian"
 $ df0          : num 5
 $ S0           : num 2535
 $ yHat         : num [1:3646] 27.4 12.6 15.6 15.7 14.2 ...
 $ SD.yHat      : num [1:3646] 8.34 11.06 9.6 10.77 11.45 ...
 $ mu           : num 68.3
 $ SD.mu        : num 3.07
 $ varE         : num 270
 $ SD.varE      : num 18.2
 $ fit          :List of 4
  ..$ logLikAtPostMean: num -10583
  ..$ postMeanLogLik  : num -11111
  ..$ pD              : num 1057
  ..$ DIC             : num 23279
 $ ETA          :List of 3
  ..$ :List of 15
  .. ..$ V          : num [1:3646, 1:6] 0 0 0 0 0 0 0 0 0 0 ...
  .. .. ..- attr(*, "dimnames")=List of 2
  .. .. .. ..$ : chr [1:3646] "2020-21_11.107-5" "2020-21_12.90-53" "2020-21_12.93-4" "2020-21_14.37-103" ...
  .. .. .. ..$ : NULL
  .. ..$ d          : num [1:6] 1011 918 450 447 435 ...
  .. ..$ model      : chr "RKHS"
  .. ..$ Name       : chr "ETA_1"
  .. ..$ tolD       : num 1e-10
  .. ..$ levelsU    : int 6
  .. ..$ df0        : num 5
  .. ..$ R2         : num 0.167
  .. ..$ S0         : num 1.92
  .. ..$ u          : num [1:3646] -0.0602 -0.0602 -0.0602 -0.0602 -0.0602 ...
  .. ..$ varU       : num 0.685
  .. ..$ uStar      : num [1:6] -0.322 -0.604 1.392 -0.93 1.255 ...
  .. ..$ NamefileOut: chr "X4_cum/ETA_1_varU.dat"
  .. ..$ SD.u       : num [1:3646] 0.819 0.819 0.819 0.819 0.819 ...
  .. ..$ SD.varU    : num 0.98
  ..$ :List of 15
  .. ..$ V          : num [1:3646, 1:2737] 0.408 0 0 0 0 ...
  .. .. ..- attr(*, "dimnames")=List of 2
  .. .. .. ..$ : chr [1:3646] "2020-21_11.107-5" "2020-21_12.90-53" "2020-21_12.93-4" "2020-21_14.37-103" ...
  .. .. .. ..$ : chr [1:2737] "11.107-5" "12.90-53" "12.93-4" "13.27-142" ...
  .. ..$ d          : Named num [1:2737] 6 1 3 1 1 1 1 1 2 1 ...
  .. .. ..- attr(*, "names")= chr [1:2737] "11.107-5" "12.90-53" "12.93-4" "13.27-142" ...
  .. ..$ model      : chr "RKHS"
  .. ..$ Name       : chr "ETA_2"
  .. ..$ tolD       : num 1e-10
  .. ..$ levelsU    : int 2737
  .. ..$ df0        : num 5
  .. ..$ R2         : num 0.167
  .. ..$ S0         : num 878
  .. ..$ u          : num [1:3646] 5.9 3.56 7.27 -6.47 1.63 ...
  .. ..$ varU       : num 204
  .. ..$ uStar      : num [1:2737] 14.45 3.56 12.59 10.72 -6.47 ...
  .. ..$ NamefileOut: chr "X4_cum/ETA_2_varU.dat"
  .. ..$ SD.u       : num [1:3646] 6.73 10.85 8.43 10.66 11.46 ...
  .. ..$ SD.varU    : num 22.5
  ..$ :List of 15
  .. ..$ V          : num [1:3646, 1:576] 0.010764 0.006644 0.010142 0.00602 -0.000353 ...
  .. .. ..- attr(*, "dimnames")=List of 2
  .. .. .. ..$ : chr [1:3646] "2020-21_11.107-5" "2020-21_12.90-53" "2020-21_12.93-4" "2020-21_14.37-103" ...
  .. .. .. ..$ : NULL
  .. ..$ d          : num [1:576] 1718 767 374 228 121 ...
  .. ..$ model      : chr "RKHS"
  .. ..$ Name       : chr "ETA_3"
  .. ..$ tolD       : num 1e-10
  .. ..$ levelsU    : int 576
  .. ..$ df0        : num 5
  .. ..$ R2         : num 0.167
  .. ..$ S0         : num 185
  .. ..$ u          : num [1:3646] -46.7 -59.2 -59.9 -46.1 -55.7 ...
  .. ..$ varU       : num 7905
  .. ..$ uStar      : num [1:576] -1662 699 1934 -250 -947 ...
  .. ..$ NamefileOut: chr "X4_cum/ETA_3_varU.dat"
  .. ..$ SD.u       : num [1:3646] 6.53 5.52 6.84 5.69 6.26 ...
  .. ..$ SD.varU    : num 1302
 - attr(*, "class")= chr "BGLR"
NULL
List of 21
 $ y            : num [1:3646] 168.3 157.8 184.1 166.6 78.9 ...
 $ a            : NULL
 $ b            : NULL
 $ whichNa      : int [1:1011] 2636 2637 2638 2639 2640 2641 2642 2643 2644 2645 ...
 $ saveAt       : chr "X9_cum/"
 $ nIter        : num 12000
 $ burnIn       : num 2000
 $ thin         : num 5
 $ weights      : num [1:3646] 1 1 1 1 1 1 1 1 1 1 ...
 $ verbose      : logi FALSE
 $ response_type: chr "gaussian"
 $ df0          : num 5
 $ S0           : num 17979
 $ yHat         : num [1:3646] 207.4 125.1 188.4 151.3 84.7 ...
 $ SD.yHat      : num [1:3646] 22.3 29.2 25.5 28 29.4 ...
 $ mu           : num 210
 $ SD.mu        : num 7.2
 $ varE         : num 2168
 $ SD.varE      : num 124
 $ fit          :List of 4
  ..$ logLikAtPostMean: num -13399
  ..$ postMeanLogLik  : num -13856
  ..$ pD              : num 914
  ..$ DIC             : num 28626
 $ ETA          :List of 3
  ..$ :List of 15
  .. ..$ V          : num [1:3646, 1:6] 0 0 0 0 0 0 0 0 0 0 ...
  .. .. ..- attr(*, "dimnames")=List of 2
  .. .. .. ..$ : chr [1:3646] "2020-21_11.107-5" "2020-21_12.90-53" "2020-21_12.93-4" "2020-21_14.37-103" ...
  .. .. .. ..$ : NULL
  .. ..$ d          : num [1:6] 1011 918 450 447 435 ...
  .. ..$ model      : chr "RKHS"
  .. ..$ Name       : chr "ETA_1"
  .. ..$ tolD       : num 1e-10
  .. ..$ levelsU    : int 6
  .. ..$ df0        : num 5
  .. ..$ R2         : num 0.167
  .. ..$ S0         : num 13.6
  .. ..$ u          : num [1:3646] 0.0457 0.0457 0.0457 0.0457 0.0457 ...
  .. ..$ varU       : num 4.36
  .. ..$ uStar      : num [1:6] 0.0825 0.9129 1.656 -0.5748 -0.9539 ...
  .. ..$ NamefileOut: chr "X9_cum/ETA_1_varU.dat"
  .. ..$ SD.u       : num [1:3646] 2.1 2.1 2.1 2.1 2.1 ...
  .. ..$ SD.varU    : num 4.57
  ..$ :List of 15
  .. ..$ V          : num [1:3646, 1:2737] 0.408 0 0 0 0 ...
  .. .. ..- attr(*, "dimnames")=List of 2
  .. .. .. ..$ : chr [1:3646] "2020-21_11.107-5" "2020-21_12.90-53" "2020-21_12.93-4" "2020-21_14.37-103" ...
  .. .. .. ..$ : chr [1:2737] "11.107-5" "12.90-53" "12.93-4" "13.27-142" ...
  .. ..$ d          : Named num [1:2737] 6 1 3 1 1 1 1 1 2 1 ...
  .. .. ..- attr(*, "names")= chr [1:2737] "11.107-5" "12.90-53" "12.93-4" "13.27-142" ...
  .. ..$ model      : chr "RKHS"
  .. ..$ Name       : chr "ETA_2"
  .. ..$ tolD       : num 1e-10
  .. ..$ levelsU    : int 2737
  .. ..$ df0        : num 5
  .. ..$ R2         : num 0.167
  .. ..$ S0         : num 6226
  .. ..$ u          : num [1:3646] 37.01 18.6 90.43 9.26 -3.34 ...
  .. ..$ varU       : num 1233
  .. ..$ uStar      : num [1:2737] 90.66 18.6 156.64 12.93 9.26 ...
  .. ..$ NamefileOut: chr "X9_cum/ETA_2_varU.dat"
  .. ..$ SD.u       : num [1:3646] 18.3 28.4 22.4 28 28.6 ...
  .. ..$ SD.varU    : num 139
  ..$ :List of 15
  .. ..$ V          : num [1:3646, 1:576] 0.010764 0.006644 0.010142 0.00602 -0.000353 ...
  .. .. ..- attr(*, "dimnames")=List of 2
  .. .. .. ..$ : chr [1:3646] "2020-21_11.107-5" "2020-21_12.90-53" "2020-21_12.93-4" "2020-21_14.37-103" ...
  .. .. .. ..$ : NULL
  .. ..$ d          : num [1:576] 1718 767 374 228 121 ...
  .. ..$ model      : chr "RKHS"
  .. ..$ Name       : chr "ETA_3"
  .. ..$ tolD       : num 1e-10
  .. ..$ levelsU    : int 576
  .. ..$ df0        : num 5
  .. ..$ R2         : num 0.167
  .. ..$ S0         : num 1311
  .. ..$ u          : num [1:3646] -39.6 -103.5 -112 -67.9 -121.9 ...
  .. ..$ varU       : num 38602
  .. ..$ uStar      : num [1:576] -2074 1177 3327 1688 -1543 ...
  .. ..$ NamefileOut: chr "X9_cum/ETA_3_varU.dat"
  .. ..$ SD.u       : num [1:3646] 16.9 13.4 17.9 13.9 15.3 ...
  .. ..$ SD.varU    : num 7358
 - attr(*, "class")= chr "BGLR"
NULL
List of 21
 $ y            : num [1:3646] 4.893 32.395 0.616 30.098 31.883 ...
 $ a            : NULL
 $ b            : NULL
 $ whichNa      : int [1:1011] 2636 2637 2638 2639 2640 2641 2642 2643 2644 2645 ...
 $ saveAt       : chr "X6_cum/"
 $ nIter        : num 12000
 $ burnIn       : num 2000
 $ thin         : num 5
 $ weights      : num [1:3646] 1 1 1 1 1 1 1 1 1 1 ...
 $ verbose      : logi FALSE
 $ response_type: chr "gaussian"
 $ df0          : num 5
 $ S0           : num 5038
 $ yHat         : num [1:3646] 51.1 30.2 23.5 40.8 31.9 ...
 $ SD.yHat      : num [1:3646] 12.3 16.2 13.9 16.3 16.7 ...
 $ mu           : num 111
 $ SD.mu        : num 5.67
 $ varE         : num 623
 $ SD.varE      : num 37.9
 $ fit          :List of 4
  ..$ logLikAtPostMean: num -11721
  ..$ postMeanLogLik  : num -12212
  ..$ pD              : num 982
  ..$ DIC             : num 25406
 $ ETA          :List of 3
  ..$ :List of 15
  .. ..$ V          : num [1:3646, 1:6] 0 0 0 0 0 0 0 0 0 0 ...
  .. .. ..- attr(*, "dimnames")=List of 2
  .. .. .. ..$ : chr [1:3646] "2020-21_11.107-5" "2020-21_12.90-53" "2020-21_12.93-4" "2020-21_14.37-103" ...
  .. .. .. ..$ : NULL
  .. ..$ d          : num [1:6] 1011 918 450 447 435 ...
  .. ..$ model      : chr "RKHS"
  .. ..$ Name       : chr "ETA_1"
  .. ..$ tolD       : num 1e-10
  .. ..$ levelsU    : int 6
  .. ..$ df0        : num 5
  .. ..$ R2         : num 0.167
  .. ..$ S0         : num 3.82
  .. ..$ u          : num [1:3646] -0.0118 -0.0118 -0.0118 -0.0118 -0.0118 ...
  .. ..$ varU       : num 1.25
  .. ..$ uStar      : num [1:6] 0.422 0.436 -2.231 -1.442 0.245 ...
  .. ..$ NamefileOut: chr "X6_cum/ETA_1_varU.dat"
  .. ..$ SD.u       : num [1:3646] 1.11 1.11 1.11 1.11 1.11 ...
  .. ..$ SD.varU    : num 1.13
  ..$ :List of 15
  .. ..$ V          : num [1:3646, 1:2737] 0.408 0 0 0 0 ...
  .. .. ..- attr(*, "dimnames")=List of 2
  .. .. .. ..$ : chr [1:3646] "2020-21_11.107-5" "2020-21_12.90-53" "2020-21_12.93-4" "2020-21_14.37-103" ...
  .. .. .. ..$ : chr [1:2737] "11.107-5" "12.90-53" "12.93-4" "13.27-142" ...
  .. ..$ d          : Named num [1:2737] 6 1 3 1 1 1 1 1 2 1 ...
  .. .. ..- attr(*, "names")= chr [1:2737] "11.107-5" "12.90-53" "12.93-4" "13.27-142" ...
  .. ..$ model      : chr "RKHS"
  .. ..$ Name       : chr "ETA_2"
  .. ..$ tolD       : num 1e-10
  .. ..$ levelsU    : int 2737
  .. ..$ df0        : num 5
  .. ..$ R2         : num 0.167
  .. ..$ S0         : num 1745
  .. ..$ u          : num [1:3646] 12.36 2.494 6.764 -6.745 -0.354 ...
  .. ..$ varU       : num 406
  .. ..$ uStar      : num [1:2737] 30.28 2.49 11.72 15.17 -6.75 ...
  .. ..$ NamefileOut: chr "X6_cum/ETA_2_varU.dat"
  .. ..$ SD.u       : num [1:3646] 9.77 15.84 12.58 15.93 16.01 ...
  .. ..$ SD.varU    : num 45.6
  ..$ :List of 15
  .. ..$ V          : num [1:3646, 1:576] 0.010764 0.006644 0.010142 0.00602 -0.000353 ...
  .. .. ..- attr(*, "dimnames")=List of 2
  .. .. .. ..$ : chr [1:3646] "2020-21_11.107-5" "2020-21_12.90-53" "2020-21_12.93-4" "2020-21_14.37-103" ...
  .. .. .. ..$ : NULL
  .. ..$ d          : num [1:576] 1718 767 374 228 121 ...
  .. ..$ model      : chr "RKHS"
  .. ..$ Name       : chr "ETA_3"
  .. ..$ tolD       : num 1e-10
  .. ..$ levelsU    : int 576
  .. ..$ df0        : num 5
  .. ..$ R2         : num 0.167
  .. ..$ S0         : num 367
  .. ..$ u          : num [1:3646] -72.3 -83.4 -94.3 -63.5 -78.9 ...
  .. ..$ varU       : num 13971
  .. ..$ uStar      : num [1:576] -2261.9 969.4 2954.5 -72.3 -1597.3 ...
  .. ..$ NamefileOut: chr "X6_cum/ETA_3_varU.dat"
  .. ..$ SD.u       : num [1:3646] 9.93 8.76 10.49 8.68 9.79 ...
  .. ..$ SD.varU    : num 2385
 - attr(*, "class")= chr "BGLR"
NULL
List of 21
 $ y            : num [1:3646] 4.216 23.801 0.481 30.098 28.348 ...
 $ a            : NULL
 $ b            : NULL
 $ whichNa      : int [1:1011] 2636 2637 2638 2639 2640 2641 2642 2643 2644 2645 ...
 $ saveAt       : chr "X5_cum/"
 $ nIter        : num 12000
 $ burnIn       : num 2000
 $ thin         : num 5
 $ weights      : num [1:3646] 1 1 1 1 1 1 1 1 1 1 ...
 $ verbose      : logi FALSE
 $ response_type: chr "gaussian"
 $ df0          : num 5
 $ S0           : num 3616
 $ yHat         : num [1:3646] 35.4 20.5 13.1 32.1 25.9 ...
 $ SD.yHat      : num [1:3646] 10.3 13.1 11.2 13.3 13.5 ...
 $ mu           : num 87
 $ SD.mu        : num 3.86
 $ varE         : num 413
 $ SD.varE      : num 27.2
 $ fit          :List of 4
  ..$ logLikAtPostMean: num -11173
  ..$ postMeanLogLik  : num -11671
  ..$ pD              : num 997
  ..$ DIC             : num 24340
 $ ETA          :List of 3
  ..$ :List of 15
  .. ..$ V          : num [1:3646, 1:6] 0 0 0 0 0 0 0 0 0 0 ...
  .. .. ..- attr(*, "dimnames")=List of 2
  .. .. .. ..$ : chr [1:3646] "2020-21_11.107-5" "2020-21_12.90-53" "2020-21_12.93-4" "2020-21_14.37-103" ...
  .. .. .. ..$ : NULL
  .. ..$ d          : num [1:6] 1011 918 450 447 435 ...
  .. ..$ model      : chr "RKHS"
  .. ..$ Name       : chr "ETA_1"
  .. ..$ tolD       : num 1e-10
  .. ..$ levelsU    : int 6
  .. ..$ df0        : num 5
  .. ..$ R2         : num 0.167
  .. ..$ S0         : num 2.74
  .. ..$ u          : num [1:3646] -0.00551 -0.00551 -0.00551 -0.00551 -0.00551 ...
  .. ..$ varU       : num 0.872
  .. ..$ uStar      : num [1:6] -1.693 -1.552 -0.273 -0.531 0.115 ...
  .. ..$ NamefileOut: chr "X5_cum/ETA_1_varU.dat"
  .. ..$ SD.u       : num [1:3646] 0.902 0.902 0.902 0.902 0.902 ...
  .. ..$ SD.varU    : num 0.841
  ..$ :List of 15
  .. ..$ V          : num [1:3646, 1:2737] 0.408 0 0 0 0 ...
  .. .. ..- attr(*, "dimnames")=List of 2
  .. .. .. ..$ : chr [1:3646] "2020-21_11.107-5" "2020-21_12.90-53" "2020-21_12.93-4" "2020-21_14.37-103" ...
  .. .. .. ..$ : chr [1:2737] "11.107-5" "12.90-53" "12.93-4" "13.27-142" ...
  .. ..$ d          : Named num [1:2737] 6 1 3 1 1 1 1 1 2 1 ...
  .. .. ..- attr(*, "names")= chr [1:2737] "11.107-5" "12.90-53" "12.93-4" "13.27-142" ...
  .. ..$ model      : chr "RKHS"
  .. ..$ Name       : chr "ETA_2"
  .. ..$ tolD       : num 1e-10
  .. ..$ levelsU    : int 2737
  .. ..$ df0        : num 5
  .. ..$ R2         : num 0.167
  .. ..$ S0         : num 1252
  .. ..$ u          : num [1:3646] 8.725 1.785 0.823 -0.552 1.105 ...
  .. ..$ varU       : num 275
  .. ..$ uStar      : num [1:2737] 21.371 1.785 1.425 11.687 -0.552 ...
  .. ..$ NamefileOut: chr "X5_cum/ETA_2_varU.dat"
  .. ..$ SD.u       : num [1:3646] 8.48 12.94 9.84 13.12 13.06 ...
  .. ..$ SD.varU    : num 32.4
  ..$ :List of 15
  .. ..$ V          : num [1:3646, 1:576] 0.010764 0.006644 0.010142 0.00602 -0.000353 ...
  .. .. ..- attr(*, "dimnames")=List of 2
  .. .. .. ..$ : chr [1:3646] "2020-21_11.107-5" "2020-21_12.90-53" "2020-21_12.93-4" "2020-21_14.37-103" ...
  .. .. .. ..$ : NULL
  .. ..$ d          : num [1:576] 1718 767 374 228 121 ...
  .. ..$ model      : chr "RKHS"
  .. ..$ Name       : chr "ETA_3"
  .. ..$ tolD       : num 1e-10
  .. ..$ levelsU    : int 576
  .. ..$ df0        : num 5
  .. ..$ R2         : num 0.167
  .. ..$ S0         : num 264
  .. ..$ u          : num [1:3646] -60.4 -68.4 -74.7 -54.3 -62.3 ...
  .. ..$ varU       : num 10774
  .. ..$ uStar      : num [1:576] -1967.9 759.2 2339 -66.7 -1220.4 ...
  .. ..$ NamefileOut: chr "X5_cum/ETA_3_varU.dat"
  .. ..$ SD.u       : num [1:3646] 7.96 6.69 8.41 6.65 7.75 ...
  .. ..$ SD.varU    : num 1812
 - attr(*, "class")= chr "BGLR"
NULL
List of 21
 $ y            : num [1:3646] 4.216 23.801 0.481 30.098 28.348 ...
 $ a            : NULL
 $ b            : NULL
 $ whichNa      : int [1:1011] 2636 2637 2638 2639 2640 2641 2642 2643 2644 2645 ...
 $ saveAt       : chr "X5_cum/"
 $ nIter        : num 12000
 $ burnIn       : num 2000
 $ thin         : num 5
 $ weights      : num [1:3646] 1 1 1 1 1 1 1 1 1 1 ...
 $ verbose      : logi FALSE
 $ response_type: chr "gaussian"
 $ df0          : num 5
 $ S0           : num 3616
 $ yHat         : num [1:3646] 35.4 20.5 13.1 32.1 25.9 ...
 $ SD.yHat      : num [1:3646] 10.3 13.1 11.2 13.3 13.5 ...
 $ mu           : num 87
 $ SD.mu        : num 3.86
 $ varE         : num 413
 $ SD.varE      : num 27.2
 $ fit          :List of 4
  ..$ logLikAtPostMean: num -11173
  ..$ postMeanLogLik  : num -11671
  ..$ pD              : num 997
  ..$ DIC             : num 24340
 $ ETA          :List of 3
  ..$ :List of 15
  .. ..$ V          : num [1:3646, 1:6] 0 0 0 0 0 0 0 0 0 0 ...
  .. .. ..- attr(*, "dimnames")=List of 2
  .. .. .. ..$ : chr [1:3646] "2020-21_11.107-5" "2020-21_12.90-53" "2020-21_12.93-4" "2020-21_14.37-103" ...
  .. .. .. ..$ : NULL
  .. ..$ d          : num [1:6] 1011 918 450 447 435 ...
  .. ..$ model      : chr "RKHS"
  .. ..$ Name       : chr "ETA_1"
  .. ..$ tolD       : num 1e-10
  .. ..$ levelsU    : int 6
  .. ..$ df0        : num 5
  .. ..$ R2         : num 0.167
  .. ..$ S0         : num 2.74
  .. ..$ u          : num [1:3646] -0.00551 -0.00551 -0.00551 -0.00551 -0.00551 ...
  .. ..$ varU       : num 0.872
  .. ..$ uStar      : num [1:6] -1.693 -1.552 -0.273 -0.531 0.115 ...
  .. ..$ NamefileOut: chr "X5_cum/ETA_1_varU.dat"
  .. ..$ SD.u       : num [1:3646] 0.902 0.902 0.902 0.902 0.902 ...
  .. ..$ SD.varU    : num 0.841
  ..$ :List of 15
  .. ..$ V          : num [1:3646, 1:2737] 0.408 0 0 0 0 ...
  .. .. ..- attr(*, "dimnames")=List of 2
  .. .. .. ..$ : chr [1:3646] "2020-21_11.107-5" "2020-21_12.90-53" "2020-21_12.93-4" "2020-21_14.37-103" ...
  .. .. .. ..$ : chr [1:2737] "11.107-5" "12.90-53" "12.93-4" "13.27-142" ...
  .. ..$ d          : Named num [1:2737] 6 1 3 1 1 1 1 1 2 1 ...
  .. .. ..- attr(*, "names")= chr [1:2737] "11.107-5" "12.90-53" "12.93-4" "13.27-142" ...
  .. ..$ model      : chr "RKHS"
  .. ..$ Name       : chr "ETA_2"
  .. ..$ tolD       : num 1e-10
  .. ..$ levelsU    : int 2737
  .. ..$ df0        : num 5
  .. ..$ R2         : num 0.167
  .. ..$ S0         : num 1252
  .. ..$ u          : num [1:3646] 8.725 1.785 0.823 -0.552 1.105 ...
  .. ..$ varU       : num 275
  .. ..$ uStar      : num [1:2737] 21.371 1.785 1.425 11.687 -0.552 ...
  .. ..$ NamefileOut: chr "X5_cum/ETA_2_varU.dat"
  .. ..$ SD.u       : num [1:3646] 8.48 12.94 9.84 13.12 13.06 ...
  .. ..$ SD.varU    : num 32.4
  ..$ :List of 15
  .. ..$ V          : num [1:3646, 1:576] 0.010764 0.006644 0.010142 0.00602 -0.000353 ...
  .. .. ..- attr(*, "dimnames")=List of 2
  .. .. .. ..$ : chr [1:3646] "2020-21_11.107-5" "2020-21_12.90-53" "2020-21_12.93-4" "2020-21_14.37-103" ...
  .. .. .. ..$ : NULL
  .. ..$ d          : num [1:576] 1718 767 374 228 121 ...
  .. ..$ model      : chr "RKHS"
  .. ..$ Name       : chr "ETA_3"
  .. ..$ tolD       : num 1e-10
  .. ..$ levelsU    : int 576
  .. ..$ df0        : num 5
  .. ..$ R2         : num 0.167
  .. ..$ S0         : num 264
  .. ..$ u          : num [1:3646] -60.4 -68.4 -74.7 -54.3 -62.3 ...
  .. ..$ varU       : num 10774
  .. ..$ uStar      : num [1:576] -1967.9 759.2 2339 -66.7 -1220.4 ...
  .. ..$ NamefileOut: chr "X5_cum/ETA_3_varU.dat"
  .. ..$ SD.u       : num [1:3646] 7.96 6.69 8.41 6.65 7.75 ...
  .. ..$ SD.varU    : num 1812
 - attr(*, "class")= chr "BGLR"
NULL
List of 21
 $ y            : num [1:3646] 322.8 187 253.3 232.5 79.5 ...
 $ a            : NULL
 $ b            : NULL
 $ whichNa      : int [1:1011] 2636 2637 2638 2639 2640 2641 2642 2643 2644 2645 ...
 $ saveAt       : chr "X10_cum/"
 $ nIter        : num 12000
 $ burnIn       : num 2000
 $ thin         : num 5
 $ weights      : num [1:3646] 1 1 1 1 1 1 1 1 1 1 ...
 $ verbose      : logi FALSE
 $ response_type: chr "gaussian"
 $ df0          : num 5
 $ S0           : num 22738
 $ yHat         : num [1:3646] 276.8 154.9 246.3 189.8 91.8 ...
 $ SD.yHat      : num [1:3646] 25.6 32 29.2 32.6 33.5 ...
 $ mu           : num 241
 $ SD.mu        : num 10.4
 $ varE         : num 2836
 $ SD.varE      : num 165
 $ fit          :List of 4
  ..$ logLikAtPostMean: num -13768
  ..$ postMeanLogLik  : num -14210
  ..$ pD              : num 885
  ..$ DIC             : num 29306
 $ ETA          :List of 3
  ..$ :List of 15
  .. ..$ V          : num [1:3646, 1:6] 0 0 0 0 0 0 0 0 0 0 ...
  .. .. ..- attr(*, "dimnames")=List of 2
  .. .. .. ..$ : chr [1:3646] "2020-21_11.107-5" "2020-21_12.90-53" "2020-21_12.93-4" "2020-21_14.37-103" ...
  .. .. .. ..$ : NULL
  .. ..$ d          : num [1:6] 1011 918 450 447 435 ...
  .. ..$ model      : chr "RKHS"
  .. ..$ Name       : chr "ETA_1"
  .. ..$ tolD       : num 1e-10
  .. ..$ levelsU    : int 6
  .. ..$ df0        : num 5
  .. ..$ R2         : num 0.167
  .. ..$ S0         : num 17.3
  .. ..$ u          : num [1:3646] -0.017 -0.017 -0.017 -0.017 -0.017 ...
  .. ..$ varU       : num 6
  .. ..$ uStar      : num [1:6] -1.253 -5.158 2.34 1.243 0.354 ...
  .. ..$ NamefileOut: chr "X10_cum/ETA_1_varU.dat"
  .. ..$ SD.u       : num [1:3646] 2.46 2.46 2.46 2.46 2.46 ...
  .. ..$ SD.varU    : num 6.58
  ..$ :List of 15
  .. ..$ V          : num [1:3646, 1:2737] 0.408 0 0 0 0 ...
  .. .. ..- attr(*, "dimnames")=List of 2
  .. .. .. ..$ : chr [1:3646] "2020-21_11.107-5" "2020-21_12.90-53" "2020-21_12.93-4" "2020-21_14.37-103" ...
  .. .. .. ..$ : chr [1:2737] "11.107-5" "12.90-53" "12.93-4" "13.27-142" ...
  .. ..$ d          : Named num [1:2737] 6 1 3 1 1 1 1 1 2 1 ...
  .. .. ..- attr(*, "names")= chr [1:2737] "11.107-5" "12.90-53" "12.93-4" "13.27-142" ...
  .. ..$ model      : chr "RKHS"
  .. ..$ Name       : chr "ETA_2"
  .. ..$ tolD       : num 1e-10
  .. ..$ levelsU    : int 2737
  .. ..$ df0        : num 5
  .. ..$ R2         : num 0.167
  .. ..$ S0         : num 7874
  .. ..$ u          : num [1:3646] 48.06 17.16 98.37 22.46 -5.87 ...
  .. ..$ varU       : num 1515
  .. ..$ uStar      : num [1:2737] 117.73 17.16 170.38 4.99 22.46 ...
  .. ..$ NamefileOut: chr "X10_cum/ETA_2_varU.dat"
  .. ..$ SD.u       : num [1:3646] 20.8 31.3 25.8 31.9 32.2 ...
  .. ..$ SD.varU    : num 179
  ..$ :List of 15
  .. ..$ V          : num [1:3646, 1:576] 0.010764 0.006644 0.010142 0.00602 -0.000353 ...
  .. .. ..- attr(*, "dimnames")=List of 2
  .. .. .. ..$ : chr [1:3646] "2020-21_11.107-5" "2020-21_12.90-53" "2020-21_12.93-4" "2020-21_14.37-103" ...
  .. .. .. ..$ : NULL
  .. ..$ d          : num [1:576] 1718 767 374 228 121 ...
  .. ..$ model      : chr "RKHS"
  .. ..$ Name       : chr "ETA_3"
  .. ..$ tolD       : num 1e-10
  .. ..$ levelsU    : int 576
  .. ..$ df0        : num 5
  .. ..$ R2         : num 0.167
  .. ..$ S0         : num 1657
  .. ..$ u          : num [1:3646] -12.2 -103.2 -93 -73.6 -143.2 ...
  .. ..$ varU       : num 46545
  .. ..$ uStar      : num [1:576] -626 1517 3127 1842 -1191 ...
  .. ..$ NamefileOut: chr "X10_cum/ETA_3_varU.dat"
  .. ..$ SD.u       : num [1:3646] 19.1 16.7 19.9 17.1 18.2 ...
  .. ..$ SD.varU    : num 8903
 - attr(*, "class")= chr "BGLR"
NULL
List of 21
 $ y            : num [1:3646] 39.5 64.4 38.3 92.4 32.5 ...
 $ a            : NULL
 $ b            : NULL
 $ whichNa      : int [1:1011] 2636 2637 2638 2639 2640 2641 2642 2643 2644 2645 ...
 $ saveAt       : chr "X7_cum/"
 $ nIter        : num 12000
 $ burnIn       : num 2000
 $ thin         : num 5
 $ weights      : num [1:3646] 1 1 1 1 1 1 1 1 1 1 ...
 $ verbose      : logi FALSE
 $ response_type: chr "gaussian"
 $ df0          : num 5
 $ S0           : num 7275
 $ yHat         : num [1:3646] 90.5 53.1 52.4 78.7 38.7 ...
 $ SD.yHat      : num [1:3646] 15.5 20 16.8 19.6 20.7 ...
 $ mu           : num 130
 $ SD.mu        : num 6
 $ varE         : num 958
 $ SD.varE      : num 57.9
 $ fit          :List of 4
  ..$ logLikAtPostMean: num -12295
  ..$ postMeanLogLik  : num -12780
  ..$ pD              : num 969
  ..$ DIC             : num 26529
 $ ETA          :List of 3
  ..$ :List of 15
  .. ..$ V          : num [1:3646, 1:6] 0 0 0 0 0 0 0 0 0 0 ...
  .. .. ..- attr(*, "dimnames")=List of 2
  .. .. .. ..$ : chr [1:3646] "2020-21_11.107-5" "2020-21_12.90-53" "2020-21_12.93-4" "2020-21_14.37-103" ...
  .. .. .. ..$ : NULL
  .. ..$ d          : num [1:6] 1011 918 450 447 435 ...
  .. ..$ model      : chr "RKHS"
  .. ..$ Name       : chr "ETA_1"
  .. ..$ tolD       : num 1e-10
  .. ..$ levelsU    : int 6
  .. ..$ df0        : num 5
  .. ..$ R2         : num 0.167
  .. ..$ S0         : num 5.52
  .. ..$ u          : num [1:3646] 0.0254 0.0254 0.0254 0.0254 0.0254 ...
  .. ..$ varU       : num 2.02
  .. ..$ uStar      : num [1:6] -0.743 -2.068 -0.244 -2.223 -0.531 ...
  .. ..$ NamefileOut: chr "X7_cum/ETA_1_varU.dat"
  .. ..$ SD.u       : num [1:3646] 1.42 1.42 1.42 1.42 1.42 ...
  .. ..$ SD.varU    : num 3.1
  ..$ :List of 15
  .. ..$ V          : num [1:3646, 1:2737] 0.408 0 0 0 0 ...
  .. .. ..- attr(*, "dimnames")=List of 2
  .. .. .. ..$ : chr [1:3646] "2020-21_11.107-5" "2020-21_12.90-53" "2020-21_12.93-4" "2020-21_14.37-103" ...
  .. .. .. ..$ : chr [1:2737] "11.107-5" "12.90-53" "12.93-4" "13.27-142" ...
  .. ..$ d          : Named num [1:2737] 6 1 3 1 1 1 1 1 2 1 ...
  .. .. ..- attr(*, "names")= chr [1:2737] "11.107-5" "12.90-53" "12.93-4" "13.27-142" ...
  .. ..$ model      : chr "RKHS"
  .. ..$ Name       : chr "ETA_2"
  .. ..$ tolD       : num 1e-10
  .. ..$ levelsU    : int 2737
  .. ..$ df0        : num 5
  .. ..$ R2         : num 0.167
  .. ..$ S0         : num 2519
  .. ..$ u          : num [1:3646] 23.88 6.49 26.72 8.53 -4.98 ...
  .. ..$ varU       : num 618
  .. ..$ uStar      : num [1:2737] 58.49 6.49 46.28 15.8 8.53 ...
  .. ..$ NamefileOut: chr "X7_cum/ETA_2_varU.dat"
  .. ..$ SD.u       : num [1:3646] 12.7 20 15.3 19.1 20.2 ...
  .. ..$ SD.varU    : num 68.1
  ..$ :List of 15
  .. ..$ V          : num [1:3646, 1:576] 0.010764 0.006644 0.010142 0.00602 -0.000353 ...
  .. .. ..- attr(*, "dimnames")=List of 2
  .. .. .. ..$ : chr [1:3646] "2020-21_11.107-5" "2020-21_12.90-53" "2020-21_12.93-4" "2020-21_14.37-103" ...
  .. .. .. ..$ : NULL
  .. ..$ d          : num [1:576] 1718 767 374 228 121 ...
  .. ..$ model      : chr "RKHS"
  .. ..$ Name       : chr "ETA_3"
  .. ..$ tolD       : num 1e-10
  .. ..$ levelsU    : int 576
  .. ..$ df0        : num 5
  .. ..$ R2         : num 0.167
  .. ..$ S0         : num 530
  .. ..$ u          : num [1:3646] -63.1 -83.1 -104 -59.5 -86 ...
  .. ..$ varU       : num 17668
  .. ..$ uStar      : num [1:576] -2090 1085 2639 198 -1463 ...
  .. ..$ NamefileOut: chr "X7_cum/ETA_3_varU.dat"
  .. ..$ SD.u       : num [1:3646] 11.96 9.86 12.18 9.82 11.1 ...
  .. ..$ SD.varU    : num 3284
 - attr(*, "class")= chr "BGLR"
NULL
List of 21
 $ y            : num [1:3646] 4.893 32.395 0.616 30.098 31.883 ...
 $ a            : NULL
 $ b            : NULL
 $ whichNa      : int [1:1011] 2636 2637 2638 2639 2640 2641 2642 2643 2644 2645 ...
 $ saveAt       : chr "X6_cum/"
 $ nIter        : num 12000
 $ burnIn       : num 2000
 $ thin         : num 5
 $ weights      : num [1:3646] 1 1 1 1 1 1 1 1 1 1 ...
 $ verbose      : logi FALSE
 $ response_type: chr "gaussian"
 $ df0          : num 5
 $ S0           : num 5038
 $ yHat         : num [1:3646] 51.1 30.2 23.5 40.8 31.9 ...
 $ SD.yHat      : num [1:3646] 12.3 16.2 13.9 16.3 16.7 ...
 $ mu           : num 111
 $ SD.mu        : num 5.67
 $ varE         : num 623
 $ SD.varE      : num 37.9
 $ fit          :List of 4
  ..$ logLikAtPostMean: num -11721
  ..$ postMeanLogLik  : num -12212
  ..$ pD              : num 982
  ..$ DIC             : num 25406
 $ ETA          :List of 3
  ..$ :List of 15
  .. ..$ V          : num [1:3646, 1:6] 0 0 0 0 0 0 0 0 0 0 ...
  .. .. ..- attr(*, "dimnames")=List of 2
  .. .. .. ..$ : chr [1:3646] "2020-21_11.107-5" "2020-21_12.90-53" "2020-21_12.93-4" "2020-21_14.37-103" ...
  .. .. .. ..$ : NULL
  .. ..$ d          : num [1:6] 1011 918 450 447 435 ...
  .. ..$ model      : chr "RKHS"
  .. ..$ Name       : chr "ETA_1"
  .. ..$ tolD       : num 1e-10
  .. ..$ levelsU    : int 6
  .. ..$ df0        : num 5
  .. ..$ R2         : num 0.167
  .. ..$ S0         : num 3.82
  .. ..$ u          : num [1:3646] -0.0118 -0.0118 -0.0118 -0.0118 -0.0118 ...
  .. ..$ varU       : num 1.25
  .. ..$ uStar      : num [1:6] 0.422 0.436 -2.231 -1.442 0.245 ...
  .. ..$ NamefileOut: chr "X6_cum/ETA_1_varU.dat"
  .. ..$ SD.u       : num [1:3646] 1.11 1.11 1.11 1.11 1.11 ...
  .. ..$ SD.varU    : num 1.13
  ..$ :List of 15
  .. ..$ V          : num [1:3646, 1:2737] 0.408 0 0 0 0 ...
  .. .. ..- attr(*, "dimnames")=List of 2
  .. .. .. ..$ : chr [1:3646] "2020-21_11.107-5" "2020-21_12.90-53" "2020-21_12.93-4" "2020-21_14.37-103" ...
  .. .. .. ..$ : chr [1:2737] "11.107-5" "12.90-53" "12.93-4" "13.27-142" ...
  .. ..$ d          : Named num [1:2737] 6 1 3 1 1 1 1 1 2 1 ...
  .. .. ..- attr(*, "names")= chr [1:2737] "11.107-5" "12.90-53" "12.93-4" "13.27-142" ...
  .. ..$ model      : chr "RKHS"
  .. ..$ Name       : chr "ETA_2"
  .. ..$ tolD       : num 1e-10
  .. ..$ levelsU    : int 2737
  .. ..$ df0        : num 5
  .. ..$ R2         : num 0.167
  .. ..$ S0         : num 1745
  .. ..$ u          : num [1:3646] 12.36 2.494 6.764 -6.745 -0.354 ...
  .. ..$ varU       : num 406
  .. ..$ uStar      : num [1:2737] 30.28 2.49 11.72 15.17 -6.75 ...
  .. ..$ NamefileOut: chr "X6_cum/ETA_2_varU.dat"
  .. ..$ SD.u       : num [1:3646] 9.77 15.84 12.58 15.93 16.01 ...
  .. ..$ SD.varU    : num 45.6
  ..$ :List of 15
  .. ..$ V          : num [1:3646, 1:576] 0.010764 0.006644 0.010142 0.00602 -0.000353 ...
  .. .. ..- attr(*, "dimnames")=List of 2
  .. .. .. ..$ : chr [1:3646] "2020-21_11.107-5" "2020-21_12.90-53" "2020-21_12.93-4" "2020-21_14.37-103" ...
  .. .. .. ..$ : NULL
  .. ..$ d          : num [1:576] 1718 767 374 228 121 ...
  .. ..$ model      : chr "RKHS"
  .. ..$ Name       : chr "ETA_3"
  .. ..$ tolD       : num 1e-10
  .. ..$ levelsU    : int 576
  .. ..$ df0        : num 5
  .. ..$ R2         : num 0.167
  .. ..$ S0         : num 367
  .. ..$ u          : num [1:3646] -72.3 -83.4 -94.3 -63.5 -78.9 ...
  .. ..$ varU       : num 13971
  .. ..$ uStar      : num [1:576] -2261.9 969.4 2954.5 -72.3 -1597.3 ...
  .. ..$ NamefileOut: chr "X6_cum/ETA_3_varU.dat"
  .. ..$ SD.u       : num [1:3646] 9.93 8.76 10.49 8.68 9.79 ...
  .. ..$ SD.varU    : num 2385
 - attr(*, "class")= chr "BGLR"
NULL
List of 21
 $ y            : num [1:3646] 4.893 32.395 0.616 30.098 31.883 ...
 $ a            : NULL
 $ b            : NULL
 $ whichNa      : int [1:1011] 2636 2637 2638 2639 2640 2641 2642 2643 2644 2645 ...
 $ saveAt       : chr "X6_cum/"
 $ nIter        : num 12000
 $ burnIn       : num 2000
 $ thin         : num 5
 $ weights      : num [1:3646] 1 1 1 1 1 1 1 1 1 1 ...
 $ verbose      : logi FALSE
 $ response_type: chr "gaussian"
 $ df0          : num 5
 $ S0           : num 5038
 $ yHat         : num [1:3646] 51.1 30.2 23.5 40.8 31.9 ...
 $ SD.yHat      : num [1:3646] 12.3 16.2 13.9 16.3 16.7 ...
 $ mu           : num 111
 $ SD.mu        : num 5.67
 $ varE         : num 623
 $ SD.varE      : num 37.9
 $ fit          :List of 4
  ..$ logLikAtPostMean: num -11721
  ..$ postMeanLogLik  : num -12212
  ..$ pD              : num 982
  ..$ DIC             : num 25406
 $ ETA          :List of 3
  ..$ :List of 15
  .. ..$ V          : num [1:3646, 1:6] 0 0 0 0 0 0 0 0 0 0 ...
  .. .. ..- attr(*, "dimnames")=List of 2
  .. .. .. ..$ : chr [1:3646] "2020-21_11.107-5" "2020-21_12.90-53" "2020-21_12.93-4" "2020-21_14.37-103" ...
  .. .. .. ..$ : NULL
  .. ..$ d          : num [1:6] 1011 918 450 447 435 ...
  .. ..$ model      : chr "RKHS"
  .. ..$ Name       : chr "ETA_1"
  .. ..$ tolD       : num 1e-10
  .. ..$ levelsU    : int 6
  .. ..$ df0        : num 5
  .. ..$ R2         : num 0.167
  .. ..$ S0         : num 3.82
  .. ..$ u          : num [1:3646] -0.0118 -0.0118 -0.0118 -0.0118 -0.0118 ...
  .. ..$ varU       : num 1.25
  .. ..$ uStar      : num [1:6] 0.422 0.436 -2.231 -1.442 0.245 ...
  .. ..$ NamefileOut: chr "X6_cum/ETA_1_varU.dat"
  .. ..$ SD.u       : num [1:3646] 1.11 1.11 1.11 1.11 1.11 ...
  .. ..$ SD.varU    : num 1.13
  ..$ :List of 15
  .. ..$ V          : num [1:3646, 1:2737] 0.408 0 0 0 0 ...
  .. .. ..- attr(*, "dimnames")=List of 2
  .. .. .. ..$ : chr [1:3646] "2020-21_11.107-5" "2020-21_12.90-53" "2020-21_12.93-4" "2020-21_14.37-103" ...
  .. .. .. ..$ : chr [1:2737] "11.107-5" "12.90-53" "12.93-4" "13.27-142" ...
  .. ..$ d          : Named num [1:2737] 6 1 3 1 1 1 1 1 2 1 ...
  .. .. ..- attr(*, "names")= chr [1:2737] "11.107-5" "12.90-53" "12.93-4" "13.27-142" ...
  .. ..$ model      : chr "RKHS"
  .. ..$ Name       : chr "ETA_2"
  .. ..$ tolD       : num 1e-10
  .. ..$ levelsU    : int 2737
  .. ..$ df0        : num 5
  .. ..$ R2         : num 0.167
  .. ..$ S0         : num 1745
  .. ..$ u          : num [1:3646] 12.36 2.494 6.764 -6.745 -0.354 ...
  .. ..$ varU       : num 406
  .. ..$ uStar      : num [1:2737] 30.28 2.49 11.72 15.17 -6.75 ...
  .. ..$ NamefileOut: chr "X6_cum/ETA_2_varU.dat"
  .. ..$ SD.u       : num [1:3646] 9.77 15.84 12.58 15.93 16.01 ...
  .. ..$ SD.varU    : num 45.6
  ..$ :List of 15
  .. ..$ V          : num [1:3646, 1:576] 0.010764 0.006644 0.010142 0.00602 -0.000353 ...
  .. .. ..- attr(*, "dimnames")=List of 2
  .. .. .. ..$ : chr [1:3646] "2020-21_11.107-5" "2020-21_12.90-53" "2020-21_12.93-4" "2020-21_14.37-103" ...
  .. .. .. ..$ : NULL
  .. ..$ d          : num [1:576] 1718 767 374 228 121 ...
  .. ..$ model      : chr "RKHS"
  .. ..$ Name       : chr "ETA_3"
  .. ..$ tolD       : num 1e-10
  .. ..$ levelsU    : int 576
  .. ..$ df0        : num 5
  .. ..$ R2         : num 0.167
  .. ..$ S0         : num 367
  .. ..$ u          : num [1:3646] -72.3 -83.4 -94.3 -63.5 -78.9 ...
  .. ..$ varU       : num 13971
  .. ..$ uStar      : num [1:576] -2261.9 969.4 2954.5 -72.3 -1597.3 ...
  .. ..$ NamefileOut: chr "X6_cum/ETA_3_varU.dat"
  .. ..$ SD.u       : num [1:3646] 9.93 8.76 10.49 8.68 9.79 ...
  .. ..$ SD.varU    : num 2385
 - attr(*, "class")= chr "BGLR"
NULL
List of 21
 $ y            : num [1:3646] 76.5 118.8 117.3 133.6 54.6 ...
 $ a            : NULL
 $ b            : NULL
 $ whichNa      : int [1:1011] 2636 2637 2638 2639 2640 2641 2642 2643 2644 2645 ...
 $ saveAt       : chr "X8_cum/"
 $ nIter        : num 12000
 $ burnIn       : num 2000
 $ thin         : num 5
 $ weights      : num [1:3646] 1 1 1 1 1 1 1 1 1 1 ...
 $ verbose      : logi FALSE
 $ response_type: chr "gaussian"
 $ df0          : num 5
 $ S0           : num 11387
 $ yHat         : num [1:3646] 143.1 93.3 126.7 118.1 62.1 ...
 $ SD.yHat      : num [1:3646] 18 24.1 21.2 24 24.9 ...
 $ mu           : num 167
 $ SD.mu        : num 8.6
 $ varE         : num 1493
 $ SD.varE      : num 92.8
 $ fit          :List of 4
  ..$ logLikAtPostMean: num -12900
  ..$ postMeanLogLik  : num -13364
  ..$ pD              : num 928
  ..$ DIC             : num 27657
 $ ETA          :List of 3
  ..$ :List of 15
  .. ..$ V          : num [1:3646, 1:6] 0 0 0 0 0 0 0 0 0 0 ...
  .. .. ..- attr(*, "dimnames")=List of 2
  .. .. .. ..$ : chr [1:3646] "2020-21_11.107-5" "2020-21_12.90-53" "2020-21_12.93-4" "2020-21_14.37-103" ...
  .. .. .. ..$ : NULL
  .. ..$ d          : num [1:6] 1011 918 450 447 435 ...
  .. ..$ model      : chr "RKHS"
  .. ..$ Name       : chr "ETA_1"
  .. ..$ tolD       : num 1e-10
  .. ..$ levelsU    : int 6
  .. ..$ df0        : num 5
  .. ..$ R2         : num 0.167
  .. ..$ S0         : num 8.64
  .. ..$ u          : num [1:3646] -0.0448 -0.0448 -0.0448 -0.0448 -0.0448 ...
  .. ..$ varU       : num 3.15
  .. ..$ uStar      : num [1:6] -1.287 1.547 0.926 -4.867 0.935 ...
  .. ..$ NamefileOut: chr "X8_cum/ETA_1_varU.dat"
  .. ..$ SD.u       : num [1:3646] 1.72 1.72 1.72 1.72 1.72 ...
  .. ..$ SD.varU    : num 4.51
  ..$ :List of 15
  .. ..$ V          : num [1:3646, 1:2737] 0.408 0 0 0 0 ...
  .. .. ..- attr(*, "dimnames")=List of 2
  .. .. .. ..$ : chr [1:3646] "2020-21_11.107-5" "2020-21_12.90-53" "2020-21_12.93-4" "2020-21_14.37-103" ...
  .. .. .. ..$ : chr [1:2737] "11.107-5" "12.90-53" "12.93-4" "13.27-142" ...
  .. ..$ d          : Named num [1:2737] 6 1 3 1 1 1 1 1 2 1 ...
  .. .. ..- attr(*, "names")= chr [1:2737] "11.107-5" "12.90-53" "12.93-4" "13.27-142" ...
  .. ..$ model      : chr "RKHS"
  .. ..$ Name       : chr "ETA_2"
  .. ..$ tolD       : num 1e-10
  .. ..$ levelsU    : int 2737
  .. ..$ df0        : num 5
  .. ..$ R2         : num 0.167
  .. ..$ S0         : num 3943
  .. ..$ u          : num [1:3646] 25.07 14.63 70.1 9.04 -4.38 ...
  .. ..$ varU       : num 885
  .. ..$ uStar      : num [1:2737] 61.41 14.63 121.41 15.28 9.04 ...
  .. ..$ NamefileOut: chr "X8_cum/ETA_2_varU.dat"
  .. ..$ SD.u       : num [1:3646] 15.3 23.4 19 23.6 23.7 ...
  .. ..$ SD.varU    : num 99
  ..$ :List of 15
  .. ..$ V          : num [1:3646, 1:576] 0.010764 0.006644 0.010142 0.00602 -0.000353 ...
  .. .. ..- attr(*, "dimnames")=List of 2
  .. .. .. ..$ : chr [1:3646] "2020-21_11.107-5" "2020-21_12.90-53" "2020-21_12.93-4" "2020-21_14.37-103" ...
  .. .. .. ..$ : NULL
  .. ..$ d          : num [1:576] 1718 767 374 228 121 ...
  .. ..$ model      : chr "RKHS"
  .. ..$ Name       : chr "ETA_3"
  .. ..$ tolD       : num 1e-10
  .. ..$ levelsU    : int 576
  .. ..$ df0        : num 5
  .. ..$ R2         : num 0.167
  .. ..$ S0         : num 830
  .. ..$ u          : num [1:3646] -49.2 -88.6 -110.6 -58.2 -100.8 ...
  .. ..$ varU       : num 24220
  .. ..$ uStar      : num [1:576] -2328 1080 2934 756 -1604 ...
  .. ..$ NamefileOut: chr "X8_cum/ETA_3_varU.dat"
  .. ..$ SD.u       : num [1:3646] 14.6 12.8 15.5 13 14.3 ...
  .. ..$ SD.varU    : num 4492
 - attr(*, "class")= chr "BGLR"
NULL
List of 21
 $ y            : num [1:3646] 39.5 64.4 38.3 92.4 32.5 ...
 $ a            : NULL
 $ b            : NULL
 $ whichNa      : int [1:1011] 2636 2637 2638 2639 2640 2641 2642 2643 2644 2645 ...
 $ saveAt       : chr "X7_cum/"
 $ nIter        : num 12000
 $ burnIn       : num 2000
 $ thin         : num 5
 $ weights      : num [1:3646] 1 1 1 1 1 1 1 1 1 1 ...
 $ verbose      : logi FALSE
 $ response_type: chr "gaussian"
 $ df0          : num 5
 $ S0           : num 7275
 $ yHat         : num [1:3646] 90.5 53.1 52.4 78.7 38.7 ...
 $ SD.yHat      : num [1:3646] 15.5 20 16.8 19.6 20.7 ...
 $ mu           : num 130
 $ SD.mu        : num 6
 $ varE         : num 958
 $ SD.varE      : num 57.9
 $ fit          :List of 4
  ..$ logLikAtPostMean: num -12295
  ..$ postMeanLogLik  : num -12780
  ..$ pD              : num 969
  ..$ DIC             : num 26529
 $ ETA          :List of 3
  ..$ :List of 15
  .. ..$ V          : num [1:3646, 1:6] 0 0 0 0 0 0 0 0 0 0 ...
  .. .. ..- attr(*, "dimnames")=List of 2
  .. .. .. ..$ : chr [1:3646] "2020-21_11.107-5" "2020-21_12.90-53" "2020-21_12.93-4" "2020-21_14.37-103" ...
  .. .. .. ..$ : NULL
  .. ..$ d          : num [1:6] 1011 918 450 447 435 ...
  .. ..$ model      : chr "RKHS"
  .. ..$ Name       : chr "ETA_1"
  .. ..$ tolD       : num 1e-10
  .. ..$ levelsU    : int 6
  .. ..$ df0        : num 5
  .. ..$ R2         : num 0.167
  .. ..$ S0         : num 5.52
  .. ..$ u          : num [1:3646] 0.0254 0.0254 0.0254 0.0254 0.0254 ...
  .. ..$ varU       : num 2.02
  .. ..$ uStar      : num [1:6] -0.743 -2.068 -0.244 -2.223 -0.531 ...
  .. ..$ NamefileOut: chr "X7_cum/ETA_1_varU.dat"
  .. ..$ SD.u       : num [1:3646] 1.42 1.42 1.42 1.42 1.42 ...
  .. ..$ SD.varU    : num 3.1
  ..$ :List of 15
  .. ..$ V          : num [1:3646, 1:2737] 0.408 0 0 0 0 ...
  .. .. ..- attr(*, "dimnames")=List of 2
  .. .. .. ..$ : chr [1:3646] "2020-21_11.107-5" "2020-21_12.90-53" "2020-21_12.93-4" "2020-21_14.37-103" ...
  .. .. .. ..$ : chr [1:2737] "11.107-5" "12.90-53" "12.93-4" "13.27-142" ...
  .. ..$ d          : Named num [1:2737] 6 1 3 1 1 1 1 1 2 1 ...
  .. .. ..- attr(*, "names")= chr [1:2737] "11.107-5" "12.90-53" "12.93-4" "13.27-142" ...
  .. ..$ model      : chr "RKHS"
  .. ..$ Name       : chr "ETA_2"
  .. ..$ tolD       : num 1e-10
  .. ..$ levelsU    : int 2737
  .. ..$ df0        : num 5
  .. ..$ R2         : num 0.167
  .. ..$ S0         : num 2519
  .. ..$ u          : num [1:3646] 23.88 6.49 26.72 8.53 -4.98 ...
  .. ..$ varU       : num 618
  .. ..$ uStar      : num [1:2737] 58.49 6.49 46.28 15.8 8.53 ...
  .. ..$ NamefileOut: chr "X7_cum/ETA_2_varU.dat"
  .. ..$ SD.u       : num [1:3646] 12.7 20 15.3 19.1 20.2 ...
  .. ..$ SD.varU    : num 68.1
  ..$ :List of 15
  .. ..$ V          : num [1:3646, 1:576] 0.010764 0.006644 0.010142 0.00602 -0.000353 ...
  .. .. ..- attr(*, "dimnames")=List of 2
  .. .. .. ..$ : chr [1:3646] "2020-21_11.107-5" "2020-21_12.90-53" "2020-21_12.93-4" "2020-21_14.37-103" ...
  .. .. .. ..$ : NULL
  .. ..$ d          : num [1:576] 1718 767 374 228 121 ...
  .. ..$ model      : chr "RKHS"
  .. ..$ Name       : chr "ETA_3"
  .. ..$ tolD       : num 1e-10
  .. ..$ levelsU    : int 576
  .. ..$ df0        : num 5
  .. ..$ R2         : num 0.167
  .. ..$ S0         : num 530
  .. ..$ u          : num [1:3646] -63.1 -83.1 -104 -59.5 -86 ...
  .. ..$ varU       : num 17668
  .. ..$ uStar      : num [1:576] -2090 1085 2639 198 -1463 ...
  .. ..$ NamefileOut: chr "X7_cum/ETA_3_varU.dat"
  .. ..$ SD.u       : num [1:3646] 11.96 9.86 12.18 9.82 11.1 ...
  .. ..$ SD.varU    : num 3284
 - attr(*, "class")= chr "BGLR"
NULL
List of 21
 $ y            : num [1:3646] 39.5 64.4 38.3 92.4 32.5 ...
 $ a            : NULL
 $ b            : NULL
 $ whichNa      : int [1:1011] 2636 2637 2638 2639 2640 2641 2642 2643 2644 2645 ...
 $ saveAt       : chr "X7_cum/"
 $ nIter        : num 12000
 $ burnIn       : num 2000
 $ thin         : num 5
 $ weights      : num [1:3646] 1 1 1 1 1 1 1 1 1 1 ...
 $ verbose      : logi FALSE
 $ response_type: chr "gaussian"
 $ df0          : num 5
 $ S0           : num 7275
 $ yHat         : num [1:3646] 90.5 53.1 52.4 78.7 38.7 ...
 $ SD.yHat      : num [1:3646] 15.5 20 16.8 19.6 20.7 ...
 $ mu           : num 130
 $ SD.mu        : num 6
 $ varE         : num 958
 $ SD.varE      : num 57.9
 $ fit          :List of 4
  ..$ logLikAtPostMean: num -12295
  ..$ postMeanLogLik  : num -12780
  ..$ pD              : num 969
  ..$ DIC             : num 26529
 $ ETA          :List of 3
  ..$ :List of 15
  .. ..$ V          : num [1:3646, 1:6] 0 0 0 0 0 0 0 0 0 0 ...
  .. .. ..- attr(*, "dimnames")=List of 2
  .. .. .. ..$ : chr [1:3646] "2020-21_11.107-5" "2020-21_12.90-53" "2020-21_12.93-4" "2020-21_14.37-103" ...
  .. .. .. ..$ : NULL
  .. ..$ d          : num [1:6] 1011 918 450 447 435 ...
  .. ..$ model      : chr "RKHS"
  .. ..$ Name       : chr "ETA_1"
  .. ..$ tolD       : num 1e-10
  .. ..$ levelsU    : int 6
  .. ..$ df0        : num 5
  .. ..$ R2         : num 0.167
  .. ..$ S0         : num 5.52
  .. ..$ u          : num [1:3646] 0.0254 0.0254 0.0254 0.0254 0.0254 ...
  .. ..$ varU       : num 2.02
  .. ..$ uStar      : num [1:6] -0.743 -2.068 -0.244 -2.223 -0.531 ...
  .. ..$ NamefileOut: chr "X7_cum/ETA_1_varU.dat"
  .. ..$ SD.u       : num [1:3646] 1.42 1.42 1.42 1.42 1.42 ...
  .. ..$ SD.varU    : num 3.1
  ..$ :List of 15
  .. ..$ V          : num [1:3646, 1:2737] 0.408 0 0 0 0 ...
  .. .. ..- attr(*, "dimnames")=List of 2
  .. .. .. ..$ : chr [1:3646] "2020-21_11.107-5" "2020-21_12.90-53" "2020-21_12.93-4" "2020-21_14.37-103" ...
  .. .. .. ..$ : chr [1:2737] "11.107-5" "12.90-53" "12.93-4" "13.27-142" ...
  .. ..$ d          : Named num [1:2737] 6 1 3 1 1 1 1 1 2 1 ...
  .. .. ..- attr(*, "names")= chr [1:2737] "11.107-5" "12.90-53" "12.93-4" "13.27-142" ...
  .. ..$ model      : chr "RKHS"
  .. ..$ Name       : chr "ETA_2"
  .. ..$ tolD       : num 1e-10
  .. ..$ levelsU    : int 2737
  .. ..$ df0        : num 5
  .. ..$ R2         : num 0.167
  .. ..$ S0         : num 2519
  .. ..$ u          : num [1:3646] 23.88 6.49 26.72 8.53 -4.98 ...
  .. ..$ varU       : num 618
  .. ..$ uStar      : num [1:2737] 58.49 6.49 46.28 15.8 8.53 ...
  .. ..$ NamefileOut: chr "X7_cum/ETA_2_varU.dat"
  .. ..$ SD.u       : num [1:3646] 12.7 20 15.3 19.1 20.2 ...
  .. ..$ SD.varU    : num 68.1
  ..$ :List of 15
  .. ..$ V          : num [1:3646, 1:576] 0.010764 0.006644 0.010142 0.00602 -0.000353 ...
  .. .. ..- attr(*, "dimnames")=List of 2
  .. .. .. ..$ : chr [1:3646] "2020-21_11.107-5" "2020-21_12.90-53" "2020-21_12.93-4" "2020-21_14.37-103" ...
  .. .. .. ..$ : NULL
  .. ..$ d          : num [1:576] 1718 767 374 228 121 ...
  .. ..$ model      : chr "RKHS"
  .. ..$ Name       : chr "ETA_3"
  .. ..$ tolD       : num 1e-10
  .. ..$ levelsU    : int 576
  .. ..$ df0        : num 5
  .. ..$ R2         : num 0.167
  .. ..$ S0         : num 530
  .. ..$ u          : num [1:3646] -63.1 -83.1 -104 -59.5 -86 ...
  .. ..$ varU       : num 17668
  .. ..$ uStar      : num [1:576] -2090 1085 2639 198 -1463 ...
  .. ..$ NamefileOut: chr "X7_cum/ETA_3_varU.dat"
  .. ..$ SD.u       : num [1:3646] 11.96 9.86 12.18 9.82 11.1 ...
  .. ..$ SD.varU    : num 3284
 - attr(*, "class")= chr "BGLR"
NULL
List of 21
 $ y            : num [1:3646] 168.3 157.8 184.1 166.6 78.9 ...
 $ a            : NULL
 $ b            : NULL
 $ whichNa      : int [1:1011] 2636 2637 2638 2639 2640 2641 2642 2643 2644 2645 ...
 $ saveAt       : chr "X9_cum/"
 $ nIter        : num 12000
 $ burnIn       : num 2000
 $ thin         : num 5
 $ weights      : num [1:3646] 1 1 1 1 1 1 1 1 1 1 ...
 $ verbose      : logi FALSE
 $ response_type: chr "gaussian"
 $ df0          : num 5
 $ S0           : num 17979
 $ yHat         : num [1:3646] 207.4 125.1 188.4 151.3 84.7 ...
 $ SD.yHat      : num [1:3646] 22.3 29.2 25.5 28 29.4 ...
 $ mu           : num 210
 $ SD.mu        : num 7.2
 $ varE         : num 2168
 $ SD.varE      : num 124
 $ fit          :List of 4
  ..$ logLikAtPostMean: num -13399
  ..$ postMeanLogLik  : num -13856
  ..$ pD              : num 914
  ..$ DIC             : num 28626
 $ ETA          :List of 3
  ..$ :List of 15
  .. ..$ V          : num [1:3646, 1:6] 0 0 0 0 0 0 0 0 0 0 ...
  .. .. ..- attr(*, "dimnames")=List of 2
  .. .. .. ..$ : chr [1:3646] "2020-21_11.107-5" "2020-21_12.90-53" "2020-21_12.93-4" "2020-21_14.37-103" ...
  .. .. .. ..$ : NULL
  .. ..$ d          : num [1:6] 1011 918 450 447 435 ...
  .. ..$ model      : chr "RKHS"
  .. ..$ Name       : chr "ETA_1"
  .. ..$ tolD       : num 1e-10
  .. ..$ levelsU    : int 6
  .. ..$ df0        : num 5
  .. ..$ R2         : num 0.167
  .. ..$ S0         : num 13.6
  .. ..$ u          : num [1:3646] 0.0457 0.0457 0.0457 0.0457 0.0457 ...
  .. ..$ varU       : num 4.36
  .. ..$ uStar      : num [1:6] 0.0825 0.9129 1.656 -0.5748 -0.9539 ...
  .. ..$ NamefileOut: chr "X9_cum/ETA_1_varU.dat"
  .. ..$ SD.u       : num [1:3646] 2.1 2.1 2.1 2.1 2.1 ...
  .. ..$ SD.varU    : num 4.57
  ..$ :List of 15
  .. ..$ V          : num [1:3646, 1:2737] 0.408 0 0 0 0 ...
  .. .. ..- attr(*, "dimnames")=List of 2
  .. .. .. ..$ : chr [1:3646] "2020-21_11.107-5" "2020-21_12.90-53" "2020-21_12.93-4" "2020-21_14.37-103" ...
  .. .. .. ..$ : chr [1:2737] "11.107-5" "12.90-53" "12.93-4" "13.27-142" ...
  .. ..$ d          : Named num [1:2737] 6 1 3 1 1 1 1 1 2 1 ...
  .. .. ..- attr(*, "names")= chr [1:2737] "11.107-5" "12.90-53" "12.93-4" "13.27-142" ...
  .. ..$ model      : chr "RKHS"
  .. ..$ Name       : chr "ETA_2"
  .. ..$ tolD       : num 1e-10
  .. ..$ levelsU    : int 2737
  .. ..$ df0        : num 5
  .. ..$ R2         : num 0.167
  .. ..$ S0         : num 6226
  .. ..$ u          : num [1:3646] 37.01 18.6 90.43 9.26 -3.34 ...
  .. ..$ varU       : num 1233
  .. ..$ uStar      : num [1:2737] 90.66 18.6 156.64 12.93 9.26 ...
  .. ..$ NamefileOut: chr "X9_cum/ETA_2_varU.dat"
  .. ..$ SD.u       : num [1:3646] 18.3 28.4 22.4 28 28.6 ...
  .. ..$ SD.varU    : num 139
  ..$ :List of 15
  .. ..$ V          : num [1:3646, 1:576] 0.010764 0.006644 0.010142 0.00602 -0.000353 ...
  .. .. ..- attr(*, "dimnames")=List of 2
  .. .. .. ..$ : chr [1:3646] "2020-21_11.107-5" "2020-21_12.90-53" "2020-21_12.93-4" "2020-21_14.37-103" ...
  .. .. .. ..$ : NULL
  .. ..$ d          : num [1:576] 1718 767 374 228 121 ...
  .. ..$ model      : chr "RKHS"
  .. ..$ Name       : chr "ETA_3"
  .. ..$ tolD       : num 1e-10
  .. ..$ levelsU    : int 576
  .. ..$ df0        : num 5
  .. ..$ R2         : num 0.167
  .. ..$ S0         : num 1311
  .. ..$ u          : num [1:3646] -39.6 -103.5 -112 -67.9 -121.9 ...
  .. ..$ varU       : num 38602
  .. ..$ uStar      : num [1:576] -2074 1177 3327 1688 -1543 ...
  .. ..$ NamefileOut: chr "X9_cum/ETA_3_varU.dat"
  .. ..$ SD.u       : num [1:3646] 16.9 13.4 17.9 13.9 15.3 ...
  .. ..$ SD.varU    : num 7358
 - attr(*, "class")= chr "BGLR"
NULL
List of 21
 $ y            : num [1:3646] 76.5 118.8 117.3 133.6 54.6 ...
 $ a            : NULL
 $ b            : NULL
 $ whichNa      : int [1:1011] 2636 2637 2638 2639 2640 2641 2642 2643 2644 2645 ...
 $ saveAt       : chr "X8_cum/"
 $ nIter        : num 12000
 $ burnIn       : num 2000
 $ thin         : num 5
 $ weights      : num [1:3646] 1 1 1 1 1 1 1 1 1 1 ...
 $ verbose      : logi FALSE
 $ response_type: chr "gaussian"
 $ df0          : num 5
 $ S0           : num 11387
 $ yHat         : num [1:3646] 143.1 93.3 126.7 118.1 62.1 ...
 $ SD.yHat      : num [1:3646] 18 24.1 21.2 24 24.9 ...
 $ mu           : num 167
 $ SD.mu        : num 8.6
 $ varE         : num 1493
 $ SD.varE      : num 92.8
 $ fit          :List of 4
  ..$ logLikAtPostMean: num -12900
  ..$ postMeanLogLik  : num -13364
  ..$ pD              : num 928
  ..$ DIC             : num 27657
 $ ETA          :List of 3
  ..$ :List of 15
  .. ..$ V          : num [1:3646, 1:6] 0 0 0 0 0 0 0 0 0 0 ...
  .. .. ..- attr(*, "dimnames")=List of 2
  .. .. .. ..$ : chr [1:3646] "2020-21_11.107-5" "2020-21_12.90-53" "2020-21_12.93-4" "2020-21_14.37-103" ...
  .. .. .. ..$ : NULL
  .. ..$ d          : num [1:6] 1011 918 450 447 435 ...
  .. ..$ model      : chr "RKHS"
  .. ..$ Name       : chr "ETA_1"
  .. ..$ tolD       : num 1e-10
  .. ..$ levelsU    : int 6
  .. ..$ df0        : num 5
  .. ..$ R2         : num 0.167
  .. ..$ S0         : num 8.64
  .. ..$ u          : num [1:3646] -0.0448 -0.0448 -0.0448 -0.0448 -0.0448 ...
  .. ..$ varU       : num 3.15
  .. ..$ uStar      : num [1:6] -1.287 1.547 0.926 -4.867 0.935 ...
  .. ..$ NamefileOut: chr "X8_cum/ETA_1_varU.dat"
  .. ..$ SD.u       : num [1:3646] 1.72 1.72 1.72 1.72 1.72 ...
  .. ..$ SD.varU    : num 4.51
  ..$ :List of 15
  .. ..$ V          : num [1:3646, 1:2737] 0.408 0 0 0 0 ...
  .. .. ..- attr(*, "dimnames")=List of 2
  .. .. .. ..$ : chr [1:3646] "2020-21_11.107-5" "2020-21_12.90-53" "2020-21_12.93-4" "2020-21_14.37-103" ...
  .. .. .. ..$ : chr [1:2737] "11.107-5" "12.90-53" "12.93-4" "13.27-142" ...
  .. ..$ d          : Named num [1:2737] 6 1 3 1 1 1 1 1 2 1 ...
  .. .. ..- attr(*, "names")= chr [1:2737] "11.107-5" "12.90-53" "12.93-4" "13.27-142" ...
  .. ..$ model      : chr "RKHS"
  .. ..$ Name       : chr "ETA_2"
  .. ..$ tolD       : num 1e-10
  .. ..$ levelsU    : int 2737
  .. ..$ df0        : num 5
  .. ..$ R2         : num 0.167
  .. ..$ S0         : num 3943
  .. ..$ u          : num [1:3646] 25.07 14.63 70.1 9.04 -4.38 ...
  .. ..$ varU       : num 885
  .. ..$ uStar      : num [1:2737] 61.41 14.63 121.41 15.28 9.04 ...
  .. ..$ NamefileOut: chr "X8_cum/ETA_2_varU.dat"
  .. ..$ SD.u       : num [1:3646] 15.3 23.4 19 23.6 23.7 ...
  .. ..$ SD.varU    : num 99
  ..$ :List of 15
  .. ..$ V          : num [1:3646, 1:576] 0.010764 0.006644 0.010142 0.00602 -0.000353 ...
  .. .. ..- attr(*, "dimnames")=List of 2
  .. .. .. ..$ : chr [1:3646] "2020-21_11.107-5" "2020-21_12.90-53" "2020-21_12.93-4" "2020-21_14.37-103" ...
  .. .. .. ..$ : NULL
  .. ..$ d          : num [1:576] 1718 767 374 228 121 ...
  .. ..$ model      : chr "RKHS"
  .. ..$ Name       : chr "ETA_3"
  .. ..$ tolD       : num 1e-10
  .. ..$ levelsU    : int 576
  .. ..$ df0        : num 5
  .. ..$ R2         : num 0.167
  .. ..$ S0         : num 830
  .. ..$ u          : num [1:3646] -49.2 -88.6 -110.6 -58.2 -100.8 ...
  .. ..$ varU       : num 24220
  .. ..$ uStar      : num [1:576] -2328 1080 2934 756 -1604 ...
  .. ..$ NamefileOut: chr "X8_cum/ETA_3_varU.dat"
  .. ..$ SD.u       : num [1:3646] 14.6 12.8 15.5 13 14.3 ...
  .. ..$ SD.varU    : num 4492
 - attr(*, "class")= chr "BGLR"
NULL
List of 21
 $ y            : num [1:3646] 76.5 118.8 117.3 133.6 54.6 ...
 $ a            : NULL
 $ b            : NULL
 $ whichNa      : int [1:1011] 2636 2637 2638 2639 2640 2641 2642 2643 2644 2645 ...
 $ saveAt       : chr "X8_cum/"
 $ nIter        : num 12000
 $ burnIn       : num 2000
 $ thin         : num 5
 $ weights      : num [1:3646] 1 1 1 1 1 1 1 1 1 1 ...
 $ verbose      : logi FALSE
 $ response_type: chr "gaussian"
 $ df0          : num 5
 $ S0           : num 11387
 $ yHat         : num [1:3646] 143.1 93.3 126.7 118.1 62.1 ...
 $ SD.yHat      : num [1:3646] 18 24.1 21.2 24 24.9 ...
 $ mu           : num 167
 $ SD.mu        : num 8.6
 $ varE         : num 1493
 $ SD.varE      : num 92.8
 $ fit          :List of 4
  ..$ logLikAtPostMean: num -12900
  ..$ postMeanLogLik  : num -13364
  ..$ pD              : num 928
  ..$ DIC             : num 27657
 $ ETA          :List of 3
  ..$ :List of 15
  .. ..$ V          : num [1:3646, 1:6] 0 0 0 0 0 0 0 0 0 0 ...
  .. .. ..- attr(*, "dimnames")=List of 2
  .. .. .. ..$ : chr [1:3646] "2020-21_11.107-5" "2020-21_12.90-53" "2020-21_12.93-4" "2020-21_14.37-103" ...
  .. .. .. ..$ : NULL
  .. ..$ d          : num [1:6] 1011 918 450 447 435 ...
  .. ..$ model      : chr "RKHS"
  .. ..$ Name       : chr "ETA_1"
  .. ..$ tolD       : num 1e-10
  .. ..$ levelsU    : int 6
  .. ..$ df0        : num 5
  .. ..$ R2         : num 0.167
  .. ..$ S0         : num 8.64
  .. ..$ u          : num [1:3646] -0.0448 -0.0448 -0.0448 -0.0448 -0.0448 ...
  .. ..$ varU       : num 3.15
  .. ..$ uStar      : num [1:6] -1.287 1.547 0.926 -4.867 0.935 ...
  .. ..$ NamefileOut: chr "X8_cum/ETA_1_varU.dat"
  .. ..$ SD.u       : num [1:3646] 1.72 1.72 1.72 1.72 1.72 ...
  .. ..$ SD.varU    : num 4.51
  ..$ :List of 15
  .. ..$ V          : num [1:3646, 1:2737] 0.408 0 0 0 0 ...
  .. .. ..- attr(*, "dimnames")=List of 2
  .. .. .. ..$ : chr [1:3646] "2020-21_11.107-5" "2020-21_12.90-53" "2020-21_12.93-4" "2020-21_14.37-103" ...
  .. .. .. ..$ : chr [1:2737] "11.107-5" "12.90-53" "12.93-4" "13.27-142" ...
  .. ..$ d          : Named num [1:2737] 6 1 3 1 1 1 1 1 2 1 ...
  .. .. ..- attr(*, "names")= chr [1:2737] "11.107-5" "12.90-53" "12.93-4" "13.27-142" ...
  .. ..$ model      : chr "RKHS"
  .. ..$ Name       : chr "ETA_2"
  .. ..$ tolD       : num 1e-10
  .. ..$ levelsU    : int 2737
  .. ..$ df0        : num 5
  .. ..$ R2         : num 0.167
  .. ..$ S0         : num 3943
  .. ..$ u          : num [1:3646] 25.07 14.63 70.1 9.04 -4.38 ...
  .. ..$ varU       : num 885
  .. ..$ uStar      : num [1:2737] 61.41 14.63 121.41 15.28 9.04 ...
  .. ..$ NamefileOut: chr "X8_cum/ETA_2_varU.dat"
  .. ..$ SD.u       : num [1:3646] 15.3 23.4 19 23.6 23.7 ...
  .. ..$ SD.varU    : num 99
  ..$ :List of 15
  .. ..$ V          : num [1:3646, 1:576] 0.010764 0.006644 0.010142 0.00602 -0.000353 ...
  .. .. ..- attr(*, "dimnames")=List of 2
  .. .. .. ..$ : chr [1:3646] "2020-21_11.107-5" "2020-21_12.90-53" "2020-21_12.93-4" "2020-21_14.37-103" ...
  .. .. .. ..$ : NULL
  .. ..$ d          : num [1:576] 1718 767 374 228 121 ...
  .. ..$ model      : chr "RKHS"
  .. ..$ Name       : chr "ETA_3"
  .. ..$ tolD       : num 1e-10
  .. ..$ levelsU    : int 576
  .. ..$ df0        : num 5
  .. ..$ R2         : num 0.167
  .. ..$ S0         : num 830
  .. ..$ u          : num [1:3646] -49.2 -88.6 -110.6 -58.2 -100.8 ...
  .. ..$ varU       : num 24220
  .. ..$ uStar      : num [1:576] -2328 1080 2934 756 -1604 ...
  .. ..$ NamefileOut: chr "X8_cum/ETA_3_varU.dat"
  .. ..$ SD.u       : num [1:3646] 14.6 12.8 15.5 13 14.3 ...
  .. ..$ SD.varU    : num 4492
 - attr(*, "class")= chr "BGLR"
NULL
List of 21
 $ y            : num [1:3646] 322.8 187 253.3 232.5 79.5 ...
 $ a            : NULL
 $ b            : NULL
 $ whichNa      : int [1:1011] 2636 2637 2638 2639 2640 2641 2642 2643 2644 2645 ...
 $ saveAt       : chr "X10_cum/"
 $ nIter        : num 12000
 $ burnIn       : num 2000
 $ thin         : num 5
 $ weights      : num [1:3646] 1 1 1 1 1 1 1 1 1 1 ...
 $ verbose      : logi FALSE
 $ response_type: chr "gaussian"
 $ df0          : num 5
 $ S0           : num 22738
 $ yHat         : num [1:3646] 276.8 154.9 246.3 189.8 91.8 ...
 $ SD.yHat      : num [1:3646] 25.6 32 29.2 32.6 33.5 ...
 $ mu           : num 241
 $ SD.mu        : num 10.4
 $ varE         : num 2836
 $ SD.varE      : num 165
 $ fit          :List of 4
  ..$ logLikAtPostMean: num -13768
  ..$ postMeanLogLik  : num -14210
  ..$ pD              : num 885
  ..$ DIC             : num 29306
 $ ETA          :List of 3
  ..$ :List of 15
  .. ..$ V          : num [1:3646, 1:6] 0 0 0 0 0 0 0 0 0 0 ...
  .. .. ..- attr(*, "dimnames")=List of 2
  .. .. .. ..$ : chr [1:3646] "2020-21_11.107-5" "2020-21_12.90-53" "2020-21_12.93-4" "2020-21_14.37-103" ...
  .. .. .. ..$ : NULL
  .. ..$ d          : num [1:6] 1011 918 450 447 435 ...
  .. ..$ model      : chr "RKHS"
  .. ..$ Name       : chr "ETA_1"
  .. ..$ tolD       : num 1e-10
  .. ..$ levelsU    : int 6
  .. ..$ df0        : num 5
  .. ..$ R2         : num 0.167
  .. ..$ S0         : num 17.3
  .. ..$ u          : num [1:3646] -0.017 -0.017 -0.017 -0.017 -0.017 ...
  .. ..$ varU       : num 6
  .. ..$ uStar      : num [1:6] -1.253 -5.158 2.34 1.243 0.354 ...
  .. ..$ NamefileOut: chr "X10_cum/ETA_1_varU.dat"
  .. ..$ SD.u       : num [1:3646] 2.46 2.46 2.46 2.46 2.46 ...
  .. ..$ SD.varU    : num 6.58
  ..$ :List of 15
  .. ..$ V          : num [1:3646, 1:2737] 0.408 0 0 0 0 ...
  .. .. ..- attr(*, "dimnames")=List of 2
  .. .. .. ..$ : chr [1:3646] "2020-21_11.107-5" "2020-21_12.90-53" "2020-21_12.93-4" "2020-21_14.37-103" ...
  .. .. .. ..$ : chr [1:2737] "11.107-5" "12.90-53" "12.93-4" "13.27-142" ...
  .. ..$ d          : Named num [1:2737] 6 1 3 1 1 1 1 1 2 1 ...
  .. .. ..- attr(*, "names")= chr [1:2737] "11.107-5" "12.90-53" "12.93-4" "13.27-142" ...
  .. ..$ model      : chr "RKHS"
  .. ..$ Name       : chr "ETA_2"
  .. ..$ tolD       : num 1e-10
  .. ..$ levelsU    : int 2737
  .. ..$ df0        : num 5
  .. ..$ R2         : num 0.167
  .. ..$ S0         : num 7874
  .. ..$ u          : num [1:3646] 48.06 17.16 98.37 22.46 -5.87 ...
  .. ..$ varU       : num 1515
  .. ..$ uStar      : num [1:2737] 117.73 17.16 170.38 4.99 22.46 ...
  .. ..$ NamefileOut: chr "X10_cum/ETA_2_varU.dat"
  .. ..$ SD.u       : num [1:3646] 20.8 31.3 25.8 31.9 32.2 ...
  .. ..$ SD.varU    : num 179
  ..$ :List of 15
  .. ..$ V          : num [1:3646, 1:576] 0.010764 0.006644 0.010142 0.00602 -0.000353 ...
  .. .. ..- attr(*, "dimnames")=List of 2
  .. .. .. ..$ : chr [1:3646] "2020-21_11.107-5" "2020-21_12.90-53" "2020-21_12.93-4" "2020-21_14.37-103" ...
  .. .. .. ..$ : NULL
  .. ..$ d          : num [1:576] 1718 767 374 228 121 ...
  .. ..$ model      : chr "RKHS"
  .. ..$ Name       : chr "ETA_3"
  .. ..$ tolD       : num 1e-10
  .. ..$ levelsU    : int 576
  .. ..$ df0        : num 5
  .. ..$ R2         : num 0.167
  .. ..$ S0         : num 1657
  .. ..$ u          : num [1:3646] -12.2 -103.2 -93 -73.6 -143.2 ...
  .. ..$ varU       : num 46545
  .. ..$ uStar      : num [1:576] -626 1517 3127 1842 -1191 ...
  .. ..$ NamefileOut: chr "X10_cum/ETA_3_varU.dat"
  .. ..$ SD.u       : num [1:3646] 19.1 16.7 19.9 17.1 18.2 ...
  .. ..$ SD.varU    : num 8903
 - attr(*, "class")= chr "BGLR"
NULL
List of 21
 $ y            : num [1:3646] 168.3 157.8 184.1 166.6 78.9 ...
 $ a            : NULL
 $ b            : NULL
 $ whichNa      : int [1:1011] 2636 2637 2638 2639 2640 2641 2642 2643 2644 2645 ...
 $ saveAt       : chr "X9_cum/"
 $ nIter        : num 12000
 $ burnIn       : num 2000
 $ thin         : num 5
 $ weights      : num [1:3646] 1 1 1 1 1 1 1 1 1 1 ...
 $ verbose      : logi FALSE
 $ response_type: chr "gaussian"
 $ df0          : num 5
 $ S0           : num 17979
 $ yHat         : num [1:3646] 207.4 125.1 188.4 151.3 84.7 ...
 $ SD.yHat      : num [1:3646] 22.3 29.2 25.5 28 29.4 ...
 $ mu           : num 210
 $ SD.mu        : num 7.2
 $ varE         : num 2168
 $ SD.varE      : num 124
 $ fit          :List of 4
  ..$ logLikAtPostMean: num -13399
  ..$ postMeanLogLik  : num -13856
  ..$ pD              : num 914
  ..$ DIC             : num 28626
 $ ETA          :List of 3
  ..$ :List of 15
  .. ..$ V          : num [1:3646, 1:6] 0 0 0 0 0 0 0 0 0 0 ...
  .. .. ..- attr(*, "dimnames")=List of 2
  .. .. .. ..$ : chr [1:3646] "2020-21_11.107-5" "2020-21_12.90-53" "2020-21_12.93-4" "2020-21_14.37-103" ...
  .. .. .. ..$ : NULL
  .. ..$ d          : num [1:6] 1011 918 450 447 435 ...
  .. ..$ model      : chr "RKHS"
  .. ..$ Name       : chr "ETA_1"
  .. ..$ tolD       : num 1e-10
  .. ..$ levelsU    : int 6
  .. ..$ df0        : num 5
  .. ..$ R2         : num 0.167
  .. ..$ S0         : num 13.6
  .. ..$ u          : num [1:3646] 0.0457 0.0457 0.0457 0.0457 0.0457 ...
  .. ..$ varU       : num 4.36
  .. ..$ uStar      : num [1:6] 0.0825 0.9129 1.656 -0.5748 -0.9539 ...
  .. ..$ NamefileOut: chr "X9_cum/ETA_1_varU.dat"
  .. ..$ SD.u       : num [1:3646] 2.1 2.1 2.1 2.1 2.1 ...
  .. ..$ SD.varU    : num 4.57
  ..$ :List of 15
  .. ..$ V          : num [1:3646, 1:2737] 0.408 0 0 0 0 ...
  .. .. ..- attr(*, "dimnames")=List of 2
  .. .. .. ..$ : chr [1:3646] "2020-21_11.107-5" "2020-21_12.90-53" "2020-21_12.93-4" "2020-21_14.37-103" ...
  .. .. .. ..$ : chr [1:2737] "11.107-5" "12.90-53" "12.93-4" "13.27-142" ...
  .. ..$ d          : Named num [1:2737] 6 1 3 1 1 1 1 1 2 1 ...
  .. .. ..- attr(*, "names")= chr [1:2737] "11.107-5" "12.90-53" "12.93-4" "13.27-142" ...
  .. ..$ model      : chr "RKHS"
  .. ..$ Name       : chr "ETA_2"
  .. ..$ tolD       : num 1e-10
  .. ..$ levelsU    : int 2737
  .. ..$ df0        : num 5
  .. ..$ R2         : num 0.167
  .. ..$ S0         : num 6226
  .. ..$ u          : num [1:3646] 37.01 18.6 90.43 9.26 -3.34 ...
  .. ..$ varU       : num 1233
  .. ..$ uStar      : num [1:2737] 90.66 18.6 156.64 12.93 9.26 ...
  .. ..$ NamefileOut: chr "X9_cum/ETA_2_varU.dat"
  .. ..$ SD.u       : num [1:3646] 18.3 28.4 22.4 28 28.6 ...
  .. ..$ SD.varU    : num 139
  ..$ :List of 15
  .. ..$ V          : num [1:3646, 1:576] 0.010764 0.006644 0.010142 0.00602 -0.000353 ...
  .. .. ..- attr(*, "dimnames")=List of 2
  .. .. .. ..$ : chr [1:3646] "2020-21_11.107-5" "2020-21_12.90-53" "2020-21_12.93-4" "2020-21_14.37-103" ...
  .. .. .. ..$ : NULL
  .. ..$ d          : num [1:576] 1718 767 374 228 121 ...
  .. ..$ model      : chr "RKHS"
  .. ..$ Name       : chr "ETA_3"
  .. ..$ tolD       : num 1e-10
  .. ..$ levelsU    : int 576
  .. ..$ df0        : num 5
  .. ..$ R2         : num 0.167
  .. ..$ S0         : num 1311
  .. ..$ u          : num [1:3646] -39.6 -103.5 -112 -67.9 -121.9 ...
  .. ..$ varU       : num 38602
  .. ..$ uStar      : num [1:576] -2074 1177 3327 1688 -1543 ...
  .. ..$ NamefileOut: chr "X9_cum/ETA_3_varU.dat"
  .. ..$ SD.u       : num [1:3646] 16.9 13.4 17.9 13.9 15.3 ...
  .. ..$ SD.varU    : num 7358
 - attr(*, "class")= chr "BGLR"
NULL
List of 21
 $ y            : num [1:3646] 168.3 157.8 184.1 166.6 78.9 ...
 $ a            : NULL
 $ b            : NULL
 $ whichNa      : int [1:1011] 2636 2637 2638 2639 2640 2641 2642 2643 2644 2645 ...
 $ saveAt       : chr "X9_cum/"
 $ nIter        : num 12000
 $ burnIn       : num 2000
 $ thin         : num 5
 $ weights      : num [1:3646] 1 1 1 1 1 1 1 1 1 1 ...
 $ verbose      : logi FALSE
 $ response_type: chr "gaussian"
 $ df0          : num 5
 $ S0           : num 17979
 $ yHat         : num [1:3646] 207.4 125.1 188.4 151.3 84.7 ...
 $ SD.yHat      : num [1:3646] 22.3 29.2 25.5 28 29.4 ...
 $ mu           : num 210
 $ SD.mu        : num 7.2
 $ varE         : num 2168
 $ SD.varE      : num 124
 $ fit          :List of 4
  ..$ logLikAtPostMean: num -13399
  ..$ postMeanLogLik  : num -13856
  ..$ pD              : num 914
  ..$ DIC             : num 28626
 $ ETA          :List of 3
  ..$ :List of 15
  .. ..$ V          : num [1:3646, 1:6] 0 0 0 0 0 0 0 0 0 0 ...
  .. .. ..- attr(*, "dimnames")=List of 2
  .. .. .. ..$ : chr [1:3646] "2020-21_11.107-5" "2020-21_12.90-53" "2020-21_12.93-4" "2020-21_14.37-103" ...
  .. .. .. ..$ : NULL
  .. ..$ d          : num [1:6] 1011 918 450 447 435 ...
  .. ..$ model      : chr "RKHS"
  .. ..$ Name       : chr "ETA_1"
  .. ..$ tolD       : num 1e-10
  .. ..$ levelsU    : int 6
  .. ..$ df0        : num 5
  .. ..$ R2         : num 0.167
  .. ..$ S0         : num 13.6
  .. ..$ u          : num [1:3646] 0.0457 0.0457 0.0457 0.0457 0.0457 ...
  .. ..$ varU       : num 4.36
  .. ..$ uStar      : num [1:6] 0.0825 0.9129 1.656 -0.5748 -0.9539 ...
  .. ..$ NamefileOut: chr "X9_cum/ETA_1_varU.dat"
  .. ..$ SD.u       : num [1:3646] 2.1 2.1 2.1 2.1 2.1 ...
  .. ..$ SD.varU    : num 4.57
  ..$ :List of 15
  .. ..$ V          : num [1:3646, 1:2737] 0.408 0 0 0 0 ...
  .. .. ..- attr(*, "dimnames")=List of 2
  .. .. .. ..$ : chr [1:3646] "2020-21_11.107-5" "2020-21_12.90-53" "2020-21_12.93-4" "2020-21_14.37-103" ...
  .. .. .. ..$ : chr [1:2737] "11.107-5" "12.90-53" "12.93-4" "13.27-142" ...
  .. ..$ d          : Named num [1:2737] 6 1 3 1 1 1 1 1 2 1 ...
  .. .. ..- attr(*, "names")= chr [1:2737] "11.107-5" "12.90-53" "12.93-4" "13.27-142" ...
  .. ..$ model      : chr "RKHS"
  .. ..$ Name       : chr "ETA_2"
  .. ..$ tolD       : num 1e-10
  .. ..$ levelsU    : int 2737
  .. ..$ df0        : num 5
  .. ..$ R2         : num 0.167
  .. ..$ S0         : num 6226
  .. ..$ u          : num [1:3646] 37.01 18.6 90.43 9.26 -3.34 ...
  .. ..$ varU       : num 1233
  .. ..$ uStar      : num [1:2737] 90.66 18.6 156.64 12.93 9.26 ...
  .. ..$ NamefileOut: chr "X9_cum/ETA_2_varU.dat"
  .. ..$ SD.u       : num [1:3646] 18.3 28.4 22.4 28 28.6 ...
  .. ..$ SD.varU    : num 139
  ..$ :List of 15
  .. ..$ V          : num [1:3646, 1:576] 0.010764 0.006644 0.010142 0.00602 -0.000353 ...
  .. .. ..- attr(*, "dimnames")=List of 2
  .. .. .. ..$ : chr [1:3646] "2020-21_11.107-5" "2020-21_12.90-53" "2020-21_12.93-4" "2020-21_14.37-103" ...
  .. .. .. ..$ : NULL
  .. ..$ d          : num [1:576] 1718 767 374 228 121 ...
  .. ..$ model      : chr "RKHS"
  .. ..$ Name       : chr "ETA_3"
  .. ..$ tolD       : num 1e-10
  .. ..$ levelsU    : int 576
  .. ..$ df0        : num 5
  .. ..$ R2         : num 0.167
  .. ..$ S0         : num 1311
  .. ..$ u          : num [1:3646] -39.6 -103.5 -112 -67.9 -121.9 ...
  .. ..$ varU       : num 38602
  .. ..$ uStar      : num [1:576] -2074 1177 3327 1688 -1543 ...
  .. ..$ NamefileOut: chr "X9_cum/ETA_3_varU.dat"
  .. ..$ SD.u       : num [1:3646] 16.9 13.4 17.9 13.9 15.3 ...
  .. ..$ SD.varU    : num 7358
 - attr(*, "class")= chr "BGLR"
NULL
List of 21
 $ y            : num [1:3646] 322.8 187 253.3 232.5 79.5 ...
 $ a            : NULL
 $ b            : NULL
 $ whichNa      : int [1:1011] 2636 2637 2638 2639 2640 2641 2642 2643 2644 2645 ...
 $ saveAt       : chr "X10_cum/"
 $ nIter        : num 12000
 $ burnIn       : num 2000
 $ thin         : num 5
 $ weights      : num [1:3646] 1 1 1 1 1 1 1 1 1 1 ...
 $ verbose      : logi FALSE
 $ response_type: chr "gaussian"
 $ df0          : num 5
 $ S0           : num 22738
 $ yHat         : num [1:3646] 276.8 154.9 246.3 189.8 91.8 ...
 $ SD.yHat      : num [1:3646] 25.6 32 29.2 32.6 33.5 ...
 $ mu           : num 241
 $ SD.mu        : num 10.4
 $ varE         : num 2836
 $ SD.varE      : num 165
 $ fit          :List of 4
  ..$ logLikAtPostMean: num -13768
  ..$ postMeanLogLik  : num -14210
  ..$ pD              : num 885
  ..$ DIC             : num 29306
 $ ETA          :List of 3
  ..$ :List of 15
  .. ..$ V          : num [1:3646, 1:6] 0 0 0 0 0 0 0 0 0 0 ...
  .. .. ..- attr(*, "dimnames")=List of 2
  .. .. .. ..$ : chr [1:3646] "2020-21_11.107-5" "2020-21_12.90-53" "2020-21_12.93-4" "2020-21_14.37-103" ...
  .. .. .. ..$ : NULL
  .. ..$ d          : num [1:6] 1011 918 450 447 435 ...
  .. ..$ model      : chr "RKHS"
  .. ..$ Name       : chr "ETA_1"
  .. ..$ tolD       : num 1e-10
  .. ..$ levelsU    : int 6
  .. ..$ df0        : num 5
  .. ..$ R2         : num 0.167
  .. ..$ S0         : num 17.3
  .. ..$ u          : num [1:3646] -0.017 -0.017 -0.017 -0.017 -0.017 ...
  .. ..$ varU       : num 6
  .. ..$ uStar      : num [1:6] -1.253 -5.158 2.34 1.243 0.354 ...
  .. ..$ NamefileOut: chr "X10_cum/ETA_1_varU.dat"
  .. ..$ SD.u       : num [1:3646] 2.46 2.46 2.46 2.46 2.46 ...
  .. ..$ SD.varU    : num 6.58
  ..$ :List of 15
  .. ..$ V          : num [1:3646, 1:2737] 0.408 0 0 0 0 ...
  .. .. ..- attr(*, "dimnames")=List of 2
  .. .. .. ..$ : chr [1:3646] "2020-21_11.107-5" "2020-21_12.90-53" "2020-21_12.93-4" "2020-21_14.37-103" ...
  .. .. .. ..$ : chr [1:2737] "11.107-5" "12.90-53" "12.93-4" "13.27-142" ...
  .. ..$ d          : Named num [1:2737] 6 1 3 1 1 1 1 1 2 1 ...
  .. .. ..- attr(*, "names")= chr [1:2737] "11.107-5" "12.90-53" "12.93-4" "13.27-142" ...
  .. ..$ model      : chr "RKHS"
  .. ..$ Name       : chr "ETA_2"
  .. ..$ tolD       : num 1e-10
  .. ..$ levelsU    : int 2737
  .. ..$ df0        : num 5
  .. ..$ R2         : num 0.167
  .. ..$ S0         : num 7874
  .. ..$ u          : num [1:3646] 48.06 17.16 98.37 22.46 -5.87 ...
  .. ..$ varU       : num 1515
  .. ..$ uStar      : num [1:2737] 117.73 17.16 170.38 4.99 22.46 ...
  .. ..$ NamefileOut: chr "X10_cum/ETA_2_varU.dat"
  .. ..$ SD.u       : num [1:3646] 20.8 31.3 25.8 31.9 32.2 ...
  .. ..$ SD.varU    : num 179
  ..$ :List of 15
  .. ..$ V          : num [1:3646, 1:576] 0.010764 0.006644 0.010142 0.00602 -0.000353 ...
  .. .. ..- attr(*, "dimnames")=List of 2
  .. .. .. ..$ : chr [1:3646] "2020-21_11.107-5" "2020-21_12.90-53" "2020-21_12.93-4" "2020-21_14.37-103" ...
  .. .. .. ..$ : NULL
  .. ..$ d          : num [1:576] 1718 767 374 228 121 ...
  .. ..$ model      : chr "RKHS"
  .. ..$ Name       : chr "ETA_3"
  .. ..$ tolD       : num 1e-10
  .. ..$ levelsU    : int 576
  .. ..$ df0        : num 5
  .. ..$ R2         : num 0.167
  .. ..$ S0         : num 1657
  .. ..$ u          : num [1:3646] -12.2 -103.2 -93 -73.6 -143.2 ...
  .. ..$ varU       : num 46545
  .. ..$ uStar      : num [1:576] -626 1517 3127 1842 -1191 ...
  .. ..$ NamefileOut: chr "X10_cum/ETA_3_varU.dat"
  .. ..$ SD.u       : num [1:3646] 19.1 16.7 19.9 17.1 18.2 ...
  .. ..$ SD.varU    : num 8903
 - attr(*, "class")= chr "BGLR"
NULL
List of 21
 $ y            : num [1:3646] 322.8 187 253.3 232.5 79.5 ...
 $ a            : NULL
 $ b            : NULL
 $ whichNa      : int [1:1011] 2636 2637 2638 2639 2640 2641 2642 2643 2644 2645 ...
 $ saveAt       : chr "X10_cum/"
 $ nIter        : num 12000
 $ burnIn       : num 2000
 $ thin         : num 5
 $ weights      : num [1:3646] 1 1 1 1 1 1 1 1 1 1 ...
 $ verbose      : logi FALSE
 $ response_type: chr "gaussian"
 $ df0          : num 5
 $ S0           : num 22738
 $ yHat         : num [1:3646] 276.8 154.9 246.3 189.8 91.8 ...
 $ SD.yHat      : num [1:3646] 25.6 32 29.2 32.6 33.5 ...
 $ mu           : num 241
 $ SD.mu        : num 10.4
 $ varE         : num 2836
 $ SD.varE      : num 165
 $ fit          :List of 4
  ..$ logLikAtPostMean: num -13768
  ..$ postMeanLogLik  : num -14210
  ..$ pD              : num 885
  ..$ DIC             : num 29306
 $ ETA          :List of 3
  ..$ :List of 15
  .. ..$ V          : num [1:3646, 1:6] 0 0 0 0 0 0 0 0 0 0 ...
  .. .. ..- attr(*, "dimnames")=List of 2
  .. .. .. ..$ : chr [1:3646] "2020-21_11.107-5" "2020-21_12.90-53" "2020-21_12.93-4" "2020-21_14.37-103" ...
  .. .. .. ..$ : NULL
  .. ..$ d          : num [1:6] 1011 918 450 447 435 ...
  .. ..$ model      : chr "RKHS"
  .. ..$ Name       : chr "ETA_1"
  .. ..$ tolD       : num 1e-10
  .. ..$ levelsU    : int 6
  .. ..$ df0        : num 5
  .. ..$ R2         : num 0.167
  .. ..$ S0         : num 17.3
  .. ..$ u          : num [1:3646] -0.017 -0.017 -0.017 -0.017 -0.017 ...
  .. ..$ varU       : num 6
  .. ..$ uStar      : num [1:6] -1.253 -5.158 2.34 1.243 0.354 ...
  .. ..$ NamefileOut: chr "X10_cum/ETA_1_varU.dat"
  .. ..$ SD.u       : num [1:3646] 2.46 2.46 2.46 2.46 2.46 ...
  .. ..$ SD.varU    : num 6.58
  ..$ :List of 15
  .. ..$ V          : num [1:3646, 1:2737] 0.408 0 0 0 0 ...
  .. .. ..- attr(*, "dimnames")=List of 2
  .. .. .. ..$ : chr [1:3646] "2020-21_11.107-5" "2020-21_12.90-53" "2020-21_12.93-4" "2020-21_14.37-103" ...
  .. .. .. ..$ : chr [1:2737] "11.107-5" "12.90-53" "12.93-4" "13.27-142" ...
  .. ..$ d          : Named num [1:2737] 6 1 3 1 1 1 1 1 2 1 ...
  .. .. ..- attr(*, "names")= chr [1:2737] "11.107-5" "12.90-53" "12.93-4" "13.27-142" ...
  .. ..$ model      : chr "RKHS"
  .. ..$ Name       : chr "ETA_2"
  .. ..$ tolD       : num 1e-10
  .. ..$ levelsU    : int 2737
  .. ..$ df0        : num 5
  .. ..$ R2         : num 0.167
  .. ..$ S0         : num 7874
  .. ..$ u          : num [1:3646] 48.06 17.16 98.37 22.46 -5.87 ...
  .. ..$ varU       : num 1515
  .. ..$ uStar      : num [1:2737] 117.73 17.16 170.38 4.99 22.46 ...
  .. ..$ NamefileOut: chr "X10_cum/ETA_2_varU.dat"
  .. ..$ SD.u       : num [1:3646] 20.8 31.3 25.8 31.9 32.2 ...
  .. ..$ SD.varU    : num 179
  ..$ :List of 15
  .. ..$ V          : num [1:3646, 1:576] 0.010764 0.006644 0.010142 0.00602 -0.000353 ...
  .. .. ..- attr(*, "dimnames")=List of 2
  .. .. .. ..$ : chr [1:3646] "2020-21_11.107-5" "2020-21_12.90-53" "2020-21_12.93-4" "2020-21_14.37-103" ...
  .. .. .. ..$ : NULL
  .. ..$ d          : num [1:576] 1718 767 374 228 121 ...
  .. ..$ model      : chr "RKHS"
  .. ..$ Name       : chr "ETA_3"
  .. ..$ tolD       : num 1e-10
  .. ..$ levelsU    : int 576
  .. ..$ df0        : num 5
  .. ..$ R2         : num 0.167
  .. ..$ S0         : num 1657
  .. ..$ u          : num [1:3646] -12.2 -103.2 -93 -73.6 -143.2 ...
  .. ..$ varU       : num 46545
  .. ..$ uStar      : num [1:576] -626 1517 3127 1842 -1191 ...
  .. ..$ NamefileOut: chr "X10_cum/ETA_3_varU.dat"
  .. ..$ SD.u       : num [1:3646] 19.1 16.7 19.9 17.1 18.2 ...
  .. ..$ SD.varU    : num 8903
 - attr(*, "class")= chr "BGLR"
NULL
